event_id,event_timestamp,event_date,event_hour,event_minute,ghost_type,relocation,prediction_Y_3m,actual_Y_3m,prediction_Y_5m,actual_Y_5m,prediction_Y_10m,actual_Y_10m,prediction_Y_15m,actual_Y_15m
ghost_trace_low_456_456_20,1782909360,2026-07-01,7,36,low,move,1.1040303707122803,3.0,2.055821418762207,4.0,2.412899971008301,5.0,3.718031167984009,6.0
ghost_trace_low_457_457_21,1782909420,2026-07-01,7,37,low,move,1.1229214668273926,3.0,2.1441307067871094,4.0,2.459127187728882,4.0,3.691183567047119,5.0
ghost_trace_low_458_458_22,1782909480,2026-07-01,7,38,low,move,1.0915132761001587,2.0,2.1541008949279785,3.0,2.435335397720337,3.0,3.6631879806518555,4.0
ghost_trace_low_459_459_23,1782909540,2026-07-01,7,39,low,move,1.1121110916137695,2.0,2.23935604095459,2.0,2.5265097618103027,3.0,3.6801204681396484,4.0
ghost_trace_low_460_460_24,1782909600,2026-07-01,7,40,low,move,1.1563735008239746,1.0,2.2559597492218018,1.0,2.4605770111083984,2.0,3.8073956966400146,3.0
ghost_trace_low_462_462_25,1782909720,2026-07-01,7,42,low,move,1.1486411094665527,0.0,2.270259141921997,0.0,2.4236440658569336,1.0,3.8951926231384277,2.0
ghost_trace_low_469_469_26,1782910140,2026-07-01,7,49,low,move,1.0857824087142944,0.0,2.2494828701019287,1.0,2.368497371673584,1.0,3.775777816772461,1.0
ghost_trace_low_474_474_27,1782910440,2026-07-01,7,54,low,move,1.0527054071426392,0.0,2.111370086669922,0.0,2.1787617206573486,0.0,3.7416789531707764,0.0
ghost_trace_low_508_508_28,1782912480,2026-07-01,8,28,low,move,1.1243451833724976,3.0,1.8140259981155396,4.0,2.426654577255249,6.0,3.8209781646728516,6.0
ghost_trace_low_509_509_29,1782912540,2026-07-01,8,29,low,move,1.0993438959121704,2.0,1.743578553199768,4.0,2.5206174850463867,5.0,3.7353169918060303,5.0
ghost_trace_low_510_510_30,1782912600,2026-07-01,8,30,low,move,1.1245405673980713,2.0,1.924942970275879,4.0,2.5909061431884766,4.0,4.245488166809082,4.0
ghost_trace_low_511_511_31,1782912660,2026-07-01,8,31,low,move,1.2294725179672241,2.0,2.026576519012451,3.0,2.8392982482910156,3.0,4.196828842163086,3.0
ghost_trace_low_513_513_32,1782912780,2026-07-01,8,33,low,move,1.2823079824447632,2.0,2.1244149208068848,2.0,2.8549485206604004,2.0,4.306434154510498,2.0
ghost_trace_low_514_514_33,1782912840,2026-07-01,8,34,low,move,1.2447324991226196,1.0,2.1466798782348633,1.0,2.715517282485962,1.0,4.495499610900879,1.0
ghost_trace_low_515_515_34,1782912900,2026-07-01,8,35,low,move,1.2052727937698364,0.0,2.073190927505493,0.0,2.648005485534668,0.0,4.435814380645752,0.0
ghost_trace_high_565_552_35,1782915900,2026-07-01,9,25,high,appearance,1.00246000289917,0.0,2.04416561126709,0.0,2.359262228012085,0.0,4.3233642578125,0.0
ghost_trace_low_602_586_36,1782918120,2026-07-01,10,2,low,appearance,1.1308696269989014,0.0,2.152988910675049,0.0,2.5970005989074707,0.0,4.221105575561523,0.0
ghost_trace_high_636_631_37,1782920160,2026-07-01,10,36,high,appearance,0.9674832820892334,0.0,1.9759786128997803,0.0,2.2035491466522217,0.0,4.190340042114258,0.0
ghost_trace_low_681_676_38,1782922860,2026-07-01,11,21,low,appearance,1.0323385000228882,0.0,2.0418577194213867,0.0,2.38649582862854,0.0,3.8943405151367188,0.0
ghost_trace_low_700_700_39,1782924000,2026-07-01,11,40,low,move,1.00931715965271,3.0,2.0619630813598633,3.0,2.4649577140808105,3.0,4.073585033416748,5.0
ghost_trace_low_701_701_40,1782924060,2026-07-01,11,41,low,move,1.019022822380066,2.0,2.0549991130828857,2.0,2.5799152851104736,2.0,4.154770374298096,5.0
ghost_trace_low_702_702_41,1782924120,2026-07-01,11,42,low,move,1.0182783603668213,1.0,2.0915167331695557,1.0,2.615920305252075,2.0,4.077054023742676,4.0
ghost_trace_low_703_703_42,1782924180,2026-07-01,11,43,low,move,1.037933588027954,0.0,2.136068820953369,0.0,2.6486287117004395,1.0,3.937753915786743,3.0
ghost_trace_low_712_712_43,1782924720,2026-07-01,11,52,low,move,1.0551551580429077,1.0,2.1408438682556152,2.0,2.885241746902466,3.0,3.5028154850006104,6.0
ghost_trace_low_714_714_44,1782924840,2026-07-01,11,54,low,move,0.9888211488723755,1.0,2.1153054237365723,2.0,2.9125640392303467,3.0,3.2022273540496826,5.0
ghost_trace_low_716_716_45,1782924960,2026-07-01,11,56,low,move,1.0397101640701294,1.0,2.0788581371307373,1.0,3.0358972549438477,4.0,3.0358972549438477,4.0
ghost_trace_low_719_719_46,1782925140,2026-07-01,11,59,low,move,1.027571439743042,0.0,2.069791316986084,1.0,2.851980209350586,3.0,2.894897937774658,3.0
ghost_trace_low_723_723_47,1782925380,2026-07-01,12,3,low,move,0.9555152058601379,2.0,2.176265001296997,2.0,2.717729330062866,2.0,3.1054954528808594,2.0
ghost_trace_low_725_725_48,1782925500,2026-07-01,12,5,low,move,1.0267407894134521,1.0,2.228302240371704,1.0,2.7917251586914062,1.0,3.1261954307556152,1.0
ghost_trace_low_726_726_49,1782925560,2026-07-01,12,6,low,move,1.0872057676315308,0.0,2.1654324531555176,0.0,2.9309444427490234,0.0,3.017498731613159,0.0
ghost_trace_high_776_745_50,1782928560,2026-07-01,12,56,high,appearance,0.8727965950965881,0.0,2.0448625087738037,0.0,2.682300090789795,0.0,3.1261208057403564,0.0
ghost_trace_high_886_870_51,1782935160,2026-07-01,14,46,high,appearance,0.9913851618766785,0.0,1.9273751974105835,0.0,2.4847328662872314,0.0,3.3815760612487793,0.0
ghost_trace_low_920_903_52,1782937200,2026-07-01,15,20,low,appearance,1.0662872791290283,0.0,1.8020470142364502,0.0,2.339703321456909,0.0,3.081115245819092,0.0
ghost_trace_high_953_914_53,1782939180,2026-07-01,15,53,high,appearance,1.0726063251495361,0.0,1.5607815980911255,0.0,2.513045072555542,1.0,2.8447980880737305,1.0
ghost_trace_high_959_959_54,1782939540,2026-07-01,15,59,high,move,1.2461999654769897,0.0,1.5652213096618652,0.0,2.4982199668884277,0.0,2.991816997528076,0.0
ghost_trace_high_960_960_55,1782943200,2026-07-01,17,0,high,move,1.2525608539581299,1.0,1.6411018371582031,1.0,2.380981922149658,1.0,3.135104179382324,1.0
ghost_trace_high_962_962_56,1782943320,2026-07-01,17,2,high,move,1.3267781734466553,0.0,1.7759028673171997,0.0,2.500492572784424,0.0,3.3518922328948975,0.0
ghost_trace_high_993_993_57,1782945180,2026-07-01,17,33,high,move,1.3435920476913452,1.0,1.7673159837722778,1.0,2.53676438331604,1.0,3.449457883834839,1.0
ghost_trace_high_994_994_58,1782945240,2026-07-01,17,34,high,move,1.3673295974731445,0.0,1.7521401643753052,0.0,2.6015453338623047,0.0,3.501335382461548,0.0
ghost_trace_high_1018_1018_59,1782946680,2026-07-01,17,58,high,move,1.4093008041381836,0.0,1.6884337663650513,0.0,2.7232327461242676,0.0,3.5866291522979736,0.0
ghost_trace_low_1068_1066_60,1782949680,2026-07-01,18,48,low,appearance,1.277647852897644,2.0,1.5742131471633911,2.0,2.538041353225708,2.0,3.4434001445770264,5.0
ghost_trace_low_1069_1069_61,1782949740,2026-07-01,18,49,low,move,1.3787815570831299,1.0,1.521307110786438,1.0,2.6640732288360596,1.0,3.4975364208221436,5.0
ghost_trace_low_1070_1070_62,1782949800,2026-07-01,18,50,low,move,1.427610993385315,0.0,1.5194395780563354,0.0,2.7219645977020264,0.0,3.5886764526367188,4.0
ghost_trace_low_1081_1081_63,1782950460,2026-07-01,19,1,low,move,1.479938268661499,3.0,1.5570220947265625,3.0,2.7378032207489014,3.0,3.73125958442688,3.0
ghost_trace_low_1082_1082_64,1782950520,2026-07-01,19,2,low,move,1.4529080390930176,2.0,1.5460305213928223,2.0,2.6783037185668945,2.0,3.8192405700683594,2.0
ghost_trace_low_1083_1083_65,1782950580,2026-07-01,19,3,low,move,1.476481318473816,1.0,1.5072927474975586,1.0,2.7143473625183105,1.0,3.88739013671875,1.0
ghost_trace_low_1084_1084_66,1782950640,2026-07-01,19,4,low,move,1.4765762090682983,0.0,1.4765762090682983,0.0,2.7018489837646484,0.0,3.925166368484497,0.0
ghost_trace_high_1134_1134_67,1782953640,2026-07-01,19,54,high,appearance,1.1729416847229004,2.0,1.3911328315734863,2.0,2.3497307300567627,6.0,3.8934550285339355,11.0
ghost_trace_high_1135_1135_68,1782953700,2026-07-01,19,55,high,move,1.2068016529083252,1.0,1.462235450744629,2.0,2.5054426193237305,6.0,3.9683046340942383,11.0
ghost_trace_high_1137_1137_69,1782953820,2026-07-01,19,57,high,move,1.2116599082946777,1.0,1.501857876777649,2.0,2.540112257003784,7.0,4.035244941711426,10.0
ghost_trace_high_1140_1140_70,1782954000,2026-07-01,20,0,high,move,1.2817778587341309,2.0,1.575981616973877,4.0,2.5965704917907715,9.0,4.18927001953125,10.0
ghost_trace_high_1141_1141_71,1782954060,2026-07-01,20,1,high,move,1.457058072090149,2.0,1.5954724550247192,4.0,2.8616881370544434,8.0,3.9643988609313965,10.0
ghost_trace_high_1143_1143_72,1782954180,2026-07-01,20,3,high,move,1.482316493988037,3.0,1.702000617980957,5.0,2.9565751552581787,7.0,3.83738112449646,10.0
ghost_trace_high_1144_1144_73,1782954240,2026-07-01,20,4,high,move,1.4563877582550049,3.0,1.76474928855896,5.0,2.994906425476074,7.0,3.7222208976745605,9.0
ghost_trace_high_1145_1145_74,1782954300,2026-07-01,20,5,high,move,1.4322391748428345,3.0,1.8068816661834717,5.0,3.0111842155456543,6.0,3.6305341720581055,8.0
ghost_trace_high_1146_1146_75,1782954360,2026-07-01,20,6,high,move,1.4161244630813599,3.0,1.866187334060669,4.0,2.9683611392974854,6.0,3.513463020324707,7.0
ghost_trace_high_1147_1147_76,1782954420,2026-07-01,20,7,high,move,1.4533058404922485,3.0,1.8970550298690796,3.0,3.0164499282836914,6.0,3.412506103515625,6.0
ghost_trace_high_1148_1148_77,1782954480,2026-07-01,20,8,high,move,1.403664469718933,2.0,1.9305700063705444,2.0,2.9694247245788574,5.0,3.371490478515625,5.0
ghost_trace_high_1149_1149_78,1782954540,2026-07-01,20,9,high,move,1.4157044887542725,1.0,1.9564034938812256,2.0,2.975156307220459,4.0,3.3440752029418945,4.0
ghost_trace_high_1150_1150_79,1782954600,2026-07-01,20,10,high,move,1.35817551612854,0.0,1.9820678234100342,1.0,2.974621534347534,3.0,3.3972020149230957,4.0
ghost_trace_high_1154_1154_80,1782954840,2026-07-01,20,14,high,move,1.370362401008606,2.0,1.96396803855896,2.0,2.9762117862701416,2.0,3.3713536262512207,4.0
ghost_trace_high_1156_1156_81,1782954960,2026-07-01,20,16,high,move,1.4055705070495605,1.0,1.9455935955047607,1.0,2.9658756256103516,3.0,3.331956386566162,5.0
ghost_trace_high_1157_1157_82,1782955020,2026-07-01,20,17,high,move,1.4251313209533691,0.0,1.926997423171997,0.0,2.938187837600708,2.0,3.332174062728882,4.0
ghost_trace_high_1165_1165_83,1782955500,2026-07-01,20,25,high,move,1.4620873928070068,1.0,1.891810417175293,2.0,2.864206075668335,3.0,3.195657730102539,5.0
ghost_trace_high_1166_1166_84,1782955560,2026-07-01,20,26,high,move,1.4606393575668335,0.0,1.873716115951538,2.0,2.8042216300964355,2.0,3.1023049354553223,4.0
ghost_trace_high_1170_1170_85,1782955800,2026-07-01,20,30,high,move,1.4255690574645996,1.0,1.8553667068481445,1.0,2.7353503704071045,3.0,3.0154237747192383,3.0
ghost_trace_high_1171_1171_86,1782955860,2026-07-01,20,31,high,move,1.4250059127807617,0.0,1.8344323635101318,0.0,2.7112443447113037,2.0,2.9751315116882324,2.0
ghost_trace_high_1177_1177_87,1782956220,2026-07-01,20,37,high,move,1.331185221672058,1.0,1.8232238292694092,1.0,2.702833652496338,1.0,2.9777865409851074,1.0
ghost_trace_high_1179_1179_88,1782956340,2026-07-01,20,39,high,move,1.3484715223312378,0.0,1.757596731185913,0.0,2.7175798416137695,0.0,3.1502327919006348,0.0
ghost_trace_high_1213_1213_89,1782958380,2026-07-01,21,13,high,move,1.2733879089355469,2.0,1.725536584854126,2.0,2.5187883377075195,2.0,3.354869842529297,2.0
ghost_trace_high_1214_1214_90,1782958440,2026-07-01,21,14,high,move,1.2722657918930054,1.0,1.674782633781433,1.0,2.46889591217041,1.0,3.4478776454925537,1.0
ghost_trace_high_1215_1215_91,1782958500,2026-07-01,21,15,high,move,1.1965599060058594,0.0,1.6979246139526367,0.0,2.3794407844543457,0.0,3.5669846534729004,0.0
ghost_trace_low_1265_1231_92,1782961500,2026-07-01,22,5,low,appearance,1.0157477855682373,1.0,1.5098507404327393,3.0,2.2755911350250244,3.0,3.1061577796936035,3.0
ghost_trace_low_1268_1268_93,1782961680,2026-07-01,22,8,low,move,1.0561007261276245,2.0,1.375430703163147,2.0,2.3548409938812256,2.0,3.0852267742156982,5.0
ghost_trace_low_1269_1269_94,1782961740,2026-07-01,22,9,low,move,1.1008425951004028,1.0,1.2530347108840942,1.0,2.4095144271850586,1.0,3.0590670108795166,5.0
ghost_trace_low_1270_1270_95,1782961800,2026-07-01,22,10,low,move,1.1818821430206299,0.0,1.1818821430206299,0.0,2.456328868865967,0.0,2.9731664657592773,5.0
ghost_trace_low_1281_1281_96,1782962460,2026-07-01,22,21,low,move,1.2008979320526123,3.0,1.2008979320526123,5.0,2.451733112335205,5.0,2.9576456546783447,5.0
ghost_trace_low_1282_1282_97,1782962520,2026-07-01,22,22,low,move,1.187331199645996,3.0,1.187331199645996,4.0,2.41339373588562,4.0,3.1079823970794678,4.0
ghost_trace_low_1283_1283_98,1782962580,2026-07-01,22,23,low,move,1.2030422687530518,3.0,1.2030422687530518,3.0,2.4171149730682373,3.0,3.14011549949646,3.0
ghost_trace_low_1284_1284_99,1782962640,2026-07-01,22,24,low,move,1.2072489261627197,2.0,1.2072489261627197,2.0,2.4138498306274414,2.0,3.1588571071624756,2.0
ghost_trace_low_1285_1285_100,1782962700,2026-07-01,22,25,low,move,1.2184112071990967,1.0,1.2184112071990967,1.0,2.4148952960968018,1.0,3.1792006492614746,1.0
ghost_trace_low_1286_1286_101,1782962760,2026-07-01,22,26,low,move,1.2320753335952759,0.0,1.2320753335952759,0.0,2.4252820014953613,0.0,3.162738084793091,0.0
ghost_trace_low_1331_1331_102,1782965460,2026-07-01,23,11,low,move,1.1273366212844849,1.0,1.189504623413086,3.0,2.3833673000335693,6.0,3.0664565563201904,7.0
ghost_trace_low_1334_1334_103,1782965640,2026-07-01,23,14,low,move,1.1809278726577759,2.0,1.2095654010772705,3.0,2.431629180908203,6.0,3.2287027835845947,6.0
ghost_trace_low_1335_1335_104,1782965700,2026-07-01,23,15,low,move,1.2043521404266357,2.0,1.2045104503631592,3.0,2.4266579151153564,5.0,3.1523354053497314,5.0
ghost_trace_low_1336_1336_105,1782965760,2026-07-01,23,16,low,move,1.2091573476791382,1.0,1.2091573476791382,3.0,2.4278926849365234,4.0,3.166267156600952,5.0
ghost_trace_low_1338_1338_106,1782965880,2026-07-01,23,18,low,move,1.2271041870117188,2.0,1.2271041870117188,3.0,2.45538330078125,3.0,3.104731321334839,4.0
ghost_trace_low_1340_1340_107,1782966000,2026-07-01,23,20,low,move,1.1927175521850586,2.0,1.1927175521850586,2.0,2.4687817096710205,2.0,2.903155565261841,5.0
ghost_trace_low_1341_1341_108,1782966060,2026-07-01,23,21,low,move,1.162406086921692,1.0,1.162406086921692,1.0,2.410407543182373,2.0,2.832510232925415,5.0
ghost_trace_low_1343_1343_109,1782966180,2026-07-01,23,23,low,move,1.1466243267059326,0.0,1.1466243267059326,0.0,2.3816943168640137,1.0,2.7673544883728027,6.0
ghost_trace_low_1351_1351_110,1782966660,2026-07-01,23,31,low,move,1.124889612197876,1.0,1.124889612197876,3.0,2.372896909713745,8.0,2.760148763656616,9.0
ghost_trace_low_1354_1354_111,1782966840,2026-07-01,23,34,low,move,1.1714563369750977,3.0,1.1714563369750977,5.0,2.376349925994873,7.0,2.8374929428100586,9.0
ghost_trace_low_1355_1355_112,1782966900,2026-07-01,23,35,low,move,1.2019776105880737,3.0,1.2019776105880737,5.0,2.378931999206543,7.0,2.8778631687164307,8.0
ghost_trace_low_1356_1356_113,1782966960,2026-07-01,23,36,low,move,1.2169920206069946,3.0,1.2169920206069946,5.0,2.3828189373016357,6.0,2.904454231262207,7.0
ghost_trace_low_1357_1357_114,1782967020,2026-07-01,23,37,low,move,1.2559665441513062,3.0,1.2559665441513062,4.0,2.42254638671875,5.0,2.923564910888672,6.0
ghost_trace_low_1358_1358_115,1782967080,2026-07-01,23,38,low,move,1.3038445711135864,3.0,1.3038445711135864,3.0,2.500148296356201,4.0,2.985504150390625,5.0
ghost_trace_low_1359_1359_116,1782967140,2026-07-01,23,39,low,move,1.3679938316345215,2.0,1.3679938316345215,2.0,2.5323128700256348,4.0,3.038440465927124,4.0
ghost_trace_low_1360_1360_117,1782967200,2026-07-01,23,40,low,move,1.3660653829574585,1.0,1.3660653829574585,2.0,2.6415984630584717,3.0,3.1361732482910156,3.0
ghost_trace_low_1361_1361_118,1782967260,2026-07-01,23,41,low,move,1.3871076107025146,0.0,1.3871076107025146,1.0,2.63411021232605,2.0,3.2109768390655518,2.0
ghost_trace_low_1365_1365_119,1782967500,2026-07-01,23,45,low,move,1.3794647455215454,0.0,1.3794647455215454,1.0,2.5931522846221924,1.0,3.2242069244384766,1.0
ghost_trace_low_1369_1369_120,1782967740,2026-07-01,23,49,low,move,1.3608282804489136,0.0,1.3608282804489136,0.0,2.5783185958862305,0.0,3.262850761413574,0.0
ghost_trace_high_1419_1395_121,1782970740,2026-07-02,0,39,high,appearance,1.1042753458023071,0.0,1.1042753458023071,0.0,2.13474178314209,0.0,3.3126306533813477,0.0
ghost_trace_low_1445_1445_122,1782972300,2026-07-02,1,5,low,appearance,1.1165579557418823,1.0,1.1165579557418823,3.0,2.205670118331909,8.0,3.1248371601104736,8.0
ghost_trace_low_1448_1448_123,1782972480,2026-07-02,1,8,low,move,1.2236711978912354,3.0,1.2236711978912354,5.0,2.363612413406372,7.0,3.1255836486816406,7.0
ghost_trace_low_1449_1449_124,1782972540,2026-07-02,1,9,low,move,1.280260443687439,3.0,1.280260443687439,5.0,2.4787817001342773,6.0,3.156043529510498,6.0
ghost_trace_low_1450_1450_125,1782972600,2026-07-02,1,10,low,move,1.3176923990249634,3.0,1.3176923990249634,5.0,2.5045700073242188,5.0,3.095701217651367,5.0
ghost_trace_low_1451_1451_126,1782972660,2026-07-02,1,11,low,move,1.33052396774292,3.0,1.33052396774292,4.0,2.494933843612671,4.0,3.0428764820098877,4.0
ghost_trace_low_1452_1452_127,1782972720,2026-07-02,1,12,low,move,1.3382630348205566,3.0,1.3800119161605835,3.0,2.4864156246185303,3.0,3.008915901184082,3.0
ghost_trace_low_1453_1453_128,1782972780,2026-07-02,1,13,low,move,1.334934949874878,2.0,1.4027419090270996,2.0,2.454357624053955,2.0,2.9759771823883057,2.0
ghost_trace_low_1454_1454_129,1782972840,2026-07-02,1,14,low,move,1.3334256410598755,1.0,1.4061529636383057,1.0,2.4427311420440674,1.0,2.837829351425171,1.0
ghost_trace_low_1455_1455_130,1782972900,2026-07-02,1,15,low,move,1.3230096101760864,0.0,1.3887006044387817,0.0,2.445467948913574,0.0,2.6942989826202393,0.0
ghost_trace_low_1486_1486_131,1782974760,2026-07-02,1,46,low,move,1.2483195066452026,3.0,1.298035979270935,5.0,2.443732261657715,6.0,2.443732261657715,6.0
ghost_trace_low_1487_1487_132,1782974820,2026-07-02,1,47,low,move,1.2288243770599365,3.0,1.2573667764663696,5.0,2.5275778770446777,5.0,2.5275778770446777,5.0
ghost_trace_low_1488_1488_133,1782974880,2026-07-02,1,48,low,move,1.2211229801177979,3.0,1.235343098640442,4.0,2.5243988037109375,4.0,2.5243988037109375,4.0
ghost_trace_low_1489_1489_134,1782974940,2026-07-02,1,49,low,move,1.2390449047088623,3.0,1.2390449047088623,3.0,2.535484552383423,3.0,2.535484552383423,3.0
ghost_trace_low_1490_1490_135,1782975000,2026-07-02,1,50,low,move,1.2708691358566284,2.0,1.2708691358566284,2.0,2.565967321395874,2.0,2.565967321395874,3.0
ghost_trace_low_1491_1491_136,1782975060,2026-07-02,1,51,low,move,1.3062349557876587,1.0,1.3062349557876587,1.0,2.622380256652832,1.0,2.622380256652832,3.0
ghost_trace_low_1492_1492_137,1782975120,2026-07-02,1,52,low,move,1.317643165588379,0.0,1.317643165588379,0.0,2.6632285118103027,0.0,2.6632285118103027,3.0
ghost_trace_low_1505_1505_138,1782975900,2026-07-02,2,5,low,move,1.2426068782806396,3.0,1.2426068782806396,4.0,2.704801321029663,9.0,2.704801321029663,10.0
ghost_trace_low_1506_1506_139,1782975960,2026-07-02,2,6,low,move,1.238319754600525,3.0,1.238319754600525,4.0,2.7238240242004395,8.0,2.7238240242004395,9.0
ghost_trace_low_1507_1507_140,1782976020,2026-07-02,2,7,low,move,1.2394583225250244,2.0,1.2394583225250244,4.0,2.753692865371704,8.0,2.753692865371704,8.0
ghost_trace_low_1508_1508_141,1782976080,2026-07-02,2,8,low,move,1.2493722438812256,2.0,1.2493722438812256,4.0,2.762749433517456,7.0,2.762749433517456,7.0
ghost_trace_low_1509_1509_142,1782976140,2026-07-02,2,9,low,move,1.2449758052825928,2.0,1.2449758052825928,4.0,2.7250208854675293,6.0,2.7250208854675293,6.0
ghost_trace_low_1511_1511_143,1782976260,2026-07-02,2,11,low,move,1.240358829498291,3.0,1.240358829498291,4.0,2.7011873722076416,5.0,2.7011873722076416,5.0
ghost_trace_low_1512_1512_144,1782976320,2026-07-02,2,12,low,move,1.2316339015960693,3.0,1.2894573211669922,4.0,2.662708044052124,4.0,2.920661211013794,4.0
ghost_trace_low_1513_1513_145,1782976380,2026-07-02,2,13,low,move,1.2137885093688965,2.0,1.3133748769760132,3.0,2.633504867553711,3.0,2.9400713443756104,3.0
ghost_trace_low_1514_1514_146,1782976440,2026-07-02,2,14,low,move,1.2056688070297241,2.0,1.3175617456436157,2.0,2.644716501235962,2.0,2.920095443725586,2.0
ghost_trace_low_1515_1515_147,1782976500,2026-07-02,2,15,low,move,1.1985197067260742,1.0,1.301637887954712,1.0,2.647686719894409,1.0,2.8362271785736084,1.0
ghost_trace_low_1517_1517_148,1782976620,2026-07-02,2,17,low,move,1.200226902961731,0.0,1.3020669221878052,0.0,2.69270920753479,0.0,2.8422980308532715,0.0
ghost_trace_high_1567_1545_149,1782979620,2026-07-02,3,7,high,appearance,0.9550383687019348,0.0,1.3103539943695068,0.0,2.3849377632141113,0.0,2.7183635234832764,0.0
ghost_trace_high_1591_1591_150,1782981060,2026-07-02,3,31,high,move,0.9418853521347046,2.0,1.3757990598678589,4.0,2.4204227924346924,4.0,2.7835378646850586,4.0
ghost_trace_high_1592_1592_151,1782981120,2026-07-02,3,32,high,move,0.9495360851287842,2.0,1.3376283645629883,3.0,2.5552191734313965,3.0,2.791203022003174,3.0
ghost_trace_high_1594_1594_152,1782981240,2026-07-02,3,34,high,move,0.9023832678794861,2.0,1.3619223833084106,2.0,2.753201961517334,2.0,3.037724256515503,2.0
ghost_trace_high_1595_1595_153,1782981300,2026-07-02,3,35,high,move,0.9738314747810364,1.0,1.622725486755371,1.0,2.826005458831787,1.0,3.381610870361328,1.0
ghost_trace_high_1596_1596_154,1782981360,2026-07-02,3,36,high,move,1.0114067792892456,0.0,1.7381168603897095,0.0,2.873410701751709,0.0,3.5478758811950684,0.0
ghost_trace_high_1612_1612_155,1782982320,2026-07-02,3,52,high,move,1.1747487783432007,1.0,1.6711151599884033,2.0,2.9595370292663574,4.0,3.641401767730713,4.0
ghost_trace_high_1613_1613_156,1782982380,2026-07-02,3,53,high,move,1.2716984748840332,0.0,1.6328301429748535,2.0,3.005929470062256,3.0,3.7826709747314453,3.0
ghost_trace_high_1617_1617_157,1782982620,2026-07-02,3,57,high,move,1.2762348651885986,2.0,1.6474570035934448,2.0,3.0254392623901367,2.0,3.7298049926757812,2.0
ghost_trace_high_1618_1618_158,1782982680,2026-07-02,3,58,high,move,1.2443122863769531,1.0,1.7591538429260254,1.0,2.923447847366333,1.0,3.8980979919433594,1.0
ghost_trace_high_1619_1619_159,1782982740,2026-07-02,3,59,high,move,1.2035191059112549,0.0,1.7614175081253052,0.0,2.8928415775299072,0.0,3.8588709831237793,0.0
ghost_trace_low_1669_1645_160,1782985740,2026-07-02,4,49,low,appearance,0.9934573769569397,0.0,1.4952521324157715,0.0,3.1199564933776855,0.0,3.1853902339935303,3.0
ghost_trace_low_1681_1681_161,1782986460,2026-07-02,5,1,low,move,1.0504746437072754,2.0,1.385452151298523,2.0,3.186044931411743,2.0,3.186044931411743,2.0
ghost_trace_low_1683_1683_162,1782986580,2026-07-02,5,3,low,move,1.22137451171875,1.0,1.4038026332855225,1.0,3.1073122024536133,1.0,3.1073122024536133,1.0
ghost_trace_low_1684_1684_163,1782986640,2026-07-02,5,4,low,move,1.2824835777282715,0.0,1.3093299865722656,0.0,3.080331325531006,0.0,3.080331325531006,0.0
ghost_trace_high_1734_1720_164,1782989640,2026-07-02,5,54,high,appearance,1.021396517753601,0.0,1.1939328908920288,1.0,2.8710014820098877,4.0,3.2119500637054443,4.0
ghost_trace_high_1738_1738_165,1782989880,2026-07-02,5,58,high,move,1.0226911306381226,2.0,1.2522296905517578,3.0,2.8607630729675293,3.0,3.4720613956451416,3.0
ghost_trace_high_1740_1740_166,1782990000,2026-07-02,6,0,high,move,0.9766767024993896,2.0,1.2379193305969238,2.0,2.7235374450683594,2.0,3.5717711448669434,2.0
ghost_trace_high_1741_1741_167,1782990060,2026-07-02,6,1,high,move,1.0096561908721924,1.0,1.2533338069915771,1.0,2.678372621536255,1.0,3.581169366836548,1.0
ghost_trace_high_1742_1742_168,1782990120,2026-07-02,6,2,high,move,1.0219908952713013,0.0,1.2838835716247559,0.0,2.641082525253296,0.0,3.6059510707855225,0.0
ghost_trace_high_1778_1778_169,1782992280,2026-07-02,6,38,high,move,1.0056582689285278,3.0,1.3183000087738037,5.0,2.5845441818237305,9.0,3.5216870307922363,10.0
ghost_trace_high_1779_1779_170,1782992340,2026-07-02,6,39,high,move,1.0007297992706299,3.0,1.402099609375,5.0,2.6233325004577637,8.0,3.467980146408081,9.0
ghost_trace_high_1780_1780_171,1782992400,2026-07-02,6,40,high,move,1.0107558965682983,3.0,1.3538748025894165,5.0,2.5758886337280273,7.0,3.485062837600708,8.0
ghost_trace_high_1781_1781_172,1782992460,2026-07-02,6,41,high,move,1.0164657831192017,3.0,1.41824471950531,4.0,2.623289108276367,6.0,3.431150436401367,7.0
ghost_trace_high_1782_1782_173,1782992520,2026-07-02,6,42,high,move,0.9958220720291138,3.0,1.4310507774353027,4.0,2.618633985519409,6.0,3.3714141845703125,6.0
ghost_trace_high_1783_1783_174,1782992580,2026-07-02,6,43,high,move,0.958238422870636,2.0,1.4420000314712524,4.0,2.646960735321045,5.0,3.351398468017578,5.0
ghost_trace_high_1784_1784_175,1782992640,2026-07-02,6,44,high,move,0.9276224374771118,2.0,1.4662500619888306,3.0,2.6119000911712646,4.0,3.4133973121643066,4.0
ghost_trace_high_1785_1785_176,1782992700,2026-07-02,6,45,high,move,0.9143552780151367,2.0,1.4753762483596802,2.0,2.6170833110809326,3.0,3.427302837371826,3.0
ghost_trace_high_1787_1787_177,1782992820,2026-07-02,6,47,high,move,0.9341281056404114,1.0,1.4831817150115967,2.0,2.6133041381835938,2.0,3.412924289703369,2.0
ghost_trace_high_1788_1788_178,1782992880,2026-07-02,6,48,high,move,0.9483003616333008,0.0,1.5506186485290527,1.0,2.5914418697357178,1.0,3.4165256023406982,1.0
ghost_trace_high_1792_1792_179,1782993120,2026-07-02,6,52,high,move,0.9430853724479675,0.0,1.5408841371536255,0.0,2.4127440452575684,0.0,3.5728955268859863,4.0
ghost_trace_high_1804_1804_180,1782993840,2026-07-02,7,4,high,move,0.9792982339859009,3.0,1.4781783819198608,5.0,2.5158441066741943,8.0,3.2987961769104004,11.0
ghost_trace_high_1805_1805_181,1782993900,2026-07-02,7,5,high,move,0.9600142240524292,3.0,1.502050518989563,4.0,2.368072986602783,8.0,3.54960036277771,10.0
ghost_trace_high_1806_1806_182,1782993960,2026-07-02,7,6,high,move,1.0149855613708496,3.0,1.4532387256622314,3.0,2.514101266860962,8.0,3.1490015983581543,9.0
ghost_trace_high_1807_1807_183,1782994020,2026-07-02,7,7,high,move,1.0285273790359497,2.0,1.4196885824203491,3.0,2.555001974105835,8.0,3.183305263519287,8.0
ghost_trace_high_1808_1808_184,1782994080,2026-07-02,7,8,high,move,1.0271109342575073,1.0,1.4017001390457153,3.0,2.5653862953186035,7.0,3.1895577907562256,7.0
ghost_trace_high_1809_1809_185,1782994140,2026-07-02,7,9,high,move,1.0396323204040527,1.0,1.374977946281433,3.0,2.5697617530822754,6.0,3.1861181259155273,6.0
ghost_trace_high_1812_1812_186,1782994320,2026-07-02,7,12,high,move,1.104294776916504,3.0,1.4114612340927124,5.0,2.4792137145996094,5.0,3.0469796657562256,7.0
ghost_trace_high_1813_1813_187,1782994380,2026-07-02,7,13,high,move,1.0315417051315308,3.0,1.542438268661499,4.0,2.417755603790283,4.0,3.2477593421936035,6.0
ghost_trace_high_1814_1814_188,1782994440,2026-07-02,7,14,high,move,1.0325270891189575,3.0,1.6161344051361084,3.0,2.4807558059692383,3.0,3.309523105621338,6.0
ghost_trace_high_1815_1815_189,1782994500,2026-07-02,7,15,high,move,1.0287617444992065,2.0,1.669876217842102,2.0,2.514416217803955,3.0,3.3752052783966064,6.0
ghost_trace_high_1816_1816_190,1782994560,2026-07-02,7,16,high,move,0.9913080930709839,1.0,1.737682819366455,1.0,2.503389596939087,3.0,3.421496629714966,5.0
ghost_trace_high_1817_1817_191,1782994620,2026-07-02,7,17,high,move,0.9605127573013306,0.0,1.7782785892486572,0.0,2.4972572326660156,2.0,3.4419772624969482,4.0
ghost_trace_high_1825_1825_192,1782995100,2026-07-02,7,25,high,move,1.0612128973007202,1.0,1.7494639158248901,3.0,2.5302679538726807,4.0,3.1515917778015137,6.0
ghost_trace_high_1826_1826_193,1782995160,2026-07-02,7,26,high,move,1.0997276306152344,1.0,1.7629142999649048,2.0,2.4971206188201904,4.0,3.0698747634887695,5.0
ghost_trace_high_1829_1829_194,1782995340,2026-07-02,7,29,high,move,1.0946730375289917,1.0,1.7686240673065186,1.0,2.5163848400115967,4.0,2.998103380203247,4.0
ghost_trace_high_1830_1830_195,1782995400,2026-07-02,7,30,high,move,0.9977522492408752,0.0,1.958463430404663,1.0,2.4492650032043457,3.0,2.999960422515869,3.0
ghost_trace_high_1835_1835_196,1782995700,2026-07-02,7,35,high,move,1.3267465829849243,2.0,1.9396727085113525,2.0,2.5389528274536133,2.0,2.714904546737671,2.0
ghost_trace_high_1836_1836_197,1782995760,2026-07-02,7,36,high,move,1.420581340789795,1.0,1.8648972511291504,1.0,2.5881404876708984,1.0,2.6412241458892822,1.0
ghost_trace_high_1837_1837_198,1782995820,2026-07-02,7,37,high,move,1.5064849853515625,0.0,1.8008644580841064,0.0,2.554715633392334,0.0,2.554715633392334,0.0
ghost_trace_low_1887_1887_199,1782998820,2026-07-02,8,27,low,appearance,0.9156323671340942,3.0,1.800089955329895,3.0,2.116147994995117,3.0,2.6029014587402344,3.0
ghost_trace_low_1888_1888_200,1782998880,2026-07-02,8,28,low,move,0.8295121192932129,2.0,1.6466624736785889,2.0,1.6466624736785889,2.0,3.213423490524292,2.0
ghost_trace_low_1889_1889_201,1782998940,2026-07-02,8,29,low,move,0.8755770325660706,1.0,1.503660798072815,1.0,1.503660798072815,1.0,3.465350389480591,1.0
ghost_trace_low_1890_1890_202,1782999000,2026-07-02,8,30,low,move,1.1508183479309082,0.0,1.3617397546768188,0.0,1.524351954460144,0.0,3.891157865524292,0.0
ghost_trace_high_1940_1923_203,1783002000,2026-07-02,9,20,high,appearance,1.1226905584335327,0.0,1.7640830278396606,0.0,1.7993085384368896,0.0,3.528667449951172,0.0
ghost_trace_low_1973_1973_204,1783003980,2026-07-02,9,53,low,appearance,0.9294672012329102,0.0,1.6159851551055908,0.0,1.7132714986801147,0.0,3.4797849655151367,4.0
ghost_trace_low_1984_1984_205,1783004640,2026-07-02,10,4,low,move,0.9613409638404846,3.0,1.5811699628829956,3.0,1.8436274528503418,3.0,2.988614559173584,4.0
ghost_trace_low_1985_1985_206,1783004700,2026-07-02,10,5,low,move,1.0796046257019043,2.0,1.4121702909469604,2.0,2.1743640899658203,2.0,2.9373161792755127,4.0
ghost_trace_low_1986_1986_207,1783004760,2026-07-02,10,6,low,move,1.282606840133667,1.0,1.4060125350952148,1.0,2.433528184890747,1.0,3.1084444522857666,3.0
ghost_trace_low_1987_1987_208,1783004820,2026-07-02,10,7,low,move,1.3649992942810059,0.0,1.4527910947799683,0.0,2.6024348735809326,0.0,3.2235422134399414,2.0
ghost_trace_low_1999_1999_209,1783005540,2026-07-02,10,19,low,move,1.362840175628662,1.0,1.436428427696228,1.0,2.7681570053100586,1.0,2.8664209842681885,1.0
ghost_trace_low_2000_2000_210,1783005600,2026-07-02,10,20,low,move,1.2554705142974854,0.0,1.4364136457443237,0.0,2.628826856613159,0.0,2.738955497741699,0.0
ghost_trace_low_2042_2042_211,1783008120,2026-07-02,11,2,low,move,1.2460936307907104,1.0,1.3187456130981445,1.0,2.959831714630127,3.0,2.959831714630127,3.0
ghost_trace_low_2043_2043_212,1783008180,2026-07-02,11,3,low,move,1.2836986780166626,0.0,1.3424726724624634,1.0,3.0881195068359375,2.0,3.0881195068359375,2.0
ghost_trace_low_2048_2048_213,1783008480,2026-07-02,11,8,low,move,1.3579829931259155,1.0,1.4010306596755981,1.0,3.1402482986450195,1.0,3.1402482986450195,4.0
ghost_trace_low_2049_2049_214,1783008540,2026-07-02,11,9,low,move,1.3748774528503418,0.0,1.4395968914031982,0.0,3.1252307891845703,0.0,3.1252307891845703,4.0
ghost_trace_low_2060_2060_215,1783009200,2026-07-02,11,20,low,move,1.36100435256958,2.0,1.6301522254943848,3.0,3.1571784019470215,5.0,3.1571784019470215,10.0
ghost_trace_low_2062_2062_216,1783009320,2026-07-02,11,22,low,move,1.4175317287445068,2.0,1.7295022010803223,3.0,3.1617679595947266,6.0,3.1617679595947266,11.0
ghost_trace_low_2063_2063_217,1783009380,2026-07-02,11,23,low,move,1.4333914518356323,2.0,1.8383013010025024,2.0,3.1052818298339844,6.0,3.1052818298339844,10.0
ghost_trace_low_2064_2064_218,1783009440,2026-07-02,11,24,low,move,1.4401085376739502,1.0,1.9576152563095093,1.0,2.984814167022705,6.0,2.984814167022705,9.0
ghost_trace_low_2066_2066_219,1783009560,2026-07-02,11,26,low,move,1.4136942625045776,0.0,2.0820016860961914,2.0,2.9304516315460205,7.0,2.9304516315460205,8.0
ghost_trace_low_2070_2070_220,1783009800,2026-07-02,11,30,low,move,1.43034029006958,3.0,2.3024001121520996,5.0,2.770413637161255,7.0,2.770413637161255,7.0
ghost_trace_low_2071_2071_221,1783009860,2026-07-02,11,31,low,move,1.4911521673202515,3.0,2.416684865951538,5.0,2.7966525554656982,6.0,2.7966525554656982,6.0
ghost_trace_low_2072_2072_222,1783009920,2026-07-02,11,32,low,move,1.5263603925704956,3.0,2.44244384765625,5.0,2.7744665145874023,5.0,2.7776126861572266,5.0
ghost_trace_low_2073_2073_223,1783009980,2026-07-02,11,33,low,move,1.4864524602890015,3.0,2.4041008949279785,4.0,2.739715099334717,4.0,2.739715099334717,4.0
ghost_trace_low_2074_2074_224,1783010040,2026-07-02,11,34,low,move,1.5125834941864014,3.0,2.493699550628662,3.0,2.698660135269165,3.0,2.808257579803467,3.0
ghost_trace_low_2075_2075_225,1783010100,2026-07-02,11,35,low,move,1.5165655612945557,2.0,2.528635263442993,2.0,2.642927646636963,2.0,2.8019464015960693,2.0
ghost_trace_low_2076_2076_226,1783010160,2026-07-02,11,36,low,move,1.5216784477233887,1.0,2.5771267414093018,1.0,2.6065404415130615,1.0,2.9324371814727783,1.0
ghost_trace_low_2077_2077_227,1783010220,2026-07-02,11,37,low,move,1.548689842224121,0.0,2.6251299381256104,0.0,2.6251299381256104,0.0,3.006804943084717,0.0
ghost_trace_low_2096_2096_228,1783011360,2026-07-02,11,56,low,move,1.5422027111053467,1.0,2.7145028114318848,2.0,2.7892508506774902,5.0,3.049567461013794,5.0
ghost_trace_low_2098_2098_229,1783011480,2026-07-02,11,58,low,move,1.4579832553863525,1.0,2.5417003631591797,2.0,2.8406355381011963,4.0,2.8406355381011963,4.0
ghost_trace_low_2101_2101_230,1783011660,2026-07-02,12,1,low,move,1.614515781402588,2.0,2.330354928970337,3.0,2.786756992340088,3.0,2.786756992340088,3.0
ghost_trace_low_2103_2103_231,1783011780,2026-07-02,12,3,low,move,1.6841018199920654,2.0,2.2145354747772217,2.0,2.8366641998291016,2.0,2.8366641998291016,2.0
ghost_trace_low_2104_2104_232,1783011840,2026-07-02,12,4,low,move,1.7008893489837646,1.0,2.1444406509399414,1.0,2.88529634475708,1.0,2.88529634475708,1.0
ghost_trace_low_2105_2105_233,1783011900,2026-07-02,12,5,low,move,1.6890602111816406,0.0,2.0412757396698,0.0,2.9001119136810303,0.0,2.9001119136810303,0.0
ghost_trace_low_2137_2137_234,1783013820,2026-07-02,12,37,low,move,1.6510847806930542,3.0,2.0164310932159424,3.0,3.0944204330444336,4.0,3.0944204330444336,5.0
ghost_trace_low_2138_2138_235,1783013880,2026-07-02,12,38,low,move,1.6104068756103516,2.0,1.983971357345581,2.0,3.0557498931884766,4.0,3.0557498931884766,4.0
ghost_trace_low_2139_2139_236,1783013940,2026-07-02,12,39,low,move,1.5881922245025635,1.0,2.0753297805786133,1.0,3.1058778762817383,3.0,3.1058778762817383,3.0
ghost_trace_low_2140_2140_237,1783014000,2026-07-02,12,40,low,move,1.6128122806549072,0.0,2.1853511333465576,0.0,3.05753755569458,2.0,3.05753755569458,2.0
ghost_trace_low_2147_2147_238,1783014420,2026-07-02,12,47,low,move,1.6687699556350708,1.0,2.2351861000061035,1.0,3.035038948059082,1.0,3.035038948059082,3.0
ghost_trace_low_2148_2148_239,1783014480,2026-07-02,12,48,low,move,1.705307126045227,0.0,2.2538719177246094,0.0,2.9606854915618896,1.0,2.9606854915618896,2.0
ghost_trace_low_2158_2158_240,1783015080,2026-07-02,12,58,low,move,1.6836309432983398,1.0,2.2624621391296387,1.0,2.909533739089966,1.0,2.909533739089966,1.0
ghost_trace_low_2159_2159_241,1783015140,2026-07-02,12,59,low,move,1.69895339012146,0.0,2.25036883354187,0.0,2.8714942932128906,0.0,2.8714942932128906,0.0
ghost_trace_high_2209_2193_242,1783018140,2026-07-02,13,49,high,appearance,1.4846723079681396,1.0,1.9784431457519531,1.0,2.725712776184082,1.0,2.725712776184082,1.0
ghost_trace_high_2212_2212_243,1783018320,2026-07-02,13,52,high,move,1.459669828414917,0.0,1.8872541189193726,0.0,2.7768001556396484,0.0,2.8043694496154785,0.0
ghost_trace_low_2262_2246_244,1783021320,2026-07-02,14,42,low,appearance,1.5427899360656738,0.0,1.7991249561309814,0.0,2.8174402713775635,0.0,2.8174402713775635,0.0
ghost_trace_high_2296_2279_245,1783023360,2026-07-02,15,16,high,appearance,1.4887912273406982,0.0,1.8329620361328125,0.0,2.3710851669311523,0.0,3.3817453384399414,0.0
ghost_trace_low_2329_2285_246,1783025340,2026-07-02,15,49,low,appearance,1.5236331224441528,0.0,1.8647931814193726,0.0,2.3354108333587646,0.0,3.5011608600616455,0.0
ghost_trace_low_2446_2419_247,1783035960,2026-07-02,18,46,low,appearance,1.4522476196289062,0.0,1.6716666221618652,0.0,2.444011688232422,0.0,2.6751296520233154,0.0
ghost_trace_low_2470_2470_248,1783037400,2026-07-02,19,10,low,move,1.4547683000564575,0.0,1.7008072137832642,0.0,2.2398767471313477,0.0,2.5602850914001465,0.0
ghost_trace_low_2490_2490_249,1783038600,2026-07-02,19,30,low,move,1.3816999197006226,1.0,1.7588022947311401,1.0,2.368224620819092,1.0,2.3896145820617676,1.0
ghost_trace_low_2491_2491_250,1783038660,2026-07-02,19,31,low,move,1.3500877618789673,0.0,1.8452095985412598,0.0,2.4767677783966064,0.0,2.4767677783966064,1.0
ghost_trace_low_2506_2506_251,1783039560,2026-07-02,19,46,low,move,1.367964506149292,0.0,1.8256893157958984,1.0,2.621842861175537,1.0,2.621842861175537,2.0
ghost_trace_low_2510_2506_252,1783039800,2026-07-02,19,50,low,appearance,1.3616430759429932,0.0,1.8182857036590576,0.0,2.628878355026245,1.0,2.628878355026245,1.0
ghost_trace_low_2518_2518_253,1783040280,2026-07-02,19,58,low,move,1.3097046613693237,0.0,1.8661926984786987,0.0,2.7259325981140137,0.0,2.7259325981140137,0.0
ghost_trace_high_2568_2529_254,1783043280,2026-07-02,20,48,high,appearance,1.235300064086914,0.0,1.9384825229644775,0.0,2.510916233062744,1.0,2.5792081356048584,1.0
ghost_trace_high_2575_2575_255,1783043700,2026-07-02,20,55,high,move,1.1509534120559692,0.0,1.9018458127975464,0.0,2.3546154499053955,1.0,2.7787113189697266,5.0
ghost_trace_high_2585_2585_256,1783044300,2026-07-02,21,5,high,move,1.0965702533721924,3.0,1.8963191509246826,4.0,2.304124593734741,4.0,2.968358039855957,5.0
ghost_trace_high_2586_2586_257,1783044360,2026-07-02,21,6,high,move,1.020701289176941,3.0,1.8779000043869019,3.0,2.3069987297058105,3.0,3.147911548614502,5.0
ghost_trace_high_2587_2587_258,1783044420,2026-07-02,21,7,high,move,1.0127419233322144,2.0,1.8802251815795898,2.0,2.318488597869873,2.0,3.1999692916870117,4.0
ghost_trace_high_2588_2588_259,1783044480,2026-07-02,21,8,high,move,0.9921170473098755,1.0,1.8694427013397217,1.0,2.317291259765625,1.0,3.2211568355560303,4.0
ghost_trace_high_2589_2589_260,1783044540,2026-07-02,21,9,high,move,0.9672317504882812,0.0,1.846121072769165,0.0,2.3240435123443604,0.0,3.2435097694396973,3.0
ghost_trace_high_2600_2600_261,1783045200,2026-07-02,21,20,high,move,0.9834500551223755,2.0,1.8641884326934814,3.0,2.39138126373291,5.0,3.2569737434387207,5.0
ghost_trace_high_2601_2601_262,1783045260,2026-07-02,21,21,high,move,0.9727935194969177,1.0,1.8726093769073486,2.0,2.3906991481781006,4.0,3.284722089767456,4.0
ghost_trace_high_2603_2603_263,1783045380,2026-07-02,21,23,high,move,0.9468842148780823,1.0,1.9025801420211792,2.0,2.4064674377441406,3.0,3.3279571533203125,3.0
ghost_trace_high_2605_2605_264,1783045500,2026-07-02,21,25,high,move,0.9229804277420044,1.0,1.9140403270721436,2.0,2.408235549926758,2.0,3.3622078895568848,2.0
ghost_trace_high_2608_2608_265,1783045680,2026-07-02,21,28,high,move,0.9119786024093628,1.0,1.9331727027893066,1.0,2.399655342102051,1.0,3.3438527584075928,1.0
ghost_trace_high_2609_2609_266,1783045740,2026-07-02,21,29,high,move,0.8999958038330078,0.0,1.9325541257858276,0.0,2.4011740684509277,0.0,3.362464666366577,0.0
ghost_trace_high_2625_2625_267,1783046700,2026-07-02,21,45,high,move,0.9507011771202087,1.0,2.069843292236328,3.0,2.0851635932922363,6.0,3.405181646347046,7.0
ghost_trace_high_2627_2627_268,1783046820,2026-07-02,21,47,high,move,0.9731566309928894,2.0,1.8831559419631958,3.0,2.1477506160736084,5.0,3.292163372039795,6.0
ghost_trace_high_2629_2629_269,1783046940,2026-07-02,21,49,high,move,0.9860270619392395,2.0,1.8377225399017334,4.0,2.1121256351470947,5.0,3.561967134475708,5.0
ghost_trace_high_2630_2630_270,1783047000,2026-07-02,21,50,high,move,1.0138403177261353,2.0,1.6918447017669678,3.0,2.1094155311584473,4.0,3.421448230743408,4.0
ghost_trace_high_2632_2632_271,1783047120,2026-07-02,21,52,high,move,1.1220672130584717,2.0,1.2633754014968872,2.0,2.5248029232025146,3.0,3.0105602741241455,3.0
ghost_trace_high_2633_2633_272,1783047180,2026-07-02,21,53,high,move,1.1275601387023926,1.0,1.1275601387023926,2.0,2.388871669769287,2.0,3.328733205795288,2.0
ghost_trace_high_2634_2634_273,1783047240,2026-07-02,21,54,high,move,1.160136103630066,0.0,1.160136103630066,1.0,2.341238498687744,1.0,3.4580092430114746,1.0
ghost_trace_high_2638_2638_274,1783047480,2026-07-02,21,58,high,move,1.3479268550872803,0.0,1.3479268550872803,0.0,2.5937750339508057,0.0,3.85809326171875,0.0
ghost_trace_high_2656_2656_275,1783048560,2026-07-02,22,16,high,move,1.4103913307189941,0.0,1.4103913307189941,1.0,2.597491979598999,1.0,4.027791500091553,4.0
ghost_trace_high_2660_2660_276,1783048800,2026-07-02,22,20,high,move,1.4578202962875366,0.0,1.4578202962875366,0.0,2.5881643295288086,2.0,4.2050299644470215,3.0
ghost_trace_high_2669_2669_277,1783049340,2026-07-02,22,29,high,move,1.4566819667816162,2.0,1.4566819667816162,2.0,2.5326197147369385,2.0,4.332896709442139,2.0
ghost_trace_high_2670_2670_278,1783049400,2026-07-02,22,30,high,move,1.444105863571167,1.0,1.444105863571167,1.0,2.4693784713745117,1.0,4.6877546310424805,1.0
ghost_trace_high_2671_2671_279,1783049460,2026-07-02,22,31,high,move,1.415113925933838,0.0,1.415113925933838,0.0,2.329981803894043,0.0,4.7766900062561035,0.0
ghost_trace_high_2702_2702_280,1783051320,2026-07-02,23,2,high,move,1.4398201704025269,1.0,1.4398201704025269,2.0,2.3015964031219482,3.0,4.840864658355713,7.0
ghost_trace_high_2703_2703_281,1783051380,2026-07-02,23,3,high,move,1.4626367092132568,1.0,1.4626367092132568,1.0,2.2159318923950195,3.0,4.825786590576172,7.0
ghost_trace_high_2706_2706_282,1783051560,2026-07-02,23,6,high,move,1.5265915393829346,0.0,1.5265915393829346,1.0,2.253777027130127,4.0,4.7781171798706055,9.0
ghost_trace_high_2711_2711_283,1783051860,2026-07-02,23,11,high,move,1.567563772201538,2.0,1.567563772201538,3.0,2.3847570419311523,8.0,4.751677513122559,11.0
ghost_trace_high_2713_2713_284,1783051980,2026-07-02,23,13,high,move,1.614034652709961,2.0,1.614034652709961,4.0,2.4258952140808105,8.0,4.845946788787842,12.0
ghost_trace_high_2714_2714_285,1783052040,2026-07-02,23,14,high,move,1.6203579902648926,2.0,1.6203579902648926,4.0,2.3969829082489014,8.0,4.781974792480469,11.0
ghost_trace_high_2716_2716_286,1783052160,2026-07-02,23,16,high,move,1.6296842098236084,3.0,1.6296842098236084,5.0,2.4513113498687744,8.0,4.612039566040039,12.0
ghost_trace_high_2717_2717_287,1783052220,2026-07-02,23,17,high,move,1.6492059230804443,3.0,1.6492059230804443,4.0,2.3765251636505127,8.0,4.662692070007324,11.0
ghost_trace_high_2718_2718_288,1783052280,2026-07-02,23,18,high,move,1.644087791442871,3.0,1.644087791442871,4.0,2.3667895793914795,8.0,4.600769996643066,10.0
ghost_trace_high_2719_2719_289,1783052340,2026-07-02,23,19,high,move,1.6340699195861816,2.0,1.6340699195861816,4.0,2.425748825073242,7.0,4.5034356117248535,9.0
ghost_trace_high_2720_2720_290,1783052400,2026-07-02,23,20,high,move,1.6066954135894775,2.0,1.6066954135894775,3.0,2.435415744781494,7.0,4.469182014465332,9.0
ghost_trace_high_2721_2721_291,1783052460,2026-07-02,23,21,high,move,1.5858409404754639,2.0,1.5858409404754639,3.0,2.4398975372314453,7.0,4.420553207397461,8.0
ghost_trace_high_2723_2723_292,1783052580,2026-07-02,23,23,high,move,1.5663529634475708,2.0,1.5663529634475708,4.0,2.44356107711792,6.0,4.3961100578308105,7.0
ghost_trace_high_2724_2724_293,1783052640,2026-07-02,23,24,high,move,1.5492969751358032,2.0,1.5492969751358032,3.0,2.447763204574585,5.0,4.372200965881348,7.0
ghost_trace_high_2726_2726_294,1783052760,2026-07-02,23,26,high,move,1.4661818742752075,2.0,1.4661818742752075,4.0,2.4570767879486084,5.0,4.273612022399902,7.0
ghost_trace_high_2727_2727_295,1783052820,2026-07-02,23,27,high,move,1.449378490447998,2.0,1.449378490447998,3.0,2.43855619430542,4.0,4.264657974243164,7.0
ghost_trace_high_2728_2728_296,1783052880,2026-07-02,23,28,high,move,1.4370522499084473,2.0,1.4370522499084473,2.0,2.4358537197113037,3.0,4.2225213050842285,7.0
ghost_trace_high_2730_2730_297,1783053000,2026-07-02,23,30,high,move,1.4309563636779785,1.0,1.4309563636779785,2.0,2.4312050342559814,4.0,4.190465450286865,6.0
ghost_trace_high_2731_2731_298,1783053060,2026-07-02,23,31,high,move,1.4173173904418945,0.0,1.4173173904418945,1.0,2.420384407043457,3.0,4.167447090148926,5.0
ghost_trace_high_2735_2731_299,1783053300,2026-07-02,23,35,high,appearance,1.3005084991455078,0.0,1.3005084991455078,2.0,2.3287301063537598,4.0,4.055383682250977,4.0
ghost_trace_high_2739_2739_300,1783053540,2026-07-02,23,39,high,move,1.359773874282837,2.0,1.359773874282837,3.0,2.3138341903686523,3.0,4.138884544372559,5.0
ghost_trace_high_2740_2740_301,1783053600,2026-07-02,23,40,high,move,1.3936687707901,2.0,1.3936687707901,2.0,2.3715505599975586,2.0,4.240590572357178,4.0
ghost_trace_high_2742_2742_302,1783053720,2026-07-02,23,42,high,move,1.4082988500595093,1.0,1.4082988500595093,1.0,2.384507656097412,2.0,4.310971260070801,3.0
ghost_trace_high_2743_2743_303,1783053780,2026-07-02,23,43,high,move,1.461984395980835,0.0,1.461984395980835,0.0,2.4343056678771973,2.0,4.307519435882568,2.0
ghost_trace_high_2752_2752_304,1783054320,2026-07-02,23,52,high,move,1.4561048746109009,1.0,1.4561048746109009,1.0,2.3582684993743896,1.0,4.433498382568359,3.0
ghost_trace_high_2753_2753_305,1783054380,2026-07-02,23,53,high,move,1.463281273841858,0.0,1.463281273841858,0.0,2.343660593032837,1.0,4.518363952636719,2.0
ghost_trace_high_2763_2763_306,1783054980,2026-07-03,0,3,high,move,1.565981149673462,1.0,1.565981149673462,1.0,2.5386784076690674,1.0,5.091794013977051,1.0
ghost_trace_high_2764_2764_307,1783055040,2026-07-03,0,4,high,move,1.5326426029205322,0.0,1.5326426029205322,0.0,2.4750823974609375,0.0,5.381233215332031,0.0
ghost_trace_high_2797_2797_308,1783057020,2026-07-03,0,37,high,move,1.4619715213775635,0.0,1.4619715213775635,0.0,2.4163265228271484,0.0,4.852264404296875,0.0
ghost_trace_high_2822_2822_309,1783058520,2026-07-03,1,2,high,move,1.4408729076385498,3.0,1.4408729076385498,4.0,2.2993521690368652,4.0,4.65108060836792,4.0
ghost_trace_high_2823_2823_310,1783058580,2026-07-03,1,3,high,move,1.354364037513733,3.0,1.354364037513733,3.0,2.1281888484954834,3.0,4.49696159362793,3.0
ghost_trace_high_2824_2824_311,1783058640,2026-07-03,1,4,high,move,1.2802879810333252,2.0,1.2802879810333252,2.0,1.938076138496399,2.0,4.289820671081543,2.0
ghost_trace_high_2825_2825_312,1783058700,2026-07-03,1,5,high,move,1.2149890661239624,1.0,1.2149890661239624,1.0,1.7920140027999878,1.0,4.170091152191162,1.0
ghost_trace_high_2826_2826_313,1783058760,2026-07-03,1,6,high,move,1.1295666694641113,0.0,1.1295666694641113,0.0,1.71868896484375,0.0,3.9966847896575928,0.0
ghost_trace_low_2876_2873_314,1783061760,2026-07-03,1,56,low,appearance,1.0967788696289062,0.0,1.0967788696289062,0.0,1.5908061265945435,2.0,4.0079522132873535,2.0
ghost_trace_low_2885_2885_315,1783062300,2026-07-03,2,5,low,move,1.1004080772399902,1.0,1.1004080772399902,1.0,1.4627041816711426,3.0,4.0976996421813965,3.0
ghost_trace_low_2886_2886_316,1783062360,2026-07-03,2,6,low,move,1.108067512512207,0.0,1.108067512512207,0.0,1.5633397102355957,2.0,4.050791263580322,2.0
ghost_trace_low_2892_2892_317,1783062720,2026-07-03,2,12,low,move,1.103581428527832,1.0,1.103581428527832,1.0,1.5830378532409668,1.0,3.9842214584350586,1.0
ghost_trace_low_2893_2893_318,1783062780,2026-07-03,2,13,low,move,1.0825823545455933,0.0,1.0825823545455933,0.0,1.6390352249145508,0.0,3.9023542404174805,0.0
ghost_trace_high_2943_2915_319,1783065780,2026-07-03,3,3,high,appearance,1.0225313901901245,0.0,1.1933366060256958,0.0,1.5954852104187012,0.0,3.522033214569092,0.0
ghost_trace_low_2965_2948_320,1783067100,2026-07-03,3,25,low,appearance,1.050387978553772,0.0,1.3217549324035645,0.0,1.6961183547973633,0.0,3.4134628772735596,0.0
ghost_trace_low_2989_2989_321,1783068540,2026-07-03,3,49,low,move,1.1126819849014282,1.0,1.4478745460510254,1.0,1.910201072692871,1.0,3.407115936279297,2.0
ghost_trace_low_2990_2990_322,1783068600,2026-07-03,3,50,low,move,1.0233277082443237,0.0,1.5658268928527832,0.0,2.109229326248169,0.0,3.6332552433013916,1.0
ghost_trace_low_3002_3002_323,1783069320,2026-07-03,4,2,low,move,0.99410480260849,0.0,1.612750768661499,2.0,2.380899429321289,2.0,3.720186948776245,2.0
ghost_trace_low_3006_3006_324,1783069560,2026-07-03,4,6,low,move,0.9824753403663635,1.0,1.480531930923462,1.0,2.4517483711242676,1.0,3.450618028640747,1.0
ghost_trace_low_3007_3007_325,1783069620,2026-07-03,4,7,low,move,1.0213747024536133,0.0,1.6448934078216553,0.0,2.587383985519409,0.0,3.6906425952911377,0.0
ghost_trace_high_3057_3044_326,1783072620,2026-07-03,4,57,high,appearance,0.8815484046936035,0.0,1.5674090385437012,0.0,2.4950058460235596,0.0,3.4236111640930176,0.0
ghost_trace_low_3094_3062_327,1783074900,2026-07-03,5,35,low,appearance,0.9211543798446655,0.0,1.5436691045761108,0.0,2.649935007095337,0.0,3.540144920349121,0.0
ghost_trace_low_3154_3148_328,1783078500,2026-07-03,6,35,low,appearance,0.8806039094924927,0.0,1.5645402669906616,0.0,2.521414041519165,0.0,3.4313628673553467,0.0
ghost_trace_low_3236_3198_329,1783083420,2026-07-03,7,57,low,appearance,0.8679519295692444,0.0,1.5757945775985718,0.0,2.350034713745117,0.0,3.2864558696746826,0.0
ghost_trace_low_3322_3320_330,1783088580,2026-07-03,9,23,low,appearance,0.9098746180534363,0.0,1.5482008457183838,0.0,2.23028826713562,0.0,3.1273510456085205,0.0
ghost_trace_high_3370_3354_331,1783091460,2026-07-03,10,11,high,appearance,0.931182861328125,0.0,1.4673185348510742,0.0,2.096686840057373,0.0,2.976705551147461,0.0
ghost_trace_high_3452_3440_332,1783096380,2026-07-03,11,33,high,appearance,0.9367143511772156,0.0,1.4455324411392212,0.0,2.0276541709899902,3.0,3.05686616897583,4.0
ghost_trace_high_3458_3458_333,1783096740,2026-07-03,11,39,high,move,0.9618915915489197,1.0,1.4299441576004028,3.0,2.1877999305725098,3.0,3.2724342346191406,3.0
ghost_trace_high_3460_3460_334,1783096860,2026-07-03,11,41,high,move,0.9921622276306152,2.0,1.4760969877243042,2.0,2.234947443008423,2.0,3.316619634628296,2.0
ghost_trace_high_3462_3462_335,1783096980,2026-07-03,11,43,high,move,1.0165960788726807,1.0,1.4886335134506226,1.0,2.2947123050689697,1.0,3.327547073364258,1.0
ghost_trace_high_3463_3463_336,1783097040,2026-07-03,11,44,high,move,1.0330796241760254,0.0,1.492421269416809,0.0,2.323309898376465,0.0,3.3458831310272217,0.0
ghost_trace_high_3479_3479_337,1783288800,2026-07-05,17,0,high,move,1.111390471458435,0.0,1.556694746017456,0.0,2.381894588470459,0.0,3.6443629264831543,0.0
ghost_trace_low_3529_3484_338,1783291800,2026-07-05,17,50,low,appearance,0.9767967462539673,0.0,1.6241222620010376,1.0,2.185285806655884,1.0,3.6280272006988525,1.0
ghost_trace_high_3534_3526_339,1783292100,2026-07-05,17,55,high,appearance,0.9332547187805176,0.0,1.5469276905059814,0.0,2.0888187885284424,0.0,3.389617681503296,0.0
ghost_trace_high_3551_3551_340,1783293120,2026-07-05,18,12,high,move,1.0298243761062622,1.0,1.6518131494522095,1.0,2.1962523460388184,1.0,3.512221574783325,1.0
ghost_trace_high_3552_3552_341,1783293180,2026-07-05,18,13,high,move,1.0265663862228394,0.0,1.7164077758789062,0.0,2.2221877574920654,0.0,3.6521081924438477,0.0
ghost_trace_high_3570_3570_342,1783294260,2026-07-05,18,31,high,move,1.0281531810760498,0.0,1.7406742572784424,0.0,2.3640148639678955,0.0,3.5319302082061768,0.0
ghost_trace_low_3620_3601_343,1783297260,2026-07-05,19,21,low,appearance,1.2049351930618286,0.0,1.730576753616333,0.0,2.407681703567505,2.0,3.5987277030944824,2.0
ghost_trace_low_3628_3628_344,1783297740,2026-07-05,19,29,low,move,1.247833251953125,1.0,1.848591923713684,1.0,2.582749366760254,1.0,3.4401803016662598,1.0
ghost_trace_low_3629_3629_345,1783297800,2026-07-05,19,30,low,move,1.1519118547439575,0.0,1.8731069564819336,0.0,2.7657265663146973,0.0,3.324667453765869,0.0
ghost_trace_high_3679_3645_346,1783300800,2026-07-05,20,20,high,appearance,1.1690969467163086,0.0,1.5993391275405884,0.0,2.684746742248535,0.0,3.1194076538085938,0.0
ghost_trace_high_3820_3815_347,1783309260,2026-07-05,22,41,high,appearance,1.1642087697982788,0.0,1.5861223936080933,0.0,2.384164571762085,0.0,3.333001136779785,0.0
ghost_trace_low_3865_3833_348,1783311960,2026-07-05,23,26,low,appearance,1.0393728017807007,0.0,1.5033643245697021,0.0,2.367158889770508,0.0,2.9125354290008545,0.0
ghost_trace_high_3883_3882_349,1783313040,2026-07-05,23,44,high,appearance,1.1397769451141357,0.0,1.4456977844238281,0.0,2.473261833190918,0.0,3.120992422103882,1.0
ghost_trace_high_3895_3895_350,1783313760,2026-07-05,23,56,high,move,1.27532160282135,0.0,1.4914600849151611,0.0,2.5010735988616943,0.0,3.5229272842407227,0.0
ghost_trace_low_3945_3933_351,1783316760,2026-07-06,0,46,low,appearance,0.8400669693946838,0.0,1.436173677444458,0.0,2.008784532546997,0.0,2.7899725437164307,0.0
ghost_trace_high_3983_3960_352,1783319040,2026-07-06,1,24,high,appearance,1.0322153568267822,0.0,1.3319859504699707,0.0,2.0204029083251953,2.0,3.2555956840515137,6.0
ghost_trace_high_3992_3992_353,1783319580,2026-07-06,1,33,high,move,1.1367299556732178,3.0,1.4671201705932617,4.0,2.1793360710144043,8.0,3.5558791160583496,8.0
ghost_trace_high_3993_3993_354,1783319640,2026-07-06,1,34,high,move,1.1409308910369873,3.0,1.56473970413208,4.0,2.2528016567230225,7.0,3.6455297470092773,7.0
ghost_trace_high_3994_3994_355,1783319700,2026-07-06,1,35,high,move,1.1720994710922241,2.0,1.5754857063293457,4.0,2.4564130306243896,6.0,3.7848005294799805,6.0
ghost_trace_high_3995_3995_356,1783319760,2026-07-06,1,36,high,move,1.3174502849578857,2.0,1.604770541191101,4.0,2.5699462890625,5.0,4.06618595123291,5.0
ghost_trace_high_3996_3996_357,1783319820,2026-07-06,1,37,high,move,1.3037738800048828,2.0,1.6751677989959717,3.0,2.6154463291168213,4.0,4.012080669403076,4.0
ghost_trace_high_3998_3998_358,1783319940,2026-07-06,1,39,high,move,1.3374269008636475,2.0,1.6840102672576904,3.0,2.6740670204162598,3.0,4.003070831298828,3.0
ghost_trace_high_3999_3999_359,1783320000,2026-07-06,1,40,high,move,1.366011619567871,2.0,1.676722764968872,2.0,2.7450249195098877,2.0,3.964639663696289,2.0
ghost_trace_high_4000_4000_360,1783320060,2026-07-06,1,41,high,move,1.379248857498169,1.0,1.65984308719635,1.0,2.732555627822876,1.0,3.9571802616119385,1.0
ghost_trace_high_4002_4002_361,1783320180,2026-07-06,1,43,high,move,1.417725682258606,0.0,1.709010362625122,0.0,2.758639097213745,0.0,3.8764777183532715,0.0
ghost_trace_high_4024_4024_362,1783321500,2026-07-06,2,5,high,move,1.4302878379821777,0.0,1.7358624935150146,1.0,2.7074384689331055,2.0,3.8956899642944336,3.0
ghost_trace_high_4029_4029_363,1783321800,2026-07-06,2,10,high,move,1.4525773525238037,1.0,1.724022388458252,1.0,2.652327299118042,2.0,3.7954442501068115,2.0
ghost_trace_high_4031_4031_364,1783321920,2026-07-06,2,12,high,move,1.4467668533325195,0.0,1.6029292345046997,0.0,2.6685163974761963,1.0,3.6939425468444824,1.0
ghost_trace_high_4038_4038_365,1783322340,2026-07-06,2,19,high,move,1.4091956615447998,0.0,1.5740861892700195,0.0,2.7285773754119873,0.0,3.6087374687194824,0.0
ghost_trace_high_4062_4062_366,1783323780,2026-07-06,2,43,high,move,1.3918124437332153,1.0,1.5701887607574463,1.0,2.7822165489196777,1.0,3.633162498474121,1.0
ghost_trace_high_4063_4063_367,1783323840,2026-07-06,2,44,high,move,1.3734550476074219,0.0,1.6036934852600098,0.0,2.7918896675109863,0.0,3.661607027053833,0.0
ghost_trace_high_4081_4081_368,1783324920,2026-07-06,3,2,high,move,1.3627943992614746,0.0,1.624423861503601,0.0,2.7662105560302734,2.0,3.672668695449829,2.0
ghost_trace_high_4087_4087_369,1783325280,2026-07-06,3,8,high,move,1.3948562145233154,1.0,1.628644347190857,1.0,2.7553188800811768,1.0,3.766968011856079,1.0
ghost_trace_high_4088_4088_370,1783325340,2026-07-06,3,9,high,move,1.3921388387680054,0.0,1.6421535015106201,0.0,2.726975440979004,0.0,3.7953381538391113,0.0
ghost_trace_low_4138_4095_371,1783328340,2026-07-06,3,59,low,appearance,1.2448807954788208,0.0,1.479856252670288,0.0,2.5838193893432617,1.0,3.4340765476226807,1.0
ghost_trace_high_4145_4145_372,1783328760,2026-07-06,4,6,high,appearance,1.1938759088516235,0.0,1.414101481437683,0.0,2.462346076965332,0.0,3.304225206375122,0.0
ghost_trace_high_4192_4192_373,1783331580,2026-07-06,4,53,high,move,1.2381880283355713,3.0,1.4985229969024658,3.0,2.4809916019439697,4.0,3.3932900428771973,4.0
ghost_trace_high_4193_4193_374,1783331640,2026-07-06,4,54,high,move,1.2417386770248413,2.0,1.5340814590454102,2.0,2.4986815452575684,3.0,3.4076828956604004,3.0
ghost_trace_high_4194_4194_375,1783331700,2026-07-06,4,55,high,move,1.2476816177368164,1.0,1.5968748331069946,1.0,2.4969801902770996,2.0,3.4228322505950928,2.0
ghost_trace_high_4195_4195_376,1783331760,2026-07-06,4,56,high,move,1.2474865913391113,0.0,1.6225873231887817,1.0,2.507699489593506,1.0,3.420354127883911,1.0
ghost_trace_high_4200_4200_377,1783332060,2026-07-06,5,1,high,move,1.2244584560394287,0.0,1.651711344718933,0.0,2.3327271938323975,0.0,3.4769067764282227,0.0
ghost_trace_high_4237_4200_378,1783334280,2026-07-06,5,38,high,appearance,1.117581844329834,0.0,1.570676326751709,0.0,2.1176083087921143,0.0,3.262660264968872,1.0
ghost_trace_low_4250_4244_379,1783335060,2026-07-06,5,51,low,appearance,0.8994500041007996,0.0,1.4325861930847168,0.0,1.7908991575241089,0.0,2.83794903755188,1.0
ghost_trace_low_4265_4265_380,1783335960,2026-07-06,6,6,low,move,1.0618045330047607,2.0,1.3998349905014038,2.0,1.9294298887252808,2.0,2.843205451965332,2.0
ghost_trace_low_4266_4266_381,1783336020,2026-07-06,6,7,low,move,1.0832295417785645,1.0,1.4179996252059937,1.0,1.9581809043884277,1.0,2.765942096710205,1.0
ghost_trace_low_4267_4267_382,1783336080,2026-07-06,6,8,low,move,1.0812175273895264,0.0,1.4290999174118042,0.0,1.9603670835494995,0.0,2.691230058670044,0.0
ghost_trace_high_4317_4314_383,1783339080,2026-07-06,6,58,high,appearance,1.1513656377792358,0.0,1.4689160585403442,0.0,1.9297322034835815,3.0,2.7956371307373047,5.0
ghost_trace_high_4323_4323_384,1783339440,2026-07-06,7,4,high,move,1.2046241760253906,1.0,1.6123380661010742,2.0,1.9940738677978516,4.0,3.2421703338623047,4.0
ghost_trace_high_4326_4326_385,1783339620,2026-07-06,7,7,high,move,1.2460682392120361,2.0,1.6638219356536865,3.0,2.1830615997314453,3.0,3.5262343883514404,3.0
ghost_trace_high_4327_4327_386,1783339680,2026-07-06,7,8,high,move,1.262090802192688,2.0,1.693996787071228,2.0,2.2838292121887207,2.0,3.648465156555176,2.0
ghost_trace_high_4329_4329_387,1783339800,2026-07-06,7,10,high,move,1.230921983718872,1.0,1.7121249437332153,1.0,2.347705841064453,1.0,3.6947214603424072,1.0
ghost_trace_high_4330_4330_388,1783339860,2026-07-06,7,11,high,move,1.2158929109573364,0.0,1.7144691944122314,0.0,2.396280527114868,0.0,3.6462714672088623,0.0
ghost_trace_high_4379_4379_389,1783342800,2026-07-06,8,0,high,move,1.308056116104126,0.0,1.6479896306991577,0.0,2.597912073135376,0.0,3.5237441062927246,0.0
ghost_trace_high_4413_4413_390,1783344840,2026-07-06,8,34,high,move,1.3857505321502686,0.0,1.7013931274414062,0.0,2.516867160797119,0.0,3.6034443378448486,2.0
ghost_trace_high_4424_4424_391,1783345500,2026-07-06,8,45,high,move,1.3589897155761719,1.0,1.8332496881484985,2.0,2.4812629222869873,3.0,3.891282081604004,3.0
ghost_trace_high_4425_4425_392,1783345560,2026-07-06,8,46,high,move,1.382243037223816,0.0,2.0164906978607178,2.0,2.5956928730010986,2.0,4.005561351776123,2.0
ghost_trace_high_4429_4429_393,1783345800,2026-07-06,8,50,high,move,1.403996229171753,1.0,1.9067312479019165,1.0,2.627466917037964,1.0,4.0169291496276855,1.0
ghost_trace_high_4430_4430_394,1783345860,2026-07-06,8,51,high,move,1.4140245914459229,0.0,1.9365977048873901,0.0,2.576587677001953,0.0,3.9805116653442383,0.0
ghost_trace_high_4450_4450_395,1783347060,2026-07-06,9,11,high,move,1.3601336479187012,3.0,2.0250680446624756,5.0,2.4263112545013428,8.0,3.9028186798095703,8.0
ghost_trace_high_4451_4451_396,1783347120,2026-07-06,9,12,high,move,1.29067063331604,3.0,1.9779105186462402,5.0,2.37833571434021,7.0,3.7879018783569336,7.0
ghost_trace_high_4452_4452_397,1783347180,2026-07-06,9,13,high,move,1.2695016860961914,3.0,1.9616926908493042,5.0,2.3470778465270996,6.0,3.7773866653442383,6.0
ghost_trace_high_4453_4453_398,1783347240,2026-07-06,9,14,high,move,1.2956984043121338,3.0,1.894272804260254,4.0,2.2702629566192627,5.0,3.7941198348999023,5.0
ghost_trace_high_4454_4454_399,1783347300,2026-07-06,9,15,high,move,1.362997055053711,3.0,1.8336275815963745,4.0,2.1966562271118164,4.0,3.90038800239563,4.0
ghost_trace_high_4455_4455_400,1783347360,2026-07-06,9,16,high,move,1.3857591152191162,2.0,1.778891921043396,3.0,2.1927027702331543,3.0,3.941744327545166,3.0
ghost_trace_high_4456_4456_401,1783347420,2026-07-06,9,17,high,move,1.3959558010101318,2.0,1.7469950914382935,2.0,2.1890876293182373,2.0,3.9810526371002197,3.0
ghost_trace_high_4457_4457_402,1783347480,2026-07-06,9,18,high,move,1.4215686321258545,1.0,1.7747325897216797,1.0,2.1717119216918945,1.0,4.120713710784912,3.0
ghost_trace_high_4459_4457_403,1783347600,2026-07-06,9,20,high,appearance,1.387944221496582,0.0,1.7599831819534302,0.0,2.0689098834991455,0.0,4.26501989364624,2.0
ghost_trace_high_4471_4471_404,1783348320,2026-07-06,9,32,high,move,1.3364168405532837,1.0,1.873534917831421,1.0,2.1748623847961426,1.0,4.34281063079834,1.0
ghost_trace_high_4472_4472_405,1783348380,2026-07-06,9,33,high,move,1.3628606796264648,0.0,1.9577269554138184,0.0,2.5518436431884766,0.0,3.9706015586853027,0.0
ghost_trace_high_4489_4489_406,1783349400,2026-07-06,9,50,high,move,1.424033284187317,0.0,1.9333600997924805,0.0,2.5336081981658936,0.0,3.841754674911499,0.0
ghost_trace_high_4530_4530_407,1783351860,2026-07-06,10,31,high,move,1.5007193088531494,0.0,1.8460673093795776,0.0,2.5836756229400635,0.0,3.726703643798828,3.0
ghost_trace_high_4541_4541_408,1783352520,2026-07-06,10,42,high,move,1.3344011306762695,2.0,1.7197239398956299,2.0,2.355067491531372,3.0,3.498781681060791,3.0
ghost_trace_high_4542_4542_409,1783352580,2026-07-06,10,43,high,move,1.3672189712524414,1.0,1.7366783618927002,1.0,2.5256526470184326,2.0,3.5152552127838135,2.0
ghost_trace_high_4544_4544_410,1783352700,2026-07-06,10,45,high,move,1.37136971950531,0.0,1.7916107177734375,1.0,2.605132818222046,1.0,3.52480149269104,1.0
ghost_trace_high_4549_4549_411,1783353000,2026-07-06,10,50,high,move,1.2804327011108398,0.0,1.81944739818573,0.0,2.554922580718994,0.0,3.5303893089294434,0.0
ghost_trace_high_4567_4549_412,1783354080,2026-07-06,11,8,high,appearance,1.1118195056915283,2.0,1.850905179977417,2.0,2.3940939903259277,2.0,3.4397084712982178,2.0
ghost_trace_high_4568_4568_413,1783354140,2026-07-06,11,9,high,move,1.0229905843734741,1.0,1.909690260887146,1.0,2.4430978298187256,1.0,3.399207830429077,1.0
ghost_trace_high_4569_4569_414,1783354200,2026-07-06,11,10,high,move,0.9668453931808472,0.0,1.9169596433639526,0.0,2.4468724727630615,0.0,3.4157063961029053,0.0
ghost_trace_low_4619_4619_415,1783357200,2026-07-06,12,0,low,appearance,1.0043312311172485,1.0,1.7553470134735107,1.0,2.1556503772735596,1.0,3.280076265335083,1.0
ghost_trace_low_4621_4621_416,1783357320,2026-07-06,12,2,low,move,1.0103851556777954,0.0,1.7473686933517456,0.0,2.2479422092437744,0.0,3.1161468029022217,0.0
ghost_trace_low_4641_4641_417,1783358520,2026-07-06,12,22,low,move,1.017935872077942,0.0,1.771384596824646,0.0,2.2770068645477295,4.0,3.2163567543029785,7.0
ghost_trace_low_4648_4648_418,1783358940,2026-07-06,12,29,low,move,1.1760931015014648,3.0,1.9556610584259033,4.0,2.1505844593048096,6.0,3.5941872596740723,9.0
ghost_trace_low_4649_4649_419,1783359000,2026-07-06,12,30,low,move,1.2614113092422485,3.0,1.9303362369537354,3.0,2.24948787689209,6.0,3.780656099319458,8.0
ghost_trace_low_4650_4650_420,1783359060,2026-07-06,12,31,low,move,1.3045803308486938,2.0,1.9307727813720703,3.0,2.2569327354431152,6.0,3.9516215324401855,7.0
ghost_trace_low_4651_4651_421,1783359120,2026-07-06,12,32,low,move,1.283461570739746,1.0,1.935368537902832,3.0,2.255377769470215,6.0,3.944033145904541,6.0
ghost_trace_low_4652_4652_422,1783359180,2026-07-06,12,33,low,move,1.2759991884231567,1.0,1.9745821952819824,2.0,2.245464324951172,5.0,3.923553705215454,5.0
ghost_trace_low_4655_4655_423,1783359360,2026-07-06,12,36,low,move,1.285976529121399,1.0,1.8515233993530273,3.0,2.35274600982666,4.0,3.8414509296417236,4.0
ghost_trace_low_4656_4656_424,1783359420,2026-07-06,12,37,low,move,1.2661988735198975,1.0,1.8478567600250244,3.0,2.330735206604004,3.0,4.027368545532227,3.0
ghost_trace_low_4659_4659_425,1783359600,2026-07-06,12,40,low,move,1.2037463188171387,2.0,1.8740718364715576,2.0,2.413893461227417,2.0,3.861650228500366,2.0
ghost_trace_low_4660_4660_426,1783359660,2026-07-06,12,41,low,move,1.2223050594329834,1.0,1.8228727579116821,1.0,2.3146371841430664,1.0,3.5411300659179688,1.0
ghost_trace_low_4661_4661_427,1783359720,2026-07-06,12,42,low,move,1.1322356462478638,0.0,1.82187819480896,0.0,2.279642105102539,0.0,3.3905770778656006,0.0
ghost_trace_high_4711_4705_428,1783362720,2026-07-06,13,32,high,appearance,1.170494556427002,0.0,1.5881506204605103,0.0,2.3310041427612305,0.0,3.158038854598999,1.0
ghost_trace_high_4726_4726_429,1783363620,2026-07-06,13,47,high,move,1.097086787223816,0.0,1.5408157110214233,0.0,2.4088134765625,1.0,3.0464236736297607,2.0
ghost_trace_high_4735_4735_430,1783364160,2026-07-06,13,56,high,move,1.1174137592315674,0.0,1.4665840864181519,1.0,2.5504798889160156,1.0,3.1020452976226807,3.0
ghost_trace_high_4739_4739_431,1783364400,2026-07-06,14,0,high,move,1.1383602619171143,0.0,1.4145766496658325,0.0,2.6180217266082764,1.0,3.224522590637207,3.0
ghost_trace_high_4749_4749_432,1783365000,2026-07-06,14,10,high,move,1.154118299484253,2.0,1.3718384504318237,2.0,2.6389126777648926,6.0,3.3391056060791016,8.0
ghost_trace_high_4750_4750_433,1783365060,2026-07-06,14,11,high,move,1.191784381866455,1.0,1.3480112552642822,1.0,2.69342041015625,6.0,3.4111063480377197,7.0
ghost_trace_high_4751_4751_434,1783365120,2026-07-06,14,12,high,move,1.202386736869812,0.0,1.358611822128296,1.0,2.6904735565185547,5.0,3.4676990509033203,6.0
ghost_trace_high_4756_4756_435,1783365420,2026-07-06,14,17,high,move,1.1937153339385986,3.0,1.3844890594482422,4.0,2.689119815826416,5.0,3.504488706588745,5.0
ghost_trace_high_4757_4757_436,1783365480,2026-07-06,14,18,high,move,1.2055079936981201,3.0,1.4146126508712769,3.0,2.7105255126953125,4.0,3.5175740718841553,4.0
ghost_trace_high_4758_4758_437,1783365540,2026-07-06,14,19,high,move,1.1947466135025024,2.0,1.4415042400360107,3.0,2.6775991916656494,3.0,3.5045721530914307,3.0
ghost_trace_high_4759_4759_438,1783365600,2026-07-06,14,20,high,move,1.1862164735794067,1.0,1.4613845348358154,2.0,2.678870677947998,2.0,3.48026442527771,2.0
ghost_trace_high_4760_4760_439,1783365660,2026-07-06,14,21,high,move,1.163542628288269,1.0,1.4950515031814575,1.0,2.6517386436462402,1.0,3.4579503536224365,1.0
ghost_trace_high_4763_4763_440,1783365840,2026-07-06,14,24,high,move,1.2018054723739624,0.0,1.5024083852767944,0.0,2.7237722873687744,0.0,3.4345855712890625,0.0
ghost_trace_low_4814_4798_441,1783368900,2026-07-06,15,15,low,appearance,1.0706990957260132,0.0,1.59490966796875,0.0,2.4612255096435547,0.0,3.3651695251464844,0.0
ghost_trace_high_4848_4807_442,1783370940,2026-07-06,15,49,high,appearance,1.0632818937301636,0.0,1.4659019708633423,0.0,2.3759801387786865,0.0,3.249634265899658,0.0
ghost_trace_high_4880_4880_443,1783376460,2026-07-06,17,21,high,move,1.1756762266159058,0.0,1.498644232749939,0.0,2.4316253662109375,0.0,3.4872031211853027,0.0
ghost_trace_high_4901_4880_444,1783377720,2026-07-06,17,42,high,appearance,1.210606575012207,0.0,1.4260722398757935,0.0,2.2894704341888428,0.0,3.3424551486968994,0.0
ghost_trace_low_4930_4916_445,1783379460,2026-07-06,18,11,low,appearance,1.0931650400161743,0.0,1.6076046228408813,0.0,1.929621696472168,3.0,3.428927183151245,3.0
ghost_trace_low_4937_4937_446,1783379880,2026-07-06,18,18,low,move,1.1681922674179077,2.0,1.8671066761016846,2.0,1.9734692573547363,2.0,3.7215709686279297,2.0
ghost_trace_low_4938_4938_447,1783379940,2026-07-06,18,19,low,move,1.1530274152755737,1.0,1.9615460634231567,1.0,2.138720989227295,1.0,3.791415214538574,1.0
ghost_trace_low_4939_4939_448,1783380000,2026-07-06,18,20,low,move,1.1099882125854492,0.0,1.986755132675171,0.0,2.2439541816711426,0.0,3.7481231689453125,0.0
ghost_trace_low_4960_4960_449,1783381260,2026-07-06,18,41,low,move,1.0780094861984253,1.0,2.006814479827881,3.0,2.329099178314209,5.0,3.7366764545440674,5.0
ghost_trace_low_4961_4961_450,1783381320,2026-07-06,18,42,low,move,1.0397288799285889,1.0,1.9501773118972778,3.0,2.330259084701538,4.0,3.57098126411438,4.0
ghost_trace_low_4964_4964_451,1783381500,2026-07-06,18,45,low,move,1.01634681224823,2.0,1.9442710876464844,3.0,2.338414430618286,3.0,3.540786027908325,4.0
ghost_trace_low_4965_4965_452,1783381560,2026-07-06,18,46,low,move,0.961203396320343,1.0,2.0061376094818115,2.0,2.316786527633667,2.0,3.829007148742676,3.0
ghost_trace_low_4966_4966_453,1783381620,2026-07-06,18,47,low,move,0.8967127799987793,1.0,1.9923908710479736,1.0,2.321589469909668,1.0,3.8563685417175293,2.0
ghost_trace_low_4969_4969_454,1783381800,2026-07-06,18,50,low,move,0.8625548481941223,0.0,2.0274112224578857,0.0,2.3247478008270264,1.0,3.912574529647827,1.0
ghost_trace_low_4979_4979_455,1783382400,2026-07-06,19,0,low,move,0.7915500998497009,0.0,2.004408359527588,0.0,2.2407727241516113,0.0,3.919555902481079,3.0
ghost_trace_low_4991_4991_456,1783383120,2026-07-06,19,12,low,move,0.9032078981399536,2.0,2.0235652923583984,2.0,2.4704360961914062,2.0,3.882770538330078,2.0
ghost_trace_low_4993_4993_457,1783383240,2026-07-06,19,14,low,move,0.975884735584259,1.0,2.024183988571167,1.0,2.625556707382202,1.0,3.9085440635681152,1.0
ghost_trace_low_4994_4994_458,1783383300,2026-07-06,19,15,low,move,1.0129234790802002,0.0,2.0363707542419434,0.0,2.6855385303497314,0.0,3.9950335025787354,0.0
ghost_trace_low_5017_5017_459,1783384680,2026-07-06,19,38,low,move,1.044743537902832,1.0,2.009613513946533,1.0,2.893732786178589,1.0,3.9457483291625977,1.0
ghost_trace_low_5020_5020_460,1783384860,2026-07-06,19,41,low,move,1.0671814680099487,0.0,2.090247392654419,0.0,2.6343743801116943,0.0,4.373796463012695,0.0
ghost_trace_low_5041_5041_461,1783386120,2026-07-06,20,2,low,move,1.053786277770996,1.0,2.102137327194214,1.0,2.59114933013916,2.0,4.37484884262085,4.0
ghost_trace_low_5043_5043_462,1783386240,2026-07-06,20,4,low,move,1.0705171823501587,0.0,2.120664358139038,0.0,2.572711944580078,2.0,4.3866424560546875,4.0
ghost_trace_low_5051_5051_463,1783386720,2026-07-06,20,12,low,move,1.1124897003173828,1.0,2.117269277572632,2.0,2.659287929534912,5.0,4.305356025695801,10.0
ghost_trace_low_5052_5052_464,1783386780,2026-07-06,20,13,low,move,1.1923009157180786,1.0,2.0582311153411865,1.0,2.874333620071411,5.0,4.2627668380737305,10.0
ghost_trace_low_5055_5055_465,1783386960,2026-07-06,20,16,low,appearance,1.077860951423645,1.0,1.970228672027588,3.0,3.0122735500335693,7.0,3.992194652557373,10.0
ghost_trace_low_5058_5058_466,1783387140,2026-07-06,20,19,low,move,1.1187584400177002,2.0,2.016662359237671,4.0,3.0230910778045654,9.0,4.126547813415527,10.0
ghost_trace_low_5059_5059_467,1783387200,2026-07-06,20,20,low,move,1.1543428897857666,2.0,2.036083698272705,4.0,3.033633232116699,8.0,4.158694267272949,9.0
ghost_trace_low_5060_5060_468,1783387260,2026-07-06,20,21,low,move,1.1380531787872314,2.0,1.9609447717666626,4.0,3.07126522064209,7.0,3.8433923721313477,8.0
ghost_trace_low_5062_5062_469,1783387380,2026-07-06,20,23,low,move,1.165421485900879,3.0,1.9747625589370728,5.0,3.0311641693115234,7.0,3.8399224281311035,7.0
ghost_trace_low_5063_5063_470,1783387440,2026-07-06,20,24,low,move,1.22319757938385,3.0,1.9525094032287598,5.0,2.9731991291046143,6.0,3.8098511695861816,6.0
ghost_trace_low_5064_5064_471,1783387500,2026-07-06,20,25,low,move,1.1951799392700195,3.0,1.9703176021575928,4.0,2.9084908962249756,5.0,3.807804584503174,5.0
ghost_trace_low_5065_5065_472,1783387560,2026-07-06,20,26,low,move,1.2244319915771484,3.0,1.953831434249878,3.0,2.8270230293273926,4.0,3.7887940406799316,4.0
ghost_trace_low_5066_5066_473,1783387620,2026-07-06,20,27,low,move,1.2151402235031128,2.0,1.9406421184539795,3.0,2.7915287017822266,3.0,3.699387788772583,3.0
ghost_trace_low_5067_5067_474,1783387680,2026-07-06,20,28,low,move,1.2166757583618164,1.0,1.9297761917114258,2.0,2.7422573566436768,2.0,3.643646240234375,2.0
ghost_trace_low_5068_5068_475,1783387740,2026-07-06,20,29,low,move,1.2176297903060913,1.0,1.9208552837371826,1.0,2.7138330936431885,1.0,3.6450681686401367,1.0
ghost_trace_low_5071_5071_476,1783387920,2026-07-06,20,32,low,move,1.208753228187561,0.0,1.9061115980148315,0.0,2.653305768966675,0.0,3.749171018600464,0.0
ghost_trace_high_5121_5093_477,1783390920,2026-07-06,21,22,high,appearance,1.0541611909866333,0.0,1.8953570127487183,0.0,2.5551795959472656,0.0,3.7766764163970947,0.0
ghost_trace_high_5357_5336_478,1783405080,2026-07-07,1,18,high,appearance,1.131351351737976,0.0,1.8700120449066162,0.0,2.4746479988098145,0.0,3.887784957885742,0.0
ghost_trace_low_5386_5352_479,1783406820,2026-07-07,1,47,low,appearance,1.237382173538208,0.0,1.8568391799926758,0.0,2.2944278717041016,0.0,3.893439769744873,0.0
ghost_trace_low_5471_5463_480,1783411920,2026-07-07,3,12,low,appearance,1.1743756532669067,0.0,1.878178596496582,0.0,2.2519195079803467,0.0,3.6469364166259766,0.0
ghost_trace_high_5513_5483_481,1783414440,2026-07-07,3,54,high,appearance,1.1326862573623657,0.0,1.8585844039916992,0.0,2.2362887859344482,0.0,3.568042039871216,0.0
ghost_trace_low_5533_5521_482,1783415640,2026-07-07,4,14,low,appearance,1.0753263235092163,0.0,1.8115029335021973,0.0,2.103437900543213,0.0,3.6834659576416016,0.0
ghost_trace_low_5551_5551_483,1783416720,2026-07-07,4,32,low,move,1.1275328397750854,2.0,1.8406729698181152,2.0,2.358363151550293,2.0,3.711770534515381,3.0
ghost_trace_low_5553_5553_484,1783416840,2026-07-07,4,34,low,move,1.076317310333252,1.0,1.8751320838928223,1.0,2.471410036087036,1.0,3.65337872505188,2.0
ghost_trace_low_5554_5554_485,1783416900,2026-07-07,4,35,low,move,1.0582398176193237,0.0,1.888185739517212,0.0,2.6028995513916016,0.0,3.736894130706787,1.0
ghost_trace_low_5566_5566_486,1783417620,2026-07-07,4,47,low,move,1.2352691888809204,0.0,1.7720708847045898,0.0,2.4640729427337646,0.0,3.921609401702881,0.0
ghost_trace_high_5616_5582_487,1783420620,2026-07-07,5,37,high,appearance,1.1450310945510864,0.0,1.6875649690628052,0.0,2.6670749187469482,0.0,3.7454833984375,0.0
ghost_trace_high_5705_5705_488,1783425960,2026-07-07,7,6,high,move,1.11358642578125,1.0,1.776450276374817,2.0,2.745069980621338,2.0,4.062014579772949,2.0
ghost_trace_high_5706_5706_489,1783426020,2026-07-07,7,7,high,move,1.1011584997177124,1.0,1.8194808959960938,1.0,2.744262218475342,1.0,4.246261119842529,1.0
ghost_trace_high_5709_5709_490,1783426200,2026-07-07,7,10,high,move,1.13095223903656,0.0,1.9225471019744873,0.0,2.667814016342163,0.0,4.410077095031738,1.0
ghost_trace_high_5724_5709_491,1783427100,2026-07-07,7,25,high,appearance,1.1092922687530518,0.0,1.7430936098098755,0.0,2.4800403118133545,0.0,4.235925197601318,0.0
ghost_trace_low_5759_5753_492,1783429200,2026-07-07,8,0,low,appearance,1.0964325666427612,0.0,1.7722033262252808,2.0,2.087951898574829,2.0,4.164105415344238,2.0
ghost_trace_low_5763_5763_493,1783429440,2026-07-07,8,4,low,move,1.2038050889968872,1.0,1.8268389701843262,1.0,2.0992794036865234,1.0,4.0958404541015625,2.0
ghost_trace_low_5764_5764_494,1783429500,2026-07-07,8,5,low,move,1.2407134771347046,0.0,1.8228017091751099,0.0,2.145836353302002,0.0,3.922372817993164,1.0
ghost_trace_low_5777_5777_495,1783430280,2026-07-07,8,18,low,move,1.2051383256912231,1.0,1.8909636735916138,1.0,2.3404717445373535,3.0,3.926710367202759,5.0
ghost_trace_low_5780_5780_496,1783430460,2026-07-07,8,21,low,move,1.1870911121368408,0.0,1.933337926864624,1.0,2.5493061542510986,3.0,3.9809603691101074,6.0
ghost_trace_low_5784_5784_497,1783430700,2026-07-07,8,25,low,move,1.1678731441497803,1.0,1.9691935777664185,2.0,2.6621899604797363,5.0,4.035825729370117,6.0
ghost_trace_low_5786_5786_498,1783430820,2026-07-07,8,27,low,move,1.1435260772705078,1.0,2.014590263366699,1.0,2.7100393772125244,4.0,4.165783882141113,5.0
ghost_trace_low_5789_5789_499,1783431000,2026-07-07,8,30,low,move,1.2703161239624023,1.0,2.1737875938415527,3.0,2.9127016067504883,4.0,4.4411540031433105,4.0
ghost_trace_low_5792_5792_500,1783431180,2026-07-07,8,33,low,move,1.3027119636535645,2.0,2.2792811393737793,3.0,3.2931342124938965,3.0,4.328214645385742,3.0
ghost_trace_low_5793_5793_501,1783431240,2026-07-07,8,34,low,move,1.3906941413879395,1.0,2.2328896522521973,2.0,3.2337334156036377,2.0,4.23194694519043,2.0
ghost_trace_low_5794_5794_502,1783431300,2026-07-07,8,35,low,move,1.4577383995056152,1.0,2.2004470825195312,1.0,3.3918704986572266,1.0,4.116786956787109,1.0
ghost_trace_low_5797_5797_503,1783431480,2026-07-07,8,38,low,move,1.4175171852111816,0.0,2.082872152328491,0.0,3.18281888961792,0.0,3.8693485260009766,2.0
ghost_trace_low_5810_5810_504,1783432260,2026-07-07,8,51,low,move,1.3974720239639282,2.0,1.9377630949020386,3.0,3.257390022277832,4.0,3.734985828399658,4.0
ghost_trace_low_5812_5812_505,1783432380,2026-07-07,8,53,low,move,1.4028263092041016,2.0,1.8482606410980225,3.0,3.3355748653411865,3.0,3.5869810581207275,4.0
ghost_trace_low_5813_5813_506,1783432440,2026-07-07,8,54,low,move,1.3548179864883423,1.0,1.9638783931732178,2.0,3.5246753692626953,2.0,3.892413854598999,3.0
ghost_trace_low_5814_5814_507,1783432500,2026-07-07,8,55,low,move,1.3733367919921875,1.0,1.9329615831375122,1.0,3.4124011993408203,1.0,3.9357213973999023,3.0
ghost_trace_low_5817_5817_508,1783432680,2026-07-07,8,58,low,move,1.3886682987213135,0.0,1.9533462524414062,0.0,3.140214204788208,1.0,3.9834704399108887,4.0
ghost_trace_low_5827_5827_509,1783433280,2026-07-07,9,8,low,move,1.3743386268615723,2.0,1.8867359161376953,3.0,3.1700191497802734,5.0,3.8578546047210693,6.0
ghost_trace_low_5829_5829_510,1783433400,2026-07-07,9,10,low,move,1.410062313079834,2.0,1.8632371425628662,4.0,3.172365188598633,4.0,3.9223554134368896,7.0
ghost_trace_low_5830_5830_511,1783433460,2026-07-07,9,11,low,move,1.4207148551940918,2.0,1.9193987846374512,3.0,3.2433362007141113,3.0,4.048714637756348,7.0
ghost_trace_low_5831_5831_512,1783433520,2026-07-07,9,12,low,move,1.4922741651535034,2.0,1.9352585077285767,2.0,3.1750259399414062,2.0,4.122868537902832,6.0
ghost_trace_low_5833_5833_513,1783433640,2026-07-07,9,14,low,move,1.577744960784912,1.0,1.9752694368362427,1.0,3.0156171321868896,3.0,4.117903709411621,5.0
ghost_trace_low_5834_5834_514,1783433700,2026-07-07,9,15,low,move,1.5425920486450195,0.0,2.0421462059020996,0.0,2.9801063537597656,3.0,4.141816139221191,4.0
ghost_trace_low_5842_5842_515,1783434180,2026-07-07,9,23,low,move,1.2828465700149536,3.0,2.047694206237793,3.0,2.806845188140869,3.0,4.045499801635742,5.0
ghost_trace_low_5843_5843_516,1783434240,2026-07-07,9,24,low,move,1.2092299461364746,2.0,2.0395641326904297,2.0,2.721791982650757,2.0,3.8313937187194824,4.0
ghost_trace_low_5844_5844_517,1783434300,2026-07-07,9,25,low,move,1.1768449544906616,1.0,2.0671119689941406,1.0,2.6937122344970703,2.0,3.9005045890808105,3.0
ghost_trace_low_5845_5845_518,1783434360,2026-07-07,9,26,low,move,1.217433214187622,0.0,2.032486915588379,0.0,2.7944626808166504,2.0,3.8243930339813232,3.0
ghost_trace_low_5854_5854_519,1783434900,2026-07-07,9,35,low,move,1.2534401416778564,1.0,2.0999011993408203,1.0,2.616274833679199,3.0,3.7449052333831787,3.0
ghost_trace_low_5855_5855_520,1783434960,2026-07-07,9,36,low,move,1.201842188835144,0.0,2.029783248901367,1.0,2.6741652488708496,2.0,3.7713875770568848,2.0
ghost_trace_low_5860_5860_521,1783435260,2026-07-07,9,41,low,move,1.2117748260498047,1.0,2.067643404006958,1.0,2.6654765605926514,1.0,3.722897529602051,1.0
ghost_trace_low_5861_5861_522,1783435320,2026-07-07,9,42,low,move,1.2271301746368408,0.0,2.0367119312286377,0.0,2.622408390045166,0.0,3.6713578701019287,0.0
ghost_trace_high_5911_5892_523,1783438320,2026-07-07,10,32,high,appearance,1.0068556070327759,0.0,1.6968607902526855,0.0,2.391167163848877,0.0,3.6622300148010254,2.0
ghost_trace_high_5924_5924_524,1783439100,2026-07-07,10,45,high,move,0.9761275053024292,2.0,1.7138012647628784,2.0,2.5358059406280518,3.0,3.8061537742614746,6.0
ghost_trace_high_5926_5926_525,1783439220,2026-07-07,10,47,high,move,0.9455536603927612,1.0,1.6253515481948853,2.0,2.5491280555725098,2.0,3.8573546409606934,7.0
ghost_trace_high_5927_5927_526,1783439280,2026-07-07,10,48,high,move,0.8845422863960266,0.0,1.5820016860961914,1.0,2.532691478729248,2.0,4.001424312591553,6.0
ghost_trace_high_5931_5931_527,1783439520,2026-07-07,10,52,high,move,0.8498954176902771,0.0,1.5717144012451172,0.0,2.4652013778686523,5.0,4.190499305725098,6.0
ghost_trace_high_5937_5937_528,1783439880,2026-07-07,10,58,high,move,0.7177993059158325,3.0,1.7236570119857788,4.0,2.549135684967041,5.0,4.133384704589844,7.0
ghost_trace_high_5938_5938_529,1783439940,2026-07-07,10,59,high,move,0.648780345916748,3.0,1.7779998779296875,3.0,2.4894652366638184,4.0,4.115204334259033,7.0
ghost_trace_high_5939_5939_530,1783440000,2026-07-07,11,0,high,move,0.7351090908050537,2.0,1.8056061267852783,2.0,2.362870454788208,3.0,4.658146858215332,6.0
ghost_trace_high_5940_5940_531,1783440060,2026-07-07,11,1,high,move,0.7209621667861938,1.0,1.908987045288086,2.0,2.3951942920684814,2.0,4.725472450256348,5.0
ghost_trace_high_5941_5941_532,1783440120,2026-07-07,11,2,high,move,0.9003381729125977,0.0,1.9238835573196411,1.0,2.5300216674804688,2.0,4.409784317016602,4.0
ghost_trace_high_5945_5945_533,1783440360,2026-07-07,11,6,high,move,1.0791839361190796,0.0,1.9706339836120605,0.0,2.597693920135498,3.0,4.28596305847168,5.0
ghost_trace_high_5951_5951_534,1783440720,2026-07-07,11,12,high,move,1.0699942111968994,2.0,1.9729101657867432,2.0,2.4464170932769775,5.0,4.003627777099609,6.0
ghost_trace_high_5952_5952_535,1783440780,2026-07-07,11,13,high,move,1.0740528106689453,1.0,2.065023899078369,1.0,2.3539395332336426,5.0,3.9580790996551514,5.0
ghost_trace_high_5953_5953_536,1783440840,2026-07-07,11,14,high,move,1.0954759120941162,0.0,2.2126591205596924,1.0,2.4057986736297607,4.0,3.7812001705169678,4.0
ghost_trace_high_5958_5958_537,1783441140,2026-07-07,11,19,high,move,1.169026255607605,2.0,2.225356101989746,3.0,2.371678113937378,3.0,3.594841957092285,4.0
ghost_trace_high_5959_5959_538,1783441200,2026-07-07,11,20,high,move,1.2097238302230835,2.0,2.348149299621582,2.0,2.348149299621582,3.0,3.665519952774048,3.0
ghost_trace_high_5961_5961_539,1783441320,2026-07-07,11,22,high,move,1.1117366552352905,1.0,2.3256030082702637,1.0,2.5153579711914062,2.0,3.4996540546417236,2.0
ghost_trace_high_5962_5962_540,1783441380,2026-07-07,11,23,high,move,1.142896056175232,0.0,2.335318088531494,0.0,2.5990865230560303,1.0,3.592113494873047,1.0
ghost_trace_high_5969_5969_541,1783441800,2026-07-07,11,30,high,appearance,1.1647400856018066,0.0,2.2688491344451904,0.0,2.634530782699585,0.0,3.3182389736175537,0.0
ghost_trace_high_6000_6000_542,1783443660,2026-07-07,12,1,high,move,1.233820915222168,0.0,2.312062978744507,2.0,2.9143805503845215,4.0,3.6421284675598145,4.0
ghost_trace_high_6004_6004_543,1783443900,2026-07-07,12,5,high,move,1.152596354484558,3.0,2.276242733001709,3.0,2.821539878845215,3.0,3.776682138442993,3.0
ghost_trace_high_6005_6005_544,1783443960,2026-07-07,12,6,high,move,1.1264910697937012,2.0,2.2226226329803467,2.0,2.846047878265381,2.0,3.800509452819824,2.0
ghost_trace_high_6006_6006_545,1783444020,2026-07-07,12,7,high,move,1.0463275909423828,1.0,2.1748058795928955,1.0,2.717733860015869,1.0,3.8422679901123047,1.0
ghost_trace_high_6007_6007_546,1783444080,2026-07-07,12,8,high,move,1.003719449043274,0.0,2.1293692588806152,0.0,2.6950182914733887,0.0,3.8239660263061523,0.0
ghost_trace_low_6057_6017_547,1783447080,2026-07-07,12,58,low,appearance,0.883414626121521,0.0,2.0314810276031494,0.0,2.7446417808532715,0.0,3.4807655811309814,0.0
ghost_trace_low_6088_6088_548,1783448940,2026-07-07,13,29,low,move,0.9855767488479614,1.0,1.9100335836410522,2.0,2.573834180831909,3.0,3.533352851867676,7.0
ghost_trace_low_6089_6089_549,1783449000,2026-07-07,13,30,low,move,0.9895864725112915,1.0,1.8588151931762695,2.0,2.5267534255981445,3.0,3.62658953666687,6.0
ghost_trace_low_6092_6092_550,1783449180,2026-07-07,13,33,low,move,0.9548345804214478,1.0,1.834869623184204,1.0,2.6233255863189697,5.0,3.6276798248291016,5.0
ghost_trace_low_6094_6094_551,1783449300,2026-07-07,13,35,low,move,0.9458643198013306,0.0,1.8007714748382568,1.0,2.611161470413208,4.0,3.6288905143737793,5.0
ghost_trace_low_6099_6099_552,1783449600,2026-07-07,13,40,low,move,0.9687390327453613,3.0,1.7713080644607544,3.0,2.6326894760131836,4.0,3.5958337783813477,7.0
ghost_trace_low_6100_6100_553,1783449660,2026-07-07,13,41,low,move,0.9932284355163574,2.0,1.782200574874878,2.0,2.662963390350342,4.0,3.639718532562256,6.0
ghost_trace_low_6101_6101_554,1783449720,2026-07-07,13,42,low,move,1.0373561382293701,1.0,1.7327067852020264,1.0,2.6056137084960938,3.0,3.554954767227173,6.0
ghost_trace_low_6102_6102_555,1783449780,2026-07-07,13,43,low,move,1.0223991870880127,0.0,1.7525763511657715,0.0,2.5910305976867676,3.0,3.467433214187622,5.0
ghost_trace_low_6108_6108_556,1783450140,2026-07-07,13,49,low,move,0.9466790556907654,1.0,1.4271382093429565,3.0,2.6304543018341064,5.0,3.385019063949585,7.0
ghost_trace_low_6110_6110_557,1783450260,2026-07-07,13,51,low,move,1.0667716264724731,2.0,1.422977328300476,2.0,3.006572723388672,6.0,3.8480567932128906,6.0
ghost_trace_low_6112_6112_558,1783450380,2026-07-07,13,53,low,move,1.1980946063995361,1.0,1.5024850368499756,2.0,3.05645489692688,5.0,4.079946517944336,6.0
ghost_trace_low_6113_6113_559,1783450440,2026-07-07,13,54,low,move,1.28587007522583,1.0,1.5509942770004272,2.0,2.973637580871582,4.0,4.22096586227417,6.0
ghost_trace_low_6116_6116_560,1783450620,2026-07-07,13,57,low,move,1.3806746006011963,2.0,1.590895414352417,3.0,2.957461357116699,3.0,4.336526870727539,7.0
ghost_trace_low_6118_6118_561,1783450740,2026-07-07,13,59,low,move,1.3580268621444702,2.0,1.557604432106018,2.0,3.003004312515259,4.0,4.224198341369629,6.0
ghost_trace_low_6119_6119_562,1783450800,2026-07-07,14,0,low,move,1.3832828998565674,1.0,1.5253145694732666,1.0,2.863774061203003,4.0,4.054182529449463,6.0
ghost_trace_low_6120_6120_563,1783450860,2026-07-07,14,1,low,move,1.3425700664520264,0.0,1.6138734817504883,0.0,2.7665979862213135,4.0,3.9873292446136475,6.0
ghost_trace_low_6127_6127_564,1783451280,2026-07-07,14,8,low,move,1.3082289695739746,3.0,1.5744162797927856,3.0,2.5981850624084473,7.0,3.9977643489837646,7.0
ghost_trace_low_6128_6128_565,1783451340,2026-07-07,14,9,low,move,1.3317910432815552,2.0,1.5171300172805786,2.0,2.430199146270752,6.0,4.134208679199219,6.0
ghost_trace_low_6129_6129_566,1783451400,2026-07-07,14,10,low,move,1.3390755653381348,1.0,1.4968494176864624,2.0,2.4115817546844482,5.0,4.166302680969238,5.0
ghost_trace_low_6130_6130_567,1783451460,2026-07-07,14,11,low,move,1.29209303855896,0.0,1.4513249397277832,2.0,2.6595025062561035,4.0,3.9769530296325684,4.0
ghost_trace_low_6134_6134_568,1783451700,2026-07-07,14,15,low,move,1.3104177713394165,3.0,1.4623639583587646,3.0,2.6262338161468506,3.0,3.9710803031921387,3.0
ghost_trace_low_6135_6135_569,1783451760,2026-07-07,14,16,low,move,1.3774487972259521,2.0,1.54194974899292,2.0,2.493837833404541,2.0,4.319037437438965,2.0
ghost_trace_low_6136_6136_570,1783451820,2026-07-07,14,17,low,move,1.368944525718689,1.0,1.5471277236938477,1.0,2.426076889038086,1.0,4.372894287109375,1.0
ghost_trace_low_6137_6137_571,1783451880,2026-07-07,14,18,low,move,1.333594560623169,0.0,1.5460118055343628,0.0,2.589125871658325,0.0,4.295004367828369,0.0
ghost_trace_high_6187_6187_572,1783454880,2026-07-07,15,8,high,appearance,1.0982756614685059,0.0,1.6957186460494995,0.0,2.0746796131134033,0.0,4.383427619934082,0.0
ghost_trace_low_6237_6197_573,1783457880,2026-07-07,15,58,low,appearance,1.0902888774871826,0.0,1.4982291460037231,0.0,2.409822940826416,0.0,4.004359722137451,0.0
ghost_trace_low_6239_6239_574,1783461600,2026-07-07,17,0,low,move,1.2724010944366455,0.0,1.7062045335769653,0.0,2.789189100265503,0.0,4.013872146606445,0.0
ghost_trace_high_6289_6279_575,1783464600,2026-07-07,17,50,high,appearance,1.0232815742492676,0.0,1.6368693113327026,0.0,2.0833191871643066,0.0,4.276583671569824,0.0
ghost_trace_high_6317_6317_576,1783466280,2026-07-07,18,18,high,move,1.0416754484176636,1.0,1.6465543508529663,1.0,2.290215492248535,1.0,4.418826103210449,2.0
ghost_trace_high_6318_6318_577,1783466340,2026-07-07,18,19,high,move,1.0824848413467407,0.0,1.5637092590332031,0.0,2.3301587104797363,0.0,4.434944152832031,1.0
ghost_trace_high_6330_6330_578,1783467060,2026-07-07,18,31,high,move,1.1308693885803223,0.0,1.52946138381958,0.0,2.469085931777954,0.0,4.391891956329346,0.0
ghost_trace_high_6368_6368_579,1783469340,2026-07-07,19,9,high,move,1.3198589086532593,0.0,1.386013150215149,2.0,2.8827731609344482,3.0,4.686834335327148,5.0
ghost_trace_high_6372_6372_580,1783469580,2026-07-07,19,13,high,move,1.3638622760772705,2.0,1.4581485986709595,2.0,2.769853353500366,3.0,4.868621826171875,7.0
ghost_trace_high_6373_6373_581,1783469640,2026-07-07,19,14,high,move,1.4012311697006226,1.0,1.664520502090454,1.0,3.008866310119629,3.0,5.0651445388793945,6.0
ghost_trace_high_6374_6374_582,1783469700,2026-07-07,19,15,high,move,1.2818031311035156,0.0,1.99674654006958,0.0,2.90256929397583,3.0,5.400391578674316,5.0
ghost_trace_high_6381_6381_583,1783470120,2026-07-07,19,22,high,move,1.3367290496826172,2.0,1.8962726593017578,4.0,2.998915433883667,4.0,4.519139289855957,4.0
ghost_trace_high_6383_6383_584,1783470240,2026-07-07,19,24,high,move,1.198360800743103,3.0,1.939944863319397,3.0,2.9551472663879395,3.0,4.2583770751953125,4.0
ghost_trace_high_6384_6384_585,1783470300,2026-07-07,19,25,high,move,1.164599061012268,2.0,1.9586827754974365,2.0,2.9796531200408936,2.0,4.11129093170166,4.0
ghost_trace_high_6385_6385_586,1783470360,2026-07-07,19,26,high,move,1.1039522886276245,1.0,1.969739556312561,1.0,2.9139373302459717,1.0,3.92000412940979,4.0
ghost_trace_high_6386_6386_587,1783470420,2026-07-07,19,27,high,move,1.0714361667633057,0.0,1.9779877662658691,0.0,2.87882399559021,0.0,3.819883346557617,4.0
ghost_trace_high_6398_6398_588,1783471140,2026-07-07,19,39,high,move,1.270145058631897,3.0,1.9453145265579224,5.0,3.1107821464538574,6.0,4.032494068145752,7.0
ghost_trace_high_6399_6399_589,1783471200,2026-07-07,19,40,high,move,1.4097977876663208,3.0,2.005065679550171,5.0,3.1515872478485107,6.0,4.202090740203857,7.0
ghost_trace_high_6400_6400_590,1783471260,2026-07-07,19,41,high,move,1.474313735961914,3.0,2.0358645915985107,4.0,3.1662778854370117,5.0,4.274188995361328,6.0
ghost_trace_high_6401_6401_591,1783471320,2026-07-07,19,42,high,move,1.4823544025421143,3.0,2.0807948112487793,3.0,3.1261587142944336,4.0,4.430315017700195,5.0
ghost_trace_high_6402_6402_592,1783471380,2026-07-07,19,43,high,move,1.4785828590393066,2.0,2.1137075424194336,2.0,3.0930354595184326,3.0,4.576306343078613,5.0
ghost_trace_high_6403_6403_593,1783471440,2026-07-07,19,44,high,move,1.440217137336731,1.0,2.111070156097412,1.0,2.965946912765503,2.0,4.6143269538879395,5.0
ghost_trace_high_6404_6404_594,1783471500,2026-07-07,19,45,high,move,1.2282886505126953,0.0,2.1321470737457275,1.0,2.711052656173706,2.0,4.517336368560791,5.0
ghost_trace_high_6409_6404_595,1783471800,2026-07-07,19,50,high,appearance,1.0770514011383057,0.0,1.9540349245071411,1.0,2.64500093460083,4.0,3.956315755844116,5.0
ghost_trace_high_6414_6414_596,1783472100,2026-07-07,19,55,high,move,1.163090705871582,1.0,1.8952805995941162,3.0,2.639329195022583,4.0,3.8840646743774414,4.0
ghost_trace_high_6417_6417_597,1783472280,2026-07-07,19,58,high,move,1.1510963439941406,3.0,1.8904122114181519,3.0,2.6099958419799805,3.0,3.779222011566162,4.0
ghost_trace_high_6418_6418_598,1783472340,2026-07-07,19,59,high,move,1.142006278038025,2.0,1.851668119430542,2.0,2.619292736053467,2.0,3.7460880279541016,3.0
ghost_trace_high_6419_6419_599,1783472400,2026-07-07,20,0,high,move,1.135861873626709,1.0,1.8262641429901123,1.0,2.6658108234405518,1.0,3.7574994564056396,2.0
ghost_trace_high_6420_6420_600,1783472460,2026-07-07,20,1,high,move,1.1535965204238892,0.0,1.8001548051834106,0.0,2.6992015838623047,0.0,3.779209613800049,1.0
ghost_trace_high_6432_6432_601,1783473180,2026-07-07,20,13,high,move,1.1848095655441284,0.0,1.7942200899124146,0.0,2.8081488609313965,0.0,3.918938159942627,0.0
ghost_trace_low_6482_6482_602,1783476180,2026-07-07,21,3,low,appearance,1.0966105461120605,3.0,1.8255162239074707,3.0,2.5857298374176025,5.0,4.023941993713379,5.0
ghost_trace_low_6483_6483_603,1783476240,2026-07-07,21,4,low,move,1.2008212804794312,2.0,1.8107715845108032,3.0,2.440978765487671,4.0,4.084458351135254,4.0
ghost_trace_low_6484_6484_604,1783476300,2026-07-07,21,5,low,move,1.296314001083374,1.0,1.7514091730117798,2.0,2.3351778984069824,3.0,3.903958320617676,3.0
ghost_trace_low_6485_6485_605,1783476360,2026-07-07,21,6,low,move,1.3421576023101807,1.0,1.7459180355072021,1.0,2.314129590988159,2.0,3.8333067893981934,2.0
ghost_trace_low_6488_6488_606,1783476540,2026-07-07,21,9,low,move,1.3751201629638672,1.0,1.7443310022354126,1.0,2.3145835399627686,1.0,3.782580852508545,1.0
ghost_trace_low_6491_6491_607,1783476720,2026-07-07,21,12,low,move,1.3324687480926514,0.0,1.7966657876968384,0.0,2.2456436157226562,0.0,3.917755603790283,0.0
ghost_trace_high_6541_6540_608,1783479720,2026-07-07,22,2,high,appearance,1.2299423217773438,0.0,1.7753340005874634,0.0,2.2496743202209473,4.0,4.005949974060059,5.0
ghost_trace_high_6548_6548_609,1783480140,2026-07-07,22,9,high,move,1.3144832849502563,3.0,1.7951565980911255,3.0,2.4893336296081543,4.0,3.8707945346832275,5.0
ghost_trace_high_6549_6549_610,1783480200,2026-07-07,22,10,high,move,1.3609923124313354,2.0,1.8809406757354736,2.0,2.671450614929199,3.0,3.827232837677002,5.0
ghost_trace_high_6550_6550_611,1783480260,2026-07-07,22,11,high,move,1.3862547874450684,1.0,1.9042441844940186,2.0,2.7675886154174805,2.0,3.893489360809326,5.0
ghost_trace_high_6551_6551_612,1783480320,2026-07-07,22,12,high,move,1.3995003700256348,0.0,1.9192157983779907,1.0,2.827840805053711,1.0,3.912975311279297,4.0
ghost_trace_high_6555_6555_613,1783480560,2026-07-07,22,16,high,move,1.4018323421478271,0.0,1.917676329612732,0.0,2.8594110012054443,3.0,3.9529356956481934,6.0
ghost_trace_high_6562_6562_614,1783480980,2026-07-07,22,23,high,move,1.3849146366119385,2.0,1.9049569368362427,3.0,2.8761963844299316,5.0,3.9700818061828613,5.0
ghost_trace_high_6564_6564_615,1783481100,2026-07-07,22,25,high,move,1.3781630992889404,2.0,2.0614051818847656,3.0,2.9560415744781494,4.0,4.3027024269104,4.0
ghost_trace_high_6565_6565_616,1783481160,2026-07-07,22,26,high,move,1.3940536975860596,1.0,2.0987679958343506,3.0,2.938166618347168,3.0,4.320065975189209,3.0
ghost_trace_high_6567_6567_617,1783481280,2026-07-07,22,28,high,move,1.2761341333389282,2.0,2.146141529083252,2.0,2.7644150257110596,2.0,3.976912498474121,2.0
ghost_trace_high_6569_6569_618,1783481400,2026-07-07,22,30,high,move,1.2111055850982666,1.0,2.112971782684326,1.0,2.849222183227539,1.0,3.8588502407073975,1.0
ghost_trace_high_6570_6570_619,1783481460,2026-07-07,22,31,high,move,1.178812026977539,0.0,2.09287691116333,0.0,2.9053964614868164,0.0,3.7631239891052246,0.0
ghost_trace_low_6620_6619_620,1783484460,2026-07-07,23,21,low,appearance,1.2068061828613281,0.0,1.8478981256484985,0.0,2.803413152694702,1.0,3.821908473968506,4.0
ghost_trace_low_6630_6630_621,1783485060,2026-07-07,23,31,low,move,1.2979685068130493,3.0,1.6905878782272339,3.0,2.7782340049743652,6.0,3.7467687129974365,6.0
ghost_trace_low_6631_6631_622,1783485120,2026-07-07,23,32,low,move,1.2756876945495605,2.0,1.668333649635315,3.0,2.663957357406616,5.0,3.751037120819092,5.0
ghost_trace_low_6632_6632_623,1783485180,2026-07-07,23,33,low,move,1.2518353462219238,1.0,1.6598899364471436,3.0,2.5580432415008545,4.0,3.519533634185791,4.0
ghost_trace_low_6633_6633_624,1783485240,2026-07-07,23,34,low,move,1.2139521837234497,1.0,1.6737412214279175,3.0,2.598839282989502,3.0,3.5038716793060303,3.0
ghost_trace_low_6636_6636_625,1783485420,2026-07-07,23,37,low,move,1.1608158349990845,2.0,1.7034175395965576,2.0,2.620388984680176,2.0,3.51676082611084,2.0
ghost_trace_low_6637_6637_626,1783485480,2026-07-07,23,38,low,move,1.2407251596450806,1.0,1.687817096710205,1.0,2.5907552242279053,1.0,3.612086296081543,2.0
ghost_trace_low_6638_6638_627,1783485540,2026-07-07,23,39,low,move,1.2563127279281616,0.0,1.6558425426483154,0.0,2.648275852203369,0.0,3.658596992492676,2.0
ghost_trace_low_6652_6652_628,1783486380,2026-07-07,23,53,low,move,1.2910029888153076,2.0,1.619492530822754,2.0,2.6441309452056885,2.0,3.7780468463897705,2.0
ghost_trace_low_6653_6653_629,1783486440,2026-07-07,23,54,low,move,1.3200401067733765,1.0,1.4804192781448364,1.0,2.812819480895996,1.0,3.7975502014160156,1.0
ghost_trace_low_6654_6654_630,1783486500,2026-07-07,23,55,low,move,1.3307373523712158,0.0,1.4052451848983765,0.0,2.894906997680664,0.0,3.840304374694824,0.0
ghost_trace_low_6689_6689_631,1783488600,2026-07-08,0,30,low,move,1.3725202083587646,3.0,1.4638103246688843,3.0,3.012519598007202,4.0,3.8181099891662598,5.0
ghost_trace_low_6690_6690_632,1783488660,2026-07-08,0,31,low,move,1.4072346687316895,2.0,1.4072346687316895,2.0,3.0944907665252686,3.0,4.041375160217285,5.0
ghost_trace_low_6691_6691_633,1783488720,2026-07-08,0,32,low,move,1.3235433101654053,1.0,1.4443473815917969,1.0,2.9615211486816406,2.0,4.200808525085449,5.0
ghost_trace_low_6692_6692_634,1783488780,2026-07-08,0,33,low,move,1.3207634687423706,0.0,1.4728941917419434,0.0,2.928978204727173,1.0,4.2907819747924805,5.0
ghost_trace_low_6699_6699_635,1783489200,2026-07-08,0,40,low,move,1.3205368518829346,0.0,1.4628245830535889,1.0,2.8906805515289307,6.0,4.384725093841553,6.0
ghost_trace_low_6703_6703_636,1783489440,2026-07-08,0,44,low,move,1.304012656211853,2.0,1.4623141288757324,4.0,2.8472464084625244,5.0,4.410746097564697,5.0
ghost_trace_low_6705_6705_637,1783489560,2026-07-08,0,46,low,move,1.345322847366333,3.0,1.345322847366333,4.0,3.1132125854492188,4.0,4.008421897888184,4.0
ghost_trace_low_6706_6706_638,1783489620,2026-07-08,0,47,low,move,1.3481574058532715,3.0,1.3481574058532715,3.0,3.191464900970459,3.0,3.9425716400146484,3.0
ghost_trace_low_6707_6707_639,1783489680,2026-07-08,0,48,low,move,1.381591796875,2.0,1.381591796875,2.0,3.266691207885742,2.0,3.8399643898010254,2.0
ghost_trace_low_6708_6708_640,1783489740,2026-07-08,0,49,low,move,1.392877459526062,1.0,1.392877459526062,1.0,3.281806468963623,1.0,3.7923221588134766,1.0
ghost_trace_low_6709_6709_641,1783489800,2026-07-08,0,50,low,move,1.2867400646209717,0.0,1.3443156480789185,0.0,3.3874473571777344,0.0,4.0502495765686035,0.0
ghost_trace_low_6749_6749_642,1783492200,2026-07-08,1,30,low,move,1.3582199811935425,2.0,1.4150837659835815,4.0,3.516324043273926,6.0,4.205419063568115,10.0
ghost_trace_low_6750_6750_643,1783492260,2026-07-08,1,31,low,move,1.3956756591796875,2.0,1.5205659866333008,3.0,3.5227627754211426,5.0,4.248053550720215,9.0
ghost_trace_low_6752_6752_644,1783492380,2026-07-08,1,33,low,move,1.4012248516082764,2.0,1.601557970046997,4.0,3.5234296321868896,6.0,4.272905349731445,8.0
ghost_trace_low_6753_6753_645,1783492440,2026-07-08,1,34,low,move,1.4010651111602783,2.0,1.6588571071624756,3.0,3.5435338020324707,6.0,4.300849437713623,7.0
ghost_trace_low_6754_6754_646,1783492500,2026-07-08,1,35,low,move,1.4014124870300293,2.0,1.698637843132019,2.0,3.5561764240264893,6.0,4.309919834136963,6.0
ghost_trace_low_6756_6756_647,1783492620,2026-07-08,1,37,low,move,1.4005839824676514,1.0,1.731797218322754,2.0,3.559556484222412,5.0,4.304566383361816,5.0
ghost_trace_low_6757_6757_648,1783492680,2026-07-08,1,38,low,move,1.3899005651474,0.0,1.7131539583206177,2.0,3.602739095687866,4.0,4.379845142364502,4.0
ghost_trace_low_6761_6761_649,1783492920,2026-07-08,1,42,low,move,1.3884378671646118,3.0,1.7160670757293701,3.0,3.591250419616699,3.0,4.448674201965332,3.0
ghost_trace_low_6762_6762_650,1783492980,2026-07-08,1,43,low,move,1.3899078369140625,2.0,1.7231025695800781,2.0,3.608335018157959,2.0,4.487730503082275,2.0
ghost_trace_low_6763_6763_651,1783493040,2026-07-08,1,44,low,move,1.257120966911316,1.0,1.9299366474151611,1.0,3.220309257507324,1.0,4.734920024871826,1.0
ghost_trace_low_6764_6764_652,1783493100,2026-07-08,1,45,low,move,1.2441837787628174,0.0,2.098999500274658,0.0,2.9438304901123047,0.0,4.635356426239014,0.0
ghost_trace_low_6788_6788_653,1783494540,2026-07-08,2,9,low,move,1.3978968858718872,0.0,1.9966306686401367,0.0,3.181779623031616,1.0,4.459431171417236,1.0
ghost_trace_low_6797_6797_654,1783495080,2026-07-08,2,18,low,move,1.3132997751235962,0.0,2.0642590522766113,0.0,3.028000831604004,0.0,4.945189952850342,0.0
ghost_trace_high_6847_6814_655,1783498080,2026-07-08,3,8,high,appearance,1.5564213991165161,0.0,1.7391102313995361,1.0,3.0644474029541016,3.0,4.181700706481934,3.0
ghost_trace_high_6851_6851_656,1783498320,2026-07-08,3,12,high,move,1.5670887231826782,2.0,1.7317864894866943,2.0,3.2538328170776367,2.0,4.497103691101074,2.0
ghost_trace_high_6853_6853_657,1783498440,2026-07-08,3,14,high,move,1.569016695022583,1.0,1.7358314990997314,1.0,3.262443780899048,1.0,4.673524856567383,1.0
ghost_trace_high_6854_6854_658,1783498500,2026-07-08,3,15,high,move,1.5805782079696655,0.0,1.7354342937469482,0.0,3.249363422393799,0.0,4.730311870574951,0.0
ghost_trace_low_6904_6879_659,1783501500,2026-07-08,4,5,low,appearance,1.549062967300415,1.0,1.7482638359069824,2.0,3.0637760162353516,4.0,3.83717679977417,4.0
ghost_trace_low_6907_6907_660,1783501680,2026-07-08,4,8,low,move,1.6769613027572632,1.0,1.7568588256835938,1.0,3.2740073204040527,3.0,3.799318313598633,3.0
ghost_trace_low_6908_6908_661,1783501740,2026-07-08,4,9,low,move,1.6647210121154785,0.0,1.7886629104614258,1.0,3.270522117614746,2.0,3.806473731994629,2.0
ghost_trace_low_6913_6913_662,1783502040,2026-07-08,4,14,low,move,1.648573398590088,1.0,1.804133415222168,1.0,3.236454963684082,1.0,3.7112491130828857,1.0
ghost_trace_low_6914_6914_663,1783502100,2026-07-08,4,15,low,move,1.6816880702972412,0.0,1.7606697082519531,0.0,3.211583375930786,0.0,3.629549264907837,0.0
ghost_trace_high_6964_6935_664,1783505100,2026-07-08,5,5,high,appearance,1.5600042343139648,0.0,1.7909460067749023,0.0,3.1729776859283447,0.0,3.6950089931488037,0.0
ghost_trace_high_6987_6987_665,1783506480,2026-07-08,5,28,high,move,1.5907349586486816,2.0,1.8018370866775513,3.0,3.256140947341919,6.0,3.79447078704834,6.0
ghost_trace_high_6988_6988_666,1783506540,2026-07-08,5,29,high,move,1.5701003074645996,1.0,1.7965161800384521,2.0,3.271977186203003,5.0,3.7943592071533203,5.0
ghost_trace_high_6990_6990_667,1783506660,2026-07-08,5,31,high,move,1.6310001611709595,1.0,1.8077830076217651,3.0,3.290252685546875,4.0,3.781552791595459,5.0
ghost_trace_high_6992_6992_668,1783506780,2026-07-08,5,33,high,move,1.5224279165267944,2.0,1.787890911102295,3.0,3.254711627960205,3.0,3.952500343322754,5.0
ghost_trace_high_6994_6994_669,1783506900,2026-07-08,5,35,high,move,1.494761347770691,2.0,1.7888516187667847,2.0,3.257716178894043,3.0,4.075369358062744,4.0
ghost_trace_high_6995_6995_670,1783506960,2026-07-08,5,36,high,move,1.5001089572906494,1.0,1.7946233749389648,1.0,3.2629268169403076,2.0,4.159725666046143,3.0
ghost_trace_high_6996_6996_671,1783507020,2026-07-08,5,37,high,move,1.4896702766418457,0.0,1.8070528507232666,0.0,3.2645506858825684,2.0,4.214454650878906,2.0
ghost_trace_high_7004_7004_672,1783507500,2026-07-08,5,45,high,move,1.4688074588775635,1.0,1.8217058181762695,1.0,3.2412891387939453,1.0,4.272238254547119,1.0
ghost_trace_high_7006_7006_673,1783507620,2026-07-08,5,47,high,move,1.4819011688232422,0.0,1.8375234603881836,0.0,3.267458200454712,0.0,4.351729393005371,1.0
ghost_trace_high_7021_7006_674,1783508520,2026-07-08,6,2,high,appearance,1.49466073513031,0.0,1.8450204133987427,0.0,3.2977750301361084,0.0,4.007656097412109,0.0
ghost_trace_low_7056_7049_675,1783510620,2026-07-08,6,37,low,appearance,1.4796751737594604,0.0,1.8379842042922974,0.0,3.3368921279907227,0.0,3.7799525260925293,0.0
ghost_trace_high_7099_7089_676,1783513200,2026-07-08,7,20,high,appearance,1.1688356399536133,0.0,1.7748794555664062,0.0,3.079047918319702,1.0,4.1094536781311035,2.0
ghost_trace_high_7109_7109_677,1783513800,2026-07-08,7,30,high,move,1.2639644145965576,1.0,1.8853751420974731,1.0,3.335618734359741,1.0,4.363968849182129,2.0
ghost_trace_high_7110_7110_678,1783513860,2026-07-08,7,31,high,move,1.3227858543395996,0.0,1.9045698642730713,0.0,3.446103096008301,0.0,4.551041603088379,1.0
ghost_trace_high_7124_7124_679,1783514700,2026-07-08,7,45,high,move,1.2940973043441772,0.0,1.914635419845581,0.0,3.487183094024658,4.0,4.561985969543457,5.0
ghost_trace_high_7130_7130_680,1783515060,2026-07-08,7,51,high,move,1.2876946926116943,2.0,1.9094536304473877,4.0,3.4554409980773926,4.0,4.586002826690674,4.0
ghost_trace_high_7131_7131_681,1783515120,2026-07-08,7,52,high,move,1.4295125007629395,2.0,1.8559753894805908,3.0,3.3896665573120117,3.0,4.4751973152160645,3.0
ghost_trace_high_7133_7133_682,1783515240,2026-07-08,7,54,high,move,1.2691397666931152,2.0,1.845841407775879,2.0,3.1997880935668945,2.0,4.2840423583984375,2.0
ghost_trace_high_7134_7134_683,1783515300,2026-07-08,7,55,high,move,1.2210766077041626,1.0,1.841508150100708,1.0,3.151174783706665,1.0,4.054121017456055,1.0
ghost_trace_high_7135_7135_684,1783515360,2026-07-08,7,56,high,move,1.3749942779541016,0.0,1.7976977825164795,0.0,3.2787718772888184,0.0,4.106947898864746,0.0
ghost_trace_high_7169_7169_685,1783517400,2026-07-08,8,30,high,move,1.2740161418914795,2.0,1.986079216003418,3.0,2.8169400691986084,5.0,4.230706214904785,7.0
ghost_trace_high_7170_7170_686,1783517460,2026-07-08,8,31,high,move,1.2746398448944092,1.0,2.1407554149627686,3.0,2.8166420459747314,5.0,3.8552968502044678,7.0
ghost_trace_high_7171_7171_687,1783517520,2026-07-08,8,32,high,move,1.3913856744766235,1.0,2.1566286087036133,2.0,3.228771686553955,4.0,3.6811513900756836,7.0
ghost_trace_high_7174_7174_688,1783517700,2026-07-08,8,35,high,move,1.3698242902755737,1.0,2.1419293880462646,2.0,3.2829954624176025,4.0,3.896601676940918,6.0
ghost_trace_high_7175_7175_689,1783517760,2026-07-08,8,36,high,move,1.3256967067718506,0.0,2.2642910480499268,2.0,3.2993955612182617,4.0,4.037998676300049,5.0
ghost_trace_high_7179_7179_690,1783518000,2026-07-08,8,40,high,move,1.2561453580856323,1.0,2.4022717475891113,2.0,3.1003942489624023,4.0,4.53040075302124,4.0
ghost_trace_high_7180_7180_691,1783518060,2026-07-08,8,41,high,move,1.2972437143325806,0.0,2.4179611206054688,2.0,2.9567606449127197,3.0,4.517644882202148,3.0
ghost_trace_high_7184_7184_692,1783518300,2026-07-08,8,45,high,move,1.3182063102722168,2.0,2.4353270530700684,2.0,2.9176197052001953,2.0,4.543112754821777,2.0
ghost_trace_high_7185_7185_693,1783518360,2026-07-08,8,46,high,move,1.2334885597229004,1.0,2.4364490509033203,1.0,2.82654070854187,1.0,4.480157852172852,1.0
ghost_trace_high_7186_7186_694,1783518420,2026-07-08,8,47,high,move,1.2893892526626587,0.0,2.5233187675476074,0.0,2.6454832553863525,0.0,4.650608062744141,0.0
ghost_trace_low_7236_7214_695,1783521420,2026-07-08,9,37,low,appearance,0.9823512434959412,0.0,2.3139829635620117,0.0,2.792898416519165,3.0,3.7987864017486572,5.0
ghost_trace_low_7242_7242_696,1783521780,2026-07-08,9,43,low,move,1.0325989723205566,1.0,2.1120526790618896,2.0,2.664618492126465,4.0,3.6675021648406982,4.0
ghost_trace_low_7245_7245_697,1783521960,2026-07-08,9,46,low,move,0.8704946041107178,2.0,1.807397723197937,3.0,2.385834217071533,3.0,3.525531053543091,3.0
ghost_trace_low_7246_7246_698,1783522020,2026-07-08,9,47,low,move,0.9593716859817505,2.0,1.7090632915496826,2.0,2.3699581623077393,2.0,3.0570759773254395,2.0
ghost_trace_low_7248_7248_699,1783522140,2026-07-08,9,49,low,move,0.9291223883628845,1.0,1.6176888942718506,1.0,2.5244295597076416,1.0,3.0283029079437256,1.0
ghost_trace_low_7249_7249_700,1783522200,2026-07-08,9,50,low,move,0.9805726408958435,0.0,1.5509834289550781,0.0,2.5705864429473877,0.0,3.1175730228424072,0.0
ghost_trace_low_7273_7273_701,1783523640,2026-07-08,10,14,low,move,1.0145339965820312,2.0,1.4316030740737915,2.0,2.835428237915039,5.0,3.0176022052764893,7.0
ghost_trace_low_7275_7275_702,1783523760,2026-07-08,10,16,low,move,1.0196410417556763,1.0,1.356927752494812,1.0,2.716027021408081,6.0,3.151770830154419,7.0
ghost_trace_low_7276_7276_703,1783523820,2026-07-08,10,17,low,move,0.9810934066772461,0.0,1.1572816371917725,1.0,2.5355544090270996,5.0,2.7841010093688965,6.0
ghost_trace_low_7281_7281_704,1783524120,2026-07-08,10,22,low,move,1.0586193799972534,3.0,1.1528332233428955,4.0,2.650775671005249,5.0,2.767404794692993,5.0
ghost_trace_low_7282_7282_705,1783524180,2026-07-08,10,23,low,move,1.1385494470596313,3.0,1.1862342357635498,3.0,2.659315347671509,4.0,3.0261056423187256,4.0
ghost_trace_low_7283_7283_706,1783524240,2026-07-08,10,24,low,move,1.3348910808563232,2.0,1.3348910808563232,2.0,2.361626625061035,3.0,3.193607807159424,3.0
ghost_trace_low_7284_7284_707,1783524300,2026-07-08,10,25,low,move,1.3363468647003174,1.0,1.3363468647003174,2.0,2.3578262329101562,2.0,3.337754487991333,2.0
ghost_trace_low_7285_7285_708,1783524360,2026-07-08,10,26,low,move,1.3005263805389404,0.0,1.3005263805389404,1.0,2.390153646469116,1.0,3.453272581100464,1.0
ghost_trace_low_7289_7289_709,1783524600,2026-07-08,10,30,low,move,1.252130389213562,0.0,1.370855450630188,0.0,2.4030537605285645,0.0,3.7368807792663574,0.0
ghost_trace_high_7339_7339_710,1783527600,2026-07-08,11,20,high,appearance,1.2803890705108643,2.0,1.4828613996505737,2.0,2.361569881439209,4.0,3.66387677192688,5.0
ghost_trace_high_7340_7340_711,1783527660,2026-07-08,11,21,high,move,1.4334700107574463,1.0,1.500835657119751,1.0,2.6366126537323,4.0,3.576995611190796,4.0
ghost_trace_high_7341_7341_712,1783527720,2026-07-08,11,22,high,move,1.351449966430664,0.0,1.7035473585128784,1.0,2.410182237625122,3.0,3.6525967121124268,3.0
ghost_trace_high_7346_7346_713,1783528020,2026-07-08,11,27,high,move,1.308763027191162,1.0,1.856713056564331,2.0,2.3986897468566895,2.0,3.8944711685180664,3.0
ghost_trace_high_7349_7349_714,1783528200,2026-07-08,11,30,high,move,1.2603684663772583,1.0,2.017634391784668,1.0,2.750312566757202,2.0,3.9917967319488525,2.0
ghost_trace_high_7350_7350_715,1783528260,2026-07-08,11,31,high,move,1.2645797729492188,0.0,2.097256660461426,0.0,2.837430953979492,1.0,4.155796051025391,1.0
ghost_trace_high_7359_7359_716,1783528800,2026-07-08,11,40,high,move,1.316046953201294,0.0,2.1084017753601074,0.0,2.961544990539551,2.0,4.0227556228637695,5.0
ghost_trace_high_7368_7368_717,1783529340,2026-07-08,11,49,high,move,1.4292210340499878,2.0,2.1219303607940674,3.0,2.7738828659057617,6.0,4.584427356719971,6.0
ghost_trace_high_7369_7369_718,1783529400,2026-07-08,11,50,high,move,1.4162518978118896,2.0,2.148977279663086,3.0,2.7041828632354736,5.0,4.924762725830078,5.0
ghost_trace_high_7371_7371_719,1783529520,2026-07-08,11,52,high,move,1.3888635635375977,2.0,2.06494402885437,3.0,3.0980560779571533,4.0,4.748232841491699,6.0
ghost_trace_high_7372_7372_720,1783529580,2026-07-08,11,53,high,move,1.4501571655273438,1.0,2.0375657081604004,3.0,3.237614393234253,3.0,4.772469520568848,6.0
ghost_trace_high_7374_7374_721,1783529700,2026-07-08,11,55,high,move,1.4759621620178223,2.0,2.024627447128296,2.0,3.343033790588379,2.0,4.733262538909912,5.0
ghost_trace_high_7376_7376_722,1783529820,2026-07-08,11,57,high,move,1.5315866470336914,1.0,2.0382180213928223,1.0,3.3390121459960938,3.0,4.763632297515869,4.0
ghost_trace_high_7377_7377_723,1783529880,2026-07-08,11,58,high,move,1.5381923913955688,0.0,2.0245885848999023,0.0,3.3162808418273926,3.0,4.728893756866455,3.0
ghost_trace_high_7385_7385_724,1783530360,2026-07-08,12,6,high,move,1.5245769023895264,2.0,2.0092673301696777,2.0,3.345287799835205,2.0,4.590520858764648,3.0
ghost_trace_high_7386_7386_725,1783530420,2026-07-08,12,7,high,move,1.3833622932434082,1.0,1.9629554748535156,1.0,3.2447779178619385,1.0,4.401906967163086,2.0
ghost_trace_high_7387_7387_726,1783530480,2026-07-08,12,8,high,move,1.5201876163482666,0.0,1.9514656066894531,0.0,3.3953652381896973,0.0,4.462809085845947,2.0
ghost_trace_high_7400_7400_727,1783531260,2026-07-08,12,21,high,move,1.2947969436645508,2.0,2.0575363636016846,3.0,3.4918127059936523,6.0,4.0709686279296875,6.0
ghost_trace_high_7402_7402_728,1783531380,2026-07-08,12,23,high,move,1.2561415433883667,2.0,2.083280086517334,2.0,3.507540702819824,5.0,3.9845094680786133,5.0
ghost_trace_high_7403_7403_729,1783531440,2026-07-08,12,24,high,move,1.146324634552002,1.0,2.0456151962280273,2.0,3.5002965927124023,4.0,4.1582560539245605,4.0
ghost_trace_high_7404_7404_730,1783531500,2026-07-08,12,25,high,move,1.0493826866149902,0.0,2.0747053623199463,2.0,3.437025547027588,3.0,4.158197402954102,3.0
ghost_trace_high_7408_7408_731,1783531740,2026-07-08,12,29,high,move,1.0430406332015991,2.0,2.0644588470458984,2.0,3.434556484222412,2.0,4.056545257568359,2.0
ghost_trace_high_7409_7409_732,1783531800,2026-07-08,12,30,high,move,1.1560059785842896,1.0,2.0407814979553223,1.0,3.5781989097595215,1.0,4.0287675857543945,1.0
ghost_trace_high_7410_7410_733,1783531860,2026-07-08,12,31,high,move,1.1340914964675903,0.0,2.057037830352783,0.0,3.6197519302368164,0.0,3.8761792182922363,0.0
ghost_trace_low_7460_7435_734,1783534860,2026-07-08,13,21,low,appearance,0.9295271635055542,0.0,2.0337073802948,0.0,3.387648820877075,0.0,3.387648820877075,0.0
ghost_trace_high_7485_7453_735,1783536360,2026-07-08,13,46,high,appearance,0.9624937772750854,0.0,1.9101437330245972,0.0,3.5065464973449707,0.0,3.5065464973449707,1.0
ghost_trace_high_7499_7499_736,1783537200,2026-07-08,14,0,high,move,1.0049891471862793,0.0,1.8171210289001465,0.0,3.428673267364502,0.0,3.613004207611084,0.0
ghost_trace_high_7528_7528_737,1783538940,2026-07-08,14,29,high,move,0.9259714484214783,0.0,1.791048526763916,0.0,3.230381727218628,0.0,3.819612741470337,0.0
ghost_trace_high_7550_7550_738,1783540260,2026-07-08,14,51,high,move,0.8396047949790955,2.0,1.7719448804855347,4.0,3.1240463256835938,6.0,3.874760866165161,6.0
ghost_trace_high_7552_7552_739,1783540380,2026-07-08,14,53,high,move,0.8273287415504456,3.0,1.7207200527191162,4.0,3.14668869972229,5.0,3.925387144088745,5.0
ghost_trace_high_7553_7553_740,1783540440,2026-07-08,14,54,high,move,0.7396711111068726,3.0,1.9307682514190674,4.0,2.732085704803467,4.0,3.440593719482422,4.0
ghost_trace_high_7554_7554_741,1783540500,2026-07-08,14,55,high,move,0.7077920436859131,2.0,1.8782645463943481,3.0,2.8055667877197266,3.0,3.216550350189209,3.0
ghost_trace_high_7555_7555_742,1783540560,2026-07-08,14,56,high,move,0.9623565077781677,2.0,1.580165147781372,2.0,2.8971452713012695,2.0,3.070711612701416,2.0
ghost_trace_high_7556_7556_743,1783540620,2026-07-08,14,57,high,move,1.069856882095337,1.0,1.5312873125076294,1.0,3.040353775024414,1.0,3.040353775024414,1.0
ghost_trace_high_7558_7558_744,1783540740,2026-07-08,14,59,high,move,1.0722461938858032,0.0,1.609461784362793,0.0,3.010481357574463,0.0,3.010481357574463,0.0
ghost_trace_low_7608_7595_745,1783543740,2026-07-08,15,49,low,appearance,0.9498758912086487,0.0,1.6091911792755127,0.0,2.8012290000915527,0.0,2.8556935787200928,0.0
ghost_trace_high_7645_7636_746,1783549560,2026-07-08,17,26,high,appearance,0.9878334999084473,0.0,1.7006555795669556,0.0,2.706173896789551,0.0,2.7421658039093018,0.0
ghost_trace_high_7685_7685_747,1783551960,2026-07-08,18,6,high,move,1.0067071914672852,1.0,1.5903644561767578,1.0,2.8526954650878906,1.0,2.892369508743286,1.0
ghost_trace_high_7688_7688_748,1783552140,2026-07-08,18,9,high,move,0.9292394518852234,0.0,1.474473476409912,0.0,2.8242149353027344,0.0,2.8242149353027344,0.0
ghost_trace_high_7714_7714_749,1783553700,2026-07-08,18,35,high,move,0.9188257455825806,0.0,1.3173350095748901,0.0,2.8253633975982666,1.0,3.086414098739624,2.0
ghost_trace_high_7724_7724_750,1783554300,2026-07-08,18,45,high,move,1.1095539331436157,1.0,1.3242343664169312,1.0,2.864288091659546,1.0,2.9990944862365723,4.0
ghost_trace_high_7725_7725_751,1783554360,2026-07-08,18,46,high,move,1.1559075117111206,0.0,1.236592173576355,0.0,2.6843724250793457,1.0,3.1592557430267334,3.0
ghost_trace_high_7735_7735_752,1783554960,2026-07-08,18,56,high,move,1.0574012994766235,1.0,1.3558135032653809,2.0,2.7238051891326904,4.0,2.874724864959717,8.0
ghost_trace_high_7736_7736_753,1783555020,2026-07-08,18,57,high,move,1.0591024160385132,1.0,1.3432815074920654,1.0,2.7095022201538086,4.0,2.8037779331207275,8.0
ghost_trace_high_7739_7739_754,1783555200,2026-07-08,19,0,high,move,1.134003758430481,1.0,1.4398280382156372,2.0,2.608858823776245,5.0,2.858565092086792,9.0
ghost_trace_high_7742_7742_755,1783555380,2026-07-08,19,3,high,move,1.1635417938232422,1.0,1.4618183374404907,3.0,2.454090118408203,7.0,2.8547165393829346,8.0
ghost_trace_high_7743_7743_756,1783555440,2026-07-08,19,4,high,move,1.225709080696106,1.0,1.517195701599121,2.0,2.448168992996216,6.0,2.8400356769561768,7.0
ghost_trace_high_7746_7746_757,1783555620,2026-07-08,19,7,high,move,1.1130250692367554,2.0,1.5994712114334106,4.0,2.486773729324341,6.0,3.1649959087371826,6.0
ghost_trace_high_7747_7747_758,1783555680,2026-07-08,19,8,high,move,1.104659080505371,2.0,1.5932836532592773,4.0,2.5306639671325684,5.0,3.293069362640381,5.0
ghost_trace_high_7749_7747_759,1783555800,2026-07-08,19,10,high,appearance,1.109869122505188,3.0,1.4844691753387451,4.0,2.5346012115478516,4.0,2.9575881958007812,4.0
ghost_trace_high_7750_7750_760,1783555860,2026-07-08,19,11,high,move,1.1269336938858032,2.0,1.508304238319397,3.0,2.4783153533935547,3.0,3.1285886764526367,3.0
ghost_trace_high_7751_7751_761,1783555920,2026-07-08,19,12,high,move,1.0439575910568237,2.0,1.5208837985992432,2.0,2.416187047958374,2.0,3.2077882289886475,2.0
ghost_trace_high_7752_7752_762,1783555980,2026-07-08,19,13,high,move,1.074761986732483,1.0,1.4578884840011597,1.0,2.4733991622924805,1.0,3.1264309883117676,1.0
ghost_trace_high_7754_7754_763,1783556100,2026-07-08,19,15,high,move,1.0996119976043701,0.0,1.4394142627716064,0.0,2.514699935913086,0.0,3.0528016090393066,1.0
ghost_trace_high_7769_7769_764,1783557000,2026-07-08,19,30,high,move,1.0627140998840332,0.0,1.4566336870193481,0.0,2.5264434814453125,0.0,3.0883772373199463,0.0
ghost_trace_low_7819_7803_765,1783560000,2026-07-08,20,20,low,appearance,0.8745260834693909,0.0,1.388697862625122,0.0,2.2221662998199463,0.0,2.795555353164673,0.0
ghost_trace_high_7853_7819_766,1783562040,2026-07-08,20,54,high,appearance,0.9116913676261902,0.0,1.3202546834945679,0.0,2.184351682662964,0.0,2.8448879718780518,0.0
ghost_trace_high_7879_7879_767,1783563600,2026-07-08,21,20,high,move,0.9256998300552368,1.0,1.3884515762329102,1.0,2.14001727104187,1.0,3.124140977859497,1.0
ghost_trace_high_7880_7880_768,1783563660,2026-07-08,21,21,high,move,0.9190881848335266,0.0,1.4545044898986816,0.0,2.2239983081817627,0.0,3.3329992294311523,0.0
ghost_trace_high_7911_7880_769,1783565520,2026-07-08,21,52,high,appearance,0.892499566078186,0.0,1.4823575019836426,0.0,2.256033420562744,0.0,3.244741916656494,0.0
ghost_trace_low_7930_7920_770,1783566660,2026-07-08,22,11,low,appearance,0.7879725694656372,0.0,1.460973858833313,0.0,1.9496254920959473,2.0,3.2037854194641113,2.0
ghost_trace_low_7937_7937_771,1783567080,2026-07-08,22,18,low,move,0.9139889478683472,1.0,1.4549672603607178,1.0,2.2536258697509766,1.0,3.089804172515869,1.0
ghost_trace_low_7938_7938_772,1783567140,2026-07-08,22,19,low,move,0.9658727049827576,0.0,1.4498378038406372,0.0,2.5367817878723145,0.0,2.995786428451538,0.0
ghost_trace_high_7988_7985_773,1783570140,2026-07-08,23,9,high,appearance,1.0057499408721924,0.0,1.2553150653839111,0.0,2.358706474304199,1.0,3.2199454307556152,1.0
ghost_trace_high_7995_7995_774,1783570560,2026-07-08,23,16,high,move,1.15185546875,0.0,1.3007643222808838,0.0,2.2874765396118164,0.0,3.315730333328247,0.0
ghost_trace_high_8011_8011_775,1783571520,2026-07-08,23,32,high,move,1.1670962572097778,1.0,1.1670962572097778,1.0,2.4157767295837402,3.0,2.8270297050476074,5.0
ghost_trace_high_8012_8012_776,1783571580,2026-07-08,23,33,high,move,1.105804681777954,0.0,1.105804681777954,0.0,2.4410386085510254,3.0,2.5409836769104004,4.0
ghost_trace_high_8018_8018_777,1783571940,2026-07-08,23,39,high,move,1.0705033540725708,1.0,1.0705033540725708,3.0,2.490536689758301,3.0,2.490536689758301,6.0
ghost_trace_high_8019_8019_778,1783572000,2026-07-08,23,40,high,move,0.9931809306144714,1.0,0.9931809306144714,2.0,2.4815964698791504,3.0,2.4815964698791504,6.0
ghost_trace_high_8022_8022_779,1783572180,2026-07-08,23,43,high,move,0.9940850734710693,1.0,0.9940850734710693,1.0,2.527039051055908,3.0,2.527039051055908,5.0
ghost_trace_high_8023_8023_780,1783572240,2026-07-08,23,44,high,move,0.9904536008834839,0.0,0.9904536008834839,0.0,2.6196446418762207,3.0,2.6196446418762207,4.0
ghost_trace_high_8029_8029_781,1783572600,2026-07-08,23,50,high,move,0.985775887966156,1.0,0.985775887966156,3.0,2.7144908905029297,4.0,2.7144908905029297,5.0
ghost_trace_high_8030_8030_782,1783572660,2026-07-08,23,51,high,move,0.9702242612838745,1.0,0.9702242612838745,2.0,2.754782199859619,4.0,2.754782199859619,4.0
ghost_trace_high_8033_8033_783,1783572840,2026-07-08,23,54,high,move,0.9613860845565796,1.0,0.9613860845565796,1.0,2.772153615951538,3.0,2.772153615951538,3.0
ghost_trace_high_8034_8034_784,1783572900,2026-07-08,23,55,high,move,0.9619928598403931,0.0,0.9619928598403931,1.0,2.7262089252471924,2.0,2.7262089252471924,2.0
ghost_trace_high_8039_8039_785,1783573200,2026-07-09,0,0,high,move,0.9860263466835022,1.0,0.9860263466835022,1.0,2.674166440963745,1.0,2.674166440963745,2.0
ghost_trace_high_8040_8040_786,1783573260,2026-07-09,0,1,high,move,0.9487440586090088,0.0,0.9487440586090088,0.0,2.7170403003692627,1.0,2.7170403003692627,1.0
ghost_trace_high_8050_8050_787,1783573860,2026-07-09,0,11,high,move,0.9880677461624146,0.0,0.9880677461624146,0.0,2.667269706726074,1.0,2.667269706726074,1.0
ghost_trace_high_8056_8050_788,1783574220,2026-07-09,0,17,high,appearance,0.9761073589324951,0.0,0.9761073589324951,0.0,2.549915075302124,0.0,2.715552806854248,0.0
ghost_trace_high_8094_8094_789,1783576500,2026-07-09,0,55,high,move,0.956174373626709,2.0,0.956174373626709,4.0,2.5841751098632812,4.0,2.7952699661254883,4.0
ghost_trace_high_8095_8095_790,1783576560,2026-07-09,0,56,high,move,0.9716999530792236,2.0,0.9716999530792236,3.0,2.505512237548828,3.0,2.915060043334961,3.0
ghost_trace_high_8097_8097_791,1783576680,2026-07-09,0,58,high,move,0.9676822423934937,2.0,0.9676822423934937,2.0,2.4352924823760986,2.0,3.041754722595215,2.0
ghost_trace_high_8098_8098_792,1783576740,2026-07-09,0,59,high,move,0.9779923558235168,1.0,0.9899170994758606,1.0,2.3932225704193115,1.0,3.1946334838867188,1.0
ghost_trace_high_8099_8099_793,1783576800,2026-07-09,1,0,high,move,0.951603889465332,0.0,1.3881410360336304,0.0,2.3689918518066406,0.0,2.6281330585479736,1.0
ghost_trace_high_8114_8114_794,1783577700,2026-07-09,1,15,high,move,1.0431454181671143,2.0,1.446967601776123,2.0,2.398582935333252,5.0,2.9755563735961914,6.0
ghost_trace_high_8115_8115_795,1783577760,2026-07-09,1,16,high,move,1.090041995048523,1.0,1.539147973060608,1.0,2.348266839981079,5.0,3.0678725242614746,5.0
ghost_trace_high_8116_8116_796,1783577820,2026-07-09,1,17,high,move,1.0340659618377686,0.0,1.638200044631958,1.0,2.304290771484375,4.0,3.1097469329833984,4.0
ghost_trace_high_8121_8116_797,1783578120,2026-07-09,1,22,high,appearance,0.9748407006263733,2.0,1.563459873199463,3.0,2.0610103607177734,3.0,2.8202621936798096,3.0
ghost_trace_high_8123_8123_798,1783578240,2026-07-09,1,24,high,move,1.0006896257400513,2.0,1.5517011880874634,2.0,2.052314043045044,2.0,2.9647014141082764,2.0
ghost_trace_high_8124_8124_799,1783578300,2026-07-09,1,25,high,move,1.010735034942627,1.0,1.5623886585235596,1.0,1.9960134029388428,1.0,3.058955430984497,1.0
ghost_trace_high_8125_8125_800,1783578360,2026-07-09,1,26,high,move,1.0256329774856567,0.0,1.5579050779342651,0.0,1.9956014156341553,0.0,3.1034305095672607,0.0
ghost_trace_high_8171_8171_801,1783581120,2026-07-09,2,12,high,move,1.021755576133728,3.0,1.511961579322815,3.0,2.0604195594787598,5.0,3.1453514099121094,6.0
ghost_trace_high_8172_8172_802,1783581180,2026-07-09,2,13,high,move,0.9906508922576904,2.0,1.4719618558883667,2.0,2.0644047260284424,4.0,3.217841148376465,5.0
ghost_trace_high_8173_8173_803,1783581240,2026-07-09,2,14,high,move,0.9555099606513977,1.0,1.4393213987350464,2.0,2.069748640060425,3.0,3.2417097091674805,4.0
ghost_trace_high_8174_8174_804,1783581300,2026-07-09,2,15,high,move,0.9294453859329224,0.0,1.4141885042190552,1.0,2.0768229961395264,2.0,3.2500882148742676,3.0
ghost_trace_high_8178_8178_805,1783581540,2026-07-09,2,19,high,move,0.8055328726768494,1.0,1.4111285209655762,1.0,1.984877109527588,2.0,3.4863204956054688,2.0
ghost_trace_high_8180_8180_806,1783581660,2026-07-09,2,21,high,move,0.9301808476448059,0.0,1.4371929168701172,0.0,2.099735736846924,1.0,3.331751823425293,2.0
ghost_trace_high_8186_8186_807,1783582020,2026-07-09,2,27,high,move,0.9633757472038269,0.0,1.4463976621627808,0.0,2.1628799438476562,1.0,3.4040262699127197,1.0
ghost_trace_high_8194_8194_808,1783582500,2026-07-09,2,35,high,move,0.9386904239654541,0.0,1.5057499408721924,0.0,2.1767725944519043,3.0,3.5915262699127197,7.0
ghost_trace_high_8202_8202_809,1783582980,2026-07-09,2,43,high,move,0.9614713191986084,2.0,1.5551269054412842,4.0,2.2128689289093018,8.0,3.654010534286499,8.0
ghost_trace_high_8203_8203_810,1783583040,2026-07-09,2,44,high,move,1.0021268129348755,2.0,1.5624362230300903,4.0,2.0963640213012695,7.0,3.8456153869628906,7.0
ghost_trace_high_8204_8204_811,1783583100,2026-07-09,2,45,high,move,0.9876986742019653,2.0,1.5869759321212769,4.0,2.1458396911621094,6.0,3.884394645690918,6.0
ghost_trace_high_8206_8206_812,1783583220,2026-07-09,2,47,high,move,0.9701032638549805,3.0,1.5990046262741089,5.0,2.1746785640716553,5.0,3.9121224880218506,5.0
ghost_trace_high_8207_8207_813,1783583280,2026-07-09,2,48,high,move,0.9660259485244751,3.0,1.597805142402649,4.0,2.162576675415039,4.0,3.91857647895813,5.0
ghost_trace_high_8208_8208_814,1783583340,2026-07-09,2,49,high,move,0.9521157741546631,3.0,1.6080009937286377,3.0,2.149096727371216,3.0,3.939307689666748,5.0
ghost_trace_high_8209_8209_815,1783583400,2026-07-09,2,50,high,move,0.905942440032959,2.0,1.6040593385696411,2.0,2.2949182987213135,2.0,3.234490394592285,5.0
ghost_trace_high_8210_8210_816,1783583460,2026-07-09,2,51,high,move,0.9069967269897461,1.0,1.5528422594070435,1.0,2.3310816287994385,1.0,3.139342784881592,5.0
ghost_trace_high_8211_8211_817,1783583520,2026-07-09,2,52,high,move,0.9014495015144348,0.0,1.5247116088867188,0.0,2.3196558952331543,0.0,3.0119106769561768,4.0
ghost_trace_high_8222_8222_818,1783584180,2026-07-09,3,3,high,move,0.8617500066757202,3.0,1.2392369508743286,4.0,2.176539897918701,4.0,2.9278805255889893,5.0
ghost_trace_high_8223_8223_819,1783584240,2026-07-09,3,4,high,move,0.9028334617614746,2.0,1.329077959060669,3.0,2.1470086574554443,3.0,2.8996551036834717,4.0
ghost_trace_high_8224_8224_820,1783584300,2026-07-09,3,5,high,move,0.9247223138809204,2.0,1.243939995765686,2.0,2.1492109298706055,2.0,2.953521490097046,3.0
ghost_trace_high_8225_8225_821,1783584360,2026-07-09,3,6,high,move,0.9639917612075806,1.0,1.2261450290679932,1.0,2.181896209716797,1.0,3.0076045989990234,2.0
ghost_trace_high_8227_8227_822,1783584480,2026-07-09,3,8,high,move,0.9410420656204224,0.0,1.2300342321395874,0.0,2.1785149574279785,1.0,3.0153496265411377,1.0
ghost_trace_high_8236_8236_823,1783585020,2026-07-09,3,17,high,move,0.9641993641853333,0.0,1.3153146505355835,0.0,2.26478910446167,0.0,2.7819631099700928,0.0
ghost_trace_low_8286_8286_824,1783588020,2026-07-09,4,7,low,appearance,0.8402247428894043,2.0,0.9576135277748108,2.0,2.229273557662964,2.0,2.4078853130340576,2.0
ghost_trace_low_8287_8287_825,1783588080,2026-07-09,4,8,low,move,0.899001955986023,1.0,0.899001955986023,1.0,2.256727933883667,1.0,2.558526039123535,1.0
ghost_trace_low_8288_8288_826,1783588140,2026-07-09,4,9,low,move,0.8806481957435608,0.0,0.8806481957435608,0.0,2.316770315170288,0.0,2.616556406021118,0.0
ghost_trace_low_8320_8320_827,1783590060,2026-07-09,4,41,low,move,0.8331916928291321,0.0,0.8331916928291321,0.0,2.3208274841308594,0.0,2.761376142501831,0.0
ghost_trace_high_8370_8359_828,1783593060,2026-07-09,5,31,high,appearance,0.9216445684432983,0.0,0.9216445684432983,0.0,2.005124092102051,0.0,2.895311117172241,0.0
ghost_trace_low_8409_8395_829,1783595400,2026-07-09,6,10,low,appearance,0.9535589218139648,0.0,0.9535589218139648,0.0,2.1470894813537598,0.0,2.768986225128174,0.0
ghost_trace_high_8445_8444_830,1783597560,2026-07-09,6,46,high,appearance,0.8237237334251404,2.0,1.0054937601089478,4.0,2.0168542861938477,6.0,2.771613836288452,6.0
ghost_trace_high_8446_8446_831,1783597620,2026-07-09,6,47,high,move,0.9003891944885254,2.0,1.2586736679077148,4.0,2.251638650894165,5.0,3.070448398590088,5.0
ghost_trace_high_8447_8447_832,1783597680,2026-07-09,6,48,high,move,0.9306691288948059,2.0,1.4429616928100586,4.0,2.424187421798706,4.0,3.210329055786133,4.0
ghost_trace_high_8449_8449_833,1783597800,2026-07-09,6,50,high,move,0.9327652454376221,3.0,1.5348016023635864,3.0,2.3883180618286133,3.0,3.517334222793579,3.0
ghost_trace_high_8450_8450_834,1783597860,2026-07-09,6,51,high,move,0.9190737009048462,2.0,1.6694233417510986,2.0,2.4301981925964355,2.0,3.660294532775879,2.0
ghost_trace_high_8451_8451_835,1783597920,2026-07-09,6,52,high,move,0.9156175851821899,1.0,1.7575539350509644,1.0,2.4832165241241455,1.0,3.7216286659240723,1.0
ghost_trace_high_8452_8452_836,1783597980,2026-07-09,6,53,high,move,0.9451873898506165,0.0,1.8030507564544678,0.0,2.551621675491333,0.0,3.7667477130889893,1.0
ghost_trace_high_8467_8467_837,1783598880,2026-07-09,7,8,high,move,1.0650997161865234,2.0,1.8029855489730835,2.0,2.6071200370788574,2.0,3.8809733390808105,3.0
ghost_trace_high_8468_8468_838,1783598940,2026-07-09,7,9,high,move,1.1333049535751343,1.0,1.7853145599365234,1.0,2.665386199951172,1.0,3.890122890472412,3.0
ghost_trace_high_8470_8470_839,1783599060,2026-07-09,7,11,high,move,1.1482380628585815,0.0,1.7877557277679443,0.0,2.681469440460205,0.0,3.8939437866210938,3.0
ghost_trace_high_8482_8482_840,1783599780,2026-07-09,7,23,high,move,1.1785645484924316,2.0,1.7582660913467407,2.0,2.6995952129364014,5.0,3.9838829040527344,8.0
ghost_trace_high_8483_8483_841,1783599840,2026-07-09,7,24,high,move,1.1784322261810303,1.0,1.7676447629928589,1.0,2.639359474182129,4.0,4.029974460601807,8.0
ghost_trace_high_8484_8484_842,1783599900,2026-07-09,7,25,high,move,1.164840579032898,0.0,1.777219533920288,1.0,2.5819783210754395,3.0,4.018278121948242,8.0
ghost_trace_high_8489_8489_843,1783600200,2026-07-09,7,30,high,move,1.2397454977035522,2.0,1.7234500646591187,2.0,2.572228193283081,7.0,3.884343385696411,7.0
ghost_trace_high_8490_8490_844,1783600260,2026-07-09,7,31,high,move,1.2816486358642578,1.0,1.6835161447525024,2.0,2.523409605026245,6.0,3.8666915893554688,6.0
ghost_trace_high_8491_8491_845,1783600320,2026-07-09,7,32,high,move,1.256035327911377,0.0,1.6640502214431763,2.0,2.4565534591674805,5.0,3.9089505672454834,5.0
ghost_trace_high_8495_8495_846,1783600560,2026-07-09,7,36,high,move,1.2380353212356567,3.0,1.6505084037780762,4.0,2.5016095638275146,4.0,4.031924247741699,4.0
ghost_trace_high_8496_8496_847,1783600620,2026-07-09,7,37,high,move,1.2782981395721436,3.0,1.6870390176773071,3.0,2.5076775550842285,3.0,4.227075576782227,3.0
ghost_trace_high_8497_8497_848,1783600680,2026-07-09,7,38,high,move,1.2708040475845337,2.0,1.7223381996154785,2.0,2.464725971221924,2.0,4.346900939941406,2.0
ghost_trace_high_8498_8498_849,1783600740,2026-07-09,7,39,high,move,1.263094186782837,1.0,1.768558382987976,1.0,2.444716453552246,1.0,4.410912036895752,1.0
ghost_trace_high_8499_8499_850,1783600800,2026-07-09,7,40,high,move,1.2554192543029785,0.0,1.7825145721435547,0.0,2.4138405323028564,0.0,4.478268146514893,0.0
ghost_trace_low_8549_8549_851,1783603800,2026-07-09,8,30,low,appearance,1.0908372402191162,1.0,1.7891395092010498,1.0,2.2677016258239746,1.0,4.3519697189331055,1.0
ghost_trace_low_8551_8551_852,1783603920,2026-07-09,8,32,low,move,1.1612671613693237,0.0,1.8977059125900269,0.0,2.281663179397583,0.0,4.291131496429443,0.0
ghost_trace_low_8599_8599_853,1783606800,2026-07-09,9,20,low,move,1.1893584728240967,1.0,1.6886341571807861,1.0,2.570798397064209,1.0,3.830932140350342,1.0
ghost_trace_low_8600_8600_854,1783606860,2026-07-09,9,21,low,move,1.2339260578155518,0.0,1.5932165384292603,0.0,2.7171735763549805,0.0,3.5462067127227783,0.0
ghost_trace_low_8627_8600_855,1783608480,2026-07-09,9,48,low,appearance,1.0528573989868164,0.0,1.2633845806121826,0.0,1.982973337173462,0.0,3.398954391479492,0.0
ghost_trace_high_8650_8649_856,1783609860,2026-07-09,10,11,high,appearance,1.0888211727142334,0.0,1.2047879695892334,1.0,2.255413770675659,1.0,3.347770929336548,3.0
ghost_trace_high_8654_8654_857,1783610100,2026-07-09,10,15,high,move,1.2762080430984497,0.0,1.2762080430984497,0.0,2.229187488555908,2.0,3.328260898590088,3.0
ghost_trace_high_8663_8663_858,1783610640,2026-07-09,10,24,high,move,1.312263011932373,2.0,1.312263011932373,2.0,2.3143749237060547,2.0,3.106492280960083,2.0
ghost_trace_high_8664_8664_859,1783610700,2026-07-09,10,25,high,move,1.145688533782959,1.0,1.3594917058944702,1.0,2.313631772994995,1.0,3.135880947113037,1.0
ghost_trace_high_8666_8666_860,1783610820,2026-07-09,10,27,high,move,1.0514798164367676,0.0,1.386898398399353,0.0,2.3003175258636475,0.0,3.173290967941284,2.0
ghost_trace_high_8680_8680_861,1783611660,2026-07-09,10,41,high,move,0.9945278167724609,2.0,1.2333258390426636,2.0,2.2492215633392334,4.0,3.331875801086426,4.0
ghost_trace_high_8681_8681_862,1783611720,2026-07-09,10,42,high,move,0.9557960033416748,1.0,1.2060948610305786,1.0,2.1529245376586914,3.0,3.489239454269409,3.0
ghost_trace_high_8682_8682_863,1783611780,2026-07-09,10,43,high,move,0.9281454086303711,0.0,1.1849000453948975,0.0,2.0966663360595703,2.0,3.5334115028381348,2.0
ghost_trace_high_8689_8689_864,1783612200,2026-07-09,10,50,high,move,0.8624910116195679,1.0,1.0848010778427124,1.0,2.0541203022003174,1.0,3.495422840118408,3.0
ghost_trace_high_8690_8690_865,1783612260,2026-07-09,10,51,high,move,0.8831700682640076,0.0,1.0597021579742432,0.0,2.022352695465088,1.0,3.4810001850128174,3.0
ghost_trace_high_8700_8700_866,1783612860,2026-07-09,11,1,high,move,0.8637869358062744,0.0,1.011386752128601,2.0,1.9717357158660889,2.0,3.5304665565490723,2.0
ghost_trace_high_8704_8704_867,1783613100,2026-07-09,11,5,high,move,0.8449352979660034,1.0,1.001420497894287,1.0,1.9250247478485107,1.0,3.5125033855438232,1.0
ghost_trace_high_8705_8705_868,1783613160,2026-07-09,11,6,high,move,0.8158297538757324,0.0,0.9788432717323303,0.0,1.8936078548431396,0.0,3.335693359375,0.0
ghost_trace_low_8755_8735_869,1783616160,2026-07-09,11,56,low,appearance,0.922127366065979,0.0,1.1187739372253418,0.0,1.9383265972137451,0.0,2.898528814315796,0.0
ghost_trace_high_8785_8780_870,1783617960,2026-07-09,12,26,high,appearance,0.730835497379303,2.0,1.208566665649414,3.0,1.8321876525878906,3.0,2.7079880237579346,3.0
ghost_trace_high_8787_8787_871,1783618080,2026-07-09,12,28,high,move,0.7690654993057251,2.0,1.2508387565612793,2.0,1.9953813552856445,2.0,2.7451491355895996,2.0
ghost_trace_high_8788_8788_872,1783618140,2026-07-09,12,29,high,move,0.8087871074676514,1.0,1.3291988372802734,1.0,2.0835256576538086,1.0,2.821383476257324,1.0
ghost_trace_high_8789_8789_873,1783618200,2026-07-09,12,30,high,move,0.8313196301460266,0.0,1.3959052562713623,0.0,2.13564133644104,0.0,2.842313289642334,0.0
ghost_trace_low_8839_8817_874,1783621200,2026-07-09,13,20,low,appearance,0.63896644115448,1.0,1.1908423900604248,3.0,1.9926881790161133,3.0,2.475419521331787,3.0
ghost_trace_low_8842_8842_875,1783621380,2026-07-09,13,23,low,move,0.7070087194442749,2.0,1.0642099380493164,2.0,2.062269926071167,2.0,2.6199188232421875,2.0
ghost_trace_low_8843_8843_876,1783621440,2026-07-09,13,24,low,move,0.7443115711212158,1.0,1.0057491064071655,1.0,2.0354442596435547,1.0,2.7110421657562256,1.0
ghost_trace_low_8844_8844_877,1783621500,2026-07-09,13,25,low,move,0.7790772914886475,0.0,0.9619054794311523,0.0,2.0559370517730713,0.0,2.739309787750244,1.0
ghost_trace_low_8859_8859_878,1783622400,2026-07-09,13,40,low,move,0.9035849571228027,0.0,1.0602902173995972,0.0,1.9130927324295044,0.0,3.0405728816986084,1.0
ghost_trace_low_8874_8874_879,1783623300,2026-07-09,13,55,low,move,0.8871678113937378,1.0,1.0706523656845093,2.0,1.8461627960205078,5.0,3.1239311695098877,5.0
ghost_trace_low_8877_8877_880,1783623480,2026-07-09,13,58,low,move,0.9261264204978943,2.0,1.0559366941452026,2.0,1.7939783334732056,4.0,3.17952299118042,4.0
ghost_trace_low_8879_8879_881,1783623600,2026-07-09,14,0,low,move,0.9447569847106934,1.0,1.0376455783843994,3.0,1.8005602359771729,3.0,3.2697503566741943,4.0
ghost_trace_low_8880_8880_882,1783623660,2026-07-09,14,1,low,move,0.8797932863235474,1.0,0.9973222613334656,2.0,1.8176923990249634,2.0,3.611250400543213,3.0
ghost_trace_low_8883_8883_883,1783623840,2026-07-09,14,4,low,move,0.9069077968597412,1.0,1.030890703201294,1.0,1.8151193857192993,1.0,3.76700496673584,2.0
ghost_trace_low_8884_8884_884,1783623900,2026-07-09,14,5,low,move,0.9031673073768616,0.0,1.055801272392273,0.0,1.8545883893966675,1.0,3.8744451999664307,1.0
ghost_trace_low_8894_8894_885,1783624500,2026-07-09,14,15,low,move,0.925183117389679,0.0,1.0699355602264404,0.0,1.8821989297866821,0.0,3.972993850708008,0.0
ghost_trace_low_8933_8933_886,1783626840,2026-07-09,14,54,low,move,0.9443723559379578,0.0,1.215698480606079,0.0,1.8815131187438965,0.0,4.068634510040283,0.0
ghost_trace_high_8983_8953_887,1783629840,2026-07-09,15,44,high,appearance,0.9010908603668213,0.0,1.1662611961364746,0.0,1.7416515350341797,0.0,3.8367743492126465,0.0
ghost_trace_low_9003_9003_888,1783634640,2026-07-09,17,4,low,appearance,0.9103841185569763,0.0,1.0748333930969238,0.0,1.4906898736953735,0.0,3.5734469890594482,1.0
ghost_trace_low_9018_9018_889,1783635540,2026-07-09,17,19,low,move,1.0194463729858398,1.0,1.0601780414581299,1.0,1.684645175933838,2.0,3.6324784755706787,2.0
ghost_trace_low_9019_9019_890,1783635600,2026-07-09,17,20,low,move,1.0791631937026978,0.0,1.0791631937026978,0.0,1.7714283466339111,1.0,4.193896293640137,1.0
ghost_trace_low_9027_9027_891,1783636080,2026-07-09,17,28,low,move,1.1078259944915771,0.0,1.1078259944915771,0.0,1.8230490684509277,0.0,4.330377578735352,0.0
ghost_trace_high_9077_9077_892,1783639080,2026-07-09,18,18,high,appearance,0.9556810855865479,2.0,1.2088241577148438,3.0,1.6673351526260376,5.0,3.9742748737335205,5.0
ghost_trace_high_9078_9078_893,1783639140,2026-07-09,18,19,high,move,0.9486157894134521,1.0,1.2952309846878052,3.0,1.825113296508789,4.0,3.86789608001709,4.0
ghost_trace_high_9079_9079_894,1783639200,2026-07-09,18,20,high,move,0.9705212116241455,1.0,1.304922342300415,2.0,1.942500114440918,3.0,3.8491709232330322,3.0
ghost_trace_high_9082_9082_895,1783639380,2026-07-09,18,23,high,move,0.9543272256851196,2.0,1.2855480909347534,2.0,2.0286450386047363,2.0,3.765018939971924,2.0
ghost_trace_high_9083_9083_896,1783639440,2026-07-09,18,24,high,move,0.9251571297645569,1.0,1.314353585243225,1.0,2.0780587196350098,1.0,3.6949167251586914,1.0
ghost_trace_high_9085_9085_897,1783639560,2026-07-09,18,26,high,move,0.9162583351135254,0.0,1.3668161630630493,0.0,2.1265835762023926,0.0,3.5246658325195312,0.0
ghost_trace_low_9135_9129_898,1783642560,2026-07-09,19,16,low,appearance,0.8938902616500854,0.0,0.9974195957183838,0.0,1.8304309844970703,3.0,3.4922327995300293,4.0
ghost_trace_low_9142_9142_899,1783642980,2026-07-09,19,23,low,move,0.9931396842002869,2.0,1.1382858753204346,3.0,1.984749674797058,4.0,3.6585583686828613,7.0
ghost_trace_low_9143_9143_900,1783643040,2026-07-09,19,24,low,move,1.0357764959335327,1.0,1.1947591304779053,2.0,2.2047057151794434,4.0,3.3671655654907227,6.0
ghost_trace_low_9144_9144_901,1783643100,2026-07-09,19,25,low,move,1.0653811693191528,1.0,1.2432360649108887,1.0,2.339604139328003,3.0,3.1927554607391357,6.0
ghost_trace_low_9147_9147_902,1783643280,2026-07-09,19,28,low,move,1.025498628616333,0.0,1.2537925243377686,1.0,2.3912203311920166,4.0,3.0223872661590576,5.0
ghost_trace_low_9152_9152_903,1783643580,2026-07-09,19,33,low,move,1.0094881057739258,2.0,1.2684199810028076,3.0,2.24235463142395,4.0,3.1397764682769775,4.0
ghost_trace_low_9153_9153_904,1783643640,2026-07-09,19,34,low,move,1.0542433261871338,2.0,1.2251540422439575,2.0,2.243220090866089,3.0,3.323194742202759,3.0
ghost_trace_low_9155_9155_905,1783643760,2026-07-09,19,36,low,move,1.0250606536865234,1.0,1.1575756072998047,2.0,2.201059341430664,2.0,3.3674638271331787,2.0
ghost_trace_low_9156_9156_906,1783643820,2026-07-09,19,37,low,move,1.0228897333145142,1.0,1.118664264678955,1.0,2.213740110397339,1.0,3.4215798377990723,1.0
ghost_trace_low_9159_9159_907,1783644000,2026-07-09,19,40,low,move,1.0120246410369873,0.0,1.0999655723571777,0.0,2.2211241722106934,0.0,3.4339122772216797,0.0
ghost_trace_high_9209_9203_908,1783647000,2026-07-09,20,30,high,appearance,0.9585085511207581,2.0,1.1024686098098755,3.0,2.1783602237701416,6.0,3.6881463527679443,6.0
ghost_trace_high_9210_9210_909,1783647060,2026-07-09,20,31,high,move,1.0084905624389648,2.0,1.2446608543395996,2.0,2.4092774391174316,5.0,3.8556857109069824,5.0
ghost_trace_high_9212_9212_910,1783647180,2026-07-09,20,33,high,move,1.0222464799880981,1.0,1.3399658203125,3.0,2.593502998352051,4.0,3.8616061210632324,6.0
ghost_trace_high_9213_9213_911,1783647240,2026-07-09,20,34,high,move,0.9875348210334778,1.0,1.3809747695922852,3.0,2.7035694122314453,3.0,3.899432420730591,5.0
ghost_trace_high_9216_9216_912,1783647420,2026-07-09,20,37,high,move,0.9926103949546814,2.0,1.4109933376312256,2.0,2.7232635021209717,3.0,3.929035186767578,6.0
ghost_trace_high_9217_9217_913,1783647480,2026-07-09,20,38,high,move,0.8960057497024536,1.0,1.3711090087890625,1.0,2.7584452629089355,3.0,3.6925206184387207,5.0
ghost_trace_high_9218_9218_914,1783647540,2026-07-09,20,39,high,move,0.898419976234436,0.0,1.3668439388275146,0.0,2.7543609142303467,2.0,3.5513246059417725,4.0
ghost_trace_high_9226_9226_915,1783648020,2026-07-09,20,47,high,move,0.9171145558357239,2.0,1.35757577419281,3.0,2.723322629928589,3.0,3.4808621406555176,3.0
ghost_trace_high_9227_9227_916,1783648080,2026-07-09,20,48,high,move,0.9170429110527039,2.0,1.402246356010437,2.0,2.697065591812134,2.0,3.3669042587280273,2.0
ghost_trace_high_9229_9229_917,1783648200,2026-07-09,20,50,high,move,0.921679675579071,1.0,1.3843908309936523,1.0,2.618856906890869,1.0,3.3213701248168945,1.0
ghost_trace_high_9230_9230_918,1783648260,2026-07-09,20,51,high,move,0.970971941947937,0.0,1.3741364479064941,0.0,2.4607677459716797,0.0,3.214521646499634,0.0
ghost_trace_low_9280_9262_919,1783651260,2026-07-09,21,41,low,appearance,0.9697489738464355,0.0,1.320873737335205,0.0,2.323784828186035,0.0,3.2139852046966553,0.0
ghost_trace_high_9312_9306_920,1783653180,2026-07-09,22,13,high,appearance,0.8015538454055786,0.0,1.1855933666229248,0.0,2.3748388290405273,0.0,2.641273260116577,0.0
ghost_trace_low_9356_9351_921,1783655820,2026-07-09,22,57,low,appearance,0.6716486215591431,0.0,1.1123535633087158,0.0,2.1164345741271973,0.0,2.5407145023345947,0.0
ghost_trace_low_9392_9392_922,1783657980,2026-07-09,23,33,low,move,0.7854042053222656,0.0,1.0313899517059326,0.0,2.270200490951538,0.0,2.6223366260528564,1.0
ghost_trace_low_9404_9404_923,1783658700,2026-07-09,23,45,low,move,0.8216355443000793,0.0,1.143898844718933,1.0,2.1328988075256348,4.0,2.876086711883545,7.0
ghost_trace_low_9409_9409_924,1783659000,2026-07-09,23,50,low,move,0.8172818422317505,3.0,1.1100146770477295,3.0,2.1994080543518066,6.0,3.02469539642334,9.0
ghost_trace_low_9410_9410_925,1783659060,2026-07-09,23,51,low,move,0.8550307750701904,2.0,1.0969005823135376,3.0,2.2576630115509033,6.0,3.110982656478882,8.0
ghost_trace_low_9411_9411_926,1783659120,2026-07-09,23,52,low,move,0.873737633228302,1.0,1.0562472343444824,3.0,2.234879970550537,6.0,3.2138659954071045,7.0
ghost_trace_low_9412_9412_927,1783659180,2026-07-09,23,53,low,move,0.8075600862503052,1.0,1.017566442489624,2.0,2.1843132972717285,6.0,3.341259479522705,7.0
ghost_trace_low_9415_9415_928,1783659360,2026-07-09,23,56,low,move,0.7792863845825195,1.0,1.0343070030212402,3.0,2.134598731994629,5.0,3.403576374053955,6.0
ghost_trace_low_9416_9416_929,1783659420,2026-07-09,23,57,low,move,0.911636471748352,1.0,1.1522777080535889,3.0,2.1394174098968506,4.0,3.6309518814086914,5.0
ghost_trace_low_9419_9419_930,1783659600,2026-07-10,0,0,low,move,0.9032119512557983,3.0,1.2321189641952515,3.0,2.218858242034912,4.0,3.4764387607574463,4.0
ghost_trace_low_9420_9420_931,1783659660,2026-07-10,0,1,low,move,0.9210755825042725,2.0,1.260851502418518,2.0,2.22512149810791,3.0,3.4138898849487305,3.0
ghost_trace_low_9421_9420_932,1783659720,2026-07-10,0,2,low,appearance,0.8052690625190735,1.0,1.1550525426864624,1.0,1.9782289266586304,2.0,3.3173627853393555,2.0
ghost_trace_low_9422_9422_933,1783659780,2026-07-10,0,3,low,move,0.8433942794799805,0.0,1.1853132247924805,1.0,2.0558981895446777,1.0,3.3167331218719482,1.0
ghost_trace_low_9427_9427_934,1783660080,2026-07-10,0,8,low,move,0.8433421850204468,0.0,1.1929115056991577,0.0,2.09438419342041,0.0,3.324070692062378,0.0
ghost_trace_low_9449_9449_935,1783661400,2026-07-10,0,30,low,move,0.847457766532898,1.0,1.2080425024032593,1.0,2.1810309886932373,3.0,3.349764823913574,4.0
ghost_trace_low_9450_9450_936,1783661460,2026-07-10,0,31,low,move,0.8602266311645508,0.0,1.2315113544464111,0.0,2.2397091388702393,2.0,3.3403820991516113,3.0
ghost_trace_low_9458_9458_937,1783661940,2026-07-10,0,39,low,move,0.863008975982666,2.0,1.266152024269104,2.0,2.261253595352173,2.0,3.366656541824341,2.0
ghost_trace_low_9459_9459_938,1783662000,2026-07-10,0,40,low,move,0.8711972236633301,1.0,1.2644835710525513,1.0,2.296142101287842,1.0,3.3752663135528564,2.0
ghost_trace_low_9461_9461_939,1783662120,2026-07-10,0,42,low,move,0.8806402087211609,0.0,1.3124390840530396,0.0,2.317368745803833,0.0,3.397932291030884,3.0
ghost_trace_low_9474_9474_940,1783662900,2026-07-10,0,55,low,move,0.8804225921630859,3.0,1.29188072681427,5.0,2.310441255569458,5.0,3.4687623977661133,8.0
ghost_trace_low_9475_9475_941,1783662960,2026-07-10,0,56,low,move,0.87697833776474,3.0,1.2816623449325562,4.0,2.3151254653930664,5.0,3.50610613822937,8.0
ghost_trace_low_9476_9476_942,1783663020,2026-07-10,0,57,low,move,0.8972315192222595,3.0,1.2741551399230957,3.0,2.317460298538208,4.0,3.5153515338897705,8.0
ghost_trace_low_9477_9477_943,1783663080,2026-07-10,0,58,low,move,0.7647684812545776,2.0,1.2239947319030762,2.0,2.5750646591186523,4.0,3.2234387397766113,7.0
ghost_trace_low_9478_9478_944,1783663140,2026-07-10,0,59,low,move,0.7280632257461548,1.0,1.1504796743392944,1.0,2.6083896160125732,3.0,3.149172067642212,6.0
ghost_trace_low_9479_9479_945,1783663200,2026-07-10,1,0,low,move,0.8579276204109192,0.0,1.1646206378936768,0.0,2.453896999359131,3.0,3.409714937210083,5.0
ghost_trace_low_9485_9485_946,1783663560,2026-07-10,1,6,low,move,0.7949978113174438,1.0,1.1586518287658691,3.0,2.6183743476867676,5.0,3.2899463176727295,10.0
ghost_trace_low_9487_9487_947,1783663680,2026-07-10,1,8,low,move,0.7474874258041382,2.0,1.1044853925704956,3.0,2.66729474067688,6.0,3.2443456649780273,11.0
ghost_trace_low_9489_9489_948,1783663800,2026-07-10,1,10,low,move,0.7723499536514282,2.0,1.0706138610839844,2.0,2.694164991378784,7.0,2.9374301433563232,12.0
ghost_trace_low_9490_9490_949,1783663860,2026-07-10,1,11,low,move,0.7711918354034424,1.0,1.0758463144302368,2.0,2.6624057292938232,7.0,2.773961305618286,11.0
ghost_trace_low_9491_9491_950,1783663920,2026-07-10,1,12,low,move,0.7806243896484375,0.0,1.0854082107543945,2.0,2.61985445022583,7.0,2.6273233890533447,10.0
ghost_trace_low_9495_9495_951,1783664160,2026-07-10,1,16,low,move,0.76747727394104,3.0,1.0766927003860474,5.0,2.57013201713562,9.0,2.57013201713562,9.0
ghost_trace_low_9496_9496_952,1783664220,2026-07-10,1,17,low,move,0.7319273948669434,3.0,1.1276988983154297,5.0,2.534461498260498,8.0,2.534461498260498,8.0
ghost_trace_low_9497_9497_953,1783664280,2026-07-10,1,18,low,move,0.8548313975334167,3.0,1.2070345878601074,5.0,2.3833820819854736,7.0,2.5501534938812256,7.0
ghost_trace_low_9498_9498_954,1783664340,2026-07-10,1,19,low,move,0.9753696918487549,3.0,1.2621618509292603,5.0,2.3009486198425293,6.0,2.7134363651275635,6.0
ghost_trace_low_9499_9499_955,1783664400,2026-07-10,1,20,low,move,1.052548885345459,3.0,1.3122808933258057,5.0,2.275116443634033,5.0,2.8569560050964355,5.0
ghost_trace_low_9500_9500_956,1783664460,2026-07-10,1,21,low,move,1.092433214187622,3.0,1.4139484167099,4.0,2.3204848766326904,4.0,3.01336932182312,4.0
ghost_trace_low_9501_9501_957,1783664520,2026-07-10,1,22,low,move,1.1101278066635132,3.0,1.4446239471435547,3.0,2.311716318130493,3.0,3.1155591011047363,3.0
ghost_trace_low_9502_9502_958,1783664580,2026-07-10,1,23,low,move,1.135387659072876,2.0,1.4742982387542725,2.0,2.304736614227295,2.0,3.240483283996582,2.0
ghost_trace_low_9503_9503_959,1783664640,2026-07-10,1,24,low,move,1.137951135635376,1.0,1.515797734260559,1.0,2.3186733722686768,1.0,3.306067705154419,1.0
ghost_trace_low_9504_9504_960,1783664700,2026-07-10,1,25,low,move,1.1408871412277222,0.0,1.553086757659912,0.0,2.3296942710876465,0.0,3.3751211166381836,0.0
ghost_trace_high_9554_9531_961,1783667700,2026-07-10,2,15,high,appearance,0.9720456004142761,0.0,1.4869391918182373,0.0,2.2621355056762695,0.0,3.200716495513916,0.0
ghost_trace_high_9655_9614_962,1783673760,2026-07-10,3,56,high,appearance,0.8883084654808044,0.0,1.4686694145202637,0.0,2.2501280307769775,0.0,3.0546844005584717,0.0
ghost_trace_high_9674_9674_963,1783674900,2026-07-10,4,15,high,move,0.877152144908905,1.0,1.5258373022079468,2.0,2.3186252117156982,2.0,3.144106388092041,2.0
ghost_trace_high_9677_9677_964,1783675080,2026-07-10,4,18,high,move,0.8561567664146423,1.0,1.5415403842926025,1.0,2.3620681762695312,1.0,3.240201473236084,3.0
ghost_trace_high_9678_9678_965,1783675140,2026-07-10,4,19,high,move,0.9909387826919556,0.0,1.5517042875289917,0.0,2.2497875690460205,0.0,3.4742395877838135,3.0
ghost_trace_high_9691_9691_966,1783675920,2026-07-10,4,32,high,move,1.0988256931304932,2.0,1.6138343811035156,2.0,2.3251290321350098,4.0,3.696666717529297,4.0
ghost_trace_high_9692_9692_967,1783675980,2026-07-10,4,33,high,move,1.1429301500320435,1.0,1.694128155708313,2.0,2.3990423679351807,3.0,3.782024383544922,3.0
ghost_trace_high_9693_9693_968,1783676040,2026-07-10,4,34,high,move,1.169217586517334,0.0,1.764055609703064,2.0,2.46382212638855,2.0,3.8007102012634277,2.0
ghost_trace_high_9697_9697_969,1783676280,2026-07-10,4,38,high,move,1.1917189359664917,1.0,1.8170521259307861,1.0,2.51163387298584,1.0,3.814246416091919,2.0
ghost_trace_high_9698_9698_970,1783676340,2026-07-10,4,39,high,move,1.2115470170974731,0.0,1.8517239093780518,0.0,2.5255308151245117,0.0,3.845906972885132,1.0
ghost_trace_high_9710_9698_971,1783677060,2026-07-10,4,51,high,appearance,1.1764135360717773,0.0,1.8134291172027588,0.0,2.3561453819274902,1.0,3.676900625228882,5.0
ghost_trace_high_9719_9719_972,1783677600,2026-07-10,5,0,high,move,1.2583813667297363,2.0,1.8580560684204102,3.0,2.4623425006866455,4.0,3.796168565750122,4.0
ghost_trace_high_9721_9721_973,1783677720,2026-07-10,5,2,high,move,1.2768889665603638,2.0,1.8640685081481934,3.0,2.5627386569976807,3.0,3.774487018585205,3.0
ghost_trace_high_9722_9722_974,1783677780,2026-07-10,5,3,high,move,1.277496576309204,2.0,1.8547778129577637,2.0,2.5958642959594727,2.0,3.8127338886260986,2.0
ghost_trace_high_9724_9724_975,1783677900,2026-07-10,5,5,high,move,1.2811872959136963,1.0,1.8521231412887573,1.0,2.6261322498321533,1.0,3.8100481033325195,1.0
ghost_trace_high_9725_9725_976,1783677960,2026-07-10,5,6,high,move,1.230891227722168,0.0,1.8553383350372314,0.0,2.6686389446258545,0.0,3.710695505142212,0.0
ghost_trace_high_9749_9749_977,1783679400,2026-07-10,5,30,high,move,1.1683270931243896,2.0,1.8186906576156616,2.0,2.5929806232452393,2.0,3.6784563064575195,5.0
ghost_trace_high_9750_9750_978,1783679460,2026-07-10,5,31,high,move,1.1917725801467896,1.0,1.6994264125823975,1.0,2.563883066177368,1.0,3.5206592082977295,4.0
ghost_trace_high_9752_9752_979,1783679580,2026-07-10,5,33,high,move,1.1475255489349365,0.0,1.6587101221084595,0.0,2.5396957397460938,1.0,3.463557243347168,3.0
ghost_trace_high_9762_9762_980,1783680180,2026-07-10,5,43,high,move,1.094120740890503,2.0,1.6647573709487915,2.0,2.5727174282073975,2.0,3.4115569591522217,2.0
ghost_trace_high_9763_9763_981,1783680240,2026-07-10,5,44,high,move,1.1196664571762085,1.0,1.6323500871658325,1.0,2.5599682331085205,1.0,3.3661136627197266,1.0
ghost_trace_high_9764_9764_982,1783680300,2026-07-10,5,45,high,move,1.131087303161621,0.0,1.6155399084091187,0.0,2.6004605293273926,0.0,3.2868356704711914,1.0
ghost_trace_high_9779_9779_983,1783681200,2026-07-10,6,0,high,move,1.1044195890426636,2.0,1.6103434562683105,3.0,2.598698616027832,4.0,3.355168104171753,5.0
ghost_trace_high_9781_9781_984,1783681320,2026-07-10,6,2,high,move,1.075136661529541,2.0,1.563107967376709,3.0,2.542490005493164,3.0,3.2948081493377686,5.0
ghost_trace_high_9782_9782_985,1783681380,2026-07-10,6,3,high,move,1.0206358432769775,2.0,1.5377182960510254,2.0,2.4769108295440674,2.0,3.2762515544891357,4.0
ghost_trace_high_9783_9783_986,1783681440,2026-07-10,6,4,high,move,0.9721472263336182,1.0,1.5243744850158691,1.0,2.4198060035705566,1.0,3.248000144958496,3.0
ghost_trace_high_9785_9785_987,1783681560,2026-07-10,6,6,high,move,0.9579859972000122,0.0,1.5164693593978882,0.0,2.3965976238250732,2.0,3.255727529525757,2.0
ghost_trace_high_9794_9794_988,1783682100,2026-07-10,6,15,high,move,0.9383487701416016,1.0,1.5215283632278442,1.0,2.3301291465759277,1.0,3.2142622470855713,1.0
ghost_trace_high_9795_9795_989,1783682160,2026-07-10,6,16,high,move,0.9156509041786194,0.0,1.5261738300323486,0.0,2.3733773231506348,0.0,3.1658403873443604,0.0
ghost_trace_low_9852_9844_990,1783685580,2026-07-10,7,13,low,appearance,0.883624255657196,0.0,1.4404737949371338,0.0,1.986297845840454,0.0,3.293027639389038,0.0
ghost_trace_high_9894_9852_991,1783688100,2026-07-10,7,55,high,appearance,1.0735365152359009,0.0,1.2534161806106567,0.0,2.0999677181243896,0.0,2.9519453048706055,0.0
ghost_trace_high_9930_9930_992,1783690260,2026-07-10,8,31,high,move,1.073175072669983,2.0,1.462487816810608,4.0,2.0922398567199707,5.0,3.576350688934326,5.0
ghost_trace_high_9931_9931_993,1783690320,2026-07-10,8,32,high,move,0.9081817865371704,2.0,1.5490260124206543,4.0,2.239528179168701,4.0,3.6086113452911377,4.0
ghost_trace_high_9932_9932_994,1783690380,2026-07-10,8,33,high,move,0.8912751078605652,2.0,1.604966640472412,3.0,2.3416426181793213,3.0,3.582667112350464,3.0
ghost_trace_high_9934_9934_995,1783690500,2026-07-10,8,35,high,move,0.9096514582633972,2.0,1.6097241640090942,2.0,2.3916256427764893,2.0,3.5546035766601562,3.0
ghost_trace_high_9935_9935_996,1783690560,2026-07-10,8,36,high,move,0.9973478317260742,1.0,1.6644797325134277,1.0,2.39593243598938,1.0,3.578718900680542,2.0
ghost_trace_high_9936_9936_997,1783690620,2026-07-10,8,37,high,move,1.0758543014526367,0.0,1.5989336967468262,0.0,2.420793294906616,0.0,3.6464953422546387,2.0
ghost_trace_high_9948_9948_998,1783691340,2026-07-10,8,49,high,move,1.0940515995025635,1.0,1.674299955368042,2.0,2.384290933609009,2.0,3.716970443725586,2.0
ghost_trace_high_9951_9951_999,1783691520,2026-07-10,8,52,high,move,1.0886443853378296,1.0,1.7008535861968994,1.0,2.2509186267852783,1.0,3.782759189605713,1.0
ghost_trace_high_9953_9951_1000,1783691640,2026-07-10,8,54,high,appearance,1.0614213943481445,0.0,1.5713386535644531,0.0,2.1625406742095947,0.0,3.3460588455200195,0.0
ghost_trace_low_10001_9992_1001,1783694520,2026-07-10,9,42,low,appearance,0.959713876247406,0.0,1.9206907749176025,0.0,1.9854867458343506,0.0,3.9326171875,0.0
ghost_trace_high_10042_10035_1002,1783696980,2026-07-10,10,23,high,appearance,0.9856180548667908,2.0,1.6308006048202515,3.0,2.1382646560668945,4.0,2.802517890930176,4.0
ghost_trace_high_10044_10044_1003,1783697100,2026-07-10,10,25,high,move,1.0693933963775635,2.0,1.668462872505188,3.0,2.424323797225952,3.0,2.6212124824523926,3.0
ghost_trace_high_10045_10045_1004,1783697160,2026-07-10,10,26,high,move,1.0423274040222168,1.0,1.7129364013671875,2.0,2.523604393005371,2.0,2.856736660003662,2.0
ghost_trace_high_10046_10046_1005,1783697220,2026-07-10,10,27,high,move,1.069839596748352,1.0,1.7390241622924805,1.0,2.476410388946533,1.0,2.904168128967285,1.0
ghost_trace_high_10049_10049_1006,1783697400,2026-07-10,10,30,high,move,1.0903708934783936,0.0,1.7592599391937256,0.0,2.420926332473755,0.0,2.9679505825042725,0.0
ghost_trace_high_10094_10094_1007,1783700100,2026-07-10,11,15,high,move,1.0957001447677612,1.0,1.7185897827148438,3.0,2.465761184692383,3.0,2.877565383911133,5.0
ghost_trace_high_10095_10095_1008,1783700160,2026-07-10,11,16,high,move,1.109269142150879,1.0,1.7417064905166626,2.0,2.526623249053955,2.0,2.7592053413391113,4.0
ghost_trace_high_10098_10098_1009,1783700340,2026-07-10,11,19,high,move,1.0805463790893555,1.0,1.7249258756637573,1.0,2.5198187828063965,3.0,2.6205453872680664,3.0
ghost_trace_high_10099_10099_1010,1783700400,2026-07-10,11,20,high,move,1.0189650058746338,0.0,1.7458553314208984,0.0,2.443800210952759,2.0,2.7129087448120117,3.0
ghost_trace_high_10106_10106_1011,1783700820,2026-07-10,11,27,high,move,1.02693772315979,1.0,1.7223501205444336,1.0,2.4630234241485596,3.0,2.6566402912139893,3.0
ghost_trace_high_10107_10107_1012,1783700880,2026-07-10,11,28,high,move,1.0153299570083618,0.0,1.7471201419830322,0.0,2.4332075119018555,2.0,2.6700525283813477,2.0
ghost_trace_high_10114_10114_1013,1783701300,2026-07-10,11,35,high,move,1.035142183303833,1.0,1.76528799533844,1.0,2.3991761207580566,1.0,2.6764206886291504,2.0
ghost_trace_high_10115_10115_1014,1783701360,2026-07-10,11,36,high,move,1.0379170179367065,0.0,1.7747728824615479,0.0,2.3615944385528564,0.0,2.6876749992370605,1.0
ghost_trace_high_10129_10129_1015,1783702200,2026-07-10,11,50,high,move,0.9021270871162415,1.0,1.6714816093444824,1.0,2.4523122310638428,1.0,2.883855104446411,1.0
ghost_trace_high_10131_10131_1016,1783702320,2026-07-10,11,52,high,move,0.8879985809326172,0.0,1.606477975845337,0.0,2.501664876937866,0.0,2.8078298568725586,0.0
ghost_trace_high_10165_10165_1017,1783704360,2026-07-10,12,26,high,move,0.9120355844497681,3.0,1.4618850946426392,4.0,2.3915722370147705,5.0,2.6264400482177734,8.0
ghost_trace_high_10166_10166_1018,1783704420,2026-07-10,12,27,high,move,0.8651795983314514,3.0,1.3807686567306519,3.0,2.4994349479675293,5.0,2.5427634716033936,7.0
ghost_trace_high_10167_10167_1019,1783704480,2026-07-10,12,28,high,move,0.8327404260635376,2.0,1.322027564048767,2.0,2.545945167541504,5.0,2.545945167541504,6.0
ghost_trace_high_10168_10168_1020,1783704540,2026-07-10,12,29,high,move,0.8295079469680786,1.0,1.2891545295715332,1.0,2.546947479248047,5.0,2.546947479248047,5.0
ghost_trace_high_10169_10169_1021,1783704600,2026-07-10,12,30,high,move,0.8474448919296265,0.0,1.2696613073349,0.0,2.5451650619506836,4.0,2.6297106742858887,4.0
ghost_trace_high_10175_10175_1022,1783704960,2026-07-10,12,36,high,move,0.8726457953453064,3.0,1.23801851272583,3.0,2.5943350791931152,4.0,2.5943350791931152,4.0
ghost_trace_high_10176_10176_1023,1783705020,2026-07-10,12,37,high,move,0.8906058073043823,2.0,1.2181026935577393,2.0,2.6166813373565674,3.0,2.6166813373565674,3.0
ghost_trace_high_10177_10177_1024,1783705080,2026-07-10,12,38,high,move,0.8764677047729492,1.0,1.195289969444275,1.0,2.6247756481170654,2.0,2.6247756481170654,2.0
ghost_trace_high_10178_10178_1025,1783705140,2026-07-10,12,39,high,move,0.8760688900947571,0.0,1.1850663423538208,0.0,2.670366048812866,1.0,2.670366048812866,1.0
ghost_trace_high_10185_10185_1026,1783705560,2026-07-10,12,46,high,move,0.9342648386955261,0.0,1.2591029405593872,0.0,2.5421230792999268,0.0,2.5421230792999268,0.0
ghost_trace_high_10203_10185_1027,1783706640,2026-07-10,13,4,high,appearance,0.9159958958625793,0.0,1.2922159433364868,0.0,2.144432783126831,0.0,2.8777027130126953,0.0
ghost_trace_low_10235_10221_1028,1783708560,2026-07-10,13,36,low,appearance,0.7382757067680359,0.0,1.3054392337799072,0.0,2.06649112701416,0.0,2.4333648681640625,0.0
ghost_trace_high_10271_10262_1029,1783710720,2026-07-10,14,12,high,appearance,0.8641698360443115,0.0,1.3451980352401733,0.0,2.0702528953552246,0.0,2.4338717460632324,0.0
ghost_trace_low_10312_10284_1030,1783713180,2026-07-10,14,53,low,appearance,0.7978451251983643,1.0,1.2303273677825928,2.0,1.9112277030944824,3.0,2.269716501235962,3.0
ghost_trace_low_10314_10314_1031,1783713300,2026-07-10,14,55,low,move,0.8309545516967773,1.0,1.2080512046813965,2.0,1.9195557832717896,2.0,2.315786838531494,2.0
ghost_trace_low_10317_10317_1032,1783713480,2026-07-10,14,58,low,move,0.8532638549804688,1.0,1.1770288944244385,1.0,1.944786787033081,1.0,2.3217833042144775,1.0
ghost_trace_low_10318_10318_1033,1783713540,2026-07-10,14,59,low,move,0.9491772651672363,0.0,1.2565736770629883,0.0,1.979587435722351,0.0,2.6823363304138184,0.0
ghost_trace_high_10368_10366_1034,1783716540,2026-07-10,15,49,high,appearance,0.8450019955635071,1.0,1.1026902198791504,2.0,1.7938858270645142,5.0,2.327982187271118,5.0
ghost_trace_high_10369_10369_1035,1783716600,2026-07-10,15,50,high,move,0.9043946862220764,0.0,1.0606136322021484,2.0,1.8805391788482666,4.0,2.55574369430542,4.0
ghost_trace_high_10373_10373_1036,1783716840,2026-07-10,15,54,high,move,0.8803728818893433,2.0,1.0332083702087402,3.0,1.9254542589187622,3.0,2.661571502685547,3.0
ghost_trace_high_10374_10374_1037,1783716900,2026-07-10,15,55,high,move,0.8634171485900879,1.0,1.0620816946029663,2.0,1.9939652681350708,2.0,2.671215534210205,2.0
ghost_trace_high_10376_10376_1038,1783717020,2026-07-10,15,57,high,move,0.8371050953865051,1.0,1.0847644805908203,1.0,2.0237948894500732,1.0,2.692241907119751,1.0
ghost_trace_high_10378_10378_1039,1783717140,2026-07-10,15,59,high,move,0.8825501203536987,0.0,1.1147375106811523,0.0,2.1116528511047363,0.0,2.947559356689453,0.0
ghost_trace_low_10428_10392_1040,1783896540,2026-07-12,17,49,low,appearance,0.9554702639579773,0.0,0.9554702639579773,0.0,2.082371711730957,0.0,2.6724631786346436,1.0
ghost_trace_high_10442_10436_1041,1783897380,2026-07-12,18,3,high,appearance,0.7975861430168152,0.0,0.8176188468933105,0.0,1.9749979972839355,0.0,2.5482194423675537,0.0
ghost_trace_low_10486_10486_1042,1783900020,2026-07-12,18,47,low,appearance,0.9747729897499084,0.0,0.9747729897499084,0.0,2.082219123840332,0.0,2.262084484100342,0.0
ghost_trace_high_10536_10509_1043,1783903020,2026-07-12,19,37,high,appearance,0.9066447019577026,0.0,0.9148701429367065,0.0,2.146383762359619,0.0,2.6159236431121826,0.0
ghost_trace_low_10559_10552_1044,1783904400,2026-07-12,20,0,low,appearance,0.964627742767334,0.0,0.964627742767334,1.0,1.9629056453704834,3.0,2.653244972229004,3.0
ghost_trace_low_10564_10564_1045,1783904700,2026-07-12,20,5,low,move,1.1438688039779663,0.0,1.1438688039779663,2.0,2.1838877201080322,2.0,2.397413730621338,2.0
ghost_trace_low_10568_10568_1046,1783904940,2026-07-12,20,9,low,move,1.2414841651916504,1.0,1.2414841651916504,1.0,2.2948055267333984,1.0,2.2948055267333984,1.0
ghost_trace_low_10569_10569_1047,1783905000,2026-07-12,20,10,low,move,1.2061432600021362,0.0,1.2061432600021362,0.0,2.620962142944336,0.0,2.620962142944336,0.0
ghost_trace_low_10607_10607_1048,1783907280,2026-07-12,20,48,low,move,1.2508814334869385,2.0,1.2838572263717651,4.0,2.614938497543335,6.0,3.028184413909912,8.0
ghost_trace_low_10609_10609_1049,1783907400,2026-07-12,20,50,low,move,1.240403652191162,3.0,1.4617068767547607,4.0,2.6866722106933594,6.0,3.3793222904205322,7.0
ghost_trace_low_10610_10610_1050,1783907460,2026-07-12,20,51,low,move,1.2658720016479492,2.0,1.5859020948410034,4.0,2.6536309719085693,5.0,3.6179940700531006,6.0
ghost_trace_low_10611_10611_1051,1783907520,2026-07-12,20,52,low,move,1.2666012048721313,2.0,1.6560311317443848,3.0,2.645557165145874,5.0,3.731006383895874,5.0
ghost_trace_low_10612_10612_1052,1783907580,2026-07-12,20,53,low,move,1.344077229499817,2.0,1.5149052143096924,2.0,2.4834353923797607,4.0,3.841089963912964,4.0
ghost_trace_low_10614_10614_1053,1783907700,2026-07-12,20,55,low,move,1.320635199546814,1.0,1.4895436763763428,2.0,2.4652183055877686,3.0,3.9841442108154297,3.0
ghost_trace_low_10615_10615_1054,1783907760,2026-07-12,20,56,low,move,1.305406928062439,0.0,1.4979385137557983,1.0,2.4726765155792236,2.0,4.05047082901001,2.0
ghost_trace_low_10619_10619_1055,1783908000,2026-07-12,21,0,low,move,1.3224016427993774,1.0,1.4335086345672607,1.0,2.8048512935638428,1.0,3.9172022342681885,1.0
ghost_trace_low_10621_10621_1056,1783908120,2026-07-12,21,2,low,move,1.3064626455307007,0.0,1.4782798290252686,0.0,2.889953374862671,0.0,3.805979013442993,0.0
ghost_trace_high_10671_10648_1057,1783911120,2026-07-12,21,52,high,appearance,1.2472248077392578,0.0,1.5934053659439087,0.0,2.966118335723877,0.0,3.5509700775146484,0.0
ghost_trace_low_10861_10829_1058,1783922520,2026-07-13,1,2,low,appearance,1.4644418954849243,0.0,1.596392035484314,0.0,3.123037815093994,0.0,3.135157585144043,0.0
ghost_trace_high_10879_10840_1059,1783923600,2026-07-13,1,20,high,appearance,1.247994065284729,0.0,1.6304161548614502,0.0,2.9086177349090576,0.0,3.432821035385132,0.0
ghost_trace_high_10930_10930_1060,1783926660,2026-07-13,2,11,high,move,1.2564729452133179,1.0,1.6513047218322754,1.0,3.1405298709869385,1.0,3.707951545715332,3.0
ghost_trace_high_10933_10933_1061,1783926840,2026-07-13,2,14,high,move,1.2732934951782227,0.0,1.681270956993103,0.0,3.221112012863159,2.0,3.8621010780334473,2.0
ghost_trace_high_10942_10942_1062,1783927380,2026-07-13,2,23,high,move,1.236891508102417,1.0,1.736282467842102,1.0,3.32118558883667,1.0,4.051614761352539,1.0
ghost_trace_high_10943_10943_1063,1783927440,2026-07-13,2,24,high,move,1.2921086549758911,0.0,1.7497118711471558,0.0,3.3394198417663574,0.0,4.222017765045166,0.0
ghost_trace_high_10987_10987_1064,1783930080,2026-07-13,3,8,high,move,1.3235414028167725,0.0,1.791048526763916,1.0,3.373638868331909,6.0,4.264619827270508,8.0
ghost_trace_high_10991_10991_1065,1783930320,2026-07-13,3,12,high,move,1.3787033557891846,2.0,1.723146915435791,4.0,3.3800086975097656,7.0,4.605491638183594,11.0
ghost_trace_high_10993_10993_1066,1783930440,2026-07-13,3,14,high,move,1.3422572612762451,3.0,1.8667511940002441,5.0,3.341029644012451,7.0,4.470447540283203,10.0
ghost_trace_high_10994_10994_1067,1783930500,2026-07-13,3,15,high,move,1.327186107635498,3.0,1.9279042482376099,4.0,3.2574472427368164,7.0,4.380143165588379,9.0
ghost_trace_high_10995_10995_1068,1783930560,2026-07-13,3,16,high,move,1.3187005519866943,3.0,1.9457433223724365,4.0,3.2645459175109863,7.0,4.369225978851318,8.0
ghost_trace_high_10996_10996_1069,1783930620,2026-07-13,3,17,high,move,1.290860891342163,2.0,1.9609310626983643,3.0,3.1989688873291016,7.0,4.32649040222168,7.0
ghost_trace_high_10997_10997_1070,1783930680,2026-07-13,3,18,high,move,1.2959363460540771,2.0,1.9620033502578735,2.0,3.1985421180725098,6.0,4.261833190917969,6.0
ghost_trace_high_10998_10998_1071,1783930740,2026-07-13,3,19,high,move,1.2981311082839966,1.0,1.9635964632034302,2.0,3.224600315093994,5.0,4.266732215881348,5.0
ghost_trace_high_11000_11000_1072,1783930860,2026-07-13,3,21,high,move,1.2921372652053833,1.0,1.9858131408691406,3.0,3.273308277130127,4.0,4.156638145446777,4.0
ghost_trace_high_11003_11003_1073,1783931040,2026-07-13,3,24,high,move,1.2827900648117065,3.0,2.008511543273926,3.0,3.2651939392089844,3.0,4.0548553466796875,3.0
ghost_trace_high_11004_11004_1074,1783931100,2026-07-13,3,25,high,move,1.3212063312530518,2.0,2.052982807159424,2.0,3.2192444801330566,2.0,3.9537739753723145,2.0
ghost_trace_high_11005_11005_1075,1783931160,2026-07-13,3,26,high,move,1.3321454524993896,1.0,2.084507465362549,1.0,3.2747435569763184,1.0,3.9884583950042725,1.0
ghost_trace_high_11006_11006_1076,1783931220,2026-07-13,3,27,high,move,1.3118011951446533,0.0,2.1207470893859863,0.0,3.295379161834717,0.0,3.7181711196899414,0.0
ghost_trace_high_11029_11029_1077,1783932600,2026-07-13,3,50,high,move,1.2202266454696655,2.0,1.7045745849609375,2.0,3.177910566329956,2.0,3.8903069496154785,2.0
ghost_trace_high_11031_11031_1078,1783932720,2026-07-13,3,52,high,move,1.2153600454330444,1.0,1.5108966827392578,1.0,2.997561454772949,1.0,3.6429858207702637,1.0
ghost_trace_high_11032_11032_1079,1783932780,2026-07-13,3,53,high,move,1.1557880640029907,0.0,1.4113091230392456,0.0,2.852890968322754,0.0,3.3828718662261963,0.0
ghost_trace_high_11057_11057_1080,1783934280,2026-07-13,4,18,high,move,1.1745421886444092,0.0,1.2782069444656372,1.0,2.7202837467193604,3.0,3.47428822517395,5.0
ghost_trace_high_11062_11062_1081,1783934580,2026-07-13,4,23,high,move,1.1586467027664185,2.0,1.1938250064849854,2.0,2.58054256439209,4.0,3.4627649784088135,7.0
ghost_trace_high_11064_11064_1082,1783934700,2026-07-13,4,25,high,move,1.2301853895187378,1.0,1.2301853895187378,2.0,2.5202457904815674,3.0,3.244847059249878,6.0
ghost_trace_high_11065_11065_1083,1783934760,2026-07-13,4,26,high,move,1.1897140741348267,0.0,1.1897140741348267,2.0,2.4086387157440186,3.0,3.269388198852539,5.0
ghost_trace_high_11069_11069_1084,1783935000,2026-07-13,4,30,high,move,1.147202730178833,1.0,1.175173044204712,1.0,2.3054680824279785,4.0,3.2444705963134766,5.0
ghost_trace_high_11070_11070_1085,1783935060,2026-07-13,4,31,high,move,1.1734559535980225,0.0,1.1734559535980225,1.0,2.2451670169830322,3.0,3.236976385116577,4.0
ghost_trace_high_11075_11075_1086,1783935360,2026-07-13,4,36,high,move,1.124412178993225,2.0,1.1727352142333984,2.0,2.1530861854553223,3.0,3.184072256088257,3.0
ghost_trace_high_11076_11076_1087,1783935420,2026-07-13,4,37,high,move,1.0868620872497559,1.0,1.1888083219528198,1.0,2.0835819244384766,2.0,3.1945295333862305,2.0
ghost_trace_high_11077_11077_1088,1783935480,2026-07-13,4,38,high,move,1.0865527391433716,0.0,1.1692934036254883,0.0,2.0868442058563232,1.0,3.1878533363342285,1.0
ghost_trace_high_11083_11083_1089,1783935840,2026-07-13,4,44,high,move,1.0903586149215698,0.0,1.1659722328186035,0.0,2.0825672149658203,0.0,3.1851439476013184,0.0
ghost_trace_high_11099_11099_1090,1783936800,2026-07-13,5,0,high,move,1.1553953886032104,0.0,1.1787631511688232,0.0,2.116506576538086,0.0,3.2333626747131348,0.0
ghost_trace_low_11150_11144_1091,1783939860,2026-07-13,5,51,low,appearance,1.0237547159194946,0.0,1.1240177154541016,0.0,1.8464257717132568,0.0,2.8984336853027344,0.0
ghost_trace_high_11194_11165_1092,1783942500,2026-07-13,6,35,high,appearance,1.0391054153442383,0.0,1.0615108013153076,0.0,2.0133121013641357,0.0,2.878493309020996,0.0
ghost_trace_low_11215_11214_1093,1783943760,2026-07-13,6,56,low,appearance,1.0376288890838623,1.0,1.0837697982788086,3.0,1.8525867462158203,4.0,2.921856641769409,6.0
ghost_trace_low_11216_11216_1094,1783943820,2026-07-13,6,57,low,move,1.0461337566375732,1.0,1.1057162284851074,2.0,1.9596518278121948,4.0,2.9608447551727295,6.0
ghost_trace_low_11219_11219_1095,1783944000,2026-07-13,7,0,low,move,1.007241129875183,2.0,1.0967142581939697,2.0,1.9665307998657227,4.0,2.917246103286743,5.0
ghost_trace_low_11220_11220_1096,1783944060,2026-07-13,7,1,low,move,1.0090786218643188,1.0,1.09104585647583,1.0,1.9894789457321167,3.0,2.8898754119873047,4.0
ghost_trace_low_11222_11222_1097,1783944180,2026-07-13,7,3,low,move,1.043511986732483,0.0,1.1026142835617065,2.0,2.04823899269104,3.0,2.9311001300811768,3.0
ghost_trace_low_11226_11226_1098,1783944420,2026-07-13,7,7,low,move,1.0569617748260498,1.0,1.1058045625686646,2.0,2.082176685333252,2.0,2.9339468479156494,2.0
ghost_trace_low_11227_11227_1099,1783944480,2026-07-13,7,8,low,move,1.0896034240722656,0.0,1.102677822113037,1.0,2.1022469997406006,1.0,3.068986415863037,1.0
ghost_trace_low_11231_11231_1100,1783944720,2026-07-13,7,12,low,move,1.0996150970458984,0.0,1.1533914804458618,0.0,2.1584372520446777,0.0,3.17016339302063,3.0
ghost_trace_low_11244_11244_1101,1783945500,2026-07-13,7,25,low,move,1.107390284538269,2.0,1.391435980796814,4.0,2.197237968444824,7.0,3.312638282775879,9.0
ghost_trace_low_11245_11245_1102,1783945560,2026-07-13,7,26,low,move,1.1114720106124878,2.0,1.3816370964050293,4.0,2.122441053390503,7.0,3.2079861164093018,8.0
ghost_trace_low_11246_11246_1103,1783945620,2026-07-13,7,27,low,move,1.1147476434707642,2.0,1.4041229486465454,4.0,2.1191980838775635,6.0,3.2027499675750732,7.0
ghost_trace_low_11248_11248_1104,1783945740,2026-07-13,7,29,low,move,1.1213411092758179,3.0,1.441914439201355,4.0,2.142793655395508,6.0,3.213198184967041,6.0
ghost_trace_low_11249_11249_1105,1783945800,2026-07-13,7,30,low,move,1.1471717357635498,3.0,1.447200894355774,3.0,2.1965131759643555,5.0,3.2578814029693604,5.0
ghost_trace_low_11250_11250_1106,1783945860,2026-07-13,7,31,low,move,1.1978660821914673,2.0,1.4493072032928467,3.0,2.3592185974121094,4.0,3.2048847675323486,4.0
ghost_trace_low_11251_11251_1107,1783945920,2026-07-13,7,32,low,move,1.1993534564971924,1.0,1.4814633131027222,2.0,2.346320390701294,3.0,3.188660144805908,3.0
ghost_trace_low_11252_11252_1108,1783945980,2026-07-13,7,33,low,move,1.2049806118011475,1.0,1.501417636871338,2.0,2.3557591438293457,2.0,3.1722750663757324,2.0
ghost_trace_low_11255_11255_1109,1783946160,2026-07-13,7,36,low,move,1.20435631275177,1.0,1.5120729207992554,1.0,2.349059820175171,1.0,3.178790807723999,1.0
ghost_trace_low_11257_11257_1110,1783946280,2026-07-13,7,38,low,move,1.174005389213562,0.0,1.5221549272537231,0.0,2.297818422317505,0.0,3.1749022006988525,0.0
ghost_trace_high_11307_11281_1111,1783949280,2026-07-13,8,28,high,appearance,1.208127737045288,0.0,1.3375296592712402,0.0,2.643507242202759,0.0,3.8009696006774902,0.0
ghost_trace_low_11331_11330_1112,1783950720,2026-07-13,8,52,low,appearance,1.1061464548110962,0.0,1.2231167554855347,0.0,2.3106982707977295,0.0,3.6093785762786865,0.0
ghost_trace_low_11355_11355_1113,1783952160,2026-07-13,9,16,low,move,1.0950264930725098,0.0,1.19923734664917,0.0,2.5420186519622803,0.0,3.4592244625091553,0.0
ghost_trace_high_11405_11400_1114,1783955160,2026-07-13,10,6,high,appearance,1.1120450496673584,0.0,1.1734026670455933,0.0,2.484926462173462,0.0,3.5062568187713623,0.0
ghost_trace_low_11450_11450_1115,1783957860,2026-07-13,10,51,low,appearance,0.9829493761062622,1.0,1.8534916639328003,1.0,2.1986083984375,3.0,3.9334516525268555,5.0
ghost_trace_low_11451_11451_1116,1783957920,2026-07-13,10,52,low,move,1.0227102041244507,0.0,2.107398748397827,1.0,2.126660108566284,2.0,4.412561416625977,4.0
ghost_trace_low_11456_11456_1117,1783958220,2026-07-13,10,57,low,move,1.0397392511367798,1.0,2.2273991107940674,1.0,2.2273991107940674,3.0,4.585623264312744,3.0
ghost_trace_low_11459_11459_1118,1783958400,2026-07-13,11,0,low,move,1.0711075067520142,0.0,2.30334210395813,2.0,2.30334210395813,2.0,4.632397174835205,2.0
ghost_trace_low_11463_11463_1119,1783958640,2026-07-13,11,4,low,move,1.1864272356033325,1.0,2.4171276092529297,1.0,2.4171276092529297,1.0,4.352849006652832,4.0
ghost_trace_low_11464_11464_1120,1783958700,2026-07-13,11,5,low,move,1.2520264387130737,0.0,2.4381601810455322,0.0,2.4381601810455322,0.0,4.757817268371582,3.0
ghost_trace_low_11475_11475_1121,1783959360,2026-07-13,11,16,low,move,1.2397645711898804,2.0,2.3592982292175293,3.0,2.3592982292175293,7.0,4.3537445068359375,11.0
ghost_trace_low_11476_11476_1122,1783959420,2026-07-13,11,17,low,move,1.300736665725708,1.0,2.327580690383911,3.0,2.327580690383911,7.0,4.488598346710205,10.0
ghost_trace_low_11477_11477_1123,1783959480,2026-07-13,11,18,low,move,1.2344725131988525,1.0,2.2378833293914795,3.0,2.245513916015625,6.0,4.244714736938477,9.0
ghost_trace_low_11480_11480_1124,1783959660,2026-07-13,11,21,low,move,1.2152769565582275,2.0,2.1595044136047363,4.0,2.4202041625976562,8.0,4.052511215209961,11.0
ghost_trace_low_11481_11481_1125,1783959720,2026-07-13,11,22,low,move,1.1654210090637207,2.0,2.096768856048584,4.0,2.5576140880584717,7.0,3.874408483505249,10.0
ghost_trace_low_11482_11482_1126,1783959780,2026-07-13,11,23,low,move,1.1753827333450317,2.0,2.0468318462371826,3.0,2.6919801235198975,6.0,3.7782185077667236,9.0
ghost_trace_low_11484_11484_1127,1783959900,2026-07-13,11,25,low,move,1.132041573524475,2.0,2.001906394958496,4.0,2.7517404556274414,7.0,3.7710533142089844,8.0
ghost_trace_low_11485_11485_1128,1783959960,2026-07-13,11,26,low,move,1.1389520168304443,2.0,1.989693522453308,4.0,2.8532721996307373,7.0,3.7934794425964355,7.0
ghost_trace_low_11486_11486_1129,1783960020,2026-07-13,11,27,low,move,1.1066880226135254,2.0,1.9368976354599,3.0,2.9100341796875,6.0,3.75234317779541,6.0
ghost_trace_low_11488_11488_1130,1783960140,2026-07-13,11,29,low,move,1.0947153568267822,2.0,1.919039011001587,3.0,2.9369494915008545,5.0,3.8462963104248047,5.0
ghost_trace_low_11489_11489_1131,1783960200,2026-07-13,11,30,low,move,1.0822747945785522,1.0,1.9198817014694214,3.0,3.0177083015441895,4.0,3.701148509979248,4.0
ghost_trace_low_11490_11490_1132,1783960260,2026-07-13,11,31,low,move,1.1831204891204834,1.0,1.7730472087860107,3.0,3.0918374061584473,3.0,3.691112995147705,3.0
ghost_trace_low_11493_11493_1133,1783960440,2026-07-13,11,34,low,move,1.2175939083099365,2.0,1.828155755996704,2.0,2.99810791015625,2.0,3.735933542251587,2.0
ghost_trace_low_11494_11494_1134,1783960500,2026-07-13,11,35,low,move,1.300657868385315,1.0,1.8399386405944824,1.0,2.9620275497436523,1.0,3.9151313304901123,1.0
ghost_trace_low_11495_11495_1135,1783960560,2026-07-13,11,36,low,move,1.3479282855987549,0.0,1.7734731435775757,0.0,2.9501469135284424,0.0,3.833482503890991,0.0
ghost_trace_high_11545_11529_1136,1783963560,2026-07-13,12,26,high,appearance,1.1339787244796753,0.0,1.7128795385360718,0.0,2.6373579502105713,0.0,3.7705817222595215,0.0
ghost_trace_low_11695_11677_1137,1783972560,2026-07-13,14,56,low,appearance,1.1309903860092163,0.0,1.5176554918289185,0.0,2.756405830383301,0.0,3.6703951358795166,0.0
ghost_trace_low_11716_11716_1138,1783973820,2026-07-13,15,17,low,move,1.0912466049194336,0.0,1.54969322681427,0.0,2.836390495300293,0.0,3.4817678928375244,0.0
ghost_trace_low_11748_11716_1139,1783975740,2026-07-13,15,49,low,appearance,1.11049485206604,0.0,1.5608564615249634,0.0,2.726106643676758,0.0,3.5493340492248535,0.0
ghost_trace_high_11766_11759_1140,1783980420,2026-07-13,17,7,high,appearance,0.9792730808258057,0.0,1.4961503744125366,0.0,2.256924629211426,0.0,3.2562739849090576,0.0
ghost_trace_low_11809_11797_1141,1783983000,2026-07-13,17,50,low,appearance,0.9705060124397278,2.0,1.6724680662155151,4.0,2.2724461555480957,6.0,3.4026429653167725,7.0
ghost_trace_low_11811_11811_1142,1783983120,2026-07-13,17,52,low,move,1.0968332290649414,3.0,1.7059088945388794,4.0,2.432263135910034,5.0,3.3888964653015137,6.0
ghost_trace_low_11812_11812_1143,1783983180,2026-07-13,17,53,low,move,1.143758773803711,3.0,1.7286829948425293,3.0,2.6106061935424805,4.0,3.4581589698791504,5.0
ghost_trace_low_11813_11813_1144,1783983240,2026-07-13,17,54,low,move,1.2247670888900757,2.0,1.7948609590530396,2.0,2.652806282043457,4.0,3.315788745880127,4.0
ghost_trace_low_11814_11814_1145,1783983300,2026-07-13,17,55,low,move,1.2974077463150024,1.0,1.8418354988098145,2.0,2.762227773666382,3.0,3.412576675415039,3.0
ghost_trace_low_11815_11815_1146,1783983360,2026-07-13,17,56,low,move,1.3235187530517578,0.0,1.8588687181472778,1.0,2.805840492248535,2.0,3.4275801181793213,2.0
ghost_trace_low_11819_11819_1147,1783983600,2026-07-13,18,0,low,move,1.3181641101837158,0.0,1.8527717590332031,1.0,2.7866878509521484,1.0,3.4461724758148193,2.0
ghost_trace_low_11823_11823_1148,1783983840,2026-07-13,18,4,low,move,1.3502442836761475,0.0,1.7754038572311401,0.0,2.809685468673706,1.0,3.4521846771240234,1.0
ghost_trace_low_11831_11831_1149,1783984320,2026-07-13,18,12,low,move,1.291259765625,0.0,1.7703237533569336,0.0,2.775398015975952,0.0,3.489388942718506,0.0
ghost_trace_low_11848_11848_1150,1783985340,2026-07-13,18,29,low,move,1.235905647277832,3.0,1.7501764297485352,4.0,2.78570556640625,4.0,3.6744298934936523,8.0
ghost_trace_low_11849_11849_1151,1783985400,2026-07-13,18,30,low,move,1.267911672592163,3.0,1.5997629165649414,3.0,2.7471415996551514,3.0,3.4960227012634277,8.0
ghost_trace_low_11850_11850_1152,1783985460,2026-07-13,18,31,low,move,1.2417012453079224,2.0,1.6347696781158447,2.0,2.7892744541168213,3.0,3.5563666820526123,7.0
ghost_trace_low_11851_11851_1153,1783985520,2026-07-13,18,32,low,move,1.2515136003494263,1.0,1.6154590845108032,1.0,2.762115001678467,3.0,3.5311331748962402,6.0
ghost_trace_low_11852_11852_1154,1783985580,2026-07-13,18,33,low,move,1.2630666494369507,0.0,1.603627324104309,0.0,2.7423996925354004,3.0,3.479792833328247,5.0
ghost_trace_low_11860_11860_1155,1783986060,2026-07-13,18,41,low,move,1.2555562257766724,3.0,1.6044244766235352,4.0,2.719413995742798,4.0,3.4042298793792725,4.0
ghost_trace_low_11861_11861_1156,1783986120,2026-07-13,18,42,low,move,1.175007939338684,3.0,1.5068461894989014,3.0,2.7972726821899414,3.0,3.268096923828125,3.0
ghost_trace_low_11862_11862_1157,1783986180,2026-07-13,18,43,low,move,1.1586649417877197,2.0,1.519952416419983,2.0,2.78458309173584,2.0,3.2451186180114746,2.0
ghost_trace_low_11863_11863_1158,1783986240,2026-07-13,18,44,low,move,1.148700475692749,1.0,1.5441722869873047,1.0,2.7501955032348633,1.0,3.296283006668091,1.0
ghost_trace_low_11864_11864_1159,1783986300,2026-07-13,18,45,low,move,1.1089280843734741,0.0,1.559241771697998,0.0,2.727623224258423,0.0,3.5507421493530273,0.0
ghost_trace_low_11887_11887_1160,1783987680,2026-07-13,19,8,low,move,1.0637781620025635,0.0,1.4793100357055664,0.0,2.7267959117889404,0.0,3.5362579822540283,0.0
ghost_trace_high_11937_11937_1161,1783990680,2026-07-13,19,58,high,appearance,1.026610016822815,0.0,1.446771264076233,2.0,2.5230636596679688,2.0,3.44443941116333,2.0
ghost_trace_high_11941_11941_1162,1783990920,2026-07-13,20,2,high,move,1.2039477825164795,1.0,1.659207820892334,1.0,2.6452019214630127,1.0,3.574051856994629,1.0
ghost_trace_high_11942_11942_1163,1783990980,2026-07-13,20,3,high,move,1.303166389465332,0.0,1.7645864486694336,0.0,2.7326161861419678,0.0,3.5180258750915527,0.0
ghost_trace_low_11992_11980_1164,1783993980,2026-07-13,20,53,low,appearance,1.041210651397705,1.0,1.6937533617019653,1.0,2.526601552963257,3.0,3.15269136428833,3.0
ghost_trace_low_11995_11995_1165,1783994160,2026-07-13,20,56,low,move,1.0778995752334595,1.0,1.645882248878479,2.0,2.479322910308838,2.0,2.9073588848114014,2.0
ghost_trace_low_11998_11998_1166,1783994340,2026-07-13,20,59,low,move,1.051072120666504,1.0,1.6816949844360352,1.0,2.4923572540283203,1.0,2.9026801586151123,3.0
ghost_trace_low_11999_11999_1167,1783994400,2026-07-13,21,0,low,move,1.0270090103149414,0.0,1.7116479873657227,0.0,2.520789623260498,0.0,2.9080007076263428,3.0
ghost_trace_low_12012_12012_1168,1783995180,2026-07-13,21,13,low,move,1.150153398513794,2.0,1.426884412765503,4.0,3.0166194438934326,8.0,3.1008007526397705,11.0
ghost_trace_low_12013_12013_1169,1783995240,2026-07-13,21,14,low,move,1.1334137916564941,2.0,1.3402384519577026,4.0,2.751260995864868,8.0,2.9461567401885986,10.0
ghost_trace_low_12014_12014_1170,1783995300,2026-07-13,21,15,low,move,1.1594594717025757,2.0,1.247191071510315,4.0,2.7325661182403564,8.0,2.8691272735595703,9.0
ghost_trace_low_12016_12016_1171,1783995420,2026-07-13,21,17,low,move,1.1501493453979492,3.0,1.1817009449005127,4.0,2.711836814880371,8.0,2.7916524410247803,8.0
ghost_trace_low_12017_12017_1172,1783995480,2026-07-13,21,18,low,move,1.1598776578903198,3.0,1.1598776578903198,4.0,2.7262508869171143,7.0,2.733130693435669,7.0
ghost_trace_low_12018_12018_1173,1783995540,2026-07-13,21,19,low,move,1.1397985219955444,2.0,1.1397985219955444,4.0,2.6736297607421875,6.0,2.6736297607421875,7.0
ghost_trace_low_12019_12019_1174,1783995600,2026-07-13,21,20,low,move,1.1235418319702148,2.0,1.1235418319702148,4.0,2.663851261138916,5.0,2.663851261138916,7.0
ghost_trace_low_12020_12020_1175,1783995660,2026-07-13,21,21,low,move,1.1171444654464722,2.0,1.1171444654464722,3.0,2.681614398956299,4.0,2.681614398956299,6.0
ghost_trace_low_12022_12022_1176,1783995780,2026-07-13,21,23,low,move,1.0675758123397827,2.0,1.0675758123397827,3.0,2.6020359992980957,3.0,2.6512954235076904,5.0
ghost_trace_low_12023_12023_1177,1783995840,2026-07-13,21,24,low,move,1.043850302696228,2.0,1.043850302696228,2.0,2.596508026123047,3.0,2.6595916748046875,4.0
ghost_trace_low_12024_12024_1178,1783995900,2026-07-13,21,25,low,move,1.0313087701797485,1.0,1.0313087701797485,1.0,2.587172031402588,3.0,2.683211326599121,3.0
ghost_trace_low_12026_12026_1179,1783996020,2026-07-13,21,27,low,move,1.0112627744674683,0.0,1.0112627744674683,0.0,2.556776523590088,2.0,2.700291633605957,2.0
ghost_trace_low_12033_12033_1180,1783996440,2026-07-13,21,34,low,move,0.9779148101806641,1.0,0.9779148101806641,1.0,2.555058002471924,1.0,2.879866361618042,1.0
ghost_trace_low_12034_12034_1181,1783996500,2026-07-13,21,35,low,move,0.9501432180404663,0.0,0.9501432180404663,0.0,2.5437934398651123,0.0,2.9242427349090576,0.0
ghost_trace_low_12062_12062_1182,1783998180,2026-07-13,22,3,low,move,1.0230740308761597,1.0,1.0230740308761597,2.0,2.672682285308838,7.0,2.8055427074432373,10.0
ghost_trace_low_12063_12063_1183,1783998240,2026-07-13,22,4,low,move,1.0384142398834229,0.0,1.0384142398834229,2.0,2.6006956100463867,7.0,2.8207051753997803,9.0
ghost_trace_low_12067_12067_1184,1783998480,2026-07-13,22,8,low,move,1.070057988166809,3.0,1.070057988166809,5.0,2.6369166374206543,8.0,2.8470757007598877,9.0
ghost_trace_low_12068_12068_1185,1783998540,2026-07-13,22,9,low,move,1.0633769035339355,3.0,1.0633769035339355,5.0,2.6231062412261963,7.0,2.8474087715148926,8.0
ghost_trace_low_12069_12069_1186,1783998600,2026-07-13,22,10,low,move,1.0707453489303589,3.0,1.0707453489303589,5.0,2.6552882194519043,6.0,2.9997870922088623,7.0
ghost_trace_low_12070_12070_1187,1783998660,2026-07-13,22,11,low,move,1.0913691520690918,3.0,1.0913691520690918,4.0,2.6856842041015625,6.0,3.1088814735412598,6.0
ghost_trace_low_12071_12071_1188,1783998720,2026-07-13,22,12,low,move,1.0928539037704468,3.0,1.0928539037704468,4.0,2.7079224586486816,5.0,3.0865020751953125,5.0
ghost_trace_low_12072_12072_1189,1783998780,2026-07-13,22,13,low,move,1.1239473819732666,2.0,1.1239473819732666,3.0,2.7666778564453125,4.0,3.0272622108459473,4.0
ghost_trace_low_12073_12073_1190,1783998840,2026-07-13,22,14,low,move,1.119675874710083,2.0,1.119675874710083,2.0,2.7957167625427246,3.0,3.0292110443115234,3.0
ghost_trace_low_12074_12074_1191,1783998900,2026-07-13,22,15,low,move,1.1218860149383545,1.0,1.1218860149383545,1.0,2.8687713146209717,2.0,2.9333574771881104,2.0
ghost_trace_low_12076_12076_1192,1783999020,2026-07-13,22,17,low,move,1.141158103942871,0.0,1.141158103942871,1.0,3.0336289405822754,1.0,3.0336289405822754,1.0
ghost_trace_low_12080_12080_1193,1783999260,2026-07-13,22,21,low,move,0.9740242958068848,0.0,1.1799973249435425,0.0,2.8894267082214355,0.0,2.9732823371887207,0.0
ghost_trace_high_12130_12123_1194,1784002260,2026-07-13,23,11,high,appearance,0.5760817527770996,0.0,1.06441068649292,0.0,2.3516876697540283,0.0,2.9876558780670166,0.0
ghost_trace_high_12146_12146_1195,1784003220,2026-07-13,23,27,high,move,0.6038966774940491,1.0,1.1430325508117676,1.0,2.379063606262207,6.0,3.1800312995910645,8.0
ghost_trace_high_12149_12149_1196,1784003400,2026-07-13,23,30,high,move,0.6297886371612549,1.0,1.287180781364441,3.0,2.522953748703003,7.0,3.1939570903778076,7.0
ghost_trace_high_12152_12152_1197,1784003580,2026-07-13,23,33,high,move,0.7053505182266235,3.0,1.3989033699035645,5.0,2.547031879425049,6.0,3.3778209686279297,9.0
ghost_trace_high_12153_12153_1198,1784003640,2026-07-13,23,34,high,move,0.77213054895401,3.0,1.4680417776107788,5.0,2.5680527687072754,5.0,3.4600069522857666,9.0
ghost_trace_high_12154_12154_1199,1784003700,2026-07-13,23,35,high,move,0.8325609564781189,3.0,1.5092837810516357,4.0,2.5946879386901855,4.0,3.454105854034424,9.0
ghost_trace_high_12155_12155_1200,1784003760,2026-07-13,23,36,high,move,0.8599557280540466,3.0,1.5361673831939697,3.0,2.6156797409057617,4.0,3.4550819396972656,8.0
ghost_trace_high_12156_12156_1201,1784003820,2026-07-13,23,37,high,move,0.8938238620758057,2.0,1.5523598194122314,2.0,2.698331117630005,4.0,3.386902332305908,7.0
ghost_trace_high_12157_12157_1202,1784003880,2026-07-13,23,38,high,move,0.910759449005127,1.0,1.5599786043167114,1.0,2.7197837829589844,4.0,3.3933029174804688,6.0
ghost_trace_high_12158_12158_1203,1784003940,2026-07-13,23,39,high,move,0.9274073839187622,0.0,1.5658109188079834,0.0,2.7169456481933594,4.0,3.3803181648254395,5.0
ghost_trace_high_12165_12165_1204,1784004360,2026-07-13,23,46,high,move,0.9803669452667236,3.0,1.6947628259658813,4.0,2.7496540546417236,5.0,3.454371690750122,6.0
ghost_trace_high_12166_12166_1205,1784004420,2026-07-13,23,47,high,move,1.0039165019989014,3.0,1.6895538568496704,3.0,2.8204450607299805,4.0,3.5001916885375977,5.0
ghost_trace_high_12167_12167_1206,1784004480,2026-07-13,23,48,high,move,1.017348289489746,2.0,1.682809591293335,2.0,2.786778688430786,3.0,3.5265705585479736,4.0
ghost_trace_high_12168_12168_1207,1784004540,2026-07-13,23,49,high,move,1.0227947235107422,1.0,1.6735913753509521,1.0,2.771303415298462,3.0,3.5461716651916504,3.0
ghost_trace_high_12169_12169_1208,1784004600,2026-07-13,23,50,high,move,1.03899347782135,0.0,1.669440746307373,1.0,2.755311965942383,2.0,3.5632262229919434,3.0
ghost_trace_high_12174_12174_1209,1784004900,2026-07-13,23,55,high,move,1.0378260612487793,0.0,1.598972201347351,1.0,2.690725803375244,2.0,3.5205235481262207,4.0
ghost_trace_high_12178_12178_1210,1784005140,2026-07-13,23,59,high,move,1.0259560346603394,0.0,1.6205130815505981,0.0,2.7676234245300293,3.0,3.63006854057312,4.0
ghost_trace_high_12184_12184_1211,1784005500,2026-07-14,0,5,high,move,0.9833193421363831,1.0,1.5772881507873535,2.0,2.6589996814727783,4.0,3.6998941898345947,6.0
ghost_trace_high_12186_12186_1212,1784005620,2026-07-14,0,7,high,move,1.041274070739746,1.0,1.6816359758377075,1.0,2.7567138671875,3.0,3.8283960819244385,7.0
ghost_trace_high_12188_12188_1213,1784005740,2026-07-14,0,9,high,move,1.0729838609695435,0.0,1.7018049955368042,1.0,2.71757435798645,3.0,3.935166358947754,8.0
ghost_trace_high_12193_12193_1214,1784006040,2026-07-14,0,14,high,move,1.0910736322402954,1.0,1.7314096689224243,2.0,2.7963144779205322,7.0,4.006864547729492,10.0
ghost_trace_high_12194_12194_1215,1784006100,2026-07-14,0,15,high,move,1.1153931617736816,1.0,1.724696397781372,2.0,2.8220980167388916,7.0,4.030797958374023,10.0
ghost_trace_high_12197_12197_1216,1784006280,2026-07-14,0,18,high,move,1.1154764890670776,2.0,1.6720119714736938,4.0,2.829430103302002,8.0,3.922994613647461,10.0
ghost_trace_high_12199_12199_1217,1784006400,2026-07-14,0,20,high,move,1.1435757875442505,3.0,1.7081804275512695,5.0,2.7790615558624268,8.0,3.913625717163086,9.0
ghost_trace_high_12200_12200_1218,1784006460,2026-07-14,0,21,high,move,0.9360377192497253,3.0,1.7254315614700317,5.0,2.4117588996887207,8.0,3.9381213188171387,8.0
ghost_trace_high_12201_12201_1219,1784006520,2026-07-14,0,22,high,move,1.1140912771224976,3.0,1.6678763628005981,5.0,2.568967819213867,7.0,3.720830202102661,7.0
ghost_trace_high_12202_12202_1220,1784006580,2026-07-14,0,23,high,move,1.3042975664138794,3.0,1.7132490873336792,4.0,2.69858980178833,6.0,3.8251166343688965,6.0
ghost_trace_high_12203_12203_1221,1784006640,2026-07-14,0,24,high,move,1.3984065055847168,3.0,1.7491223812103271,3.0,2.7523539066314697,5.0,3.848416328430176,5.0
ghost_trace_high_12204_12204_1222,1784006700,2026-07-14,0,25,high,move,1.446796178817749,2.0,1.775215744972229,3.0,2.7454638481140137,4.0,3.948512077331543,4.0
ghost_trace_high_12205_12205_1223,1784006760,2026-07-14,0,26,high,move,1.4759026765823364,1.0,1.8193585872650146,3.0,2.746649742126465,3.0,4.082756996154785,3.0
ghost_trace_high_12206_12206_1224,1784006820,2026-07-14,0,27,high,move,1.4825571775436401,1.0,1.8310920000076294,2.0,2.7088701725006104,2.0,4.118221282958984,2.0
ghost_trace_high_12209_12209_1225,1784007000,2026-07-14,0,30,high,move,1.4024412631988525,1.0,1.837414264678955,1.0,2.6087913513183594,1.0,3.984116792678833,1.0
ghost_trace_high_12210_12210_1226,1784007060,2026-07-14,0,31,high,move,1.388468623161316,0.0,1.7973966598510742,0.0,2.584563970565796,0.0,3.8119966983795166,0.0
ghost_trace_high_12252_12252_1227,1784009580,2026-07-14,1,13,high,move,1.295081615447998,1.0,1.6998248100280762,2.0,2.7162816524505615,3.0,3.536579132080078,3.0
ghost_trace_high_12254_12254_1228,1784009700,2026-07-14,1,15,high,move,1.3629565238952637,1.0,1.6023715734481812,2.0,2.9135892391204834,2.0,3.3742265701293945,2.0
ghost_trace_high_12257_12257_1229,1784009880,2026-07-14,1,18,high,move,1.2890784740447998,1.0,1.5554206371307373,1.0,2.7104721069335938,1.0,3.2677414417266846,1.0
ghost_trace_high_12258_12258_1230,1784009940,2026-07-14,1,19,high,move,1.2203454971313477,0.0,1.5292167663574219,0.0,2.6121716499328613,0.0,3.2036423683166504,0.0
ghost_trace_low_12308_12299_1231,1784012940,2026-07-14,2,9,low,appearance,1.029789924621582,0.0,1.3247071504592896,0.0,2.345808267593384,0.0,2.89487624168396,0.0
ghost_trace_high_12349_12326_1232,1784015400,2026-07-14,2,50,high,appearance,1.043761968612671,0.0,1.2691926956176758,0.0,2.067094564437866,0.0,2.8996682167053223,0.0
ghost_trace_high_12386_12386_1233,1784017620,2026-07-14,3,27,high,move,1.0458637475967407,0.0,1.253308653831482,0.0,2.0163068771362305,2.0,3.1233997344970703,2.0
ghost_trace_high_12395_12395_1234,1784018160,2026-07-14,3,36,high,move,1.0758942365646362,1.0,1.2332004308700562,1.0,2.1124448776245117,1.0,3.13619065284729,1.0
ghost_trace_high_12396_12396_1235,1784018220,2026-07-14,3,37,high,move,1.131238341331482,0.0,1.2341115474700928,0.0,2.133963108062744,0.0,3.301992654800415,0.0
ghost_trace_high_12416_12396_1236,1784019420,2026-07-14,3,57,high,appearance,1.0857311487197876,0.0,1.2304456233978271,0.0,2.0761427879333496,0.0,3.3863890171051025,0.0
ghost_trace_low_12446_12419_1237,1784021220,2026-07-14,4,27,low,appearance,1.0200200080871582,0.0,1.0597854852676392,0.0,2.0320651531219482,0.0,2.830580472946167,0.0
ghost_trace_low_12550_12550_1238,1784027460,2026-07-14,6,11,low,move,1.0965783596038818,1.0,1.1216955184936523,1.0,2.1633923053741455,1.0,2.7230379581451416,1.0
ghost_trace_low_12551_12551_1239,1784027520,2026-07-14,6,12,low,move,1.1008632183074951,0.0,1.1970481872558594,0.0,2.175420045852661,0.0,2.6765940189361572,0.0
ghost_trace_high_12601_12567_1240,1784030520,2026-07-14,7,2,high,appearance,0.8857756853103638,0.0,1.243044137954712,0.0,1.6183855533599854,0.0,2.6618199348449707,0.0
ghost_trace_low_12617_12610_1241,1784031480,2026-07-14,7,18,low,appearance,0.9354434013366699,0.0,1.2139286994934082,0.0,1.8270769119262695,0.0,2.547205686569214,0.0
ghost_trace_high_12660_12630_1242,1784034060,2026-07-14,8,1,high,appearance,0.6311967968940735,0.0,1.018043041229248,0.0,1.7261837720870972,0.0,2.0753331184387207,0.0
ghost_trace_low_12680_12679_1243,1784035260,2026-07-14,8,21,low,appearance,0.7082638740539551,0.0,0.9702598452568054,0.0,1.5178537368774414,1.0,3.2687320709228516,4.0
ghost_trace_low_12690_12690_1244,1784035860,2026-07-14,8,31,low,move,0.8377621173858643,2.0,0.9988170862197876,3.0,1.6712219715118408,3.0,3.4686732292175293,3.0
ghost_trace_low_12692_12692_1245,1784035980,2026-07-14,8,33,low,move,1.0235587358474731,2.0,1.0967206954956055,2.0,2.000459909439087,2.0,3.3718395233154297,2.0
ghost_trace_low_12693_12693_1246,1784036040,2026-07-14,8,34,low,move,1.166207194328308,1.0,1.3275490999221802,1.0,2.3250486850738525,1.0,3.0254602432250977,1.0
ghost_trace_low_12694_12694_1247,1784036100,2026-07-14,8,35,low,move,1.2359358072280884,0.0,1.4310557842254639,0.0,2.490386962890625,0.0,3.179084062576294,0.0
ghost_trace_low_12724_12724_1248,1784037900,2026-07-14,9,5,low,move,1.2063136100769043,0.0,1.5434461832046509,1.0,2.420679807662964,2.0,3.4714322090148926,3.0
ghost_trace_low_12728_12728_1249,1784038140,2026-07-14,9,9,low,move,1.1635284423828125,0.0,1.4958750009536743,0.0,2.3656575679779053,2.0,3.648568868637085,2.0
ghost_trace_low_12734_12734_1250,1784038500,2026-07-14,9,15,low,move,1.1937936544418335,1.0,1.530805230140686,1.0,2.2088801860809326,1.0,3.7201147079467773,1.0
ghost_trace_low_12735_12735_1251,1784038560,2026-07-14,9,16,low,move,1.2566606998443604,0.0,1.5376418828964233,0.0,2.2763688564300537,0.0,3.672790050506592,0.0
ghost_trace_high_12785_12783_1252,1784041560,2026-07-14,10,6,high,appearance,1.2752491235733032,2.0,1.5438828468322754,3.0,2.0401558876037598,4.0,4.131003379821777,5.0
ghost_trace_high_12787_12787_1253,1784041680,2026-07-14,10,8,high,move,1.2562165260314941,2.0,1.7101008892059326,2.0,2.0450806617736816,3.0,4.294508934020996,5.0
ghost_trace_high_12788_12788_1254,1784041740,2026-07-14,10,9,high,move,1.254363775253296,1.0,1.860746145248413,1.0,2.111510992050171,2.0,4.336949825286865,5.0
ghost_trace_high_12789_12789_1255,1784041800,2026-07-14,10,10,high,move,1.2497634887695312,0.0,1.9276809692382812,1.0,2.169175863265991,1.0,4.214011192321777,4.0
ghost_trace_high_12794_12794_1256,1784042100,2026-07-14,10,15,high,move,1.260091781616211,0.0,1.9305251836776733,0.0,2.267193078994751,3.0,4.051708698272705,7.0
ghost_trace_high_12800_12800_1257,1784042460,2026-07-14,10,21,high,move,1.3168059587478638,2.0,1.9732117652893066,3.0,2.3259668350219727,6.0,3.917551040649414,6.0
ghost_trace_high_12801_12801_1258,1784042520,2026-07-14,10,22,high,move,1.3234997987747192,1.0,1.9896492958068848,2.0,2.3354783058166504,5.0,3.852860450744629,5.0
ghost_trace_high_12803_12803_1259,1784042640,2026-07-14,10,24,high,move,1.1439043283462524,1.0,1.9799458980560303,3.0,2.457834482192993,4.0,3.595663547515869,4.0
ghost_trace_high_12805_12805_1260,1784042760,2026-07-14,10,26,high,move,1.1236802339553833,2.0,1.95260488986969,3.0,2.485440731048584,3.0,3.4592349529266357,3.0
ghost_trace_high_12807_12807_1261,1784042880,2026-07-14,10,28,high,move,1.111082911491394,2.0,1.9253324270248413,2.0,2.4834563732147217,2.0,3.421722173690796,2.0
ghost_trace_high_12808_12808_1262,1784042940,2026-07-14,10,29,high,move,1.1203113794326782,1.0,1.9379619359970093,1.0,2.451939344406128,1.0,3.439964771270752,1.0
ghost_trace_high_12809_12809_1263,1784043000,2026-07-14,10,30,high,move,1.1396360397338867,0.0,1.9399415254592896,0.0,2.4264097213745117,0.0,3.559788942337036,0.0
ghost_trace_low_12859_12854_1264,1784046000,2026-07-14,11,20,low,appearance,1.074527382850647,0.0,1.8824270963668823,0.0,2.5912394523620605,0.0,3.1838107109069824,0.0
ghost_trace_high_12904_12901_1265,1784048700,2026-07-14,12,5,high,appearance,1.11187744140625,1.0,1.6121985912322998,3.0,2.516092300415039,4.0,3.23986554145813,4.0
ghost_trace_high_12907_12907_1266,1784048880,2026-07-14,12,8,high,move,1.1045321226119995,3.0,1.537358045578003,3.0,2.535917282104492,3.0,3.6421196460723877,6.0
ghost_trace_high_12908_12908_1267,1784048940,2026-07-14,12,9,high,move,1.1566390991210938,2.0,1.359754204750061,2.0,2.373687982559204,2.0,3.8641858100891113,6.0
ghost_trace_high_12909_12909_1268,1784049000,2026-07-14,12,10,high,move,1.1436591148376465,1.0,1.242940902709961,1.0,2.2377257347106934,1.0,3.9901552200317383,5.0
ghost_trace_high_12910_12910_1269,1784049060,2026-07-14,12,11,high,move,1.1353158950805664,0.0,1.181934118270874,0.0,2.1598470211029053,1.0,4.065300464630127,4.0
ghost_trace_high_12920_12920_1270,1784049660,2026-07-14,12,21,high,move,1.126217246055603,3.0,1.159341812133789,3.0,2.10547137260437,4.0,4.092409133911133,4.0
ghost_trace_high_12921_12921_1271,1784049720,2026-07-14,12,22,high,move,1.1123628616333008,2.0,1.20572030544281,3.0,2.254112720489502,3.0,4.02337646484375,3.0
ghost_trace_high_12922_12922_1272,1784049780,2026-07-14,12,23,high,move,1.1540056467056274,1.0,1.2011992931365967,2.0,2.2250185012817383,2.0,4.0844902992248535,2.0
ghost_trace_high_12923_12923_1273,1784049840,2026-07-14,12,24,high,move,1.1777119636535645,1.0,1.1909496784210205,1.0,2.275538682937622,1.0,4.09425163269043,1.0
ghost_trace_high_12926_12926_1274,1784050020,2026-07-14,12,27,high,move,1.1074330806732178,0.0,1.233396053314209,0.0,2.290717840194702,0.0,4.082736968994141,0.0
ghost_trace_high_12963_12963_1275,1784052240,2026-07-14,13,4,high,move,1.032684326171875,0.0,1.3097877502441406,0.0,2.318725109100342,1.0,3.798795700073242,2.0
ghost_trace_high_12972_12972_1276,1784052780,2026-07-14,13,13,high,move,1.0802338123321533,1.0,1.4439526796340942,1.0,2.1560802459716797,1.0,3.8896965980529785,1.0
ghost_trace_high_12974_12974_1277,1784052900,2026-07-14,13,15,high,move,1.0868357419967651,0.0,1.4271703958511353,0.0,2.072763204574585,0.0,4.061786651611328,0.0
ghost_trace_low_13024_13023_1278,1784055900,2026-07-14,14,5,low,appearance,1.041735053062439,1.0,1.247551679611206,1.0,1.9845080375671387,1.0,3.7133822441101074,1.0
ghost_trace_low_13026_13026_1279,1784056020,2026-07-14,14,7,low,move,1.0215299129486084,0.0,1.3655593395233154,0.0,2.297717571258545,0.0,3.5301804542541504,0.0
ghost_trace_low_13049_13049_1280,1784057400,2026-07-14,14,30,low,move,1.011847972869873,1.0,1.5241291522979736,1.0,2.5167312622070312,1.0,3.2913222312927246,1.0
ghost_trace_low_13050_13050_1281,1784057460,2026-07-14,14,31,low,move,1.0719046592712402,0.0,1.5999232530593872,0.0,2.4500675201416016,0.0,3.4728479385375977,0.0
ghost_trace_high_13100_13072_1282,1784060460,2026-07-14,15,21,high,appearance,0.8507096171379089,0.0,1.429793119430542,0.0,2.2672979831695557,0.0,3.425814151763916,0.0
ghost_trace_low_13189_13150_1283,1784069400,2026-07-14,17,50,low,appearance,0.9983197450637817,0.0,1.4568595886230469,0.0,2.019320011138916,0.0,3.343691349029541,1.0
ghost_trace_high_13200_13163_1284,1784070060,2026-07-14,18,1,high,appearance,1.032732367515564,0.0,1.5360158681869507,0.0,2.1224679946899414,0.0,3.243992805480957,1.0
ghost_trace_high_13213_13213_1285,1784070840,2026-07-14,18,14,high,move,1.1268064975738525,0.0,1.699262022972107,0.0,2.2355706691741943,2.0,3.5340354442596436,4.0
ghost_trace_high_13220_13220_1286,1784071260,2026-07-14,18,21,high,move,1.1973369121551514,1.0,1.8025918006896973,2.0,2.3461248874664307,5.0,3.787104606628418,5.0
ghost_trace_high_13223_13223_1287,1784071440,2026-07-14,18,24,high,move,1.284993052482605,1.0,1.8073686361312866,2.0,2.4960217475891113,4.0,3.900179147720337,4.0
ghost_trace_high_13224_13224_1288,1784071500,2026-07-14,18,25,high,move,1.1758564710617065,0.0,1.8496586084365845,2.0,2.390416383743286,3.0,4.215298175811768,3.0
ghost_trace_high_13228_13228_1289,1784071740,2026-07-14,18,29,high,move,1.1108949184417725,2.0,1.7994524240493774,2.0,2.4963440895080566,2.0,3.834122657775879,2.0
ghost_trace_high_13229_13229_1290,1784071800,2026-07-14,18,30,high,move,0.8829046487808228,1.0,1.7232643365859985,1.0,2.678169012069702,1.0,3.7752268314361572,1.0
ghost_trace_high_13230_13230_1291,1784071860,2026-07-14,18,31,high,move,0.8783249855041504,0.0,1.6503019332885742,0.0,2.71714448928833,0.0,3.941960334777832,0.0
ghost_trace_high_13251_13251_1292,1784073120,2026-07-14,18,52,high,move,1.074833631515503,1.0,1.5218204259872437,2.0,2.7499594688415527,2.0,3.8167002201080322,2.0
ghost_trace_high_13253_13253_1293,1784073240,2026-07-14,18,54,high,move,1.193101167678833,1.0,1.5549964904785156,1.0,2.596632480621338,1.0,3.9508471488952637,1.0
ghost_trace_high_13256_13256_1294,1784073420,2026-07-14,18,57,high,move,1.2067004442214966,0.0,1.5933314561843872,0.0,2.590604305267334,0.0,3.927354335784912,0.0
ghost_trace_high_13272_13272_1295,1784074380,2026-07-14,19,13,high,move,1.1604273319244385,0.0,1.62015700340271,1.0,2.595198631286621,2.0,4.00775146484375,2.0
ghost_trace_high_13277_13277_1296,1784074680,2026-07-14,19,18,high,move,1.1117854118347168,1.0,1.6237659454345703,1.0,2.3585550785064697,1.0,4.193235874176025,1.0
ghost_trace_high_13279_13279_1297,1784074800,2026-07-14,19,20,high,move,0.9974952340126038,0.0,1.6304782629013062,0.0,2.31221866607666,0.0,3.9610435962677,0.0
ghost_trace_low_13329_13302_1298,1784077800,2026-07-14,20,10,low,appearance,0.9516307711601257,0.0,1.4261778593063354,0.0,2.2814860343933105,0.0,3.3152294158935547,0.0
ghost_trace_high_13501_13496_1299,1784088120,2026-07-14,23,2,high,appearance,0.995276689529419,0.0,1.4579862356185913,0.0,2.066084861755371,0.0,3.3016536235809326,0.0
ghost_trace_low_13546_13529_1300,1784090820,2026-07-14,23,47,low,appearance,1.0057486295700073,0.0,1.3557183742523193,0.0,2.0008723735809326,0.0,2.979254961013794,0.0
ghost_trace_high_13579_13559_1301,1784092800,2026-07-15,0,20,high,appearance,1.0563069581985474,0.0,1.237403392791748,0.0,1.8506194353103638,0.0,2.886340379714966,0.0
ghost_trace_low_13609_13590_1302,1784094600,2026-07-15,0,50,low,appearance,0.93280029296875,0.0,1.1513808965682983,0.0,1.7631257772445679,0.0,2.6378278732299805,0.0
ghost_trace_high_13640_13627_1303,1784096460,2026-07-15,1,21,high,appearance,1.1173152923583984,0.0,1.1173152923583984,0.0,1.8334922790527344,0.0,2.5670065879821777,0.0
ghost_trace_low_13677_13650_1304,1784098680,2026-07-15,1,58,low,appearance,0.9954169392585754,1.0,1.019696831703186,1.0,1.6736681461334229,1.0,2.5597846508026123,1.0
ghost_trace_low_13680_13680_1305,1784098860,2026-07-15,2,1,low,move,1.0491490364074707,0.0,1.0555076599121094,0.0,1.8395276069641113,0.0,2.6133477687835693,0.0
ghost_trace_low_13700_13700_1306,1784100060,2026-07-15,2,21,low,move,1.0803498029708862,2.0,1.0803498029708862,4.0,2.0605993270874023,5.0,2.710476875305176,5.0
ghost_trace_low_13701_13701_1307,1784100120,2026-07-15,2,22,low,move,1.1204135417938232,2.0,1.1204135417938232,4.0,2.163879871368408,4.0,2.793231725692749,4.0
ghost_trace_low_13703_13703_1308,1784100240,2026-07-15,2,24,low,move,1.13848078250885,3.0,1.13848078250885,3.0,2.2618825435638428,3.0,2.866183042526245,3.0
ghost_trace_low_13704_13704_1309,1784100300,2026-07-15,2,25,low,move,1.182962417602539,2.0,1.182962417602539,2.0,2.3466312885284424,2.0,2.8676657676696777,2.0
ghost_trace_low_13705_13705_1310,1784100360,2026-07-15,2,26,low,move,1.1758003234863281,1.0,1.1758003234863281,1.0,2.317139148712158,1.0,2.8741374015808105,1.0
ghost_trace_low_13706_13706_1311,1784100420,2026-07-15,2,27,low,move,1.088620901107788,0.0,1.1235963106155396,0.0,2.10758376121521,0.0,2.8476295471191406,0.0
ghost_trace_low_13734_13706_1312,1784102100,2026-07-15,2,55,low,appearance,0.9950504302978516,0.0,0.998079776763916,0.0,1.8103673458099365,1.0,2.7258143424987793,2.0
ghost_trace_low_13743_13743_1313,1784102640,2026-07-15,3,4,low,move,0.9594018459320068,0.0,1.0911418199539185,0.0,2.0245683193206787,4.0,2.752418041229248,7.0
ghost_trace_low_13749_13749_1314,1784103000,2026-07-15,3,10,low,move,1.0162066221237183,3.0,1.1302032470703125,4.0,2.0618014335632324,6.0,2.855308771133423,10.0
ghost_trace_low_13750_13750_1315,1784103060,2026-07-15,3,11,low,move,1.0355584621429443,2.0,1.196631669998169,4.0,2.1821722984313965,6.0,2.9259495735168457,9.0
ghost_trace_low_13751_13751_1316,1784103120,2026-07-15,3,12,low,move,1.1011313199996948,2.0,1.2254881858825684,3.0,2.1795401573181152,6.0,3.0700976848602295,8.0
ghost_trace_low_13752_13752_1317,1784103180,2026-07-15,3,13,low,move,1.127915620803833,2.0,1.2463525533676147,3.0,2.2509374618530273,6.0,3.1203861236572266,7.0
ghost_trace_low_13754_13754_1318,1784103300,2026-07-15,3,15,low,move,1.1365981101989746,2.0,1.287431001663208,2.0,2.255216360092163,6.0,3.033682107925415,6.0
ghost_trace_low_13755_13755_1319,1784103360,2026-07-15,3,16,low,move,1.1403226852416992,1.0,1.311179280281067,2.0,2.1987485885620117,5.0,3.017965078353882,5.0
ghost_trace_low_13757_13757_1320,1784103480,2026-07-15,3,18,low,move,1.1289541721343994,1.0,1.3159210681915283,3.0,2.1310760974884033,4.0,3.0052003860473633,4.0
ghost_trace_low_13760_13760_1321,1784103660,2026-07-15,3,21,low,move,1.1291358470916748,3.0,1.3475422859191895,3.0,2.1025443077087402,3.0,3.155552387237549,3.0
ghost_trace_low_13761_13761_1322,1784103720,2026-07-15,3,22,low,move,1.134358286857605,2.0,1.3226892948150635,2.0,2.11365008354187,2.0,3.0781009197235107,2.0
ghost_trace_low_13762_13762_1323,1784103780,2026-07-15,3,23,low,move,1.0753586292266846,1.0,1.321884274482727,1.0,2.184980869293213,1.0,2.990189552307129,1.0
ghost_trace_low_13763_13763_1324,1784103840,2026-07-15,3,24,low,move,1.0662199258804321,0.0,1.290897250175476,0.0,2.1488077640533447,0.0,2.9671568870544434,0.0
ghost_trace_high_13813_13809_1325,1784106840,2026-07-15,4,14,high,appearance,1.0348422527313232,1.0,1.1471002101898193,1.0,1.733086347579956,3.0,3.125070810317993,3.0
ghost_trace_high_13815_13815_1326,1784106960,2026-07-15,4,16,high,move,1.1203019618988037,0.0,1.2313895225524902,2.0,1.8126548528671265,2.0,3.3470304012298584,2.0
ghost_trace_high_13819_13819_1327,1784107200,2026-07-15,4,20,high,move,1.2339164018630981,1.0,1.3842766284942627,1.0,2.0486435890197754,1.0,3.4248738288879395,1.0
ghost_trace_high_13820_13820_1328,1784107260,2026-07-15,4,21,high,move,1.1944878101348877,0.0,1.4989469051361084,0.0,2.0512332916259766,0.0,3.493594169616699,0.0
ghost_trace_low_13870_13858_1329,1784110260,2026-07-15,5,11,low,appearance,1.0987544059753418,0.0,1.369246006011963,0.0,1.8713939189910889,0.0,3.38130784034729,3.0
ghost_trace_low_13882_13882_1330,1784110980,2026-07-15,5,23,low,move,1.1734145879745483,2.0,1.3886387348175049,4.0,2.114889144897461,4.0,3.339096784591675,4.0
ghost_trace_low_13884_13884_1331,1784111100,2026-07-15,5,25,low,move,1.201407551765442,3.0,1.407846212387085,3.0,2.2266438007354736,3.0,3.3029699325561523,3.0
ghost_trace_low_13885_13885_1332,1784111160,2026-07-15,5,26,low,move,1.181646704673767,2.0,1.4190045595169067,2.0,2.24542236328125,2.0,3.272705078125,2.0
ghost_trace_low_13886_13886_1333,1784111220,2026-07-15,5,27,low,move,1.1465507745742798,1.0,1.4584193229675293,1.0,2.1505751609802246,1.0,3.1811347007751465,1.0
ghost_trace_low_13887_13887_1334,1784111280,2026-07-15,5,28,low,move,1.0893887281417847,0.0,1.456276774406433,0.0,2.1618025302886963,0.0,2.992302417755127,0.0
ghost_trace_high_13937_13919_1335,1784114280,2026-07-15,6,18,high,appearance,1.073354721069336,0.0,1.4347450733184814,0.0,1.9467324018478394,0.0,3.098910093307495,0.0
ghost_trace_low_13969_13968_1336,1784116200,2026-07-15,6,50,low,appearance,0.9784942269325256,1.0,1.2862962484359741,1.0,1.9680051803588867,1.0,2.9301204681396484,4.0
ghost_trace_low_13970_13970_1337,1784116260,2026-07-15,6,51,low,move,1.0785229206085205,0.0,1.3136305809020996,0.0,2.001776933670044,0.0,3.084493398666382,4.0
ghost_trace_low_13981_13981_1338,1784116920,2026-07-15,7,2,low,move,1.088524341583252,2.0,1.312589168548584,3.0,2.2655210494995117,3.0,3.003577470779419,4.0
ghost_trace_low_13983_13983_1339,1784117040,2026-07-15,7,4,low,move,1.1073081493377686,2.0,1.3044390678405762,2.0,2.3697402477264404,3.0,2.985177993774414,3.0
ghost_trace_low_13984_13984_1340,1784117100,2026-07-15,7,5,low,move,1.1607255935668945,1.0,1.2883596420288086,1.0,2.42927622795105,2.0,2.9667868614196777,2.0
ghost_trace_low_13985_13985_1341,1784117160,2026-07-15,7,6,low,move,1.1223481893539429,0.0,1.3340024948120117,0.0,2.3158717155456543,1.0,2.9520535469055176,2.0
ghost_trace_low_13992_13992_1342,1784117580,2026-07-15,7,13,low,move,1.0929508209228516,0.0,1.3877123594284058,0.0,2.1420557498931885,2.0,3.013078212738037,3.0
ghost_trace_low_14000_14000_1343,1784118060,2026-07-15,7,21,low,move,1.113883376121521,1.0,1.332553744316101,2.0,2.079085350036621,2.0,2.8744428157806396,2.0
ghost_trace_low_14001_14001_1344,1784118120,2026-07-15,7,22,low,move,1.155098557472229,1.0,1.2837806940078735,1.0,2.006779909133911,1.0,2.8218891620635986,1.0
ghost_trace_low_14004_14004_1345,1784118300,2026-07-15,7,25,low,move,1.1541852951049805,0.0,1.2588409185409546,0.0,2.0212364196777344,0.0,2.7228212356567383,0.0
ghost_trace_high_14054_14046_1346,1784121300,2026-07-15,8,15,high,appearance,1.0130796432495117,0.0,1.3016735315322876,0.0,1.8913414478302002,0.0,2.6943657398223877,0.0
ghost_trace_low_14096_14090_1347,1784123820,2026-07-15,8,57,low,appearance,0.8157730102539062,0.0,1.1358225345611572,0.0,1.3720698356628418,0.0,2.897409439086914,0.0
ghost_trace_low_14119_14119_1348,1784125200,2026-07-15,9,20,low,move,0.814265251159668,3.0,1.3108022212982178,5.0,1.621614694595337,6.0,3.090312957763672,6.0
ghost_trace_low_14120_14120_1349,1784125260,2026-07-15,9,21,low,move,0.8517135381698608,3.0,1.4181890487670898,5.0,1.892486810684204,5.0,3.1348676681518555,6.0
ghost_trace_low_14121_14121_1350,1784125320,2026-07-15,9,22,low,move,0.9275281429290771,3.0,1.5477640628814697,4.0,2.2143914699554443,4.0,3.2598164081573486,6.0
ghost_trace_low_14122_14122_1351,1784125380,2026-07-15,9,23,low,move,1.0961790084838867,3.0,1.7316248416900635,3.0,2.5724737644195557,3.0,3.5190961360931396,6.0
ghost_trace_low_14123_14123_1352,1784125440,2026-07-15,9,24,low,move,1.3760480880737305,2.0,1.855994701385498,2.0,2.923567295074463,2.0,3.65665340423584,6.0
ghost_trace_low_14124_14124_1353,1784125500,2026-07-15,9,25,low,move,1.3754230737686157,1.0,1.7020683288574219,1.0,2.9426753520965576,1.0,3.254004716873169,6.0
ghost_trace_low_14125_14125_1354,1784125560,2026-07-15,9,26,low,move,1.3943712711334229,0.0,1.705854892730713,0.0,3.1041791439056396,1.0,3.1041791439056396,5.0
ghost_trace_low_14135_14135_1355,1784126160,2026-07-15,9,36,low,move,1.284559726715088,3.0,1.5609970092773438,4.0,2.9327855110168457,5.0,2.9327855110168457,5.0
ghost_trace_low_14136_14136_1356,1784126220,2026-07-15,9,37,low,move,1.3065797090530396,3.0,1.5006405115127563,4.0,3.0028631687164307,4.0,3.190873861312866,4.0
ghost_trace_low_14137_14137_1357,1784126280,2026-07-15,9,38,low,move,1.429667592048645,2.0,1.4695897102355957,3.0,2.805339813232422,3.0,3.341787338256836,3.0
ghost_trace_low_14138_14138_1358,1784126340,2026-07-15,9,39,low,move,1.4401224851608276,2.0,1.4401224851608276,2.0,2.7216992378234863,2.0,3.3327081203460693,2.0
ghost_trace_low_14139_14139_1359,1784126400,2026-07-15,9,40,low,move,1.389053225517273,1.0,1.389053225517273,1.0,2.7237260341644287,1.0,3.3236751556396484,1.0
ghost_trace_low_14141_14141_1360,1784126520,2026-07-15,9,42,low,move,1.6130633354187012,0.0,1.6130633354187012,0.0,2.5625455379486084,0.0,3.5929431915283203,0.0
ghost_trace_low_14176_14176_1361,1784128620,2026-07-15,10,17,low,move,1.4952921867370605,0.0,1.4952921867370605,0.0,2.595867156982422,0.0,4.026907444000244,0.0
ghost_trace_low_14222_14222_1362,1784131380,2026-07-15,11,3,low,move,1.450401782989502,2.0,1.8399317264556885,4.0,2.8285813331604004,4.0,3.630577564239502,7.0
ghost_trace_low_14224_14224_1363,1784131500,2026-07-15,11,5,low,move,1.4536229372024536,3.0,2.018886089324951,3.0,2.978787899017334,4.0,3.5672144889831543,7.0
ghost_trace_low_14225_14225_1364,1784131560,2026-07-15,11,6,low,move,1.4561457633972168,2.0,2.109297275543213,2.0,3.2081634998321533,4.0,3.53983473777771,7.0
ghost_trace_low_14226_14226_1365,1784131620,2026-07-15,11,7,low,move,1.4326369762420654,1.0,2.130369186401367,1.0,3.264760971069336,4.0,3.4227612018585205,7.0
ghost_trace_low_14227_14227_1366,1784131680,2026-07-15,11,8,low,move,1.3973932266235352,0.0,2.1514456272125244,0.0,3.357250213623047,3.0,3.362471342086792,6.0
ghost_trace_low_14233_14233_1367,1784132040,2026-07-15,11,14,low,move,1.4017250537872314,2.0,1.880540132522583,2.0,3.1959128379821777,6.0,3.1959128379821777,6.0
ghost_trace_low_14235_14235_1368,1784132160,2026-07-15,11,16,low,move,1.279128909111023,1.0,1.8260948657989502,3.0,3.187819480895996,5.0,3.187819480895996,5.0
ghost_trace_low_14236_14236_1369,1784132220,2026-07-15,11,17,low,move,1.1519533395767212,1.0,1.7228798866271973,3.0,3.151176929473877,4.0,3.2327399253845215,4.0
ghost_trace_low_14239_14239_1370,1784132400,2026-07-15,11,20,low,move,1.0810983180999756,2.0,1.6773566007614136,3.0,3.0601806640625,3.0,3.287435293197632,5.0
ghost_trace_low_14240_14240_1371,1784132460,2026-07-15,11,21,low,move,1.092330813407898,2.0,1.6959083080291748,2.0,3.0678021907806396,2.0,3.3746395111083984,5.0
ghost_trace_low_14241_14241_1372,1784132520,2026-07-15,11,22,low,move,1.0438727140426636,1.0,1.6598901748657227,1.0,3.053110122680664,1.0,3.3190300464630127,4.0
ghost_trace_low_14243_14243_1373,1784132640,2026-07-15,11,24,low,move,1.2292677164077759,0.0,1.7084532976150513,0.0,3.159518003463745,1.0,3.2514634132385254,3.0
ghost_trace_low_14253_14253_1374,1784133240,2026-07-15,11,34,low,move,1.1238471269607544,2.0,1.6500262022018433,2.0,3.0528438091278076,4.0,3.2810075283050537,4.0
ghost_trace_low_14254_14254_1375,1784133300,2026-07-15,11,35,low,move,1.160348892211914,1.0,1.6916522979736328,2.0,3.039358377456665,3.0,3.3298799991607666,3.0
ghost_trace_low_14255_14255_1376,1784133360,2026-07-15,11,36,low,move,1.125762939453125,0.0,1.742995262145996,2.0,2.985729932785034,2.0,3.434598207473755,2.0
ghost_trace_low_14259_14259_1377,1784133600,2026-07-15,11,40,low,move,1.191141128540039,1.0,1.8050670623779297,1.0,3.1102161407470703,1.0,3.5957422256469727,1.0
ghost_trace_low_14260_14260_1378,1784133660,2026-07-15,11,41,low,move,1.1968032121658325,0.0,1.8194646835327148,0.0,3.0856170654296875,0.0,3.7442708015441895,0.0
ghost_trace_high_14310_14309_1379,1784136660,2026-07-15,12,31,high,appearance,0.9537217020988464,2.0,1.7998621463775635,3.0,2.5430943965911865,6.0,3.931878089904785,8.0
ghost_trace_high_14312_14312_1380,1784136780,2026-07-15,12,33,high,move,0.9296351075172424,2.0,2.220629930496216,3.0,2.61007022857666,6.0,4.599756717681885,9.0
ghost_trace_high_14313_14313_1381,1784136840,2026-07-15,12,34,high,move,0.9791903495788574,2.0,2.5462303161621094,2.0,2.6401894092559814,5.0,5.051759719848633,9.0
ghost_trace_high_14315_14315_1382,1784136960,2026-07-15,12,36,high,move,1.0368008613586426,1.0,2.668673276901245,3.0,2.75115966796875,5.0,5.23946475982666,8.0
ghost_trace_high_14316_14316_1383,1784137020,2026-07-15,12,37,high,move,1.0507545471191406,1.0,2.6671876907348633,2.0,2.810431957244873,5.0,5.278722763061523,8.0
ghost_trace_high_14319_14319_1384,1784137200,2026-07-15,12,40,high,move,1.0753282308578491,2.0,2.6475419998168945,2.0,2.847846746444702,6.0,5.253450393676758,9.0
ghost_trace_high_14320_14320_1385,1784137260,2026-07-15,12,41,high,move,1.086455225944519,1.0,2.6163277626037598,2.0,2.857173442840576,5.0,5.239002227783203,8.0
ghost_trace_high_14322_14322_1386,1784137380,2026-07-15,12,43,high,move,1.1064518690109253,1.0,2.602962017059326,3.0,2.8579869270324707,6.0,5.201920986175537,7.0
ghost_trace_high_14325_14325_1387,1784137560,2026-07-15,12,46,high,move,1.0903728008270264,3.0,2.600506067276001,3.0,2.809546709060669,6.0,5.30449914932251,7.0
ghost_trace_high_14326_14326_1388,1784137620,2026-07-15,12,47,high,move,1.0551656484603882,2.0,2.5321290493011475,3.0,2.8982794284820557,5.0,5.258908748626709,6.0
ghost_trace_high_14327_14327_1389,1784137680,2026-07-15,12,48,high,move,1.09394109249115,1.0,2.518193244934082,3.0,2.955951690673828,4.0,5.20979118347168,5.0
ghost_trace_high_14328_14328_1390,1784137740,2026-07-15,12,49,high,move,1.1276419162750244,1.0,2.536227226257324,3.0,2.98949933052063,3.0,5.218639373779297,5.0
ghost_trace_high_14331_14331_1391,1784137920,2026-07-15,12,52,high,move,1.3519190549850464,2.0,2.2771997451782227,2.0,3.4267115592956543,3.0,4.7913408279418945,6.0
ghost_trace_high_14332_14332_1392,1784137980,2026-07-15,12,53,high,move,1.4171953201293945,1.0,2.296670436859131,1.0,3.481829881668091,2.0,4.842617988586426,5.0
ghost_trace_high_14333_14333_1393,1784138040,2026-07-15,12,54,high,move,1.4596989154815674,0.0,2.2633800506591797,0.0,3.4456918239593506,2.0,4.876408576965332,4.0
ghost_trace_high_14340_14340_1394,1784138460,2026-07-15,13,1,high,move,1.6019922494888306,1.0,2.337423801422119,3.0,3.520449161529541,5.0,5.028041839599609,6.0
ghost_trace_high_14343_14343_1395,1784138640,2026-07-15,13,4,high,move,1.5885722637176514,2.0,2.344651937484741,2.0,3.599888801574707,5.0,5.204304218292236,5.0
ghost_trace_high_14344_14344_1396,1784138700,2026-07-15,13,5,high,move,1.5580847263336182,1.0,2.382841110229492,2.0,3.67919921875,4.0,5.26454496383667,4.0
ghost_trace_high_14345_14345_1397,1784138760,2026-07-15,13,6,high,move,1.5405761003494263,0.0,2.412400722503662,2.0,3.6904983520507812,3.0,5.410494804382324,4.0
ghost_trace_high_14349_14349_1398,1784139000,2026-07-15,13,10,high,move,1.5304210186004639,2.0,2.348128318786621,2.0,3.330357551574707,2.0,4.435970783233643,4.0
ghost_trace_high_14350_14350_1399,1784139060,2026-07-15,13,11,high,move,1.5436577796936035,1.0,2.242551803588867,1.0,3.251427412033081,2.0,4.146701812744141,3.0
ghost_trace_high_14352_14352_1400,1784139180,2026-07-15,13,13,high,move,1.5357723236083984,0.0,2.0850000381469727,0.0,3.460413694381714,2.0,4.0633392333984375,2.0
ghost_trace_high_14360_14360_1401,1784139660,2026-07-15,13,21,high,move,1.4663498401641846,1.0,2.236687183380127,1.0,3.051679849624634,1.0,3.4994142055511475,1.0
ghost_trace_high_14362_14362_1402,1784139780,2026-07-15,13,23,high,move,1.52010977268219,0.0,2.0535736083984375,0.0,3.0861639976501465,0.0,3.492734432220459,0.0
ghost_trace_low_14412_14397_1403,1784142780,2026-07-15,14,13,low,appearance,0.9668934345245361,0.0,1.8448596000671387,0.0,2.8207101821899414,2.0,3.0042381286621094,3.0
ghost_trace_low_14419_14419_1404,1784143200,2026-07-15,14,20,low,move,1.1704075336456299,1.0,1.9249039888381958,2.0,2.8778138160705566,2.0,3.591181993484497,2.0
ghost_trace_low_14421_14421_1405,1784143320,2026-07-15,14,22,low,move,1.187227725982666,1.0,1.9995567798614502,1.0,2.946408271789551,1.0,3.8448054790496826,1.0
ghost_trace_low_14424_14424_1406,1784143500,2026-07-15,14,25,low,move,1.2093900442123413,0.0,2.0155930519104004,0.0,2.9213449954986572,0.0,3.9847121238708496,0.0
ghost_trace_high_14474_14462_1407,1784146500,2026-07-15,15,15,high,appearance,1.0539480447769165,0.0,1.7503044605255127,0.0,2.6164021492004395,0.0,3.625458240509033,0.0
ghost_trace_low_14512_14468_1408,1784148780,2026-07-15,15,53,low,appearance,1.081488847732544,0.0,1.629172444343567,0.0,2.4024085998535156,0.0,3.378842830657959,0.0
ghost_trace_low_14575_14574_1409,1784156160,2026-07-15,17,56,low,appearance,0.8776230216026306,0.0,1.473629355430603,0.0,2.1281580924987793,0.0,3.252943515777588,0.0
ghost_trace_high_14624_14591_1410,1784159100,2026-07-15,18,45,high,appearance,0.8653877973556519,0.0,1.2534925937652588,0.0,1.900686502456665,0.0,3.3350186347961426,0.0
ghost_trace_high_14641_14641_1411,1784160120,2026-07-15,19,2,high,move,1.0446423292160034,1.0,1.2967499494552612,1.0,2.0240530967712402,1.0,3.7854342460632324,4.0
ghost_trace_high_14642_14642_1412,1784160180,2026-07-15,19,3,high,move,1.1035172939300537,0.0,1.302661657333374,0.0,2.129173517227173,1.0,3.9119186401367188,3.0
ghost_trace_high_14652_14652_1413,1784160780,2026-07-15,19,13,high,move,1.134474277496338,2.0,1.3118276596069336,2.0,2.235084295272827,2.0,4.008656978607178,2.0
ghost_trace_high_14653_14653_1414,1784160840,2026-07-15,19,14,high,move,1.1970791816711426,1.0,1.3689570426940918,1.0,2.321566104888916,1.0,4.152783393859863,1.0
ghost_trace_high_14654_14654_1415,1784160900,2026-07-15,19,15,high,move,1.2139288187026978,0.0,1.4094934463500977,0.0,2.431276559829712,0.0,4.094463348388672,0.0
ghost_trace_low_14704_14684_1416,1784163900,2026-07-15,20,5,low,appearance,1.081436038017273,0.0,1.4742605686187744,0.0,2.3630824089050293,1.0,4.082863807678223,6.0
ghost_trace_low_14712_14712_1417,1784164380,2026-07-15,20,13,low,move,1.1290819644927979,1.0,1.5851680040359497,3.0,2.5610480308532715,5.0,4.029801368713379,5.0
ghost_trace_low_14715_14715_1418,1784164560,2026-07-15,20,16,low,move,1.1546930074691772,3.0,1.650201678276062,4.0,2.6380856037139893,4.0,3.9225311279296875,5.0
ghost_trace_low_14716_14716_1419,1784164620,2026-07-15,20,17,low,move,1.1312673091888428,3.0,1.7233986854553223,3.0,2.690730571746826,3.0,3.7764809131622314,4.0
ghost_trace_low_14717_14717_1420,1784164680,2026-07-15,20,18,low,move,1.1092538833618164,2.0,1.7948839664459229,2.0,2.74341082572937,2.0,3.5780892372131348,4.0
ghost_trace_low_14718_14718_1421,1784164740,2026-07-15,20,19,low,move,1.1131318807601929,1.0,1.8816536664962769,1.0,2.792151927947998,1.0,3.5146372318267822,4.0
ghost_trace_low_14719_14719_1422,1784164800,2026-07-15,20,20,low,move,1.102454662322998,0.0,1.9251528978347778,0.0,2.7976601123809814,1.0,3.4632978439331055,3.0
ghost_trace_low_14729_14729_1423,1784165400,2026-07-15,20,30,low,move,1.099569320678711,1.0,1.9567804336547852,2.0,2.727940082550049,2.0,3.43341326713562,2.0
ghost_trace_low_14732_14732_1424,1784165580,2026-07-15,20,33,low,move,1.080256462097168,1.0,1.8783516883850098,1.0,2.5978856086730957,1.0,3.2273941040039062,1.0
ghost_trace_low_14733_14733_1425,1784165640,2026-07-15,20,34,low,move,1.0655248165130615,0.0,1.9360315799713135,0.0,2.654110908508301,0.0,3.3386824131011963,0.0
ghost_trace_high_14783_14783_1426,1784168640,2026-07-15,21,24,high,appearance,0.9553196430206299,3.0,1.831748366355896,3.0,2.470869779586792,3.0,3.460583448410034,4.0
ghost_trace_high_14784_14784_1427,1784168700,2026-07-15,21,25,high,move,1.0816584825515747,2.0,1.8038911819458008,2.0,2.612752914428711,3.0,3.509892702102661,3.0
ghost_trace_high_14785_14785_1428,1784168760,2026-07-15,21,26,high,move,1.1318943500518799,1.0,1.8032454252243042,1.0,2.638136625289917,2.0,3.520028591156006,2.0
ghost_trace_high_14786_14786_1429,1784168820,2026-07-15,21,27,high,move,1.180176019668579,0.0,1.8066436052322388,0.0,2.6840620040893555,1.0,3.509385585784912,1.0
ghost_trace_high_14794_14794_1430,1784169300,2026-07-15,21,35,high,move,1.244962215423584,0.0,1.826626181602478,0.0,2.6882998943328857,0.0,3.4997434616088867,1.0
ghost_trace_high_14808_14808_1431,1784170140,2026-07-15,21,49,high,move,1.2237048149108887,0.0,1.911976933479309,2.0,2.663821220397949,5.0,3.38545823097229,5.0
ghost_trace_high_14812_14812_1432,1784170380,2026-07-15,21,53,high,move,1.2780555486679077,2.0,1.9329137802124023,3.0,2.7221124172210693,4.0,3.5335488319396973,7.0
ghost_trace_high_14813_14813_1433,1784170440,2026-07-15,21,54,high,move,1.282581090927124,1.0,1.953573226928711,3.0,2.7260985374450684,3.0,3.551328420639038,7.0
ghost_trace_high_14814_14814_1434,1784170500,2026-07-15,21,55,high,move,1.2441413402557373,1.0,2.0136306285858154,2.0,2.697453022003174,3.0,3.5876283645629883,6.0
ghost_trace_high_14817_14817_1435,1784170680,2026-07-15,21,58,high,move,1.3032119274139404,1.0,1.9438319206237793,1.0,2.760354518890381,4.0,3.7642133235931396,6.0
ghost_trace_high_14818_14818_1436,1784170740,2026-07-15,21,59,high,move,1.3265577554702759,0.0,1.9130728244781494,0.0,2.7616145610809326,4.0,3.9168193340301514,5.0
ghost_trace_high_14824_14824_1437,1784171100,2026-07-15,22,5,high,move,1.3371009826660156,2.0,1.8853130340576172,3.0,2.7627103328704834,4.0,3.9961318969726562,4.0
ghost_trace_high_14825_14825_1438,1784171160,2026-07-15,22,6,high,move,1.346636176109314,2.0,1.8540327548980713,3.0,2.768972635269165,3.0,4.026127815246582,3.0
ghost_trace_high_14827_14827_1439,1784171280,2026-07-15,22,8,high,move,1.3476730585098267,2.0,1.811116099357605,2.0,2.7629945278167725,2.0,3.995335340499878,2.0
ghost_trace_high_14828_14828_1440,1784171340,2026-07-15,22,9,high,move,1.346521258354187,1.0,1.776717185974121,1.0,2.7450244426727295,1.0,3.9420225620269775,1.0
ghost_trace_high_14830_14830_1441,1784171460,2026-07-15,22,11,high,move,1.3533340692520142,0.0,1.7295902967453003,0.0,2.724635362625122,0.0,3.8596599102020264,0.0
ghost_trace_low_14885_14864_1442,1784174760,2026-07-15,23,6,low,appearance,1.1838167905807495,0.0,1.730136513710022,0.0,2.590569257736206,0.0,3.6678261756896973,0.0
ghost_trace_high_14914_14894_1443,1784176500,2026-07-15,23,35,high,appearance,1.1100351810455322,0.0,1.6087336540222168,0.0,2.4575138092041016,0.0,3.1866254806518555,0.0
ghost_trace_low_14944_14919_1444,1784178300,2026-07-16,0,5,low,appearance,1.104073405265808,0.0,1.6661877632141113,0.0,2.326573610305786,0.0,3.333775281906128,0.0
ghost_trace_high_14969_14969_1445,1784179800,2026-07-16,0,30,high,appearance,0.9254410862922668,0.0,1.4890741109848022,0.0,2.03011155128479,0.0,2.9382362365722656,0.0
ghost_trace_low_15019_15007_1446,1784182800,2026-07-16,1,20,low,appearance,0.9633949995040894,0.0,1.4161174297332764,0.0,1.9687068462371826,0.0,3.2699809074401855,0.0
ghost_trace_low_15035_15035_1447,1784183760,2026-07-16,1,36,low,move,0.9180951118469238,1.0,1.532652497291565,1.0,2.194032669067383,1.0,3.338102102279663,1.0
ghost_trace_low_15036_15036_1448,1784183820,2026-07-16,1,37,low,move,0.9391340613365173,0.0,1.671355128288269,0.0,2.2104291915893555,0.0,3.6413230895996094,0.0
ghost_trace_low_15060_15060_1449,1784185260,2026-07-16,2,1,low,move,1.0305978059768677,0.0,1.7461707592010498,0.0,2.213825225830078,0.0,3.80728816986084,5.0
ghost_trace_low_15071_15071_1450,1784185920,2026-07-16,2,12,low,move,1.0376741886138916,3.0,1.7730939388275146,4.0,2.170811891555786,4.0,3.8584587574005127,4.0
ghost_trace_low_15072_15072_1451,1784185980,2026-07-16,2,13,low,move,1.0809872150421143,3.0,1.7991641759872437,3.0,2.171111583709717,3.0,3.8935546875,3.0
ghost_trace_low_15073_15073_1452,1784186040,2026-07-16,2,14,low,move,1.1045217514038086,2.0,1.8022267818450928,2.0,2.116111993789673,2.0,3.903351306915283,2.0
ghost_trace_low_15074_15074_1453,1784186100,2026-07-16,2,15,low,move,1.1602065563201904,1.0,1.788102626800537,1.0,2.0479695796966553,1.0,3.991713047027588,1.0
ghost_trace_low_15075_15075_1454,1784186160,2026-07-16,2,16,low,move,0.9801577925682068,0.0,2.0868067741394043,0.0,2.0868067741394043,0.0,4.270021915435791,0.0
ghost_trace_low_15091_15091_1455,1784187120,2026-07-16,2,32,low,move,0.9645488858222961,1.0,2.179060697555542,1.0,2.179060697555542,3.0,4.434507369995117,5.0
ghost_trace_low_15092_15092_1456,1784187180,2026-07-16,2,33,low,move,0.9525274038314819,0.0,2.1929686069488525,0.0,2.1929686069488525,2.0,4.210028648376465,4.0
ghost_trace_low_15098_15098_1457,1784187540,2026-07-16,2,39,low,move,1.0272411108016968,1.0,2.3235936164855957,1.0,2.3235936164855957,3.0,4.19017219543457,4.0
ghost_trace_low_15099_15099_1458,1784187600,2026-07-16,2,40,low,move,1.0109230279922485,0.0,2.3082492351531982,1.0,2.3082492351531982,2.0,4.281328201293945,4.0
ghost_trace_low_15104_15104_1459,1784187900,2026-07-16,2,45,low,move,0.9842469692230225,1.0,2.3165011405944824,1.0,2.3165011405944824,3.0,4.1535115242004395,4.0
ghost_trace_low_15105_15105_1460,1784187960,2026-07-16,2,46,low,move,0.9457021951675415,0.0,2.2894275188446045,0.0,2.2894275188446045,3.0,4.222253799438477,4.0
ghost_trace_low_15111_15111_1461,1784188320,2026-07-16,2,52,low,move,0.8998842239379883,1.0,2.2548635005950928,2.0,2.2548635005950928,4.0,4.362780570983887,5.0
ghost_trace_low_15114_15114_1462,1784188500,2026-07-16,2,55,low,move,0.8998002409934998,1.0,2.2749552726745605,1.0,2.2749552726745605,4.0,4.2830376625061035,5.0
ghost_trace_low_15115_15115_1463,1784188560,2026-07-16,2,56,low,move,0.8990157842636108,0.0,2.2770626544952393,1.0,2.2770626544952393,3.0,4.224618911743164,5.0
ghost_trace_low_15120_15120_1464,1784188860,2026-07-16,3,1,low,move,1.0297927856445312,2.0,2.0834174156188965,2.0,2.530909538269043,4.0,3.7431254386901855,8.0
ghost_trace_low_15121_15121_1465,1784188920,2026-07-16,3,2,low,move,1.0431816577911377,1.0,1.9356024265289307,1.0,2.456331253051758,4.0,3.571807384490967,7.0
ghost_trace_low_15122_15122_1466,1784188980,2026-07-16,3,3,low,move,1.1358975172042847,0.0,1.8768584728240967,0.0,2.599214792251587,3.0,3.5021564960479736,6.0
ghost_trace_low_15129_15129_1467,1784189400,2026-07-16,3,10,low,move,1.0721311569213867,2.0,1.9818949699401855,4.0,2.4288434982299805,5.0,3.961831569671631,5.0
ghost_trace_low_15130_15130_1468,1784189460,2026-07-16,3,11,low,move,1.011311650276184,2.0,1.9811218976974487,4.0,2.455263376235962,4.0,4.041111946105957,4.0
ghost_trace_low_15131_15131_1469,1784189520,2026-07-16,3,12,low,move,0.9233388900756836,2.0,1.9116182327270508,3.0,2.507232427597046,3.0,4.141241073608398,3.0
ghost_trace_low_15133_15133_1470,1784189640,2026-07-16,3,14,low,move,0.8683040142059326,2.0,1.8698914051055908,2.0,2.456908941268921,2.0,4.247764587402344,2.0
ghost_trace_low_15134_15134_1471,1784189700,2026-07-16,3,15,low,move,0.8710060119628906,1.0,1.8602112531661987,1.0,2.4909234046936035,1.0,4.349034786224365,1.0
ghost_trace_low_15135_15135_1472,1784189760,2026-07-16,3,16,low,move,0.8679075241088867,0.0,1.8493974208831787,0.0,2.495046615600586,0.0,4.467154502868652,0.0
ghost_trace_high_15185_15184_1473,1784192760,2026-07-16,4,6,high,appearance,0.8272844552993774,0.0,1.907850980758667,1.0,2.3967933654785156,5.0,4.632343292236328,5.0
ghost_trace_high_15190_15190_1474,1784193060,2026-07-16,4,11,high,move,0.8620489239692688,2.0,2.108379364013672,4.0,2.4725165367126465,4.0,4.759876251220703,4.0
ghost_trace_high_15191_15191_1475,1784193120,2026-07-16,4,12,high,move,0.8784021735191345,2.0,2.188868522644043,3.0,2.6058943271636963,3.0,4.784158229827881,3.0
ghost_trace_high_15192_15192_1476,1784193180,2026-07-16,4,13,high,move,0.9024003148078918,2.0,2.252134323120117,2.0,2.727656364440918,2.0,4.792674541473389,2.0
ghost_trace_high_15194_15194_1477,1784193300,2026-07-16,4,15,high,move,1.1307040452957153,1.0,2.0962753295898438,1.0,2.7990076541900635,1.0,4.374403953552246,1.0
ghost_trace_high_15195_15195_1478,1784193360,2026-07-16,4,16,high,move,1.2203123569488525,0.0,2.1266701221466064,0.0,2.787273406982422,0.0,4.3431172370910645,0.0
ghost_trace_low_15245_15240_1479,1784196360,2026-07-16,5,6,low,appearance,1.0390868186950684,0.0,2.0881240367889404,0.0,2.271327495574951,0.0,4.699759006500244,0.0
ghost_trace_low_15263_15263_1480,1784197440,2026-07-16,5,24,low,move,0.9078022241592407,0.0,2.215181827545166,0.0,2.4603092670440674,0.0,4.383342266082764,1.0
ghost_trace_low_15278_15278_1481,1784198340,2026-07-16,5,39,low,move,1.0367597341537476,0.0,2.245591163635254,0.0,2.4777302742004395,2.0,4.524418354034424,3.0
ghost_trace_low_15286_15286_1482,1784198820,2026-07-16,5,47,low,move,0.9820613861083984,2.0,2.212535858154297,2.0,2.5234169960021973,2.0,4.467913627624512,4.0
ghost_trace_low_15288_15288_1483,1784198940,2026-07-16,5,49,low,move,0.9520451426506042,1.0,2.186776638031006,1.0,2.5766992568969727,1.0,4.428051948547363,3.0
ghost_trace_low_15289_15289_1484,1784199000,2026-07-16,5,50,low,move,0.9463011026382446,0.0,2.151048183441162,0.0,2.562453269958496,1.0,4.379398822784424,2.0
ghost_trace_low_15299_15299_1485,1784199600,2026-07-16,6,0,low,move,0.8546010255813599,1.0,2.261847972869873,1.0,2.6509227752685547,3.0,4.356478214263916,3.0
ghost_trace_low_15300_15300_1486,1784199660,2026-07-16,6,1,low,move,1.004654884338379,0.0,2.2262163162231445,0.0,2.6594433784484863,2.0,4.5945234298706055,3.0
ghost_trace_low_15308_15308_1487,1784200140,2026-07-16,6,9,low,move,0.9160370826721191,1.0,2.2319345474243164,1.0,2.5974740982055664,3.0,4.614895820617676,3.0
ghost_trace_low_15309_15309_1488,1784200200,2026-07-16,6,10,low,move,0.9566722512245178,0.0,2.2346763610839844,0.0,2.6528797149658203,2.0,4.4912943840026855,2.0
ghost_trace_low_15315_15315_1489,1784200560,2026-07-16,6,16,low,move,0.9705336689949036,1.0,2.2074177265167236,1.0,2.623148202896118,1.0,4.412065505981445,2.0
ghost_trace_low_15316_15316_1490,1784200620,2026-07-16,6,17,low,move,0.9910593032836914,0.0,2.053337574005127,0.0,2.853424072265625,0.0,4.052958965301514,1.0
ghost_trace_low_15330_15330_1491,1784201460,2026-07-16,6,31,low,move,1.0501940250396729,0.0,2.0514557361602783,0.0,2.8172767162323,0.0,4.0979485511779785,1.0
ghost_trace_low_15343_15343_1492,1784202240,2026-07-16,6,44,low,move,1.029344081878662,0.0,2.1367578506469727,1.0,2.6539440155029297,1.0,4.223150730133057,1.0
ghost_trace_low_15348_15348_1493,1784202540,2026-07-16,6,49,low,move,1.1330146789550781,0.0,2.0632691383361816,0.0,2.8012702465057373,0.0,4.067456245422363,0.0
ghost_trace_high_15398_15359_1494,1784205540,2026-07-16,7,39,high,appearance,0.890758216381073,0.0,1.9663188457489014,0.0,2.6416897773742676,0.0,4.068929672241211,0.0
ghost_trace_high_15436_15436_1495,1784207820,2026-07-16,8,17,high,move,0.948512613773346,2.0,1.9998654127120972,3.0,2.7472054958343506,5.0,4.0887956619262695,6.0
ghost_trace_high_15437_15437_1496,1784207880,2026-07-16,8,18,high,move,0.9707426428794861,2.0,1.9784114360809326,3.0,2.83573579788208,4.0,4.133425712585449,5.0
ghost_trace_high_15439_15439_1497,1784208000,2026-07-16,8,20,high,move,1.0064955949783325,2.0,1.987396478652954,3.0,2.849184989929199,4.0,4.162009239196777,5.0
ghost_trace_high_15440_15440_1498,1784208060,2026-07-16,8,21,high,move,0.9983429908752441,2.0,1.996185302734375,2.0,2.809946298599243,3.0,4.2081193923950195,4.0
ghost_trace_high_15442_15442_1499,1784208180,2026-07-16,8,23,high,move,1.2007625102996826,1.0,1.9324971437454224,1.0,3.037795305252075,2.0,4.251856803894043,3.0
ghost_trace_high_15443_15443_1500,1784208240,2026-07-16,8,24,high,move,1.18961501121521,0.0,1.948519229888916,0.0,3.053215742111206,1.0,4.261619567871094,2.0
ghost_trace_high_15449_15449_1501,1784208600,2026-07-16,8,30,high,move,1.2000231742858887,0.0,2.1210508346557617,1.0,3.022937059402466,1.0,4.443445682525635,1.0
ghost_trace_high_15454_15449_1502,1784208900,2026-07-16,8,35,high,appearance,1.1516106128692627,0.0,2.379819631576538,0.0,3.001502513885498,0.0,4.699681282043457,0.0
ghost_trace_low_15499_15474_1503,1784211600,2026-07-16,9,20,low,appearance,1.0002728700637817,0.0,2.1555707454681396,0.0,2.788029670715332,0.0,3.731755495071411,0.0
ghost_trace_high_15524_15516_1504,1784213100,2026-07-16,9,45,high,appearance,1.030694842338562,0.0,2.185640335083008,0.0,2.7250447273254395,0.0,4.412480354309082,0.0
ghost_trace_low_15566_15553_1505,1784215620,2026-07-16,10,27,low,appearance,1.0519245862960815,0.0,2.298192024230957,0.0,2.810805320739746,0.0,3.663294792175293,0.0
ghost_trace_high_15603_15578_1506,1784217840,2026-07-16,11,4,high,appearance,1.077465295791626,0.0,2.159536838531494,0.0,2.9792261123657227,0.0,4.194977283477783,0.0
ghost_trace_low_15628_15621_1507,1784219340,2026-07-16,11,29,low,appearance,1.086027979850769,0.0,1.8881007432937622,0.0,2.975522518157959,0.0,3.254244565963745,0.0
ghost_trace_high_15671_15655_1508,1784221920,2026-07-16,12,12,high,appearance,1.069455862045288,0.0,1.7913378477096558,0.0,2.81455397605896,0.0,3.401090145111084,0.0
ghost_trace_high_15877_15838_1509,1784234280,2026-07-16,15,38,high,appearance,0.961100161075592,0.0,1.5788885354995728,0.0,2.4389164447784424,0.0,3.323009967803955,1.0
ghost_trace_low_15888_15854_1510,1784234940,2026-07-16,15,49,low,appearance,0.9748754501342773,0.0,1.6518553495407104,0.0,2.658322334289551,0.0,3.2598602771759033,0.0
ghost_trace_low_15920_15920_1511,1784240460,2026-07-16,17,21,low,move,1.200227975845337,1.0,1.709578514099121,2.0,2.7988393306732178,5.0,3.303814649581909,6.0
ghost_trace_low_15921_15921_1512,1784240520,2026-07-16,17,22,low,move,1.2605557441711426,1.0,1.7689900398254395,1.0,2.8902249336242676,5.0,3.379094362258911,5.0
ghost_trace_low_15924_15924_1513,1784240700,2026-07-16,17,25,low,move,1.2250916957855225,0.0,1.7677748203277588,2.0,3.0252981185913086,4.0,3.465151071548462,4.0
ghost_trace_low_15928_15928_1514,1784240940,2026-07-16,17,29,low,move,1.25278639793396,3.0,1.7634217739105225,3.0,3.0629611015319824,3.0,3.5789873600006104,5.0
ghost_trace_low_15929_15929_1515,1784241000,2026-07-16,17,30,low,move,1.250866174697876,2.0,1.712694525718689,2.0,2.9733123779296875,2.0,3.4712882041931152,4.0
ghost_trace_low_15930_15930_1516,1784241060,2026-07-16,17,31,low,move,1.2639868259429932,1.0,1.6893441677093506,1.0,2.9448628425598145,1.0,3.497446060180664,3.0
ghost_trace_low_15931_15931_1517,1784241120,2026-07-16,17,32,low,move,1.222599744796753,0.0,1.6425213813781738,0.0,2.8420944213867188,1.0,3.484097957611084,2.0
ghost_trace_low_15941_15941_1518,1784241720,2026-07-16,17,42,low,move,1.2649730443954468,1.0,1.6286087036132812,1.0,2.8189806938171387,2.0,3.5324647426605225,4.0
ghost_trace_low_15942_15942_1519,1784241780,2026-07-16,17,43,low,move,1.26908278465271,0.0,1.6332645416259766,0.0,2.7570900917053223,1.0,3.559990882873535,3.0
ghost_trace_low_15948_15948_1520,1784242140,2026-07-16,17,49,low,move,1.304311990737915,0.0,1.6392710208892822,1.0,2.7311863899230957,2.0,3.572817325592041,3.0
ghost_trace_low_15953_15953_1521,1784242440,2026-07-16,17,54,low,appearance,1.2943434715270996,1.0,1.5540753602981567,1.0,2.522948741912842,2.0,3.5375373363494873,2.0
ghost_trace_low_15954_15954_1522,1784242500,2026-07-16,17,55,low,move,1.3194031715393066,0.0,1.5733630657196045,1.0,2.599642753601074,1.0,3.52872896194458,1.0
ghost_trace_low_15959_15959_1523,1784242800,2026-07-16,18,0,low,move,1.3127233982086182,0.0,1.5819180011749268,0.0,2.5860862731933594,0.0,3.6025590896606445,0.0
ghost_trace_low_15979_15979_1524,1784244000,2026-07-16,18,20,low,move,1.3494648933410645,3.0,1.703102469444275,5.0,2.7529361248016357,6.0,3.3912413120269775,8.0
ghost_trace_low_15980_15980_1525,1784244060,2026-07-16,18,21,low,move,1.3446998596191406,3.0,1.7704625129699707,5.0,2.792924404144287,5.0,3.36983323097229,7.0
ghost_trace_low_15981_15981_1526,1784244120,2026-07-16,18,22,low,move,1.346064805984497,3.0,1.8222060203552246,4.0,2.8507158756256104,5.0,3.3890414237976074,7.0
ghost_trace_low_15982_15982_1527,1784244180,2026-07-16,18,23,low,move,1.3609144687652588,3.0,1.8502789735794067,3.0,2.871791362762451,4.0,3.392488479614258,6.0
ghost_trace_low_15983_15983_1528,1784244240,2026-07-16,18,24,low,move,1.3253843784332275,2.0,1.8192081451416016,2.0,2.8544421195983887,3.0,3.2873542308807373,5.0
ghost_trace_low_15984_15984_1529,1784244300,2026-07-16,18,25,low,move,1.307586669921875,1.0,1.7952247858047485,1.0,2.859185218811035,3.0,3.269354820251465,4.0
ghost_trace_low_15985_15985_1530,1784244360,2026-07-16,18,26,low,move,1.2975703477859497,0.0,1.7794289588928223,0.0,2.855570077896118,2.0,3.264709234237671,3.0
ghost_trace_low_15991_15991_1531,1784244720,2026-07-16,18,32,low,move,1.340378999710083,1.0,1.7993104457855225,2.0,2.7759437561035156,2.0,3.157097578048706,2.0
ghost_trace_low_15994_15994_1532,1784244900,2026-07-16,18,35,low,move,1.293088674545288,1.0,1.7450416088104248,1.0,2.8498356342315674,1.0,3.091745615005493,1.0
ghost_trace_low_15996_15996_1533,1784245020,2026-07-16,18,37,low,move,1.3498213291168213,0.0,1.7499092817306519,0.0,2.9004709720611572,0.0,3.124886989593506,0.0
ghost_trace_low_16026_16026_1534,1784246820,2026-07-16,19,7,low,move,1.3201757669448853,1.0,1.7978291511535645,1.0,2.9667797088623047,2.0,3.112243413925171,3.0
ghost_trace_low_16029_16029_1535,1784247000,2026-07-16,19,10,low,move,1.2615489959716797,0.0,1.7479110956192017,1.0,2.8559632301330566,1.0,3.3734192848205566,2.0
ghost_trace_low_16033_16033_1536,1784247240,2026-07-16,19,14,low,move,1.262607455253601,0.0,1.8239432573318481,0.0,2.835252523422241,1.0,3.2448136806488037,4.0
ghost_trace_low_16041_16041_1537,1784247720,2026-07-16,19,22,low,move,1.2379822731018066,0.0,1.9395458698272705,1.0,2.91166090965271,5.0,3.3091471195220947,6.0
ghost_trace_low_16045_16045_1538,1784247960,2026-07-16,19,26,low,move,1.2071774005889893,2.0,1.9164782762527466,4.0,2.9614856243133545,5.0,3.458291530609131,5.0
ghost_trace_low_16047_16047_1539,1784248080,2026-07-16,19,28,low,move,1.139856219291687,3.0,1.8732712268829346,3.0,3.049206256866455,4.0,3.6136152744293213,4.0
ghost_trace_low_16048_16048_1540,1784248140,2026-07-16,19,29,low,move,1.1191307306289673,2.0,1.8673804998397827,2.0,3.083143949508667,3.0,3.737607717514038,3.0
ghost_trace_low_16049_16049_1541,1784248200,2026-07-16,19,30,low,move,1.1102701425552368,1.0,1.8408284187316895,2.0,3.104541301727295,2.0,3.8508503437042236,2.0
ghost_trace_low_16050_16050_1542,1784248260,2026-07-16,19,31,low,move,1.0885719060897827,0.0,1.8390215635299683,1.0,3.0936734676361084,1.0,3.931154489517212,1.0
ghost_trace_low_16054_16054_1543,1784248500,2026-07-16,19,35,low,move,1.1023614406585693,0.0,1.8451968431472778,0.0,3.094794273376465,0.0,3.9950013160705566,0.0
ghost_trace_high_16104_16082_1544,1784251500,2026-07-16,20,25,high,appearance,1.1652376651763916,0.0,1.6366108655929565,0.0,2.8408145904541016,0.0,4.391830921173096,0.0
ghost_trace_low_16132_16131_1545,1784253180,2026-07-16,20,53,low,appearance,1.2389529943466187,0.0,1.7724180221557617,0.0,3.020875930786133,0.0,4.137335300445557,0.0
ghost_trace_low_16157_16157_1546,1784254680,2026-07-16,21,18,low,move,1.260886549949646,2.0,1.8614137172698975,3.0,3.082298517227173,6.0,4.131022930145264,8.0
ghost_trace_low_16159_16159_1547,1784254800,2026-07-16,21,20,low,move,1.29640793800354,2.0,1.908121109008789,3.0,3.0917718410491943,6.0,4.2634100914001465,8.0
ghost_trace_low_16160_16160_1548,1784254860,2026-07-16,21,21,low,move,1.2980656623840332,2.0,1.9203330278396606,3.0,3.0794172286987305,5.0,4.2734527587890625,7.0
ghost_trace_low_16162_16162_1549,1784254980,2026-07-16,21,23,low,move,1.2833036184310913,2.0,1.9111051559448242,3.0,3.0966711044311523,5.0,4.148815155029297,7.0
ghost_trace_low_16163_16163_1550,1784255040,2026-07-16,21,24,low,move,1.2756671905517578,2.0,1.9293501377105713,2.0,3.11859130859375,5.0,4.132564067840576,6.0
ghost_trace_low_16165_16165_1551,1784255160,2026-07-16,21,26,low,move,1.2811447381973267,1.0,1.9172663688659668,2.0,3.1393494606018066,4.0,4.128213882446289,5.0
ghost_trace_low_16166_16166_1552,1784255220,2026-07-16,21,27,low,move,1.3180499076843262,1.0,1.9292752742767334,2.0,3.0785810947418213,4.0,4.192336082458496,4.0
ghost_trace_low_16169_16169_1553,1784255400,2026-07-16,21,30,low,move,1.3081355094909668,1.0,1.9501969814300537,2.0,3.084101915359497,3.0,4.092446327209473,3.0
ghost_trace_low_16171_16171_1554,1784255520,2026-07-16,21,32,low,move,1.2981747388839722,1.0,1.9206626415252686,2.0,3.038017749786377,2.0,4.051128387451172,2.0
ghost_trace_low_16173_16173_1555,1784255640,2026-07-16,21,34,low,move,1.3139139413833618,1.0,1.8734493255615234,1.0,3.00480318069458,1.0,3.9782216548919678,1.0
ghost_trace_low_16176_16176_1556,1784255820,2026-07-16,21,37,low,move,1.3130934238433838,0.0,1.8655295372009277,0.0,2.9732182025909424,0.0,3.9108080863952637,0.0
ghost_trace_low_16194_16194_1557,1784256900,2026-07-16,21,55,low,move,1.2940833568572998,0.0,1.9290364980697632,0.0,2.952577590942383,0.0,3.8821847438812256,0.0
ghost_trace_high_16244_16226_1558,1784259900,2026-07-16,22,45,high,appearance,1.2938892841339111,0.0,1.8071154356002808,0.0,2.890758991241455,0.0,3.8477137088775635,0.0
ghost_trace_low_16276_16272_1559,1784261820,2026-07-16,23,17,low,appearance,1.3441582918167114,1.0,1.743253231048584,2.0,2.717698574066162,6.0,3.5999770164489746,9.0
ghost_trace_low_16278_16278_1560,1784261940,2026-07-16,23,19,low,move,1.3713971376419067,1.0,1.790022373199463,2.0,2.5573132038116455,7.0,3.6376163959503174,10.0
ghost_trace_low_16280_16280_1561,1784262060,2026-07-16,23,21,low,move,1.3684054613113403,1.0,1.7285994291305542,3.0,2.520535469055176,7.0,3.430168628692627,9.0
ghost_trace_low_16283_16283_1562,1784262240,2026-07-16,23,24,low,move,1.362691044807434,3.0,1.7860591411590576,5.0,2.5737433433532715,8.0,3.3852128982543945,9.0
ghost_trace_low_16284_16284_1563,1784262300,2026-07-16,23,25,low,move,1.3963059186935425,3.0,1.7950079441070557,5.0,2.5765585899353027,7.0,3.469057083129883,8.0
ghost_trace_low_16285_16285_1564,1784262360,2026-07-16,23,26,low,move,1.4331161975860596,3.0,1.8067799806594849,4.0,2.5756514072418213,6.0,3.5298690795898438,7.0
ghost_trace_low_16286_16286_1565,1784262420,2026-07-16,23,27,low,move,1.4673186540603638,3.0,1.8259073495864868,3.0,2.586991548538208,5.0,3.5851969718933105,6.0
ghost_trace_low_16287_16287_1566,1784262480,2026-07-16,23,28,low,move,1.4725066423416138,2.0,1.8253538608551025,3.0,2.5860531330108643,5.0,3.602219581604004,5.0
ghost_trace_low_16288_16288_1567,1784262540,2026-07-16,23,29,low,move,1.4773551225662231,1.0,1.8274250030517578,3.0,2.5857768058776855,4.0,3.619765043258667,4.0
ghost_trace_low_16289_16289_1568,1784262600,2026-07-16,23,30,low,move,1.4566854238510132,1.0,1.8050057888031006,2.0,2.6289501190185547,3.0,3.617733955383301,3.0
ghost_trace_low_16292_16292_1569,1784262780,2026-07-16,23,33,low,move,1.4690096378326416,1.0,1.8094923496246338,2.0,2.6117281913757324,2.0,3.655592918395996,2.0
ghost_trace_low_16293_16293_1570,1784262840,2026-07-16,23,34,low,move,1.4746718406677246,0.0,1.8185285329818726,1.0,2.5925543308258057,1.0,3.687623977661133,1.0
ghost_trace_low_16297_16297_1571,1784263080,2026-07-16,23,38,low,move,1.47081458568573,0.0,1.814073085784912,0.0,2.549480676651001,0.0,3.698554039001465,0.0
ghost_trace_high_16347_16314_1572,1784266080,2026-07-17,0,28,high,appearance,1.3454031944274902,0.0,1.6129982471466064,0.0,2.4264700412750244,0.0,3.5980284214019775,0.0
ghost_trace_high_16437_16409_1573,1784271480,2026-07-17,1,58,high,appearance,1.419250249862671,0.0,1.6660653352737427,0.0,2.358445644378662,0.0,3.8983616828918457,0.0
ghost_trace_low_16459_16450_1574,1784272800,2026-07-17,2,20,low,appearance,1.3938100337982178,0.0,1.745968222618103,2.0,2.6611080169677734,2.0,3.940829277038574,2.0
ghost_trace_low_16463_16463_1575,1784273040,2026-07-17,2,24,low,move,1.3896729946136475,1.0,1.7643797397613525,1.0,2.733207941055298,1.0,4.171294212341309,3.0
ghost_trace_low_16464_16464_1576,1784273100,2026-07-17,2,25,low,move,1.3844292163848877,0.0,1.7927807569503784,0.0,2.7313077449798584,0.0,4.359484672546387,2.0
ghost_trace_low_16475_16475_1577,1784273760,2026-07-17,2,36,low,move,1.364692211151123,1.0,1.787987470626831,2.0,2.700855016708374,5.0,4.427667617797852,5.0
ghost_trace_low_16476_16476_1578,1784273820,2026-07-17,2,37,low,move,1.3562934398651123,0.0,1.80942964553833,1.0,2.695455551147461,4.0,4.502898693084717,4.0
ghost_trace_low_16480_16480_1579,1784274060,2026-07-17,2,41,low,move,1.3588241338729858,1.0,1.8178004026412964,3.0,2.667487859725952,3.0,4.575372219085693,3.0
ghost_trace_low_16482_16482_1580,1784274180,2026-07-17,2,43,low,move,1.3390963077545166,2.0,1.8001917600631714,2.0,2.719679117202759,2.0,4.545162200927734,4.0
ghost_trace_low_16484_16484_1581,1784274300,2026-07-17,2,45,low,move,1.3587231636047363,1.0,1.8252774477005005,1.0,2.685014247894287,1.0,4.552438259124756,5.0
ghost_trace_low_16485_16485_1582,1784274360,2026-07-17,2,46,low,move,1.3609808683395386,0.0,1.8412213325500488,0.0,2.693049669265747,0.0,4.555345058441162,4.0
ghost_trace_low_16496_16496_1583,1784275020,2026-07-17,2,57,low,move,1.3614223003387451,3.0,1.794883370399475,3.0,2.770205020904541,3.0,4.531981945037842,5.0
ghost_trace_low_16497_16497_1584,1784275080,2026-07-17,2,58,low,move,1.3774518966674805,2.0,1.826387882232666,2.0,2.707390069961548,2.0,4.5764007568359375,4.0
ghost_trace_low_16498_16498_1585,1784275140,2026-07-17,2,59,low,move,1.3889518976211548,1.0,1.8409557342529297,1.0,2.709030866622925,1.0,4.5621337890625,3.0
ghost_trace_low_16499_16499_1586,1784275200,2026-07-17,3,0,low,move,1.3631227016448975,0.0,1.8250133991241455,0.0,2.7244842052459717,1.0,4.548900604248047,3.0
ghost_trace_low_16509_16509_1587,1784275800,2026-07-17,3,10,low,move,1.359490990638733,1.0,1.750560998916626,2.0,2.839669704437256,6.0,4.392927169799805,6.0
ghost_trace_low_16510_16510_1588,1784275860,2026-07-17,3,11,low,move,1.407710313796997,0.0,1.7911109924316406,2.0,2.831956386566162,5.0,4.457315921783447,6.0
ghost_trace_low_16514_16514_1589,1784276100,2026-07-17,3,15,low,move,1.4294079542160034,2.0,1.7685534954071045,4.0,2.817016124725342,4.0,4.416998386383057,5.0
ghost_trace_low_16515_16515_1590,1784276160,2026-07-17,3,16,low,move,1.4679615497589111,2.0,1.8968360424041748,3.0,2.70717453956604,4.0,4.355408191680908,4.0
ghost_trace_low_16516_16516_1591,1784276220,2026-07-17,3,17,low,move,1.5116451978683472,2.0,1.96091890335083,2.0,2.7071785926818848,3.0,4.293912887573242,3.0
ghost_trace_low_16518_16518_1592,1784276340,2026-07-17,3,19,low,move,1.5021252632141113,1.0,1.9359097480773926,1.0,2.7866053581237793,2.0,4.206799507141113,2.0
ghost_trace_low_16519_16519_1593,1784276400,2026-07-17,3,20,low,move,1.4778623580932617,0.0,1.9235575199127197,0.0,2.8466763496398926,1.0,4.193574905395508,1.0
ghost_trace_low_16525_16525_1594,1784276760,2026-07-17,3,26,low,move,1.4020283222198486,0.0,1.8790690898895264,0.0,2.8360705375671387,0.0,4.142102241516113,1.0
ghost_trace_low_16537_16537_1595,1784277480,2026-07-17,3,38,low,move,1.4036953449249268,0.0,1.9326719045639038,1.0,2.6862430572509766,1.0,4.089516639709473,1.0
ghost_trace_low_16541_16541_1596,1784277720,2026-07-17,3,42,low,move,1.3754349946975708,0.0,1.8681384325027466,0.0,2.70037841796875,0.0,4.029106140136719,0.0
ghost_trace_high_16591_16590_1597,1784280720,2026-07-17,4,32,high,appearance,1.369601845741272,0.0,1.8274643421173096,0.0,2.4758095741271973,1.0,4.466398239135742,1.0
ghost_trace_high_16598_16598_1598,1784281140,2026-07-17,4,39,high,move,1.340375304222107,0.0,1.7719093561172485,0.0,2.715411424636841,0.0,4.525542259216309,2.0
ghost_trace_high_16609_16609_1599,1784281800,2026-07-17,4,50,high,move,1.3849883079528809,1.0,1.7934186458587646,1.0,2.726365804672241,1.0,4.560140609741211,3.0
ghost_trace_high_16612_16612_1600,1784281980,2026-07-17,4,53,high,move,1.3986971378326416,0.0,1.7777519226074219,0.0,2.7711219787597656,1.0,4.591337203979492,5.0
ghost_trace_high_16620_16620_1601,1784282460,2026-07-17,5,1,high,move,1.4048988819122314,0.0,1.7711114883422852,2.0,2.792065382003784,7.0,4.588440895080566,10.0
ghost_trace_high_16624_16624_1602,1784282700,2026-07-17,5,5,high,move,1.4165451526641846,3.0,1.7628023624420166,5.0,2.8258228302001953,8.0,4.5528082847595215,9.0
ghost_trace_high_16625_16625_1603,1784282760,2026-07-17,5,6,high,move,1.4268829822540283,3.0,1.7574948072433472,5.0,2.8627512454986572,8.0,4.5569353103637695,8.0
ghost_trace_high_16626_16626_1604,1784282820,2026-07-17,5,7,high,move,1.4614794254302979,3.0,1.7538930177688599,4.0,2.82262921333313,7.0,4.682736396789551,7.0
ghost_trace_high_16627_16627_1605,1784282880,2026-07-17,5,8,high,move,1.4855892658233643,3.0,1.7556935548782349,3.0,2.8567519187927246,6.0,4.722055435180664,6.0
ghost_trace_high_16628_16628_1606,1784282940,2026-07-17,5,9,high,move,1.51180899143219,2.0,1.7439565658569336,3.0,2.8696892261505127,5.0,4.728677272796631,5.0
ghost_trace_high_16629_16629_1607,1784283000,2026-07-17,5,10,high,move,1.5226969718933105,1.0,1.7395124435424805,3.0,2.878946542739868,4.0,4.739566802978516,4.0
ghost_trace_high_16630_16630_1608,1784283060,2026-07-17,5,11,high,move,1.5224899053573608,1.0,1.7181954383850098,3.0,2.9118659496307373,3.0,4.7277512550354,3.0
ghost_trace_high_16633_16633_1609,1784283240,2026-07-17,5,14,high,move,1.477603793144226,2.0,1.8067870140075684,2.0,3.0503640174865723,2.0,4.6537184715271,2.0
ghost_trace_high_16634_16634_1610,1784283300,2026-07-17,5,15,high,move,1.5196223258972168,1.0,1.8078140020370483,1.0,3.0081732273101807,1.0,4.750646591186523,1.0
ghost_trace_high_16635_16635_1611,1784283360,2026-07-17,5,16,high,move,1.5412606000900269,0.0,1.8304704427719116,0.0,3.0458104610443115,0.0,4.781159400939941,0.0
ghost_trace_high_16653_16653_1612,1784284440,2026-07-17,5,34,high,move,1.6214208602905273,2.0,1.7983527183532715,4.0,3.0611650943756104,5.0,4.886781692504883,5.0
ghost_trace_high_16654_16654_1613,1784284500,2026-07-17,5,35,high,move,1.6728193759918213,2.0,1.764021635055542,3.0,3.037130355834961,4.0,5.029454231262207,4.0
ghost_trace_high_16655_16655_1614,1784284560,2026-07-17,5,36,high,move,1.6834248304367065,2.0,1.7422161102294922,3.0,3.073707103729248,3.0,5.0173444747924805,3.0
ghost_trace_high_16657_16657_1615,1784284680,2026-07-17,5,38,high,move,1.7092361450195312,2.0,1.7605562210083008,2.0,3.1100902557373047,2.0,5.042811393737793,2.0
ghost_trace_high_16658_16658_1616,1784284740,2026-07-17,5,39,high,move,1.7022626399993896,1.0,1.7708743810653687,1.0,3.109506607055664,1.0,5.076869487762451,1.0
ghost_trace_high_16660_16660_1617,1784284860,2026-07-17,5,41,high,move,1.6923494338989258,0.0,1.766144037246704,0.0,3.106194257736206,0.0,5.068599700927734,0.0
ghost_trace_low_16710_16700_1618,1784287860,2026-07-17,6,31,low,appearance,1.5256636142730713,0.0,1.7076998949050903,0.0,2.7982356548309326,0.0,4.389585971832275,1.0
ghost_trace_low_16722_16722_1619,1784288580,2026-07-17,6,43,low,move,1.5181055068969727,0.0,1.6173858642578125,0.0,2.581860303878784,0.0,4.320017337799072,0.0
ghost_trace_low_16742_16742_1620,1784289780,2026-07-17,7,3,low,move,1.4724884033203125,3.0,1.6799432039260864,4.0,2.4765169620513916,6.0,4.2973809242248535,7.0
ghost_trace_low_16743_16743_1621,1784289840,2026-07-17,7,4,low,move,1.4110575914382935,2.0,1.7310000658035278,3.0,2.4019198417663574,5.0,4.26032018661499,7.0
ghost_trace_low_16744_16744_1622,1784289900,2026-07-17,7,5,low,move,1.3517793416976929,2.0,1.7472245693206787,2.0,2.3508849143981934,4.0,4.20387077331543,6.0
ghost_trace_low_16745_16745_1623,1784289960,2026-07-17,7,6,low,move,1.30184805393219,1.0,1.806834101676941,2.0,2.2942495346069336,4.0,4.237150192260742,5.0
ghost_trace_low_16747_16747_1624,1784290080,2026-07-17,7,8,low,move,1.2568106651306152,1.0,1.8188655376434326,2.0,2.2651655673980713,3.0,4.206147193908691,4.0
ghost_trace_low_16750_16750_1625,1784290260,2026-07-17,7,11,low,move,1.2281562089920044,1.0,1.7228965759277344,2.0,2.2130417823791504,3.0,4.082010746002197,4.0
ghost_trace_low_16751_16751_1626,1784290320,2026-07-17,7,12,low,move,1.193435788154602,0.0,1.709813117980957,1.0,2.3331315517425537,2.0,4.128669738769531,4.0
ghost_trace_low_16755_16755_1627,1784290560,2026-07-17,7,16,low,move,1.175129771232605,1.0,1.6296586990356445,1.0,2.3685293197631836,2.0,4.140927791595459,4.0
ghost_trace_low_16758_16758_1628,1784290740,2026-07-17,7,19,low,move,1.156435489654541,0.0,1.583807110786438,0.0,2.4415624141693115,2.0,4.172735214233398,3.0
ghost_trace_low_16765_16765_1629,1784291160,2026-07-17,7,26,low,move,1.1422566175460815,1.0,1.5505685806274414,2.0,2.4489479064941406,2.0,4.107851982116699,4.0
ghost_trace_low_16766_16766_1630,1784291220,2026-07-17,7,27,low,move,1.2007173299789429,1.0,1.5527561902999878,1.0,2.4898791313171387,1.0,4.137846946716309,4.0
ghost_trace_low_16769_16769_1631,1784291400,2026-07-17,7,30,low,move,1.1936231851577759,0.0,1.555389642715454,0.0,2.5461347103118896,1.0,4.240992069244385,3.0
ghost_trace_low_16779_16779_1632,1784292000,2026-07-17,7,40,low,move,1.2247787714004517,2.0,1.5220417976379395,2.0,2.563633918762207,3.0,4.323997974395752,3.0
ghost_trace_low_16780_16780_1633,1784292060,2026-07-17,7,41,low,move,1.2219624519348145,1.0,1.4665415287017822,1.0,2.5511770248413086,2.0,4.21444845199585,2.0
ghost_trace_low_16781_16781_1634,1784292120,2026-07-17,7,42,low,move,1.1914925575256348,0.0,1.5071369409561157,0.0,2.5577456951141357,1.0,4.236159324645996,1.0
ghost_trace_low_16789_16789_1635,1784292600,2026-07-17,7,50,low,move,1.2064483165740967,0.0,1.498119831085205,0.0,2.6012282371520996,1.0,4.2520856857299805,3.0
ghost_trace_low_16799_16799_1636,1784293200,2026-07-17,8,0,low,move,1.105716347694397,2.0,1.4557822942733765,2.0,2.4686360359191895,7.0,4.099925518035889,12.0
ghost_trace_low_16800_16800_1637,1784293260,2026-07-17,8,1,low,move,1.0811129808425903,1.0,1.4617984294891357,2.0,2.4803311824798584,7.0,4.077256679534912,11.0
ghost_trace_low_16801_16801_1638,1784293320,2026-07-17,8,2,low,move,1.0976428985595703,0.0,1.4808502197265625,2.0,2.4946396350860596,7.0,4.052975654602051,10.0
ghost_trace_low_16805_16805_1639,1784293560,2026-07-17,8,6,low,move,1.075884222984314,3.0,1.474274754524231,5.0,2.4610438346862793,9.0,4.034346103668213,10.0
ghost_trace_low_16806_16806_1640,1784293620,2026-07-17,8,7,low,move,1.1114904880523682,3.0,1.4817951917648315,5.0,2.4877874851226807,8.0,4.019661903381348,10.0
ghost_trace_low_16807_16807_1641,1784293680,2026-07-17,8,8,low,move,1.1067826747894287,3.0,1.4696513414382935,5.0,2.4748454093933105,7.0,3.982938051223755,10.0
ghost_trace_low_16808_16808_1642,1784293740,2026-07-17,8,9,low,move,1.1164454221725464,3.0,1.4836221933364868,5.0,2.470089912414551,7.0,3.9750914573669434,10.0
ghost_trace_low_16809_16809_1643,1784293800,2026-07-17,8,10,low,move,1.108433485031128,3.0,1.4795407056808472,5.0,2.450507879257202,6.0,3.964064121246338,9.0
ghost_trace_low_16810_16810_1644,1784293860,2026-07-17,8,11,low,move,1.1141726970672607,3.0,1.4920525550842285,4.0,2.441110849380493,5.0,3.954904556274414,8.0
ghost_trace_low_16811_16811_1645,1784293920,2026-07-17,8,12,low,move,1.1187900304794312,3.0,1.4976202249526978,3.0,2.4407012462615967,5.0,3.951812267303467,8.0
ghost_trace_low_16812_16812_1646,1784293980,2026-07-17,8,13,low,move,1.1035946607589722,2.0,1.4751070737838745,2.0,2.4427144527435303,5.0,3.970155715942383,8.0
ghost_trace_low_16813_16813_1647,1784294040,2026-07-17,8,14,low,move,1.115357756614685,1.0,1.4630918502807617,2.0,2.4477596282958984,5.0,3.9778168201446533,8.0
ghost_trace_low_16814_16814_1648,1784294100,2026-07-17,8,15,low,move,1.1216636896133423,0.0,1.4548665285110474,1.0,2.449366331100464,4.0,3.982475996017456,7.0
ghost_trace_low_16818_16818_1649,1784294340,2026-07-17,8,19,low,move,1.1350250244140625,1.0,1.4313759803771973,3.0,2.43723726272583,6.0,3.9367451667785645,8.0
ghost_trace_low_16821_16821_1650,1784294520,2026-07-17,8,22,low,move,1.145297884941101,2.0,1.4621585607528687,3.0,2.4231510162353516,5.0,3.9017865657806396,10.0
ghost_trace_low_16822_16822_1651,1784294580,2026-07-17,8,23,low,move,1.1626217365264893,1.0,1.4891397953033447,3.0,2.435858726501465,5.0,3.901193618774414,10.0
ghost_trace_low_16823_16823_1652,1784294640,2026-07-17,8,24,low,move,1.1505532264709473,1.0,1.5890452861785889,3.0,2.5203592777252197,5.0,3.9876585006713867,10.0
ghost_trace_low_16826_16826_1653,1784294820,2026-07-17,8,27,low,move,1.1289751529693604,2.0,1.5115703344345093,2.0,2.4343347549438477,7.0,3.880370616912842,11.0
ghost_trace_low_16827_16827_1654,1784294880,2026-07-17,8,28,low,move,1.1949212551116943,1.0,1.6636143922805786,2.0,2.603572368621826,7.0,4.11087703704834,11.0
ghost_trace_low_16828_16828_1655,1784294940,2026-07-17,8,29,low,move,1.1349828243255615,0.0,1.5974069833755493,2.0,2.510324716567993,7.0,3.8454556465148926,11.0
ghost_trace_low_16832_16832_1656,1784295180,2026-07-17,8,33,low,move,1.1011730432510376,3.0,1.7104144096374512,5.0,2.648925542831421,9.0,3.8253629207611084,10.0
ghost_trace_low_16833_16833_1657,1784295240,2026-07-17,8,34,low,move,1.2320892810821533,3.0,1.930368423461914,5.0,2.806422710418701,9.0,3.85733699798584,9.0
ghost_trace_low_16834_16834_1658,1784295300,2026-07-17,8,35,low,move,1.298156499862671,3.0,1.965200424194336,5.0,2.849811315536499,8.0,3.827220916748047,8.0
ghost_trace_low_16835_16835_1659,1784295360,2026-07-17,8,36,low,move,1.3679001331329346,3.0,1.9911813735961914,4.0,2.9445111751556396,7.0,3.72153902053833,7.0
ghost_trace_low_16836_16836_1660,1784295420,2026-07-17,8,37,low,move,1.4153110980987549,3.0,2.021120071411133,4.0,3.0224111080169678,6.0,3.703056573867798,6.0
ghost_trace_low_16837_16837_1661,1784295480,2026-07-17,8,38,low,move,1.4638944864273071,2.0,2.053138256072998,4.0,3.0366437435150146,5.0,3.656041383743286,5.0
ghost_trace_low_16838_16838_1662,1784295540,2026-07-17,8,39,low,move,1.4752906560897827,2.0,2.049501895904541,4.0,2.991598606109619,4.0,3.718334197998047,4.0
ghost_trace_low_16839_16839_1663,1784295600,2026-07-17,8,40,low,move,1.3509864807128906,2.0,2.0449578762054443,3.0,2.8345494270324707,3.0,3.9169094562530518,3.0
ghost_trace_low_16841_16841_1664,1784295720,2026-07-17,8,42,low,move,1.3673779964447021,2.0,2.0393176078796387,2.0,2.8396053314208984,2.0,4.000979423522949,2.0
ghost_trace_low_16842_16842_1665,1784295780,2026-07-17,8,43,low,move,1.3686535358428955,1.0,2.021402359008789,1.0,2.850813388824463,1.0,4.068401336669922,1.0
ghost_trace_low_16843_16843_1666,1784295840,2026-07-17,8,44,low,move,1.3422456979751587,0.0,1.9454289674758911,0.0,2.8596603870391846,0.0,4.01719331741333,0.0
ghost_trace_high_16893_16884_1667,1784298840,2026-07-17,9,34,high,appearance,0.9402570724487305,0.0,1.9284234046936035,1.0,3.351752996444702,2.0,4.921123504638672,2.0
ghost_trace_high_16898_16898_1668,1784299140,2026-07-17,9,39,high,move,1.2621521949768066,1.0,2.1011435985565186,1.0,3.466803550720215,1.0,5.2919158935546875,1.0
ghost_trace_high_16899_16899_1669,1784299200,2026-07-17,9,40,high,move,1.3699527978897095,0.0,2.2136309146881104,0.0,3.560258626937866,0.0,5.352627277374268,0.0
ghost_trace_low_16949_16943_1670,1784302200,2026-07-17,10,30,low,appearance,1.3670799732208252,0.0,1.8963488340377808,0.0,3.5050880908966064,0.0,5.295853137969971,0.0
ghost_trace_high_16993_16979_1671,1784304840,2026-07-17,11,14,high,appearance,1.143710732460022,1.0,2.0055458545684814,1.0,3.0377843379974365,1.0,5.427232265472412,1.0
ghost_trace_high_16996_16996_1672,1784305020,2026-07-17,11,17,high,move,1.4189831018447876,0.0,1.9566155672073364,0.0,3.235731363296509,0.0,5.209914207458496,0.0
ghost_trace_high_17022_17022_1673,1784306580,2026-07-17,11,43,high,move,1.3707506656646729,3.0,1.8613413572311401,5.0,3.1454389095306396,9.0,4.776150226593018,9.0
ghost_trace_high_17023_17023_1674,1784306640,2026-07-17,11,44,high,move,1.3162307739257812,3.0,1.8229715824127197,5.0,3.14082670211792,8.0,4.683488845825195,8.0
ghost_trace_high_17024_17024_1675,1784306700,2026-07-17,11,45,high,move,1.2780754566192627,3.0,1.7097073793411255,5.0,2.8854212760925293,7.0,4.540231704711914,7.0
ghost_trace_high_17025_17025_1676,1784306760,2026-07-17,11,46,high,move,1.2321542501449585,3.0,1.6518383026123047,5.0,2.852731704711914,6.0,4.358448028564453,7.0
ghost_trace_high_17026_17026_1677,1784306820,2026-07-17,11,47,high,move,1.2917824983596802,3.0,1.681191325187683,5.0,3.0684597492218018,5.0,4.472064018249512,6.0
ghost_trace_high_17027_17027_1678,1784306880,2026-07-17,11,48,high,move,1.248915195465088,3.0,1.7080072164535522,4.0,3.03544282913208,4.0,4.381829261779785,5.0
ghost_trace_high_17028_17028_1679,1784306940,2026-07-17,11,49,high,move,1.217603087425232,3.0,1.7229769229888916,3.0,3.0804853439331055,3.0,4.252132892608643,4.0
ghost_trace_high_17029_17029_1680,1784307000,2026-07-17,11,50,high,move,1.2062902450561523,2.0,1.701686143875122,2.0,3.006300926208496,2.0,4.197140693664551,3.0
ghost_trace_high_17030_17030_1681,1784307060,2026-07-17,11,51,high,move,1.2013213634490967,1.0,1.7595806121826172,1.0,2.985903263092041,2.0,4.258559226989746,2.0
ghost_trace_high_17031_17031_1682,1784307120,2026-07-17,11,52,high,move,1.2650896310806274,0.0,1.8326811790466309,0.0,3.0187230110168457,1.0,4.300084590911865,2.0
ghost_trace_high_17040_17040_1683,1784307660,2026-07-17,12,1,high,move,1.3280971050262451,0.0,1.908455491065979,0.0,3.3033711910247803,4.0,4.991966247558594,4.0
ghost_trace_high_17046_17046_1684,1784308020,2026-07-17,12,7,high,move,1.3960164785385132,2.0,1.8717354536056519,3.0,3.295891523361206,3.0,5.0530571937561035,3.0
ghost_trace_high_17047_17047_1685,1784308080,2026-07-17,12,8,high,move,1.4377455711364746,2.0,1.873573899269104,2.0,3.3544602394104004,2.0,5.109683036804199,2.0
ghost_trace_high_17049_17049_1686,1784308200,2026-07-17,12,10,high,move,1.4723533391952515,1.0,1.9089391231536865,1.0,3.3936471939086914,1.0,5.235600471496582,1.0
ghost_trace_high_17050_17050_1687,1784308260,2026-07-17,12,11,high,move,1.5349133014678955,0.0,1.8338593244552612,0.0,3.316006898880005,0.0,5.196448802947998,0.0
ghost_trace_low_17100_17099_1688,1784311260,2026-07-17,13,1,low,appearance,1.343071699142456,0.0,1.6699491739273071,1.0,3.139399528503418,5.0,4.897713661193848,8.0
ghost_trace_low_17105_17105_1689,1784311560,2026-07-17,13,6,low,move,1.369917631149292,2.0,1.5656800270080566,4.0,2.997234582901001,7.0,4.711634635925293,11.0
ghost_trace_low_17106_17106_1690,1784311620,2026-07-17,13,7,low,move,1.3393945693969727,2.0,1.5084890127182007,3.0,2.9499294757843018,7.0,4.56477165222168,10.0
ghost_trace_low_17108_17108_1691,1784311740,2026-07-17,13,9,low,move,1.321488857269287,2.0,1.4713079929351807,3.0,2.919689655303955,7.0,4.432569980621338,9.0
ghost_trace_low_17109_17109_1692,1784311800,2026-07-17,13,10,low,move,1.3057323694229126,2.0,1.439318060874939,3.0,2.87890625,7.0,4.347972869873047,9.0
ghost_trace_low_17110_17110_1693,1784311860,2026-07-17,13,11,low,move,1.3224048614501953,1.0,1.4161691665649414,3.0,2.8641693592071533,7.0,4.223270416259766,8.0
ghost_trace_low_17112_17112_1694,1784311980,2026-07-17,13,13,low,move,1.300627589225769,2.0,1.3968080282211304,4.0,2.82877254486084,6.0,4.127641677856445,8.0
ghost_trace_low_17114_17114_1695,1784312100,2026-07-17,13,15,low,move,1.2881617546081543,3.0,1.3761546611785889,4.0,2.724445343017578,6.0,4.1239752769470215,7.0
ghost_trace_low_17115_17115_1696,1784312160,2026-07-17,13,16,low,move,1.3606799840927124,2.0,1.3606799840927124,4.0,2.6186985969543457,5.0,3.8672752380371094,6.0
ghost_trace_low_17116_17116_1697,1784312220,2026-07-17,13,17,low,move,1.4029806852340698,2.0,1.4029806852340698,3.0,2.525665521621704,5.0,3.713533401489258,5.0
ghost_trace_low_17117_17117_1698,1784312280,2026-07-17,13,18,low,move,1.4252125024795532,2.0,1.4252125024795532,2.0,2.518404245376587,4.0,3.630537509918213,4.0
ghost_trace_low_17119_17119_1699,1784312400,2026-07-17,13,20,low,move,1.4447978734970093,1.0,1.4447978734970093,2.0,2.472364902496338,3.0,3.579582691192627,3.0
ghost_trace_low_17120_17120_1700,1784312460,2026-07-17,13,21,low,move,1.4466348886489868,0.0,1.4466348886489868,1.0,2.466876268386841,2.0,3.546941041946411,2.0
ghost_trace_low_17124_17124_1701,1784312700,2026-07-17,13,25,low,move,1.4462049007415771,1.0,1.4462049007415771,1.0,2.3732573986053467,1.0,3.407757520675659,2.0
ghost_trace_low_17126_17126_1702,1784312820,2026-07-17,13,27,low,move,1.4266026020050049,0.0,1.4266026020050049,0.0,2.3815224170684814,0.0,3.4065158367156982,3.0
ghost_trace_low_17139_17139_1703,1784313600,2026-07-17,13,40,low,move,1.382224202156067,3.0,1.382224202156067,4.0,2.588040828704834,4.0,3.7171835899353027,4.0
ghost_trace_low_17140_17140_1704,1784313660,2026-07-17,13,41,low,move,1.355926275253296,3.0,1.355926275253296,3.0,2.5880305767059326,3.0,3.649956703186035,3.0
ghost_trace_low_17141_17141_1705,1784313720,2026-07-17,13,42,low,move,1.410907506942749,2.0,1.410907506942749,2.0,2.5039620399475098,2.0,3.4543280601501465,2.0
ghost_trace_low_17142_17142_1706,1784313780,2026-07-17,13,43,low,move,1.4413456916809082,1.0,1.4413456916809082,1.0,2.573584794998169,1.0,3.424004554748535,1.0
ghost_trace_low_17143_17143_1707,1784313840,2026-07-17,13,44,low,move,1.4435639381408691,0.0,1.4435639381408691,0.0,2.544490337371826,0.0,3.4157779216766357,0.0
ghost_trace_low_17170_17170_1708,1784315460,2026-07-17,14,11,low,move,1.3871773481369019,3.0,1.3871773481369019,5.0,2.5055477619171143,6.0,3.434178590774536,8.0
ghost_trace_low_17171_17171_1709,1784315520,2026-07-17,14,12,low,move,1.3856608867645264,3.0,1.3856608867645264,5.0,2.6285343170166016,5.0,3.436753034591675,7.0
ghost_trace_low_17172_17172_1710,1784315580,2026-07-17,14,13,low,move,1.3796614408493042,3.0,1.3796614408493042,4.0,2.7158961296081543,4.0,3.5152676105499268,6.0
ghost_trace_low_17173_17173_1711,1784315640,2026-07-17,14,14,low,move,1.4151771068572998,3.0,1.4151771068572998,3.0,2.7810583114624023,4.0,3.5189316272735596,5.0
ghost_trace_low_17174_17174_1712,1784315700,2026-07-17,14,15,low,move,1.4520217180252075,2.0,1.4520217180252075,2.0,2.7716293334960938,4.0,3.4238827228546143,4.0
ghost_trace_low_17175_17175_1713,1784315760,2026-07-17,14,16,low,move,1.465125322341919,1.0,1.465125322341919,1.0,2.696364402770996,3.0,3.408572196960449,3.0
ghost_trace_low_17176_17176_1714,1784315820,2026-07-17,14,17,low,move,1.4530150890350342,0.0,1.4530150890350342,0.0,2.7098429203033447,2.0,3.4024901390075684,2.0
ghost_trace_low_17183_17183_1715,1784316240,2026-07-17,14,24,low,move,1.551358938217163,1.0,1.551358938217163,1.0,2.7963292598724365,1.0,3.352379322052002,1.0
ghost_trace_low_17184_17184_1716,1784316300,2026-07-17,14,25,low,move,1.602176547050476,0.0,1.602176547050476,0.0,2.9219589233398438,0.0,3.2081799507141113,0.0
ghost_trace_low_17222_17222_1717,1784318580,2026-07-17,15,3,low,move,1.5227090120315552,1.0,1.5227090120315552,1.0,3.0297651290893555,1.0,3.062476396560669,1.0
ghost_trace_low_17223_17223_1718,1784318640,2026-07-17,15,4,low,move,1.5377323627471924,0.0,1.5377323627471924,0.0,2.968797445297241,0.0,2.9806621074676514,0.0
ghost_trace_high_17273_17264_1719,1784321640,2026-07-17,15,54,high,appearance,1.247730016708374,1.0,1.247730016708374,1.0,2.469928741455078,1.0,3.1709370613098145,1.0
ghost_trace_high_17276_17276_1720,1784321820,2026-07-17,15,57,high,move,1.2605011463165283,0.0,1.2605011463165283,0.0,2.418308973312378,0.0,3.4762532711029053,0.0
ghost_trace_high_17279_17279_1721,1784498400,2026-07-19,17,0,high,move,1.1761183738708496,1.0,1.2481305599212646,1.0,2.216465473175049,1.0,3.738874673843384,1.0
ghost_trace_high_17280_17280_1722,1784498460,2026-07-19,17,1,high,move,1.1261968612670898,0.0,1.3041784763336182,0.0,2.4494693279266357,0.0,4.044038772583008,0.0
ghost_trace_high_17300_17300_1723,1784499660,2026-07-19,17,21,high,move,1.2497813701629639,0.0,1.4023888111114502,0.0,2.480137348175049,0.0,4.07226037979126,2.0
ghost_trace_high_17312_17312_1724,1784500380,2026-07-19,17,33,high,move,1.333387851715088,1.0,1.3679534196853638,1.0,2.5732603073120117,4.0,4.159635543823242,5.0
ghost_trace_high_17314_17314_1725,1784500500,2026-07-19,17,35,high,move,1.3596935272216797,0.0,1.3596935272216797,0.0,2.500246047973633,4.0,4.281830787658691,4.0
ghost_trace_high_17320_17320_1726,1784500860,2026-07-19,17,41,high,move,1.4185243844985962,3.0,1.4185243844985962,3.0,2.491933822631836,3.0,4.332036972045898,3.0
ghost_trace_high_17321_17321_1727,1784500920,2026-07-19,17,42,high,move,1.5017495155334473,2.0,1.5017495155334473,2.0,2.5379831790924072,2.0,4.377700328826904,2.0
ghost_trace_high_17322_17322_1728,1784500980,2026-07-19,17,43,high,move,1.5199978351593018,1.0,1.5199978351593018,1.0,2.597012996673584,1.0,4.34655237197876,1.0
ghost_trace_high_17323_17323_1729,1784501040,2026-07-19,17,44,high,move,1.5655566453933716,0.0,1.5655566453933716,0.0,2.5873782634735107,0.0,4.344991207122803,0.0
ghost_trace_high_17343_17323_1730,1784502240,2026-07-19,18,4,high,appearance,1.457298994064331,0.0,1.457298994064331,0.0,2.4916510581970215,0.0,4.045797348022461,0.0
ghost_trace_low_17373_17360_1731,1784504040,2026-07-19,18,34,low,appearance,1.329951524734497,0.0,1.329951524734497,0.0,2.481518030166626,0.0,3.6670258045196533,0.0
ghost_trace_low_17465_17463_1732,1784509560,2026-07-19,20,6,low,appearance,1.0439608097076416,0.0,1.4128203392028809,0.0,2.586641788482666,1.0,3.81400203704834,4.0
ghost_trace_low_17475_17475_1733,1784510160,2026-07-19,20,16,low,move,1.0730067491531372,2.0,1.4211596250534058,3.0,2.6320509910583496,3.0,3.442575693130493,5.0
ghost_trace_low_17477_17477_1734,1784510280,2026-07-19,20,18,low,move,1.0578360557556152,2.0,1.4317996501922607,2.0,2.7252252101898193,2.0,3.187525749206543,4.0
ghost_trace_low_17478_17478_1735,1784510340,2026-07-19,20,19,low,move,0.9198545813560486,1.0,1.376396894454956,1.0,2.815284252166748,2.0,3.0745184421539307,4.0
ghost_trace_low_17479_17479_1736,1784510400,2026-07-19,20,20,low,move,0.8489888310432434,0.0,1.3755131959915161,0.0,2.737325668334961,2.0,2.9587783813476562,4.0
ghost_trace_low_17488_17488_1737,1784510940,2026-07-19,20,29,low,move,0.8297313451766968,1.0,1.407718300819397,2.0,2.6134281158447266,3.0,2.917497158050537,5.0
ghost_trace_low_17489_17489_1738,1784511000,2026-07-19,20,30,low,move,0.7945412993431091,0.0,1.3917309045791626,2.0,2.5455162525177,2.0,2.8791587352752686,4.0
ghost_trace_low_17493_17493_1739,1784511240,2026-07-19,20,34,low,move,0.8078463077545166,1.0,1.4375706911087036,1.0,2.4266269207000732,3.0,2.84879994392395,3.0
ghost_trace_low_17494_17494_1740,1784511300,2026-07-19,20,35,low,move,0.9158847332000732,0.0,1.4961110353469849,0.0,2.3832204341888428,2.0,2.7995216846466064,2.0
ghost_trace_low_17501_17501_1741,1784511720,2026-07-19,20,42,low,move,0.9488417506217957,1.0,1.5252275466918945,1.0,2.296456813812256,1.0,2.681617021560669,5.0
ghost_trace_low_17502_17502_1742,1784511780,2026-07-19,20,43,low,move,0.9519455432891846,0.0,1.4767717123031616,0.0,2.2513818740844727,1.0,2.587738275527954,4.0
ghost_trace_low_17512_17512_1743,1784512380,2026-07-19,20,53,low,move,0.984685480594635,3.0,1.5490700006484985,3.0,2.162081718444824,3.0,2.7096991539001465,3.0
ghost_trace_low_17513_17513_1744,1784512440,2026-07-19,20,54,low,move,1.031485676765442,2.0,1.5423734188079834,2.0,2.121047019958496,2.0,2.7450296878814697,2.0
ghost_trace_low_17514_17514_1745,1784512500,2026-07-19,20,55,low,move,0.7803126573562622,1.0,1.3041038513183594,1.0,2.2803680896759033,1.0,2.619256019592285,1.0
ghost_trace_low_17515_17515_1746,1784512560,2026-07-19,20,56,low,move,1.043281078338623,0.0,1.4219332933425903,0.0,2.1119134426116943,0.0,3.0332486629486084,0.0
ghost_trace_high_17565_17562_1747,1784515560,2026-07-19,21,46,high,appearance,0.5869748592376709,2.0,1.1347259283065796,3.0,2.4596810340881348,3.0,2.7386934757232666,3.0
ghost_trace_high_17567_17567_1748,1784515680,2026-07-19,21,48,high,move,0.6539456248283386,2.0,1.1657427549362183,2.0,2.562126636505127,2.0,2.8163859844207764,2.0
ghost_trace_high_17568_17568_1749,1784515740,2026-07-19,21,49,high,move,0.7237586379051208,1.0,1.254004716873169,1.0,2.5810353755950928,1.0,2.8551127910614014,1.0
ghost_trace_high_17569_17569_1750,1784515800,2026-07-19,21,50,high,move,0.6222186088562012,0.0,1.3896375894546509,0.0,2.4988508224487305,0.0,3.3018972873687744,0.0
ghost_trace_low_17619_17614_1751,1784518800,2026-07-19,22,40,low,appearance,0.5463049411773682,0.0,1.354230523109436,0.0,2.3396527767181396,0.0,3.178765296936035,0.0
ghost_trace_low_17656_17656_1752,1784521020,2026-07-19,23,17,low,move,0.6180182099342346,0.0,1.3943077325820923,0.0,2.414329767227173,0.0,3.202517509460449,0.0
ghost_trace_high_17706_17690_1753,1784524020,2026-07-20,0,7,high,appearance,0.5337632894515991,0.0,1.2672098875045776,0.0,1.8858182430267334,0.0,3.1817915439605713,0.0
ghost_trace_low_17740_17712_1754,1784526060,2026-07-20,0,41,low,appearance,0.5885690450668335,1.0,1.0500400066375732,2.0,1.7922778129577637,2.0,3.0101468563079834,5.0
ghost_trace_low_17741_17741_1755,1784526120,2026-07-20,0,42,low,move,0.7616786360740662,0.0,1.065273404121399,1.0,2.076838254928589,2.0,3.0034618377685547,4.0
ghost_trace_low_17745_17745_1756,1784526360,2026-07-20,0,46,low,move,0.8135987520217896,0.0,1.1051301956176758,0.0,2.233217239379883,3.0,2.8891794681549072,3.0
ghost_trace_low_17751_17751_1757,1784526720,2026-07-20,0,52,low,move,0.8434575796127319,2.0,1.1611177921295166,2.0,2.3416380882263184,2.0,2.818228006362915,2.0
ghost_trace_low_17753_17753_1758,1784526840,2026-07-20,0,54,low,move,0.8172155618667603,1.0,1.1747636795043945,1.0,2.3125784397125244,1.0,2.8580386638641357,1.0
ghost_trace_low_17754_17754_1759,1784526900,2026-07-20,0,55,low,move,0.8968039751052856,0.0,1.176484227180481,0.0,2.3390047550201416,0.0,2.944488763809204,1.0
ghost_trace_low_17769_17769_1760,1784527800,2026-07-20,1,10,low,move,0.9061078429222107,1.0,1.1804550886154175,3.0,2.506192684173584,4.0,2.7394254207611084,6.0
ghost_trace_low_17770_17770_1761,1784527860,2026-07-20,1,11,low,move,0.9193325638771057,1.0,1.1695433855056763,2.0,2.5472476482391357,3.0,2.688629150390625,5.0
ghost_trace_low_17773_17773_1762,1784528040,2026-07-20,1,14,low,move,0.9330659508705139,1.0,1.1946687698364258,2.0,2.5593948364257812,3.0,2.665184497833252,4.0
ghost_trace_low_17774_17774_1763,1784528100,2026-07-20,1,15,low,move,0.946696937084198,0.0,1.2072203159332275,1.0,2.5638515949249268,3.0,2.6694440841674805,3.0
ghost_trace_low_17778_17778_1764,1784528340,2026-07-20,1,19,low,move,0.9113223552703857,0.0,1.2203519344329834,1.0,2.4870872497558594,2.0,2.7385027408599854,2.0
ghost_trace_low_17783_17783_1765,1784528640,2026-07-20,1,24,low,move,0.9676991105079651,1.0,1.2790616750717163,1.0,2.5558691024780273,1.0,2.767796516418457,2.0
ghost_trace_low_17784_17784_1766,1784528700,2026-07-20,1,25,low,move,1.0130876302719116,0.0,1.2837262153625488,0.0,2.605264186859131,1.0,2.740138292312622,1.0
ghost_trace_low_17794_17794_1767,1784529300,2026-07-20,1,35,low,move,1.029109001159668,0.0,1.3707839250564575,0.0,2.688305616378784,0.0,2.8061254024505615,0.0
ghost_trace_high_17846_17846_1768,1784532420,2026-07-20,2,27,high,appearance,0.7234979867935181,2.0,1.227738380432129,2.0,2.200228452682495,3.0,2.5985546112060547,4.0
ghost_trace_high_17848_17848_1769,1784532540,2026-07-20,2,29,high,move,0.6539074182510376,1.0,1.2977672815322876,2.0,2.1571826934814453,2.0,2.560561418533325,3.0
ghost_trace_high_17849_17849_1770,1784532600,2026-07-20,2,30,high,move,0.6316673755645752,0.0,1.4230891466140747,1.0,2.1546828746795654,1.0,2.847822666168213,2.0
ghost_trace_high_17853_17853_1771,1784532840,2026-07-20,2,34,high,move,0.675736665725708,0.0,1.4659581184387207,0.0,2.165512800216675,1.0,3.0671417713165283,1.0
ghost_trace_high_17860_17860_1772,1784533260,2026-07-20,2,41,high,move,0.7793262004852295,0.0,1.4865535497665405,0.0,2.3218889236450195,0.0,2.8825953006744385,0.0
ghost_trace_high_17879_17879_1773,1784534400,2026-07-20,3,0,high,move,0.840390145778656,2.0,1.498103380203247,3.0,2.4304206371307373,3.0,2.82651686668396,4.0
ghost_trace_high_17881_17881_1774,1784534520,2026-07-20,3,2,high,move,0.8192463517189026,2.0,1.4720447063446045,2.0,2.4512813091278076,2.0,2.825731039047241,4.0
ghost_trace_high_17882_17882_1775,1784534580,2026-07-20,3,3,high,move,0.8108885288238525,1.0,1.469137191772461,1.0,2.443408489227295,1.0,2.768087387084961,3.0
ghost_trace_high_17883_17883_1776,1784534640,2026-07-20,3,4,high,move,0.8245431184768677,0.0,1.4674450159072876,0.0,2.476980447769165,0.0,2.750922441482544,2.0
ghost_trace_high_17894_17894_1777,1784535300,2026-07-20,3,15,high,move,0.8068325519561768,1.0,1.478485107421875,1.0,2.4412484169006348,1.0,2.7764365673065186,1.0
ghost_trace_high_17895_17895_1778,1784535360,2026-07-20,3,16,high,move,0.8030169010162354,0.0,1.4846627712249756,0.0,2.4301953315734863,0.0,2.7720839977264404,0.0
ghost_trace_low_17945_17923_1779,1784538360,2026-07-20,4,6,low,appearance,0.6363863945007324,1.0,1.4224730730056763,1.0,2.3579962253570557,1.0,2.4800543785095215,1.0
ghost_trace_low_17946_17946_1780,1784538420,2026-07-20,4,7,low,move,0.7007342576980591,0.0,1.4211084842681885,0.0,2.4715416431427,0.0,2.5861589908599854,0.0
ghost_trace_high_17996_17992_1781,1784541420,2026-07-20,4,57,high,appearance,0.797946572303772,0.0,1.3840464353561401,0.0,2.454589605331421,0.0,2.454589605331421,0.0
ghost_trace_low_18042_18014_1782,1784544180,2026-07-20,5,43,low,appearance,0.7698133587837219,0.0,1.2233819961547852,0.0,2.1912012100219727,0.0,2.4957082271575928,0.0
ghost_trace_low_18144_18122_1783,1784550300,2026-07-20,7,25,low,appearance,0.7430052757263184,0.0,1.3414973020553589,0.0,2.0194547176361084,0.0,2.879371166229248,0.0
ghost_trace_high_18172_18155_1784,1784551980,2026-07-20,7,53,high,appearance,0.8718445301055908,0.0,1.1199054718017578,0.0,1.872575283050537,2.0,2.608835220336914,2.0
ghost_trace_high_18179_18179_1785,1784552400,2026-07-20,8,0,high,move,1.0600231885910034,1.0,1.2160749435424805,1.0,1.8353641033172607,1.0,2.8838424682617188,1.0
ghost_trace_high_18182_18182_1786,1784552580,2026-07-20,8,3,high,move,1.2275347709655762,0.0,1.2782589197158813,0.0,2.2185518741607666,0.0,2.8596901893615723,0.0
ghost_trace_high_18205_18205_1787,1784553960,2026-07-20,8,26,high,move,1.2274234294891357,0.0,1.2912395000457764,2.0,2.22945237159729,6.0,2.7969112396240234,7.0
ghost_trace_high_18209_18209_1788,1784554200,2026-07-20,8,30,high,move,1.175191879272461,3.0,1.4090839624404907,5.0,2.1514832973480225,6.0,2.983337163925171,8.0
ghost_trace_high_18210_18210_1789,1784554260,2026-07-20,8,31,high,move,1.1723624467849731,3.0,1.5483336448669434,4.0,2.317111015319824,5.0,2.906209707260132,7.0
ghost_trace_high_18211_18211_1790,1784554320,2026-07-20,8,32,high,move,1.2017223834991455,3.0,1.5824120044708252,4.0,2.550920248031616,4.0,2.8854117393493652,6.0
ghost_trace_high_18212_18212_1791,1784554380,2026-07-20,8,33,high,move,1.1896684169769287,2.0,1.7180991172790527,3.0,2.6856067180633545,4.0,2.8709557056427,5.0
ghost_trace_high_18213_18213_1792,1784554440,2026-07-20,8,34,high,move,1.2522615194320679,2.0,1.815653920173645,2.0,2.7446975708007812,3.0,3.0249006748199463,4.0
ghost_trace_high_18214_18214_1793,1784554500,2026-07-20,8,35,high,move,1.3033638000488281,1.0,1.8171412944793701,1.0,2.93971586227417,3.0,3.046560525894165,3.0
ghost_trace_high_18216_18216_1794,1784554620,2026-07-20,8,37,high,move,1.3862696886062622,0.0,1.8638800382614136,0.0,2.9867541790008545,2.0,3.114710569381714,2.0
ghost_trace_high_18222_18222_1795,1784554980,2026-07-20,8,43,high,move,1.480794906616211,1.0,1.8166807889938354,1.0,3.003138542175293,1.0,3.299025058746338,1.0
ghost_trace_high_18224_18224_1796,1784555100,2026-07-20,8,45,high,move,1.4803035259246826,0.0,1.8700977563858032,0.0,2.803239107131958,0.0,3.5860652923583984,0.0
ghost_trace_low_18274_18261_1797,1784558100,2026-07-20,9,35,low,appearance,0.9636439681053162,0.0,1.4668996334075928,0.0,2.420915126800537,0.0,3.1917662620544434,0.0
ghost_trace_low_18292_18292_1798,1784559180,2026-07-20,9,53,low,move,1.0599573850631714,1.0,1.450146198272705,3.0,2.2042832374572754,5.0,3.245220422744751,5.0
ghost_trace_low_18295_18295_1799,1784559360,2026-07-20,9,56,low,move,1.0363398790359497,3.0,1.3897942304611206,4.0,2.1611623764038086,4.0,3.203702688217163,4.0
ghost_trace_low_18296_18296_1800,1784559420,2026-07-20,9,57,low,move,1.0017521381378174,3.0,1.3324586153030396,3.0,2.162590503692627,3.0,3.019540548324585,3.0
ghost_trace_low_18297_18297_1801,1784559480,2026-07-20,9,58,low,move,0.9872465133666992,2.0,1.3190600872039795,2.0,2.136644124984741,2.0,2.9297168254852295,2.0
ghost_trace_low_18298_18298_1802,1784559540,2026-07-20,9,59,low,move,0.9380494356155396,1.0,1.211940884590149,1.0,2.0533559322357178,1.0,2.8282277584075928,1.0
ghost_trace_low_18299_18299_1803,1784559600,2026-07-20,10,0,low,move,0.8731561899185181,0.0,1.1980234384536743,0.0,1.9510436058044434,0.0,2.879326820373535,0.0
ghost_trace_high_18349_18342_1804,1784562600,2026-07-20,10,50,high,appearance,0.8844627737998962,1.0,1.3167779445648193,3.0,2.2089645862579346,6.0,3.179699182510376,8.0
ghost_trace_high_18352_18352_1805,1784562780,2026-07-20,10,53,high,move,0.9916519522666931,3.0,1.528477668762207,4.0,2.2523040771484375,6.0,3.5063395500183105,10.0
ghost_trace_high_18353_18353_1806,1784562840,2026-07-20,10,54,high,move,1.028843879699707,3.0,1.7127450704574585,3.0,2.342327356338501,5.0,3.8445425033569336,10.0
ghost_trace_high_18354_18354_1807,1784562900,2026-07-20,10,55,high,move,1.0643446445465088,2.0,1.6693612337112427,3.0,2.3713629245758057,5.0,3.0744667053222656,10.0
ghost_trace_high_18355_18355_1808,1784562960,2026-07-20,10,56,high,move,1.1083358526229858,1.0,1.6492749452590942,3.0,2.3123250007629395,5.0,2.8296611309051514,10.0
ghost_trace_high_18356_18356_1809,1784563020,2026-07-20,10,57,high,move,1.1420706510543823,1.0,1.6562528610229492,2.0,2.291882276535034,5.0,2.7201931476593018,10.0
ghost_trace_high_18359_18359_1810,1784563200,2026-07-20,11,0,high,move,1.2400004863739014,1.0,1.6964073181152344,2.0,2.5999596118927,7.0,3.358734130859375,9.0
ghost_trace_high_18360_18360_1811,1784563260,2026-07-20,11,1,high,move,1.1983866691589355,0.0,1.6584141254425049,2.0,2.5884642601013184,7.0,3.6493921279907227,8.0
ghost_trace_high_18364_18364_1812,1784563500,2026-07-20,11,5,high,move,1.0862629413604736,3.0,1.7979856729507446,5.0,2.3887853622436523,7.0,3.347233772277832,7.0
ghost_trace_high_18365_18365_1813,1784563560,2026-07-20,11,6,high,move,1.1275761127471924,3.0,1.7478238344192505,5.0,2.433939218521118,6.0,3.0846939086914062,6.0
ghost_trace_high_18366_18366_1814,1784563620,2026-07-20,11,7,high,move,1.1244189739227295,3.0,1.7608368396759033,5.0,2.3622512817382812,5.0,3.0799598693847656,5.0
ghost_trace_high_18367_18367_1815,1784563680,2026-07-20,11,8,high,move,1.1128286123275757,3.0,1.7667553424835205,4.0,2.331066370010376,4.0,3.0431203842163086,4.0
ghost_trace_high_18368_18368_1816,1784563740,2026-07-20,11,9,high,move,1.1040771007537842,3.0,1.7784664630889893,3.0,2.3089470863342285,3.0,3.037550210952759,3.0
ghost_trace_high_18369_18369_1817,1784563800,2026-07-20,11,10,high,move,1.0745627880096436,2.0,1.7557826042175293,2.0,2.2756969928741455,2.0,3.0173747539520264,2.0
ghost_trace_high_18370_18370_1818,1784563860,2026-07-20,11,11,high,move,1.0809992551803589,1.0,1.7673282623291016,1.0,2.2402830123901367,1.0,3.028676748275757,1.0
ghost_trace_high_18371_18371_1819,1784563920,2026-07-20,11,12,high,move,1.132647156715393,0.0,1.8437458276748657,0.0,2.4316048622131348,0.0,2.8497653007507324,0.0
ghost_trace_low_18421_18421_1820,1784566920,2026-07-20,12,2,low,appearance,1.1390894651412964,1.0,1.811347484588623,2.0,2.3273465633392334,4.0,2.8595900535583496,7.0
ghost_trace_low_18424_18424_1821,1784567100,2026-07-20,12,5,low,move,1.1249949932098389,2.0,1.7580604553222656,2.0,2.3902735710144043,6.0,2.6952927112579346,6.0
ghost_trace_low_18425_18425_1822,1784567160,2026-07-20,12,6,low,move,1.0481476783752441,1.0,1.6053005456924438,1.0,2.3835816383361816,5.0,2.552105665206909,5.0
ghost_trace_low_18427_18427_1823,1784567280,2026-07-20,12,8,low,move,0.9437735676765442,0.0,1.5863549709320068,2.0,2.217386245727539,4.0,2.4205515384674072,4.0
ghost_trace_low_18431_18431_1824,1784567520,2026-07-20,12,12,low,move,0.8764532208442688,3.0,1.5259562730789185,3.0,2.0745387077331543,3.0,2.4633162021636963,3.0
ghost_trace_low_18432_18432_1825,1784567580,2026-07-20,12,13,low,move,0.8559964299201965,2.0,1.4756553173065186,2.0,1.9960781335830688,2.0,2.521939754486084,2.0
ghost_trace_low_18433_18433_1826,1784567640,2026-07-20,12,14,low,move,0.8787491917610168,1.0,1.4133429527282715,1.0,1.9926729202270508,1.0,2.486664056777954,1.0
ghost_trace_low_18434_18434_1827,1784567700,2026-07-20,12,15,low,move,0.8958184719085693,0.0,1.4018980264663696,0.0,1.9690824747085571,0.0,2.53066086769104,0.0
ghost_trace_low_18462_18462_1828,1784569380,2026-07-20,12,43,low,move,0.9535857439041138,0.0,1.406877875328064,0.0,2.1487956047058105,0.0,2.490461826324463,0.0
ghost_trace_high_18512_18496_1829,1784572380,2026-07-20,13,33,high,appearance,0.9432860016822815,0.0,1.3377100229263306,0.0,2.4076173305511475,0.0,2.8239312171936035,0.0
ghost_trace_low_18546_18545_1830,1784574420,2026-07-20,14,7,low,appearance,0.9639999866485596,0.0,1.1270955801010132,0.0,2.299778699874878,3.0,2.647728681564331,3.0
ghost_trace_low_18552_18552_1831,1784574780,2026-07-20,14,13,low,move,0.9742290377616882,2.0,1.2714548110961914,2.0,2.545055866241455,2.0,2.545055866241455,2.0
ghost_trace_low_18553_18553_1832,1784574840,2026-07-20,14,14,low,move,0.9645763039588928,1.0,1.341957449913025,1.0,2.508540630340576,1.0,2.508540630340576,1.0
ghost_trace_low_18554_18554_1833,1784574900,2026-07-20,14,15,low,move,0.953284502029419,0.0,1.3240340948104858,0.0,2.541705369949341,0.0,2.541705369949341,0.0
ghost_trace_low_18593_18593_1834,1784577240,2026-07-20,14,54,low,move,0.9238595366477966,1.0,1.244556188583374,2.0,2.548309326171875,2.0,2.548309326171875,3.0
ghost_trace_low_18594_18594_1835,1784577300,2026-07-20,14,55,low,move,0.9563505053520203,0.0,1.1335885524749756,1.0,2.5685014724731445,1.0,2.5685014724731445,2.0
ghost_trace_low_18598_18598_1836,1784577540,2026-07-20,14,59,low,move,1.0932844877243042,0.0,1.3564461469650269,0.0,2.555872917175293,1.0,2.555872917175293,1.0
ghost_trace_low_18608_18608_1837,1784578140,2026-07-20,15,9,low,move,0.898632287979126,0.0,1.408872365951538,0.0,2.599747657775879,4.0,2.599747657775879,5.0
ghost_trace_low_18614_18614_1838,1784578500,2026-07-20,15,15,low,move,0.8965160250663757,3.0,1.5329197645187378,3.0,2.6789703369140625,4.0,2.6789703369140625,5.0
ghost_trace_low_18615_18615_1839,1784578560,2026-07-20,15,16,low,move,0.9196488857269287,2.0,1.6296360492706299,2.0,2.624401092529297,4.0,2.624401092529297,4.0
ghost_trace_low_18616_18616_1840,1784578620,2026-07-20,15,17,low,move,0.9644713401794434,1.0,1.6870594024658203,1.0,2.6284825801849365,3.0,2.6284825801849365,3.0
ghost_trace_low_18617_18617_1841,1784578680,2026-07-20,15,18,low,move,0.99373859167099,0.0,1.6895898580551147,1.0,2.598081350326538,2.0,2.598081350326538,2.0
ghost_trace_low_18622_18622_1842,1784578980,2026-07-20,15,23,low,move,1.0326951742172241,1.0,1.7309552431106567,1.0,2.6253345012664795,1.0,2.661749839782715,1.0
ghost_trace_low_18625_18625_1843,1784579160,2026-07-20,15,26,low,move,1.0791325569152832,0.0,1.7670564651489258,0.0,2.648512840270996,0.0,2.7464802265167236,0.0
ghost_trace_low_18661_18661_1844,1784584920,2026-07-20,17,2,low,move,1.1469898223876953,2.0,1.829426646232605,3.0,2.6393613815307617,3.0,3.0604333877563477,3.0
ghost_trace_low_18663_18663_1845,1784585040,2026-07-20,17,4,low,move,1.2891861200332642,2.0,1.874436855316162,2.0,2.5326833724975586,2.0,2.976306200027466,2.0
ghost_trace_low_18664_18664_1846,1784585100,2026-07-20,17,5,low,move,1.3688139915466309,1.0,1.9093496799468994,1.0,2.557746171951294,1.0,2.957655668258667,1.0
ghost_trace_low_18665_18665_1847,1784585160,2026-07-20,17,6,low,move,1.4980518817901611,0.0,1.922722339630127,0.0,2.6368472576141357,0.0,2.9617767333984375,0.0
ghost_trace_low_18693_18693_1848,1784586840,2026-07-20,17,34,low,move,1.2881622314453125,0.0,1.9632008075714111,0.0,2.430255889892578,0.0,2.903592586517334,0.0
ghost_trace_low_18709_18693_1849,1784587800,2026-07-20,17,50,low,appearance,1.204556941986084,0.0,1.928309679031372,0.0,2.3508713245391846,0.0,2.7317473888397217,0.0
ghost_trace_high_18743_18742_1850,1784589840,2026-07-20,18,24,high,appearance,1.0250306129455566,0.0,1.845924735069275,1.0,2.2105605602264404,2.0,2.7879867553710938,2.0
ghost_trace_high_18748_18748_1851,1784590140,2026-07-20,18,29,high,move,1.087951421737671,1.0,1.9136205911636353,1.0,2.202456474304199,1.0,3.021311044692993,1.0
ghost_trace_high_18751_18751_1852,1784590320,2026-07-20,18,32,high,move,1.1097062826156616,0.0,1.8454324007034302,0.0,2.4080162048339844,0.0,3.1645870208740234,1.0
ghost_trace_high_18764_18764_1853,1784591100,2026-07-20,18,45,high,move,1.1829410791397095,0.0,1.8023995161056519,0.0,2.4269745349884033,0.0,3.5106711387634277,0.0
ghost_trace_high_18807_18807_1854,1784593680,2026-07-20,19,28,high,move,1.140189528465271,1.0,1.8473451137542725,3.0,2.4090323448181152,5.0,3.731881618499756,8.0
ghost_trace_high_18810_18810_1855,1784593860,2026-07-20,19,31,high,move,1.1736717224121094,2.0,1.9120831489562988,3.0,2.610804796218872,6.0,3.7508559226989746,8.0
ghost_trace_high_18811_18811_1856,1784593920,2026-07-20,19,32,high,move,1.1638191938400269,2.0,1.98591947555542,2.0,2.7412009239196777,6.0,3.7815747261047363,7.0
ghost_trace_high_18812_18812_1857,1784593980,2026-07-20,19,33,high,move,1.1060066223144531,1.0,2.0210394859313965,2.0,2.8186299800872803,5.0,3.810807704925537,7.0
ghost_trace_high_18814_18814_1858,1784594100,2026-07-20,19,35,high,move,1.1195805072784424,1.0,2.038421154022217,2.0,2.914907455444336,5.0,3.828169345855713,7.0
ghost_trace_high_18817_18817_1859,1784594280,2026-07-20,19,38,high,move,1.101744532585144,2.0,2.0548899173736572,3.0,2.955447196960449,5.0,3.831491470336914,6.0
ghost_trace_high_18819_18819_1860,1784594400,2026-07-20,19,40,high,move,1.1375542879104614,2.0,2.0310966968536377,3.0,3.0044915676116943,5.0,3.715928554534912,5.0
ghost_trace_high_18820_18820_1861,1784594460,2026-07-20,19,41,high,move,1.1287603378295898,1.0,1.9602739810943604,2.0,3.008920669555664,4.0,3.658600330352783,4.0
ghost_trace_high_18821_18821_1862,1784594520,2026-07-20,19,42,high,move,1.1316115856170654,1.0,1.824169397354126,1.0,2.813478469848633,3.0,3.478640556335449,4.0
ghost_trace_high_18824_18824_1863,1784594700,2026-07-20,19,45,high,move,1.121562123298645,1.0,1.7734649181365967,2.0,2.782370090484619,2.0,3.294602394104004,3.0
ghost_trace_high_18827_18827_1864,1784594880,2026-07-20,19,48,high,move,1.1561274528503418,1.0,1.847118616104126,1.0,2.8090717792510986,2.0,3.004272937774658,2.0
ghost_trace_high_18828_18828_1865,1784594940,2026-07-20,19,49,high,move,1.149407982826233,0.0,1.8462942838668823,0.0,2.706585168838501,1.0,2.9340693950653076,1.0
ghost_trace_high_18836_18829_1866,1784595420,2026-07-20,19,57,high,appearance,1.0321359634399414,0.0,1.747955322265625,0.0,2.4906816482543945,1.0,2.6907708644866943,4.0
ghost_trace_high_18845_18845_1867,1784595960,2026-07-20,20,6,high,move,1.0807796716690063,2.0,1.7109977006912231,3.0,2.4960572719573975,5.0,2.7275023460388184,5.0
ghost_trace_high_18847_18847_1868,1784596080,2026-07-20,20,8,high,move,1.1725592613220215,2.0,1.661355972290039,2.0,2.6027910709381104,4.0,2.689345598220825,4.0
ghost_trace_high_18848_18848_1869,1784596140,2026-07-20,20,9,high,move,1.21250581741333,1.0,1.6762512922286987,2.0,2.6762828826904297,3.0,2.740225076675415,3.0
ghost_trace_high_18849_18849_1870,1784596200,2026-07-20,20,10,high,move,1.3255259990692139,0.0,1.5603893995285034,2.0,2.956923723220825,2.0,3.10206937789917,2.0
ghost_trace_high_18853_18853_1871,1784596440,2026-07-20,20,14,high,move,1.4730134010314941,1.0,1.542649269104004,1.0,3.083080530166626,1.0,3.3778154850006104,1.0
ghost_trace_high_18854_18854_1872,1784596500,2026-07-20,20,15,high,move,1.5695494413375854,0.0,1.5695494413375854,0.0,3.0881690979003906,0.0,3.5865375995635986,0.0
ghost_trace_high_18873_18873_1873,1784597640,2026-07-20,20,34,high,move,1.4636117219924927,1.0,1.5603512525558472,1.0,3.1078028678894043,1.0,3.5314278602600098,1.0
ghost_trace_high_18875_18875_1874,1784597760,2026-07-20,20,36,high,move,1.4367725849151611,0.0,1.5264644622802734,0.0,3.0571095943450928,0.0,3.5340352058410645,0.0
ghost_trace_high_18904_18904_1875,1784599500,2026-07-20,21,5,high,move,1.40455961227417,1.0,1.5251009464263916,1.0,2.9609761238098145,1.0,3.4218358993530273,1.0
ghost_trace_high_18905_18905_1876,1784599560,2026-07-20,21,6,high,move,1.3447502851486206,0.0,1.524207353591919,0.0,2.86832332611084,0.0,3.3467750549316406,0.0
ghost_trace_high_18935_18935_1877,1784601360,2026-07-20,21,36,high,move,1.3016328811645508,3.0,1.504960060119629,3.0,2.7853095531463623,4.0,3.3404884338378906,4.0
ghost_trace_high_18936_18936_1878,1784601420,2026-07-20,21,37,high,move,1.2417601346969604,2.0,1.4876867532730103,2.0,2.6902225017547607,3.0,3.2118256092071533,3.0
ghost_trace_high_18937_18937_1879,1784601480,2026-07-20,21,38,high,move,1.225200891494751,1.0,1.4354356527328491,2.0,2.6760337352752686,2.0,3.158329486846924,2.0
ghost_trace_high_18938_18938_1880,1784601540,2026-07-20,21,39,high,move,1.220813274383545,0.0,1.4052661657333374,1.0,2.6402125358581543,1.0,3.1095728874206543,1.0
ghost_trace_high_18942_18942_1881,1784601780,2026-07-20,21,43,high,move,1.2219409942626953,0.0,1.3783189058303833,0.0,2.61464524269104,0.0,3.0678677558898926,0.0
ghost_trace_high_18958_18958_1882,1784602740,2026-07-20,21,59,high,move,1.1670007705688477,3.0,1.4043928384780884,4.0,2.5276079177856445,5.0,3.182074785232544,7.0
ghost_trace_high_18959_18959_1883,1784602800,2026-07-20,22,0,high,move,1.1248422861099243,3.0,1.386897325515747,3.0,2.4808928966522217,5.0,3.264662504196167,6.0
ghost_trace_high_18960_18960_1884,1784602860,2026-07-20,22,1,high,move,1.032576084136963,2.0,1.4192969799041748,2.0,2.377739906311035,5.0,3.3224666118621826,5.0
ghost_trace_high_18961_18961_1885,1784602920,2026-07-20,22,2,high,move,0.9649077653884888,1.0,1.4683375358581543,1.0,2.3271381855010986,4.0,3.3691344261169434,5.0
ghost_trace_high_18962_18962_1886,1784602980,2026-07-20,22,3,high,move,0.9860978722572327,0.0,1.4597713947296143,0.0,2.4086239337921143,3.0,3.4371800422668457,5.0
ghost_trace_high_18968_18962_1887,1784603340,2026-07-20,22,9,high,appearance,0.9019343852996826,2.0,1.3597720861434937,2.0,2.2035958766937256,5.0,3.2199997901916504,7.0
ghost_trace_high_18969_18969_1888,1784603400,2026-07-20,22,10,high,move,0.9417019486427307,1.0,1.3641712665557861,1.0,2.2690649032592773,4.0,3.397400379180908,6.0
ghost_trace_high_18970_18970_1889,1784603460,2026-07-20,22,11,high,move,0.9640796780586243,0.0,1.5062626600265503,0.0,2.2287662029266357,4.0,3.531630039215088,5.0
ghost_trace_high_18976_18976_1890,1784603820,2026-07-20,22,17,high,move,0.9903164505958557,2.0,1.574538230895996,3.0,2.227022647857666,4.0,3.5842771530151367,8.0
ghost_trace_high_18977_18977_1891,1784603880,2026-07-20,22,18,high,move,0.9863495230674744,2.0,1.632630467414856,2.0,2.244386911392212,3.0,3.6532974243164062,8.0
ghost_trace_high_18978_18978_1892,1784603940,2026-07-20,22,19,high,move,0.9984338879585266,1.0,1.6638284921646118,2.0,2.3270840644836426,3.0,3.6793689727783203,7.0
ghost_trace_high_18980_18980_1893,1784604060,2026-07-20,22,21,high,move,1.013787031173706,1.0,1.6807336807250977,1.0,2.382765769958496,4.0,3.6918513774871826,8.0
ghost_trace_high_18983_18983_1894,1784604240,2026-07-20,22,24,high,move,1.0181951522827148,0.0,1.6924009323120117,1.0,2.417649030685425,5.0,3.694286346435547,8.0
ghost_trace_high_18988_18988_1895,1784604540,2026-07-20,22,29,high,move,1.0349260568618774,3.0,1.6970715522766113,4.0,2.4547977447509766,7.0,3.666978597640991,9.0
ghost_trace_high_18989_18989_1896,1784604600,2026-07-20,22,30,high,move,1.0288177728652954,3.0,1.7227003574371338,4.0,2.473874807357788,7.0,3.6961910724639893,9.0
ghost_trace_high_18990_18990_1897,1784604660,2026-07-20,22,31,high,move,1.0243706703186035,2.0,1.7500836849212646,4.0,2.4876749515533447,7.0,3.6842474937438965,9.0
ghost_trace_high_18991_18991_1898,1784604720,2026-07-20,22,32,high,move,0.9898126125335693,2.0,1.7764222621917725,3.0,2.5059642791748047,6.0,3.7290563583374023,9.0
ghost_trace_high_18992_18992_1899,1784604780,2026-07-20,22,33,high,move,1.030442714691162,2.0,1.9868663549423218,2.0,2.4079697132110596,5.0,3.975928544998169,9.0
ghost_trace_high_18994_18994_1900,1784604900,2026-07-20,22,35,high,move,1.015120029449463,1.0,1.9674935340881348,3.0,2.3418779373168945,5.0,3.9381730556488037,9.0
ghost_trace_high_18995_18995_1901,1784604960,2026-07-20,22,36,high,move,0.9312170743942261,1.0,2.0057873725891113,3.0,2.2813162803649902,5.0,3.914273738861084,9.0
ghost_trace_high_18998_18998_1902,1784605140,2026-07-20,22,39,high,move,0.9842140078544617,2.0,1.9399874210357666,2.0,2.4120936393737793,7.0,3.52993106842041,9.0
ghost_trace_high_18999_18999_1903,1784605200,2026-07-20,22,40,high,move,1.0142123699188232,1.0,1.956087350845337,2.0,2.4845542907714844,6.0,3.1163039207458496,9.0
ghost_trace_high_19000_19000_1904,1784605260,2026-07-20,22,41,high,move,1.0259647369384766,0.0,1.95564866065979,2.0,2.5124454498291016,6.0,2.862394094467163,8.0
ghost_trace_high_19004_19004_1905,1784605500,2026-07-20,22,45,high,move,1.0306661128997803,3.0,1.931673288345337,4.0,2.5547313690185547,7.0,2.632014513015747,8.0
ghost_trace_high_19005_19005_1906,1784605560,2026-07-20,22,46,high,move,1.103066086769104,3.0,1.8491160869598389,4.0,2.5605287551879883,6.0,2.5605287551879883,7.0
ghost_trace_high_19006_19006_1907,1784605620,2026-07-20,22,47,high,move,1.0944703817367554,2.0,1.6430329084396362,3.0,2.529442071914673,5.0,2.529442071914673,6.0
ghost_trace_high_19007_19007_1908,1784605680,2026-07-20,22,48,high,move,1.117850661277771,2.0,1.5307977199554443,3.0,2.5313925743103027,4.0,2.5313925743103027,5.0
ghost_trace_high_19008_19008_1909,1784605740,2026-07-20,22,49,high,move,1.132973551750183,1.0,1.4554128646850586,2.0,2.4773263931274414,3.0,2.4773263931274414,4.0
ghost_trace_high_19010_19010_1910,1784605860,2026-07-20,22,51,high,move,1.1288859844207764,1.0,1.4094043970108032,2.0,2.4512221813201904,3.0,2.4512221813201904,4.0
ghost_trace_high_19012_19012_1911,1784605980,2026-07-20,22,53,high,move,1.1187502145767212,1.0,1.3777732849121094,1.0,2.4246742725372314,2.0,2.4246742725372314,3.0
ghost_trace_high_19014_19014_1912,1784606100,2026-07-20,22,55,high,move,1.1273597478866577,0.0,1.3592503070831299,1.0,2.458407163619995,1.0,2.458407163619995,2.0
ghost_trace_high_19019_19019_1913,1784606400,2026-07-20,23,0,high,move,1.148231029510498,0.0,1.3394749164581299,0.0,2.401888370513916,1.0,2.401888370513916,1.0
ghost_trace_high_19025_19025_1914,1784606760,2026-07-20,23,6,high,move,1.1610004901885986,0.0,1.3311372995376587,0.0,2.3517954349517822,0.0,2.3517954349517822,0.0
ghost_trace_low_19075_19075_1915,1784609760,2026-07-20,23,56,low,appearance,0.911043107509613,0.0,1.1568920612335205,0.0,2.0691134929656982,0.0,2.092785358428955,2.0
ghost_trace_low_19089_19089_1916,1784610600,2026-07-21,0,10,low,move,0.911541759967804,2.0,1.1660716533660889,3.0,1.9704831838607788,6.0,2.108792304992676,6.0
ghost_trace_low_19090_19090_1917,1784610660,2026-07-21,0,11,low,move,0.8750413060188293,1.0,1.2242107391357422,3.0,1.9090298414230347,5.0,2.1872291564941406,5.0
ghost_trace_low_19091_19091_1918,1784610720,2026-07-21,0,12,low,move,0.8663011789321899,1.0,1.2651950120925903,3.0,1.897531270980835,4.0,2.326917886734009,4.0
ghost_trace_low_19094_19094_1919,1784610900,2026-07-21,0,15,low,move,0.9018449783325195,2.0,1.38847017288208,3.0,2.0029356479644775,3.0,2.453237771987915,3.0
ghost_trace_low_19095_19095_1920,1784610960,2026-07-21,0,16,low,move,0.9430299997329712,2.0,1.3641854524612427,2.0,2.1105828285217285,2.0,2.333433151245117,2.0
ghost_trace_low_19096_19096_1921,1784611020,2026-07-21,0,17,low,move,0.9102770686149597,1.0,1.195309042930603,1.0,2.110454797744751,1.0,2.2118115425109863,1.0
ghost_trace_low_19098_19098_1922,1784611140,2026-07-21,0,19,low,move,0.8204864859580994,0.0,1.1160969734191895,0.0,2.105914354324341,0.0,2.105914354324341,0.0
ghost_trace_high_19148_19146_1923,1784614140,2026-07-21,1,9,high,appearance,0.7175898551940918,1.0,1.1825664043426514,2.0,1.638045072555542,2.0,1.8889389038085938,2.0
ghost_trace_high_19151_19151_1924,1784614320,2026-07-21,1,12,high,move,0.847420334815979,1.0,1.345508098602295,1.0,1.6914260387420654,1.0,2.2297563552856445,1.0
ghost_trace_high_19152_19152_1925,1784614380,2026-07-21,1,13,high,move,1.0020290613174438,0.0,1.3454731702804565,0.0,2.0853052139282227,0.0,2.190174102783203,0.0
ghost_trace_high_19174_19174_1926,1784615700,2026-07-21,1,35,high,move,0.9695490002632141,0.0,1.3468239307403564,0.0,2.091604471206665,2.0,2.726485013961792,2.0
ghost_trace_high_19180_19180_1927,1784616060,2026-07-21,1,41,high,move,0.9595691561698914,0.0,1.294217586517334,1.0,2.1685776710510254,1.0,2.749509811401367,1.0
ghost_trace_high_19184_19184_1928,1784616300,2026-07-21,1,45,high,move,1.0171605348587036,0.0,1.2740769386291504,0.0,2.2993435859680176,0.0,2.6810131072998047,0.0
ghost_trace_high_19201_19201_1929,1784617320,2026-07-21,2,2,high,move,1.0771327018737793,1.0,1.2493408918380737,1.0,2.3296456336975098,1.0,2.791785717010498,1.0
ghost_trace_high_19202_19202_1930,1784617380,2026-07-21,2,3,high,move,1.093275547027588,0.0,1.2489789724349976,0.0,2.307001829147339,0.0,2.8702900409698486,0.0
ghost_trace_low_19252_19229_1931,1784620380,2026-07-21,2,53,low,appearance,0.945514976978302,0.0,1.1097171306610107,0.0,2.0188755989074707,0.0,2.2699203491210938,0.0
ghost_trace_high_19279_19274_1932,1784622000,2026-07-21,3,20,high,appearance,0.9508974552154541,2.0,1.0940848588943481,4.0,1.8355892896652222,6.0,2.5888922214508057,7.0
ghost_trace_high_19281_19281_1933,1784622120,2026-07-21,3,22,high,move,1.0413258075714111,3.0,1.153140902519226,3.0,1.9717645645141602,6.0,2.833808660507202,6.0
ghost_trace_high_19282_19282_1934,1784622180,2026-07-21,3,23,high,move,1.0871599912643433,2.0,1.2044243812561035,2.0,2.1037955284118652,5.0,2.92567777633667,5.0
ghost_trace_high_19283_19283_1935,1784622240,2026-07-21,3,24,high,move,1.1149888038635254,1.0,1.2505204677581787,2.0,2.187929391860962,4.0,2.9914259910583496,4.0
ghost_trace_high_19284_19284_1936,1784622300,2026-07-21,3,25,high,move,1.175190806388855,0.0,1.4439775943756104,2.0,2.3697872161865234,3.0,3.268202543258667,3.0
ghost_trace_high_19288_19288_1937,1784622540,2026-07-21,3,29,high,move,1.2818334102630615,2.0,1.5477837324142456,2.0,2.55851149559021,2.0,3.2400319576263428,3.0
ghost_trace_high_19289_19289_1938,1784622600,2026-07-21,3,30,high,move,1.3212931156158447,1.0,1.6596935987472534,1.0,2.5842697620391846,1.0,3.4779324531555176,2.0
ghost_trace_high_19291_19291_1939,1784622720,2026-07-21,3,32,high,move,1.3653794527053833,0.0,1.7266490459442139,0.0,2.6831040382385254,1.0,3.4792280197143555,1.0
ghost_trace_high_19300_19300_1940,1784623260,2026-07-21,3,41,high,move,1.4042860269546509,0.0,1.7901297807693481,0.0,2.719804286956787,0.0,3.4839725494384766,0.0
ghost_trace_high_19320_19320_1941,1784624460,2026-07-21,4,1,high,move,1.3729583024978638,0.0,1.7598366737365723,0.0,2.6750705242156982,0.0,3.44946551322937,1.0
ghost_trace_high_19335_19335_1942,1784625360,2026-07-21,4,16,high,move,1.3552638292312622,3.0,1.7575947046279907,3.0,2.622077465057373,3.0,3.4156434535980225,3.0
ghost_trace_high_19336_19336_1943,1784625420,2026-07-21,4,17,high,move,1.320911169052124,2.0,1.750304937362671,2.0,2.6143836975097656,2.0,3.353302478790283,2.0
ghost_trace_high_19337_19337_1944,1784625480,2026-07-21,4,18,high,move,1.3014806509017944,1.0,1.7300314903259277,1.0,2.5919809341430664,1.0,3.303314447402954,1.0
ghost_trace_high_19338_19338_1945,1784625540,2026-07-21,4,19,high,move,1.2886419296264648,0.0,1.7108986377716064,0.0,2.564985990524292,0.0,3.2808077335357666,0.0
ghost_trace_low_19388_19358_1946,1784628540,2026-07-21,5,9,low,appearance,1.1007378101348877,0.0,1.5543133020401,0.0,2.3552517890930176,0.0,3.0860273838043213,0.0
ghost_trace_high_19408_19390_1947,1784629740,2026-07-21,5,29,high,appearance,1.1043449640274048,0.0,1.4782687425613403,0.0,2.09377121925354,1.0,2.9270575046539307,1.0
ghost_trace_high_19415_19415_1948,1784630160,2026-07-21,5,36,high,move,1.22735595703125,0.0,1.5697107315063477,0.0,1.9976344108581543,0.0,3.3737454414367676,0.0
ghost_trace_low_19465_19465_1949,1784633160,2026-07-21,6,26,low,appearance,0.9679319262504578,0.0,1.2999017238616943,0.0,1.8390299081802368,0.0,2.3872451782226562,0.0
ghost_trace_high_19515_19512_1950,1784636160,2026-07-21,7,16,high,appearance,1.017099380493164,0.0,1.3480898141860962,0.0,1.9153035879135132,0.0,2.754197597503662,0.0
ghost_trace_low_19562_19541_1951,1784638980,2026-07-21,8,3,low,appearance,0.9902794361114502,0.0,1.232524037361145,0.0,1.8954269886016846,0.0,2.5605061054229736,0.0
ghost_trace_high_19591_19589_1952,1784640720,2026-07-21,8,32,high,appearance,1.026039481163025,0.0,1.4137120246887207,0.0,2.1343939304351807,0.0,2.9945003986358643,0.0
ghost_trace_low_19639_19629_1953,1784643600,2026-07-21,9,20,low,appearance,0.9881450533866882,0.0,1.486523151397705,0.0,1.995489478111267,0.0,2.570741891860962,0.0
ghost_trace_high_19679_19667_1954,1784646000,2026-07-21,10,0,high,appearance,0.9903461933135986,0.0,1.2708016633987427,0.0,2.1337568759918213,4.0,2.881765842437744,7.0
ghost_trace_high_19686_19686_1955,1784646420,2026-07-21,10,7,high,move,1.0807000398635864,3.0,1.3352361917495728,4.0,2.2877066135406494,6.0,3.2706308364868164,7.0
ghost_trace_high_19687_19687_1956,1784646480,2026-07-21,10,8,high,move,1.0864591598510742,2.0,1.3199708461761475,4.0,2.349168062210083,5.0,3.2933154106140137,6.0
ghost_trace_high_19688_19688_1957,1784646540,2026-07-21,10,9,high,move,1.068005084991455,2.0,1.3307266235351562,3.0,2.427468776702881,4.0,3.34714674949646,5.0
ghost_trace_high_19689_19689_1958,1784646600,2026-07-21,10,10,high,move,1.0993951559066772,2.0,1.3457446098327637,3.0,2.5341553688049316,3.0,3.3643808364868164,4.0
ghost_trace_high_19691_19691_1959,1784646720,2026-07-21,10,12,high,move,1.1175318956375122,2.0,1.4110040664672852,2.0,2.523366928100586,3.0,3.315748691558838,4.0
ghost_trace_high_19692_19692_1960,1784646780,2026-07-21,10,13,high,move,1.095744252204895,1.0,1.4461474418640137,1.0,2.519521474838257,2.0,3.1743948459625244,3.0
ghost_trace_high_19694_19694_1961,1784646900,2026-07-21,10,15,high,move,1.0969185829162598,0.0,1.4477565288543701,0.0,2.4971818923950195,1.0,2.997370481491089,2.0
ghost_trace_high_19700_19700_1962,1784647260,2026-07-21,10,21,high,move,1.134063720703125,0.0,1.468965768814087,1.0,2.433060646057129,1.0,3.025742530822754,1.0
ghost_trace_high_19705_19705_1963,1784647560,2026-07-21,10,26,high,move,1.297524094581604,0.0,1.5871754884719849,0.0,2.595792293548584,0.0,3.002354145050049,0.0
ghost_trace_high_19747_19747_1964,1784650080,2026-07-21,11,8,high,move,1.0876163244247437,0.0,1.579490303993225,0.0,2.603872537612915,0.0,3.2443089485168457,2.0
ghost_trace_high_19761_19761_1965,1784650920,2026-07-21,11,22,high,move,1.1239088773727417,1.0,1.5897573232650757,1.0,2.589129686355591,1.0,3.5239486694335938,1.0
ghost_trace_high_19762_19762_1966,1784650980,2026-07-21,11,23,high,move,1.1436527967453003,0.0,1.5585696697235107,0.0,2.59199595451355,0.0,3.895036458969116,0.0
ghost_trace_high_19789_19762_1967,1784652600,2026-07-21,11,50,high,appearance,1.1862401962280273,3.0,1.5737963914871216,5.0,2.4364829063415527,5.0,3.7372164726257324,6.0
ghost_trace_high_19790_19790_1968,1784652660,2026-07-21,11,51,high,move,1.151557445526123,3.0,1.520324945449829,4.0,2.4901912212371826,4.0,3.8768248558044434,6.0
ghost_trace_high_19791_19791_1969,1784652720,2026-07-21,11,52,high,move,1.1568937301635742,3.0,1.5272494554519653,3.0,2.4878644943237305,3.0,3.958141326904297,6.0
ghost_trace_high_19792_19792_1970,1784652780,2026-07-21,11,53,high,move,1.1622480154037476,2.0,1.5341843366622925,2.0,2.488004684448242,2.0,3.983912944793701,5.0
ghost_trace_high_19793_19793_1971,1784652840,2026-07-21,11,54,high,move,1.2026875019073486,1.0,1.5266883373260498,1.0,2.50771427154541,1.0,4.080811023712158,4.0
ghost_trace_high_19794_19794_1972,1784652900,2026-07-21,11,55,high,move,1.1960797309875488,0.0,1.5059540271759033,0.0,2.547245979309082,1.0,4.151478290557861,3.0
ghost_trace_high_19804_19804_1973,1784653500,2026-07-21,12,5,high,move,1.214462161064148,2.0,1.501780390739441,2.0,2.5279886722564697,2.0,4.036194801330566,2.0
ghost_trace_high_19805_19805_1974,1784653560,2026-07-21,12,6,high,move,1.1988455057144165,1.0,1.5298336744308472,1.0,2.5298047065734863,1.0,4.014891624450684,1.0
ghost_trace_high_19806_19806_1975,1784653620,2026-07-21,12,7,high,move,1.2143481969833374,0.0,1.5541020631790161,0.0,2.5423765182495117,0.0,3.993800163269043,0.0
ghost_trace_high_19848_19848_1976,1784656140,2026-07-21,12,49,high,move,1.1507736444473267,1.0,1.515025019645691,1.0,2.445584297180176,1.0,4.108448505401611,1.0
ghost_trace_high_19849_19849_1977,1784656200,2026-07-21,12,50,high,move,1.1284898519515991,0.0,1.587889313697815,0.0,2.4703874588012695,0.0,3.838454246520996,0.0
ghost_trace_low_19899_19891_1978,1784659200,2026-07-21,13,40,low,appearance,1.0612013339996338,0.0,1.3668898344039917,0.0,2.103463649749756,0.0,3.38421630859375,0.0
ghost_trace_low_19924_19924_1979,1784660700,2026-07-21,14,5,low,move,1.1156067848205566,1.0,1.3273428678512573,2.0,2.163400888442993,2.0,3.3842248916625977,2.0
ghost_trace_low_19927_19927_1980,1784660880,2026-07-21,14,8,low,move,1.0289796590805054,1.0,1.292391300201416,1.0,2.2465920448303223,1.0,3.0009593963623047,1.0
ghost_trace_low_19929_19929_1981,1784661000,2026-07-21,14,10,low,move,1.0144520998001099,0.0,1.2440935373306274,0.0,2.234074354171753,0.0,2.805281400680542,0.0
ghost_trace_low_19945_19945_1982,1784661960,2026-07-21,14,26,low,move,0.9736786484718323,2.0,1.2212315797805786,2.0,2.2465827465057373,2.0,2.695358991622925,2.0
ghost_trace_low_19947_19947_1983,1784662080,2026-07-21,14,28,low,move,0.96717369556427,1.0,1.2023507356643677,1.0,2.237485408782959,1.0,2.5807578563690186,1.0
ghost_trace_low_19948_19948_1984,1784662140,2026-07-21,14,29,low,move,0.9533357620239258,0.0,1.2022535800933838,0.0,2.304816961288452,0.0,2.557063579559326,0.0
ghost_trace_low_19982_19982_1985,1784664180,2026-07-21,15,3,low,move,0.9235657453536987,1.0,1.2746381759643555,1.0,2.215867519378662,1.0,2.584272623062134,2.0
ghost_trace_low_19983_19983_1986,1784664240,2026-07-21,15,4,low,move,1.0006179809570312,0.0,1.3816179037094116,0.0,2.1966850757598877,0.0,2.6723947525024414,1.0
ghost_trace_low_19997_19997_1987,1784665080,2026-07-21,15,18,low,move,1.074062466621399,0.0,1.482051968574524,0.0,2.2443342208862305,0.0,2.8485255241394043,0.0
ghost_trace_low_20023_19997_1988,1784666640,2026-07-21,15,44,low,appearance,0.9441145658493042,0.0,1.416167974472046,1.0,1.9360606670379639,1.0,2.8274478912353516,1.0
ghost_trace_low_20028_20028_1989,1784666940,2026-07-21,15,49,low,move,0.9627156257629395,0.0,1.4343699216842651,0.0,2.1415727138519287,0.0,3.0410585403442383,0.0
ghost_trace_low_20063_20063_1990,1784672640,2026-07-21,17,24,low,move,1.0049011707305908,1.0,1.4617490768432617,3.0,2.184558868408203,4.0,3.231001615524292,4.0
ghost_trace_low_20064_20064_1991,1784672700,2026-07-21,17,25,low,move,1.1041853427886963,1.0,1.4065228700637817,3.0,2.313662528991699,3.0,3.414369821548462,3.0
ghost_trace_low_20067_20067_1992,1784672880,2026-07-21,17,28,low,move,1.1998580694198608,2.0,1.4020850658416748,2.0,2.408374786376953,2.0,3.5081729888916016,2.0
ghost_trace_low_20068_20068_1993,1784672940,2026-07-21,17,29,low,move,1.2576887607574463,1.0,1.4214928150177002,1.0,2.516341209411621,1.0,3.540902614593506,1.0
ghost_trace_low_20069_20069_1994,1784673000,2026-07-21,17,30,low,move,1.2649540901184082,0.0,1.4397549629211426,0.0,2.5997893810272217,0.0,3.4808924198150635,1.0
ghost_trace_low_20084_20084_1995,1784673900,2026-07-21,17,45,low,move,1.2868919372558594,2.0,1.440600872039795,3.0,2.626572847366333,3.0,3.473907947540283,3.0
ghost_trace_low_20085_20085_1996,1784673960,2026-07-21,17,46,low,move,1.3031384944915771,1.0,1.442162036895752,2.0,2.667044162750244,2.0,3.4307241439819336,2.0
ghost_trace_low_20087_20087_1997,1784674080,2026-07-21,17,48,low,move,1.3046693801879883,1.0,1.444211721420288,1.0,2.6785635948181152,1.0,3.4215614795684814,1.0
ghost_trace_low_20089_20087_1998,1784674200,2026-07-21,17,50,low,appearance,1.2182998657226562,0.0,1.335107445716858,0.0,2.4657347202301025,0.0,3.132883310317993,0.0
ghost_trace_high_20137_20118_1999,1784677080,2026-07-21,18,38,high,appearance,1.0580494403839111,0.0,1.3128246068954468,0.0,2.248941659927368,0.0,2.9197909832000732,0.0
ghost_trace_high_20159_20159_2000,1784678400,2026-07-21,19,0,high,move,1.084716796875,3.0,1.3433804512023926,5.0,2.348459482192993,7.0,3.128506898880005,8.0
ghost_trace_high_20160_20160_2001,1784678460,2026-07-21,19,1,high,move,1.1451808214187622,3.0,1.3555229902267456,5.0,2.505920648574829,7.0,3.277056932449341,7.0
ghost_trace_high_20161_20161_2002,1784678520,2026-07-21,19,2,high,move,1.1176135540008545,3.0,1.369156002998352,5.0,2.5603628158569336,6.0,3.421875,6.0
ghost_trace_high_20162_20162_2003,1784678580,2026-07-21,19,3,high,move,1.0918893814086914,3.0,1.3726351261138916,4.0,2.568209171295166,5.0,3.490983247756958,5.0
ghost_trace_high_20163_20163_2004,1784678640,2026-07-21,19,4,high,move,1.0769281387329102,3.0,1.3727459907531738,3.0,2.56671404838562,4.0,3.54691743850708,4.0
ghost_trace_high_20164_20164_2005,1784678700,2026-07-21,19,5,high,move,1.0733946561813354,2.0,1.370239019393921,2.0,2.543973445892334,3.0,3.5709590911865234,3.0
ghost_trace_high_20165_20165_2006,1784678760,2026-07-21,19,6,high,move,1.0512059926986694,1.0,1.3922027349472046,2.0,2.5537259578704834,2.0,3.552579641342163,2.0
ghost_trace_high_20166_20166_2007,1784678820,2026-07-21,19,7,high,move,1.0432848930358887,0.0,1.423641324043274,1.0,2.546147584915161,1.0,3.543684482574463,1.0
ghost_trace_high_20170_20170_2008,1784679060,2026-07-21,19,11,high,move,1.1093930006027222,0.0,1.455753207206726,0.0,2.486307382583618,0.0,3.6281867027282715,0.0
ghost_trace_low_20220_20220_2009,1784682060,2026-07-21,20,1,low,appearance,1.0167033672332764,1.0,1.384451150894165,1.0,2.1263251304626465,1.0,3.4219908714294434,1.0
ghost_trace_low_20221_20221_2010,1784682120,2026-07-21,20,2,low,move,1.037387728691101,0.0,1.4249573945999146,0.0,2.057828903198242,0.0,3.4165377616882324,0.0
ghost_trace_low_20249_20249_2011,1784683800,2026-07-21,20,30,low,move,1.0392974615097046,1.0,1.4397742748260498,1.0,2.206028938293457,1.0,3.3598251342773438,1.0
ghost_trace_low_20250_20250_2012,1784683860,2026-07-21,20,31,low,move,1.0939470529556274,0.0,1.3965203762054443,0.0,2.316049575805664,0.0,3.32686448097229,0.0
ghost_trace_high_20300_20271_2013,1784686860,2026-07-21,21,21,high,appearance,0.9138144254684448,0.0,1.3454934358596802,0.0,2.2012298107147217,0.0,3.257171869277954,0.0
ghost_trace_low_20321_20288_2014,1784688120,2026-07-21,21,42,low,appearance,0.9015311002731323,0.0,1.1855320930480957,0.0,2.0003890991210938,0.0,3.132866621017456,2.0
ghost_trace_low_20335_20335_2015,1784688960,2026-07-21,21,56,low,move,1.000657081604004,2.0,1.1807801723480225,3.0,2.2119524478912354,3.0,3.1760919094085693,7.0
ghost_trace_low_20336_20336_2016,1784689020,2026-07-21,21,57,low,move,1.047073483467102,1.0,1.2022725343704224,2.0,2.3307762145996094,3.0,3.172044515609741,7.0
ghost_trace_low_20337_20337_2017,1784689080,2026-07-21,21,58,low,move,0.9442377090454102,1.0,1.2337467670440674,1.0,2.2699923515319824,2.0,3.0599777698516846,6.0
ghost_trace_low_20340_20340_2018,1784689260,2026-07-21,22,1,low,move,0.9860248565673828,0.0,1.2605098485946655,0.0,2.261639356613159,4.0,3.0047767162323,5.0
ghost_trace_low_20346_20346_2019,1784689620,2026-07-21,22,7,low,move,0.96396803855896,2.0,1.3131738901138306,4.0,2.2543413639068604,4.0,2.9221298694610596,4.0
ghost_trace_low_20348_20348_2020,1784689740,2026-07-21,22,9,low,move,0.8165136575698853,3.0,1.4275978803634644,3.0,2.2247517108917236,3.0,2.990168571472168,3.0
ghost_trace_low_20349_20349_2021,1784689800,2026-07-21,22,10,low,move,0.8907728791236877,2.0,1.4128360748291016,2.0,2.228149652481079,2.0,3.0587594509124756,2.0
ghost_trace_low_20350_20350_2022,1784689860,2026-07-21,22,11,low,move,0.8667021989822388,1.0,1.4827384948730469,1.0,2.3061845302581787,1.0,3.0881166458129883,1.0
ghost_trace_low_20351_20351_2023,1784689920,2026-07-21,22,12,low,move,0.8716692328453064,0.0,1.52733314037323,0.0,2.3490655422210693,0.0,3.140364408493042,0.0
ghost_trace_low_20390_20390_2024,1784692260,2026-07-21,22,51,low,move,0.8602182865142822,3.0,1.631509780883789,4.0,2.2764782905578613,5.0,3.1546385288238525,5.0
ghost_trace_low_20391_20391_2025,1784692320,2026-07-21,22,52,low,move,0.797916829586029,2.0,1.697247862815857,3.0,2.341705560684204,4.0,3.0832064151763916,4.0
ghost_trace_low_20392_20392_2026,1784692380,2026-07-21,22,53,low,move,0.8280922174453735,2.0,1.7744227647781372,2.0,2.358398199081421,3.0,3.255272388458252,3.0
ghost_trace_low_20393_20393_2027,1784692440,2026-07-21,22,54,low,move,0.9475096464157104,1.0,1.7846099138259888,1.0,2.339487075805664,2.0,3.341317653656006,2.0
ghost_trace_low_20395_20395_2028,1784692560,2026-07-21,22,56,low,move,1.026929259300232,0.0,1.823671817779541,1.0,2.3793203830718994,1.0,3.4717330932617188,1.0
ghost_trace_low_20400_20400_2029,1784692860,2026-07-21,23,1,low,move,0.9811999797821045,0.0,1.8915914297103882,0.0,2.4504952430725098,0.0,3.5456128120422363,0.0
ghost_trace_low_20419_20400_2030,1784694000,2026-07-21,23,20,low,appearance,0.8912699222564697,0.0,1.898240089416504,0.0,2.331489086151123,0.0,3.2557544708251953,0.0
ghost_trace_high_20450_20428_2031,1784695860,2026-07-21,23,51,high,appearance,0.8471993207931519,0.0,1.8663407564163208,0.0,2.342104911804199,0.0,3.104891300201416,0.0
ghost_trace_low_20656_20620_2032,1784708220,2026-07-22,3,17,low,appearance,0.9207571148872375,0.0,1.862144947052002,0.0,2.307191848754883,0.0,3.208578109741211,1.0
ghost_trace_high_20670_20670_2033,1784709060,2026-07-22,3,31,high,appearance,0.8878604769706726,0.0,1.708005666732788,0.0,2.163816452026367,0.0,3.246738910675049,0.0
ghost_trace_high_20697_20697_2034,1784710680,2026-07-22,3,58,high,move,1.001379132270813,0.0,1.7447423934936523,2.0,2.237708806991577,3.0,3.4035658836364746,3.0
ghost_trace_high_20701_20701_2035,1784710920,2026-07-22,4,2,high,move,1.0587104558944702,1.0,1.7772270441055298,2.0,2.3046188354492188,2.0,3.4578511714935303,2.0
ghost_trace_high_20702_20702_2036,1784710980,2026-07-22,4,3,high,move,1.0465433597564697,0.0,1.817743182182312,1.0,2.349830150604248,1.0,3.497657060623169,1.0
ghost_trace_high_20706_20706_2037,1784711220,2026-07-22,4,7,high,move,1.0561619997024536,0.0,1.9007397890090942,0.0,2.4736404418945312,0.0,3.4753944873809814,0.0
ghost_trace_low_20756_20752_2038,1784714220,2026-07-22,4,57,low,appearance,0.9371140003204346,0.0,1.7499247789382935,0.0,2.2497682571411133,0.0,3.2117655277252197,0.0
ghost_trace_high_20802_20789_2039,1784716980,2026-07-22,5,43,high,appearance,0.8953912854194641,0.0,1.7205878496170044,0.0,2.1752989292144775,2.0,3.487421751022339,2.0
ghost_trace_high_20808_20808_2040,1784717340,2026-07-22,5,49,high,move,1.0410493612289429,1.0,1.7255940437316895,1.0,2.3506033420562744,1.0,3.677020788192749,1.0
ghost_trace_high_20809_20809_2041,1784717400,2026-07-22,5,50,high,move,1.1095771789550781,0.0,1.7136203050613403,0.0,2.4684150218963623,0.0,3.7899789810180664,0.0
ghost_trace_low_20859_20859_2042,1784720400,2026-07-22,6,40,low,appearance,1.102852702140808,3.0,1.6511975526809692,3.0,2.1408743858337402,3.0,3.6072278022766113,3.0
ghost_trace_low_20860_20860_2043,1784720460,2026-07-22,6,41,low,move,1.1195796728134155,2.0,1.8186404705047607,2.0,2.035186529159546,2.0,3.555079460144043,2.0
ghost_trace_low_20861_20861_2044,1784720520,2026-07-22,6,42,low,move,1.0941908359527588,1.0,1.8082294464111328,1.0,2.0770344734191895,1.0,3.4512710571289062,1.0
ghost_trace_low_20862_20862_2045,1784720580,2026-07-22,6,43,low,move,1.2576320171356201,0.0,1.7750087976455688,0.0,2.333205461502075,0.0,3.5787203311920166,0.0
ghost_trace_low_20900_20900_2046,1784722860,2026-07-22,7,21,low,move,1.2244757413864136,3.0,1.7368202209472656,4.0,2.1522159576416016,4.0,3.8194637298583984,4.0
ghost_trace_low_20901_20901_2047,1784722920,2026-07-22,7,22,low,move,1.2281767129898071,3.0,1.7791190147399902,3.0,2.194434404373169,3.0,3.8860058784484863,3.0
ghost_trace_low_20902_20902_2048,1784722980,2026-07-22,7,23,low,move,1.2505152225494385,2.0,1.732255220413208,2.0,2.2861006259918213,2.0,3.849686622619629,2.0
ghost_trace_low_20903_20903_2049,1784723040,2026-07-22,7,24,low,move,1.2735356092453003,1.0,1.7156635522842407,1.0,2.31585693359375,1.0,3.8627634048461914,1.0
ghost_trace_low_20904_20904_2050,1784723100,2026-07-22,7,25,low,move,1.24331796169281,0.0,1.696702003479004,0.0,2.301637649536133,0.0,3.8057360649108887,0.0
ghost_trace_low_20935_20935_2051,1784724960,2026-07-22,7,56,low,move,1.2225160598754883,0.0,1.69113028049469,0.0,2.4358103275299072,0.0,3.9943270683288574,0.0
ghost_trace_high_20985_20984_2052,1784727960,2026-07-22,8,46,high,appearance,0.8377284407615662,0.0,1.7946264743804932,0.0,2.579111099243164,4.0,3.8843510150909424,7.0
ghost_trace_high_20992_20992_2053,1784728380,2026-07-22,8,53,high,move,0.9230306148529053,3.0,1.998295783996582,4.0,2.7803759574890137,6.0,3.836160659790039,6.0
ghost_trace_high_20993_20993_2054,1784728440,2026-07-22,8,54,high,move,1.0211888551712036,3.0,2.0730345249176025,4.0,2.857607841491699,5.0,3.668771266937256,5.0
ghost_trace_high_20994_20994_2055,1784728500,2026-07-22,8,55,high,move,1.123691439628601,2.0,1.9513362646102905,4.0,3.0682809352874756,4.0,3.706759452819824,4.0
ghost_trace_high_20995_20995_2056,1784728560,2026-07-22,8,56,high,move,1.1286481618881226,2.0,1.8654520511627197,3.0,3.1196460723876953,3.0,3.597956418991089,3.0
ghost_trace_high_20996_20996_2057,1784728620,2026-07-22,8,57,high,move,1.1205027103424072,2.0,1.8146957159042358,2.0,3.1536927223205566,2.0,3.420646905899048,2.0
ghost_trace_high_20998_20998_2058,1784728740,2026-07-22,8,59,high,move,1.1177005767822266,1.0,1.8024466037750244,1.0,3.0704874992370605,1.0,3.400157928466797,1.0
ghost_trace_high_20999_20999_2059,1784728800,2026-07-22,9,0,high,move,1.090030550956726,0.0,1.783801794052124,0.0,2.933744430541992,0.0,3.3198113441467285,0.0
ghost_trace_low_21049_21041_2060,1784731800,2026-07-22,9,50,low,appearance,0.8669406771659851,0.0,1.7620515823364258,0.0,2.5136303901672363,0.0,3.546267032623291,0.0
ghost_trace_high_21091_21086_2061,1784734320,2026-07-22,10,32,high,appearance,1.1141221523284912,0.0,1.5417041778564453,0.0,2.658161163330078,0.0,3.225275754928589,0.0
ghost_trace_low_21136_21099_2062,1784737020,2026-07-22,11,17,low,appearance,1.0668200254440308,0.0,1.446621298789978,0.0,2.3871476650238037,0.0,2.5881521701812744,0.0
ghost_trace_high_21216_21187_2063,1784741820,2026-07-22,12,37,high,appearance,0.9793014526367188,0.0,1.4357147216796875,0.0,2.1593518257141113,0.0,2.7123992443084717,0.0
ghost_trace_high_21321_21295_2064,1784748120,2026-07-22,14,22,high,appearance,0.984946608543396,0.0,1.34578537940979,0.0,1.987840175628662,1.0,2.9506168365478516,1.0
ghost_trace_high_21327_21327_2065,1784748480,2026-07-22,14,28,high,move,1.1355667114257812,0.0,1.4834856986999512,0.0,2.1720163822174072,0.0,3.4836649894714355,0.0
ghost_trace_high_21415_21377_2066,1784753760,2026-07-22,15,56,high,appearance,1.0245836973190308,0.0,1.401218295097351,0.0,2.108680248260498,0.0,2.981656312942505,0.0
ghost_trace_low_21427_21426_2067,1784758080,2026-07-22,17,8,low,appearance,0.9163469672203064,0.0,1.27873957157135,0.0,1.6325314044952393,0.0,3.446875810623169,0.0
ghost_trace_low_21457_21457_2068,1784759880,2026-07-22,17,38,low,move,1.1270112991333008,3.0,1.3638728857040405,3.0,1.8819434642791748,5.0,3.32527232170105,5.0
ghost_trace_low_21458_21458_2069,1784759940,2026-07-22,17,39,low,move,1.1936964988708496,2.0,1.4333813190460205,2.0,2.0224571228027344,4.0,3.3746225833892822,4.0
ghost_trace_low_21459_21459_2070,1784760000,2026-07-22,17,40,low,move,1.1486685276031494,1.0,1.6710834503173828,2.0,1.9558813571929932,3.0,3.768887758255005,3.0
ghost_trace_low_21460_21460_2071,1784760060,2026-07-22,17,41,low,move,1.11403489112854,0.0,1.82341468334198,2.0,1.9991079568862915,2.0,3.9105775356292725,2.0
ghost_trace_low_21464_21464_2072,1784760300,2026-07-22,17,45,low,move,1.0794298648834229,1.0,1.9235470294952393,1.0,2.012984275817871,1.0,4.002197742462158,1.0
ghost_trace_low_21465_21465_2073,1784760360,2026-07-22,17,46,low,move,1.0505449771881104,0.0,1.9976977109909058,0.0,2.0431315898895264,0.0,4.05167293548584,0.0
ghost_trace_low_21483_21483_2074,1784761440,2026-07-22,18,4,low,move,1.048986554145813,0.0,2.0671355724334717,0.0,2.1011855602264404,0.0,4.177108287811279,0.0
ghost_trace_high_21533_21528_2075,1784764440,2026-07-22,18,54,high,appearance,1.0725786685943604,0.0,2.038062572479248,1.0,2.038062572479248,3.0,4.150841236114502,7.0
ghost_trace_high_21538_21538_2076,1784764740,2026-07-22,18,59,high,move,1.1501319408416748,2.0,2.0982682704925537,2.0,2.0982682704925537,6.0,4.154064655303955,6.0
ghost_trace_high_21539_21539_2077,1784764800,2026-07-22,19,0,high,move,1.1127493381500244,1.0,2.20458984375,2.0,2.20458984375,5.0,4.141692161560059,5.0
ghost_trace_high_21540_21540_2078,1784764860,2026-07-22,19,1,high,move,1.1010406017303467,0.0,2.18380069732666,2.0,2.282867193222046,4.0,4.140280246734619,5.0
ghost_trace_high_21544_21544_2079,1784765100,2026-07-22,19,5,high,move,1.1169408559799194,2.0,2.1675922870635986,3.0,2.3366928100585938,3.0,4.04468297958374,6.0
ghost_trace_high_21545_21545_2080,1784765160,2026-07-22,19,6,high,move,1.1166033744812012,2.0,2.132864236831665,2.0,2.3765997886657715,3.0,3.9702348709106445,5.0
ghost_trace_high_21547_21547_2081,1784765280,2026-07-22,19,8,high,move,1.1332579851150513,1.0,2.1324377059936523,1.0,2.3883657455444336,3.0,3.942142963409424,5.0
ghost_trace_high_21548_21548_2082,1784765340,2026-07-22,19,9,high,move,1.1547490358352661,0.0,2.149049997329712,0.0,2.429999828338623,2.0,3.8875246047973633,5.0
ghost_trace_high_21555_21555_2083,1784765760,2026-07-22,19,16,high,move,1.1864538192749023,1.0,2.149702548980713,2.0,2.3977396488189697,6.0,3.9055917263031006,7.0
ghost_trace_high_21556_21556_2084,1784765820,2026-07-22,19,17,high,move,1.232792854309082,1.0,2.1184937953948975,2.0,2.3703508377075195,6.0,3.689955472946167,6.0
ghost_trace_high_21559_21559_2085,1784766000,2026-07-22,19,20,high,move,1.3166286945343018,1.0,2.1320929527282715,3.0,2.4050772190093994,5.0,3.658137559890747,5.0
ghost_trace_high_21561_21561_2086,1784766120,2026-07-22,19,22,high,move,1.4079281091690063,2.0,2.0351548194885254,4.0,2.5843050479888916,4.0,3.572436809539795,4.0
ghost_trace_high_21563_21563_2087,1784766240,2026-07-22,19,24,high,move,1.4135582447052002,3.0,2.0840704441070557,3.0,2.71066951751709,3.0,3.8126118183135986,3.0
ghost_trace_high_21564_21564_2088,1784766300,2026-07-22,19,25,high,move,1.2198150157928467,2.0,1.9424834251403809,2.0,3.0148696899414062,2.0,3.3716437816619873,2.0
ghost_trace_high_21565_21565_2089,1784766360,2026-07-22,19,26,high,move,1.2638092041015625,1.0,1.9032988548278809,1.0,3.1503400802612305,1.0,3.4608280658721924,1.0
ghost_trace_high_21566_21566_2090,1784766420,2026-07-22,19,27,high,move,1.2656012773513794,0.0,1.8905067443847656,0.0,3.129451274871826,0.0,3.560122013092041,0.0
ghost_trace_high_21590_21590_2091,1784767860,2026-07-22,19,51,high,move,1.2147952318191528,0.0,1.7987065315246582,0.0,3.0924222469329834,0.0,3.757692575454712,0.0
ghost_trace_low_21640_21639_2092,1784770860,2026-07-22,20,41,low,appearance,1.0833556652069092,1.0,1.5844582319259644,2.0,2.5927388668060303,4.0,3.1081042289733887,4.0
ghost_trace_low_21643_21643_2093,1784771040,2026-07-22,20,44,low,move,1.0950615406036377,1.0,1.579201102256775,2.0,2.4226720333099365,3.0,3.22003173828125,3.0
ghost_trace_low_21644_21644_2094,1784771100,2026-07-22,20,45,low,move,1.0816038846969604,1.0,1.4464848041534424,2.0,2.361955404281616,2.0,3.0918679237365723,3.0
ghost_trace_low_21647_21647_2095,1784771280,2026-07-22,20,48,low,move,1.0470526218414307,1.0,1.3856106996536255,1.0,2.3339550495147705,1.0,3.0371644496917725,3.0
ghost_trace_low_21649_21649_2096,1784771400,2026-07-22,20,50,low,move,0.9967716336250305,0.0,1.3502801656723022,0.0,2.306708335876465,1.0,3.008998155593872,2.0
ghost_trace_low_21659_21659_2097,1784772000,2026-07-22,21,0,low,move,0.9817241430282593,1.0,1.3374006748199463,1.0,2.3161609172821045,2.0,2.9810266494750977,5.0
ghost_trace_low_21662_21662_2098,1784772180,2026-07-22,21,3,low,move,0.9606565237045288,0.0,1.3077744245529175,0.0,2.347971200942993,3.0,2.9207379817962646,6.0
ghost_trace_low_21669_21669_2099,1784772600,2026-07-22,21,10,low,move,0.9478769898414612,2.0,1.2958303689956665,3.0,2.3405027389526367,6.0,2.9159646034240723,10.0
ghost_trace_low_21670_21670_2100,1784772660,2026-07-22,21,11,low,move,0.9608322381973267,1.0,1.2904417514801025,2.0,2.3371548652648926,6.0,2.9693377017974854,10.0
ghost_trace_low_21671_21671_2101,1784772720,2026-07-22,21,12,low,move,1.049970269203186,1.0,1.4562287330627441,2.0,2.2200000286102295,6.0,3.1538867950439453,10.0
ghost_trace_low_21674_21674_2102,1784772900,2026-07-22,21,15,low,move,1.1278249025344849,2.0,1.4723988771438599,3.0,2.104288101196289,7.0,3.2107994556427,9.0
ghost_trace_low_21676_21676_2103,1784773020,2026-07-22,21,17,low,move,1.1809848546981812,2.0,1.4881699085235596,4.0,2.0981695652008057,8.0,3.3371806144714355,8.0
ghost_trace_low_21677_21677_2104,1784773080,2026-07-22,21,18,low,move,1.2899062633514404,2.0,1.5267406702041626,4.0,2.1850430965423584,7.0,3.341092109680176,7.0
ghost_trace_low_21678_21678_2105,1784773140,2026-07-22,21,19,low,move,1.3510302305221558,2.0,1.5116928815841675,3.0,2.1946628093719482,6.0,3.334181785583496,6.0
ghost_trace_low_21680_21680_2106,1784773260,2026-07-22,21,21,low,move,1.29560387134552,2.0,1.4793599843978882,4.0,1.986096739768982,5.0,3.432412624359131,5.0
ghost_trace_low_21681_21681_2107,1784773320,2026-07-22,21,22,low,move,1.243037223815918,2.0,1.5810734033584595,4.0,2.037466287612915,4.0,3.3050696849823,5.0
ghost_trace_low_21682_21682_2108,1784773380,2026-07-22,21,23,low,move,1.2374073266983032,2.0,1.5892934799194336,3.0,2.0105998516082764,3.0,3.377608060836792,5.0
ghost_trace_low_21684_21684_2109,1784773500,2026-07-22,21,25,low,move,1.2402215003967285,2.0,1.5947365760803223,2.0,2.001343011856079,2.0,3.454364538192749,5.0
ghost_trace_low_21685_21685_2110,1784773560,2026-07-22,21,26,low,move,1.2240678071975708,1.0,1.604225993156433,1.0,1.9860589504241943,1.0,3.504955768585205,5.0
ghost_trace_low_21686_21686_2111,1784773620,2026-07-22,21,27,low,move,1.2353878021240234,0.0,1.6878607273101807,0.0,1.9598312377929688,1.0,3.7102808952331543,4.0
ghost_trace_low_21696_21696_2112,1784774220,2026-07-22,21,37,low,move,1.2007884979248047,2.0,1.647674560546875,3.0,1.9490320682525635,3.0,3.7154653072357178,3.0
ghost_trace_low_21697_21697_2113,1784774280,2026-07-22,21,38,low,move,1.2029050588607788,2.0,1.6532458066940308,2.0,1.985479712486267,2.0,3.7804861068725586,2.0
ghost_trace_low_21699_21699_2114,1784774400,2026-07-22,21,40,low,move,1.196448564529419,1.0,1.6614935398101807,1.0,1.9083354473114014,1.0,3.867389440536499,1.0
ghost_trace_low_21700_21700_2115,1784774460,2026-07-22,21,41,low,move,1.1822612285614014,0.0,1.6410253047943115,0.0,1.895481824874878,0.0,3.879085063934326,0.0
ghost_trace_low_21727_21727_2116,1784776080,2026-07-22,22,8,low,move,1.158186435699463,3.0,1.7574156522750854,3.0,1.9084713459014893,3.0,3.999981641769409,3.0
ghost_trace_low_21728_21728_2117,1784776140,2026-07-22,22,9,low,move,1.1507747173309326,2.0,1.8625047206878662,2.0,2.1100096702575684,2.0,4.05452299118042,2.0
ghost_trace_low_21729_21729_2118,1784776200,2026-07-22,22,10,low,move,1.1756043434143066,1.0,1.902085781097412,1.0,2.398813009262085,1.0,4.1525397300720215,1.0
ghost_trace_low_21730_21730_2119,1784776260,2026-07-22,22,11,low,move,1.171771764755249,0.0,1.8644766807556152,0.0,2.4975221157073975,0.0,4.096826553344727,0.0
ghost_trace_high_21780_21773_2120,1784779260,2026-07-22,23,1,high,appearance,0.9810987710952759,0.0,1.74153733253479,0.0,2.3470332622528076,0.0,3.688192844390869,2.0
ghost_trace_high_21793_21793_2121,1784780040,2026-07-22,23,14,high,move,1.0076656341552734,1.0,1.693251371383667,1.0,2.2001936435699463,2.0,3.9750778675079346,5.0
ghost_trace_high_21794_21794_2122,1784780100,2026-07-22,23,15,high,move,1.1094932556152344,0.0,1.6481990814208984,0.0,2.39066481590271,2.0,3.831839084625244,4.0
ghost_trace_high_21803_21803_2123,1784780640,2026-07-22,23,24,high,move,1.147242546081543,3.0,1.6356507539749146,3.0,2.44122314453125,4.0,3.7673873901367188,5.0
ghost_trace_high_21804_21804_2124,1784780700,2026-07-22,23,25,high,move,1.1288853883743286,2.0,1.7556586265563965,2.0,2.797724723815918,4.0,3.7446000576019287,4.0
ghost_trace_high_21805_21805_2125,1784780760,2026-07-22,23,26,high,move,1.1285953521728516,1.0,1.6783839464187622,1.0,2.841576099395752,3.0,3.813108444213867,3.0
ghost_trace_high_21806_21806_2126,1784780820,2026-07-22,23,27,high,move,1.262839674949646,0.0,1.7487215995788574,0.0,2.8616814613342285,2.0,3.7548248767852783,2.0
ghost_trace_high_21813_21813_2127,1784781240,2026-07-22,23,34,high,move,1.2149534225463867,1.0,1.6769049167633057,1.0,2.8738150596618652,1.0,3.632537364959717,1.0
ghost_trace_high_21814_21814_2128,1784781300,2026-07-22,23,35,high,move,1.2967585325241089,0.0,1.6926177740097046,0.0,2.7352538108825684,0.0,3.665470600128174,0.0
ghost_trace_low_21864_21863_2129,1784784300,2026-07-23,0,25,low,appearance,1.029661774635315,0.0,1.6589610576629639,0.0,2.26655912399292,0.0,3.4383671283721924,0.0
ghost_trace_low_21893_21893_2130,1784786040,2026-07-23,0,54,low,move,1.0565307140350342,0.0,1.6677511930465698,0.0,1.892836093902588,0.0,3.300934076309204,1.0
ghost_trace_low_21908_21908_2131,1784786940,2026-07-23,1,9,low,move,1.0575772523880005,0.0,1.7049651145935059,0.0,1.8457903861999512,0.0,3.2286276817321777,1.0
ghost_trace_low_21921_21908_2132,1784787720,2026-07-23,1,22,low,appearance,0.9563907384872437,0.0,1.606882929801941,0.0,1.6494325399398804,0.0,3.196723461151123,0.0
ghost_trace_low_21957_21957_2133,1784789880,2026-07-23,1,58,low,move,0.9827304482460022,2.0,1.6065400838851929,2.0,1.777529001235962,5.0,3.2639195919036865,9.0
ghost_trace_low_21959_21959_2134,1784790000,2026-07-23,2,0,low,move,1.037606120109558,1.0,1.6652566194534302,1.0,1.9944292306900024,6.0,3.4511489868164062,8.0
ghost_trace_low_21960_21960_2135,1784790060,2026-07-23,2,1,low,move,1.0860964059829712,0.0,1.707435965538025,1.0,2.0032942295074463,6.0,3.5085031986236572,7.0
ghost_trace_low_21965_21965_2136,1784790360,2026-07-23,2,6,low,move,1.0876930952072144,3.0,1.7358366250991821,5.0,2.18904447555542,6.0,3.7679052352905273,6.0
ghost_trace_low_21966_21966_2137,1784790420,2026-07-23,2,7,low,move,1.0793933868408203,3.0,1.7661216259002686,5.0,2.338099956512451,5.0,3.8606438636779785,5.0
ghost_trace_low_21967_21967_2138,1784790480,2026-07-23,2,8,low,move,1.0695672035217285,3.0,1.814537525177002,4.0,2.4696600437164307,4.0,3.947312831878662,4.0
ghost_trace_low_21968_21968_2139,1784790540,2026-07-23,2,9,low,move,1.0291950702667236,3.0,1.8176075220108032,3.0,2.4969325065612793,3.0,3.995845317840576,3.0
ghost_trace_low_21969_21969_2140,1784790600,2026-07-23,2,10,low,move,1.020293116569519,2.0,1.8871526718139648,2.0,2.554370403289795,2.0,4.316240310668945,2.0
ghost_trace_low_21970_21970_2141,1784790660,2026-07-23,2,11,low,move,1.0329471826553345,1.0,1.825956106185913,1.0,2.6348206996917725,1.0,4.174322128295898,1.0
ghost_trace_low_21971_21971_2142,1784790720,2026-07-23,2,12,low,move,1.0060663223266602,0.0,1.8363093137741089,0.0,2.6441216468811035,0.0,4.198906898498535,0.0
ghost_trace_low_21996_21971_2143,1784792220,2026-07-23,2,37,low,appearance,0.8411504626274109,0.0,1.7811963558197021,1.0,2.4350640773773193,5.0,4.126369476318359,5.0
ghost_trace_low_22001_22001_2144,1784792520,2026-07-23,2,42,low,move,1.020166039466858,3.0,1.8162610530853271,4.0,2.6854248046875,4.0,3.9862866401672363,4.0
ghost_trace_low_22002_22002_2145,1784792580,2026-07-23,2,43,low,move,1.0609444379806519,3.0,1.845825433731079,3.0,2.667827844619751,3.0,4.02701997756958,3.0
ghost_trace_low_22003_22003_2146,1784792640,2026-07-23,2,44,low,move,1.161155104637146,2.0,1.8454351425170898,2.0,2.675907611846924,2.0,4.020689964294434,2.0
ghost_trace_low_22004_22004_2147,1784792700,2026-07-23,2,45,low,move,1.2247419357299805,1.0,1.8714038133621216,1.0,2.6945486068725586,1.0,3.7397701740264893,1.0
ghost_trace_low_22005_22005_2148,1784792760,2026-07-23,2,46,low,move,1.2379270792007446,0.0,1.8395776748657227,0.0,2.747723340988159,0.0,3.3726773262023926,0.0
ghost_trace_high_22055_22050_2149,1784795760,2026-07-23,3,36,high,appearance,1.1077806949615479,0.0,1.621567726135254,0.0,2.5687546730041504,0.0,3.3195602893829346,1.0
ghost_trace_high_22069_22069_2150,1784796600,2026-07-23,3,50,high,move,1.1350460052490234,2.0,1.6669200658798218,4.0,2.6805543899536133,7.0,3.4425671100616455,8.0
ghost_trace_high_22071_22071_2151,1784796720,2026-07-23,3,52,high,move,1.1373332738876343,3.0,1.6670475006103516,5.0,2.7255218029022217,6.0,3.5216915607452393,7.0
ghost_trace_high_22072_22072_2152,1784796780,2026-07-23,3,53,high,move,1.1719995737075806,3.0,1.6648516654968262,4.0,2.8809800148010254,6.0,3.599787473678589,6.0
ghost_trace_high_22073_22073_2153,1784796840,2026-07-23,3,54,high,move,1.15666925907135,3.0,1.6917939186096191,4.0,2.9056310653686523,5.0,3.6624033451080322,5.0
ghost_trace_high_22074_22074_2154,1784796900,2026-07-23,3,55,high,move,1.16224205493927,2.0,1.7521231174468994,3.0,2.927924156188965,4.0,3.75870943069458,4.0
ghost_trace_high_22075_22075_2155,1784796960,2026-07-23,3,56,high,move,1.1562848091125488,2.0,1.8350640535354614,2.0,2.953554630279541,3.0,3.8374571800231934,3.0
ghost_trace_high_22076_22076_2156,1784797020,2026-07-23,3,57,high,move,1.1514238119125366,1.0,1.8166345357894897,1.0,2.9567837715148926,2.0,3.8556883335113525,2.0
ghost_trace_high_22078_22078_2157,1784797140,2026-07-23,3,59,high,move,1.123794436454773,0.0,1.8278814554214478,1.0,2.9739482402801514,1.0,3.7896554470062256,1.0
ghost_trace_high_22082_22082_2158,1784797380,2026-07-23,4,3,high,move,1.06594979763031,0.0,1.8653194904327393,0.0,2.9601402282714844,0.0,3.72784423828125,0.0
ghost_trace_low_22132_22130_2159,1784800380,2026-07-23,4,53,low,appearance,0.8571023941040039,1.0,1.7750533819198608,3.0,2.6581203937530518,4.0,3.515798807144165,4.0
ghost_trace_low_22134_22134_2160,1784800500,2026-07-23,4,55,low,move,0.92173171043396,2.0,1.7505335807800293,3.0,2.6845271587371826,3.0,3.480283737182617,4.0
ghost_trace_low_22136_22136_2161,1784800620,2026-07-23,4,57,low,move,0.9331374168395996,2.0,1.781814694404602,2.0,2.695591688156128,2.0,3.4436519145965576,3.0
ghost_trace_low_22137_22137_2162,1784800680,2026-07-23,4,58,low,move,1.016229271888733,1.0,1.6631959676742554,1.0,2.7517664432525635,1.0,3.3923380374908447,2.0
ghost_trace_low_22138_22138_2163,1784800740,2026-07-23,4,59,low,move,1.0585877895355225,0.0,1.6474403142929077,0.0,2.7801859378814697,0.0,3.4244508743286133,2.0
ghost_trace_low_22149_22149_2164,1784801400,2026-07-23,5,10,low,move,1.0602633953094482,0.0,1.6493197679519653,1.0,2.7017555236816406,2.0,3.4299368858337402,2.0
ghost_trace_low_22153_22153_2165,1784801640,2026-07-23,5,14,low,move,1.0761058330535889,1.0,1.6857702732086182,1.0,2.7009918689727783,1.0,3.4028964042663574,1.0
ghost_trace_low_22155_22155_2166,1784801760,2026-07-23,5,16,low,move,1.077703833580017,0.0,1.671435832977295,0.0,2.6925997734069824,0.0,3.422272205352783,0.0
ghost_trace_high_22205_22180_2167,1784804760,2026-07-23,6,6,high,appearance,0.9649248123168945,0.0,1.654198169708252,0.0,2.5375277996063232,0.0,3.305084466934204,0.0
ghost_trace_low_22230_22229_2168,1784806260,2026-07-23,6,31,low,appearance,0.7890840768814087,2.0,1.656524658203125,4.0,2.206815719604492,9.0,3.49631667137146,9.0
ghost_trace_low_22231_22231_2169,1784806320,2026-07-23,6,32,low,move,0.8413480520248413,2.0,1.6562057733535767,4.0,2.2890379428863525,8.0,3.6051740646362305,8.0
ghost_trace_low_22232_22232_2170,1784806380,2026-07-23,6,33,low,move,0.9012603759765625,2.0,1.6915706396102905,4.0,2.369640588760376,7.0,3.7316083908081055,7.0
ghost_trace_low_22234_22234_2171,1784806500,2026-07-23,6,35,low,move,0.9984984397888184,3.0,1.6305630207061768,5.0,2.596135377883911,6.0,3.7618751525878906,6.0
ghost_trace_low_22235_22235_2172,1784806560,2026-07-23,6,36,low,move,1.0308724641799927,3.0,1.6175349950790405,5.0,2.6402745246887207,5.0,3.5362725257873535,5.0
ghost_trace_low_22236_22236_2173,1784806620,2026-07-23,6,37,low,move,1.0366895198822021,3.0,1.630739688873291,4.0,2.6155195236206055,4.0,3.399588108062744,4.0
ghost_trace_low_22237_22237_2174,1784806680,2026-07-23,6,38,low,move,1.1226993799209595,3.0,1.679016351699829,3.0,2.6074697971343994,3.0,3.3527486324310303,3.0
ghost_trace_low_22238_22238_2175,1784806740,2026-07-23,6,39,low,move,1.0819528102874756,2.0,1.622740626335144,2.0,2.569194793701172,2.0,3.249800443649292,2.0
ghost_trace_low_22239_22239_2176,1784806800,2026-07-23,6,40,low,move,1.1241995096206665,1.0,1.6317237615585327,1.0,2.5164082050323486,1.0,3.2641868591308594,1.0
ghost_trace_low_22240_22240_2177,1784806860,2026-07-23,6,41,low,move,1.1620231866836548,0.0,1.5958704948425293,0.0,2.4637391567230225,0.0,3.360257625579834,0.0
ghost_trace_low_22274_22274_2178,1784808900,2026-07-23,7,15,low,move,1.1314048767089844,1.0,1.551772952079773,2.0,2.4981448650360107,4.0,3.493936061859131,8.0
ghost_trace_low_22275_22275_2179,1784808960,2026-07-23,7,16,low,move,1.203025221824646,0.0,1.624274730682373,1.0,2.743297815322876,4.0,3.4811928272247314,8.0
ghost_trace_low_22279_22279_2180,1784809200,2026-07-23,7,20,low,move,1.2463573217391968,1.0,1.6502271890640259,2.0,2.9431233406066895,6.0,3.429899215698242,10.0
ghost_trace_low_22282_22282_2181,1784809380,2026-07-23,7,23,low,move,1.2119977474212646,2.0,1.6660749912261963,3.0,3.0112457275390625,8.0,3.409541130065918,11.0
ghost_trace_low_22283_22283_2182,1784809440,2026-07-23,7,24,low,move,1.2078940868377686,1.0,1.7186189889907837,3.0,3.1187350749969482,8.0,3.483318328857422,11.0
ghost_trace_low_22285_22285_2183,1784809560,2026-07-23,7,26,low,move,1.2209322452545166,2.0,1.7249902486801147,4.0,3.133815288543701,8.0,3.5823330879211426,11.0
ghost_trace_low_22287_22287_2184,1784809680,2026-07-23,7,28,low,move,1.2352644205093384,3.0,1.7481600046157837,5.0,3.1284542083740234,8.0,3.6866488456726074,12.0
ghost_trace_low_22288_22288_2185,1784809740,2026-07-23,7,29,low,move,1.1923795938491821,3.0,1.759008765220642,5.0,3.0550689697265625,8.0,3.983287811279297,11.0
ghost_trace_low_22289_22289_2186,1784809800,2026-07-23,7,30,low,move,1.184511423110962,3.0,1.7863425016403198,4.0,3.0336265563964844,8.0,3.983806848526001,10.0
ghost_trace_low_22290_22290_2187,1784809860,2026-07-23,7,31,low,move,1.1742329597473145,3.0,1.79205322265625,4.0,3.0398833751678467,7.0,3.9160356521606445,9.0
ghost_trace_low_22291_22291_2188,1784809920,2026-07-23,7,32,low,move,1.167830228805542,2.0,1.800868034362793,4.0,3.0330631732940674,7.0,3.873222827911377,9.0
ghost_trace_low_22292_22292_2189,1784809980,2026-07-23,7,33,low,move,1.209403395652771,2.0,1.8234233856201172,3.0,3.164414644241333,7.0,3.4864163398742676,9.0
ghost_trace_low_22293_22293_2190,1784810040,2026-07-23,7,34,low,move,1.1857450008392334,2.0,1.8395652770996094,3.0,3.167680025100708,6.0,3.4446959495544434,8.0
ghost_trace_low_22295_22295_2191,1784810160,2026-07-23,7,36,low,move,1.2193257808685303,2.0,1.8392653465270996,3.0,3.1631264686584473,5.0,3.458610773086548,7.0
ghost_trace_low_22296_22296_2192,1784810220,2026-07-23,7,37,low,move,1.2194551229476929,2.0,1.7853753566741943,3.0,3.165832042694092,5.0,3.3446455001831055,6.0
ghost_trace_low_22298_22298_2193,1784810340,2026-07-23,7,39,low,move,1.172038197517395,2.0,1.7939493656158447,3.0,3.042888641357422,5.0,3.451998472213745,5.0
ghost_trace_low_22299_22299_2194,1784810400,2026-07-23,7,40,low,move,1.207500696182251,2.0,1.7657896280288696,2.0,2.9285309314727783,4.0,3.549581527709961,4.0
ghost_trace_low_22301_22301_2195,1784810520,2026-07-23,7,42,low,move,1.1848876476287842,1.0,1.7269295454025269,2.0,2.7895445823669434,3.0,3.627307176589966,3.0
ghost_trace_low_22302_22302_2196,1784810580,2026-07-23,7,43,low,move,1.2640299797058105,0.0,1.6262907981872559,2.0,2.8354010581970215,2.0,3.27255916595459,2.0
ghost_trace_low_22306_22306_2197,1784810820,2026-07-23,7,47,low,move,1.2053910493850708,1.0,1.6246548891067505,1.0,2.7254912853240967,1.0,3.003943920135498,1.0
ghost_trace_low_22307_22307_2198,1784810880,2026-07-23,7,48,low,move,1.1493959426879883,0.0,1.6993833780288696,0.0,2.7504892349243164,0.0,3.4108548164367676,0.0
ghost_trace_low_22324_22324_2199,1784811900,2026-07-23,8,5,low,move,1.2350870370864868,1.0,1.9242260456085205,3.0,2.7710459232330322,5.0,3.359976053237915,7.0
ghost_trace_low_22325_22325_2200,1784811960,2026-07-23,8,6,low,move,1.3203284740447998,1.0,2.006218194961548,3.0,2.823650360107422,4.0,3.5875964164733887,6.0
ghost_trace_low_22328_22328_2201,1784812140,2026-07-23,8,9,low,move,1.349624514579773,3.0,2.032823324203491,3.0,2.8655683994293213,5.0,3.6530544757843018,7.0
ghost_trace_low_22329_22329_2202,1784812200,2026-07-23,8,10,low,move,1.3231106996536255,2.0,2.082794427871704,2.0,2.859318733215332,4.0,3.7816431522369385,6.0
ghost_trace_low_22330_22330_2203,1784812260,2026-07-23,8,11,low,move,1.3241920471191406,1.0,2.119063377380371,1.0,2.8488621711730957,3.0,3.8800487518310547,6.0
ghost_trace_low_22331_22331_2204,1784812320,2026-07-23,8,12,low,move,1.2893739938735962,0.0,2.144268751144409,1.0,2.8434715270996094,2.0,3.9556846618652344,5.0
ghost_trace_low_22336_22336_2205,1784812620,2026-07-23,8,17,low,move,1.2951111793518066,1.0,2.1459591388702393,1.0,2.858461618423462,4.0,3.935265302658081,6.0
ghost_trace_low_22338_22338_2206,1784812740,2026-07-23,8,19,low,move,1.3697470426559448,0.0,2.1713290214538574,2.0,2.692436695098877,4.0,3.835853099822998,5.0
ghost_trace_low_22342_22342_2207,1784812980,2026-07-23,8,23,low,move,1.10292387008667,2.0,1.8761065006256104,3.0,2.6125190258026123,4.0,3.6926333904266357,4.0
ghost_trace_low_22343_22343_2208,1784813040,2026-07-23,8,24,low,move,1.124484896659851,1.0,1.7852236032485962,2.0,2.6736388206481934,3.0,3.619706153869629,3.0
ghost_trace_low_22345_22345_2209,1784813160,2026-07-23,8,26,low,move,1.1306300163269043,1.0,1.734456181526184,2.0,2.754551649093628,2.0,3.5047547817230225,2.0
ghost_trace_low_22347_22347_2210,1784813280,2026-07-23,8,28,low,move,1.110956072807312,1.0,1.7052891254425049,1.0,2.804056167602539,1.0,3.411837577819824,1.0
ghost_trace_low_22349_22349_2211,1784813400,2026-07-23,8,30,low,move,1.2778602838516235,0.0,1.7603754997253418,0.0,2.6331794261932373,0.0,3.496716260910034,0.0
ghost_trace_high_22399_22362_2212,1784816400,2026-07-23,9,20,high,appearance,0.9247115850448608,0.0,1.6679370403289795,0.0,2.70782470703125,0.0,3.832780361175537,2.0
ghost_trace_low_22412_22412_2213,1784817180,2026-07-23,9,33,low,appearance,1.2178363800048828,1.0,1.7605152130126953,1.0,2.8865597248077393,2.0,3.5042731761932373,2.0
ghost_trace_low_22413_22413_2214,1784817240,2026-07-23,9,34,low,move,1.2612650394439697,0.0,1.7458536624908447,0.0,3.2376348972320557,1.0,3.5109245777130127,2.0
ghost_trace_low_22422_22422_2215,1784817780,2026-07-23,9,43,low,move,1.405775785446167,0.0,1.7189024686813354,0.0,3.4354429244995117,5.0,3.5274763107299805,7.0
ghost_trace_low_22428_22428_2216,1784818140,2026-07-23,9,49,low,move,1.3078522682189941,3.0,1.7310657501220703,5.0,3.5100502967834473,6.0,3.5100502967834473,8.0
ghost_trace_low_22429_22429_2217,1784818200,2026-07-23,9,50,low,move,1.3516356945037842,3.0,1.7584733963012695,5.0,3.477930784225464,5.0,3.477930784225464,8.0
ghost_trace_low_22430_22430_2218,1784818260,2026-07-23,9,51,low,move,1.458286166191101,3.0,1.7711536884307861,4.0,3.488983631134033,5.0,3.5068228244781494,8.0
ghost_trace_low_22431_22431_2219,1784818320,2026-07-23,9,52,low,move,1.4310193061828613,3.0,1.7777272462844849,3.0,3.4870753288269043,4.0,3.544917583465576,8.0
ghost_trace_low_22432_22432_2220,1784818380,2026-07-23,9,53,low,move,1.4245367050170898,2.0,1.7727751731872559,2.0,3.4379658699035645,3.0,3.554365634918213,7.0
ghost_trace_low_22433_22433_2221,1784818440,2026-07-23,9,54,low,move,1.4370381832122803,1.0,1.8045730590820312,1.0,3.3848981857299805,3.0,3.5936331748962402,7.0
ghost_trace_low_22434_22434_2222,1784818500,2026-07-23,9,55,low,move,1.4219775199890137,0.0,1.8086671829223633,0.0,3.3450846672058105,3.0,3.622239828109741,7.0
ghost_trace_low_22440_22440_2223,1784818860,2026-07-23,10,1,low,move,1.4080203771591187,1.0,1.865054965019226,3.0,3.5277657508850098,7.0,3.632859230041504,9.0
ghost_trace_low_22443_22443_2224,1784819040,2026-07-23,10,4,low,move,1.4130504131317139,3.0,1.9000344276428223,4.0,3.5209317207336426,8.0,3.793020725250244,8.0
ghost_trace_low_22444_22444_2225,1784819100,2026-07-23,10,5,low,move,1.4497302770614624,2.0,1.8847661018371582,4.0,3.510014533996582,7.0,3.7347660064697266,7.0
ghost_trace_low_22445_22445_2226,1784819160,2026-07-23,10,6,low,move,1.5139319896697998,2.0,1.9273592233657837,4.0,3.262650728225708,6.0,3.542698621749878,6.0
ghost_trace_low_22446_22446_2227,1784819220,2026-07-23,10,7,low,move,1.4755955934524536,2.0,2.031158924102783,4.0,3.1814143657684326,5.0,3.4623875617980957,6.0
ghost_trace_low_22448_22448_2228,1784819340,2026-07-23,10,9,low,move,1.3784103393554688,3.0,2.020108938217163,4.0,3.3130404949188232,4.0,3.453979015350342,5.0
ghost_trace_low_22449_22449_2229,1784819400,2026-07-23,10,10,low,move,1.3211690187454224,2.0,2.0356202125549316,3.0,3.264455556869507,3.0,3.5512337684631348,4.0
ghost_trace_low_22450_22450_2230,1784819460,2026-07-23,10,11,low,move,1.4797084331512451,2.0,1.9766596555709839,2.0,3.1177945137023926,2.0,3.2166759967803955,3.0
ghost_trace_low_22451_22451_2231,1784819520,2026-07-23,10,12,low,move,1.5005322694778442,1.0,1.9741616249084473,1.0,2.988809585571289,2.0,3.3288652896881104,3.0
ghost_trace_low_22453_22453_2232,1784819640,2026-07-23,10,14,low,move,1.507958173751831,0.0,1.9408756494522095,0.0,2.997851610183716,1.0,3.3130252361297607,4.0
ghost_trace_low_22461_22461_2233,1784820120,2026-07-23,10,22,low,move,1.3649353981018066,0.0,1.931525468826294,1.0,2.697810173034668,5.0,3.530449390411377,5.0
ghost_trace_low_22466_22466_2234,1784820420,2026-07-23,10,27,low,move,1.3858649730682373,3.0,1.9475816488265991,4.0,2.8493103981018066,4.0,3.493696928024292,4.0
ghost_trace_low_22467_22467_2235,1784820480,2026-07-23,10,28,low,move,1.3594571352005005,3.0,1.9779188632965088,3.0,2.8443188667297363,3.0,3.378154754638672,3.0
ghost_trace_low_22468_22468_2236,1784820540,2026-07-23,10,29,low,move,1.2055073976516724,2.0,2.0872204303741455,2.0,2.979417324066162,2.0,3.463212013244629,2.0
ghost_trace_low_22469_22469_2237,1784820600,2026-07-23,10,30,low,move,1.2210843563079834,1.0,2.1272547245025635,1.0,3.0438284873962402,1.0,3.3868300914764404,1.0
ghost_trace_low_22470_22470_2238,1784820660,2026-07-23,10,31,low,move,1.2574738264083862,0.0,2.1132709980010986,0.0,3.0749731063842773,0.0,3.454723834991455,0.0
ghost_trace_high_22520_22520_2239,1784823660,2026-07-23,11,21,high,appearance,1.068710446357727,2.0,2.0432209968566895,3.0,2.6785550117492676,6.0,3.943499803543091,6.0
ghost_trace_high_22521_22521_2240,1784823720,2026-07-23,11,22,high,move,1.0543708801269531,2.0,2.0412445068359375,3.0,2.698537588119507,5.0,3.9377245903015137,5.0
ghost_trace_high_22522_22522_2241,1784823780,2026-07-23,11,23,high,move,1.0637216567993164,1.0,2.0846190452575684,3.0,2.363507032394409,4.0,4.182521820068359,5.0
ghost_trace_high_22524_22524_2242,1784823900,2026-07-23,11,25,high,move,0.9688727259635925,2.0,2.1711878776550293,3.0,2.4309496879577637,3.0,4.152300834655762,5.0
ghost_trace_high_22526_22526_2243,1784824020,2026-07-23,11,27,high,move,1.0209678411483765,2.0,2.2054615020751953,2.0,2.5244693756103516,2.0,4.191016674041748,4.0
ghost_trace_high_22527_22527_2244,1784824080,2026-07-23,11,28,high,move,1.05570387840271,1.0,2.1863389015197754,1.0,2.61922287940979,2.0,4.230328559875488,3.0
ghost_trace_high_22528_22528_2245,1784824140,2026-07-23,11,29,high,move,1.0946543216705322,0.0,2.2127327919006348,0.0,2.6462326049804688,2.0,4.355532646179199,2.0
ghost_trace_high_22537_22537_2246,1784824680,2026-07-23,11,38,high,move,1.3040281534194946,1.0,1.9751249551773071,1.0,2.8838884830474854,1.0,4.183803081512451,1.0
ghost_trace_high_22538_22538_2247,1784824740,2026-07-23,11,39,high,move,1.330973505973816,0.0,1.9602307081222534,0.0,2.8522162437438965,0.0,4.126934051513672,0.0
ghost_trace_low_22588_22564_2248,1784827740,2026-07-23,12,29,low,appearance,1.1638303995132446,0.0,1.9188969135284424,0.0,3.0529422760009766,2.0,3.509796619415283,4.0
ghost_trace_low_22596_22596_2249,1784828220,2026-07-23,12,37,low,move,1.2696202993392944,2.0,1.8666852712631226,3.0,2.9913320541381836,3.0,3.7030627727508545,3.0
ghost_trace_low_22597_22597_2250,1784828280,2026-07-23,12,38,low,move,1.3461042642593384,2.0,1.8566343784332275,2.0,3.016580104827881,2.0,3.6647939682006836,2.0
ghost_trace_low_22599_22599_2251,1784828400,2026-07-23,12,40,low,move,1.4238355159759521,1.0,1.9005980491638184,1.0,3.0234756469726562,1.0,3.6953353881835938,1.0
ghost_trace_low_22600_22600_2252,1784828460,2026-07-23,12,41,low,move,1.4988187551498413,0.0,1.8914000988006592,0.0,2.933114528656006,0.0,3.6820130348205566,0.0
ghost_trace_low_22616_22616_2253,1784829420,2026-07-23,12,57,low,move,1.2962965965270996,2.0,1.79634428024292,3.0,2.80478572845459,4.0,3.7041642665863037,5.0
ghost_trace_low_22617_22617_2254,1784829480,2026-07-23,12,58,low,move,1.22660231590271,2.0,1.8372336626052856,2.0,2.8385236263275146,4.0,3.737150192260742,4.0
ghost_trace_low_22619_22619_2255,1784829600,2026-07-23,13,0,low,move,1.143232822418213,1.0,1.9119439125061035,1.0,2.9736032485961914,3.0,3.9323034286499023,3.0
ghost_trace_low_22620_22620_2256,1784829660,2026-07-23,13,1,low,move,1.1476044654846191,0.0,1.9025704860687256,0.0,3.052692174911499,2.0,3.9560577869415283,2.0
ghost_trace_low_22626_22626_2257,1784830020,2026-07-23,13,7,low,move,1.182830810546875,1.0,1.8515042066574097,1.0,3.1287124156951904,1.0,3.771556854248047,1.0
ghost_trace_low_22627_22627_2258,1784830080,2026-07-23,13,8,low,move,1.1075477600097656,0.0,1.8539042472839355,0.0,3.109243869781494,0.0,3.97109317779541,0.0
ghost_trace_low_22673_22673_2259,1784832840,2026-07-23,13,54,low,move,1.2333135604858398,1.0,2.0326898097991943,2.0,3.286604166030884,4.0,4.000239372253418,7.0
ghost_trace_low_22674_22674_2260,1784832900,2026-07-23,13,55,low,move,1.2796493768692017,1.0,2.1216378211975098,1.0,3.3215293884277344,4.0,4.195206165313721,7.0
ghost_trace_low_22677_22677_2261,1784833080,2026-07-23,13,58,low,move,1.3532811403274536,0.0,2.1079518795013428,1.0,3.25459623336792,5.0,4.008315086364746,6.0
ghost_trace_low_22682_22682_2262,1784833380,2026-07-23,14,3,low,move,1.3468297719955444,2.0,2.188416004180908,4.0,3.293982982635498,5.0,4.221121788024902,5.0
ghost_trace_low_22683_22683_2263,1784833440,2026-07-23,14,4,low,move,1.3482784032821655,2.0,2.201035737991333,3.0,3.3952958583831787,4.0,4.229192733764648,4.0
ghost_trace_low_22684_22684_2264,1784833500,2026-07-23,14,5,low,move,1.3337749242782593,2.0,2.1412594318389893,3.0,3.345208168029785,3.0,4.186634063720703,3.0
ghost_trace_low_22686_22686_2265,1784833620,2026-07-23,14,7,low,move,1.3097193241119385,2.0,2.1452243328094482,2.0,3.369950294494629,2.0,4.198879718780518,2.0
ghost_trace_low_22687_22687_2266,1784833680,2026-07-23,14,8,low,move,1.2967100143432617,1.0,2.125208854675293,1.0,3.4061012268066406,1.0,4.19039249420166,1.0
ghost_trace_low_22689_22689_2267,1784833800,2026-07-23,14,10,low,move,1.3074296712875366,0.0,2.123106002807617,0.0,3.3379266262054443,0.0,4.30764627456665,0.0
ghost_trace_low_22725_22725_2268,1784835960,2026-07-23,14,46,low,move,1.3476994037628174,1.0,2.1331896781921387,1.0,3.2511868476867676,1.0,4.351958274841309,1.0
ghost_trace_low_22726_22726_2269,1784836020,2026-07-23,14,47,low,move,1.328416109085083,0.0,2.1099162101745605,0.0,3.2032876014709473,0.0,4.418320178985596,0.0
ghost_trace_high_22778_22772_2270,1784839140,2026-07-23,15,39,high,appearance,0.8116090297698975,0.0,2.0426158905029297,0.0,2.82136869430542,0.0,4.882917404174805,0.0
ghost_trace_low_22822_22818_2271,1784845380,2026-07-23,17,23,low,appearance,0.9438541531562805,0.0,1.9898629188537598,0.0,2.631117105484009,0.0,4.329302787780762,0.0
ghost_trace_high_22868_22859_2272,1784848140,2026-07-23,18,9,high,appearance,0.8241288065910339,0.0,1.7973613739013672,0.0,2.6456077098846436,0.0,4.05918025970459,0.0
ghost_trace_low_22909_22899_2273,1784850600,2026-07-23,18,50,low,appearance,0.8947104215621948,0.0,1.745642900466919,1.0,2.5648202896118164,1.0,3.625575304031372,3.0
ghost_trace_low_22913_22913_2274,1784850840,2026-07-23,18,54,low,move,0.9343428611755371,0.0,1.8549963235855103,0.0,2.626540422439575,1.0,3.714505910873413,6.0
ghost_trace_low_22923_22923_2275,1784851440,2026-07-23,19,4,low,move,1.0161314010620117,3.0,1.8070719242095947,5.0,2.5929503440856934,7.0,3.649846076965332,9.0
ghost_trace_low_22924_22924_2276,1784851500,2026-07-23,19,5,low,move,1.078729510307312,3.0,1.7790971994400024,5.0,2.6204335689544678,7.0,3.659646511077881,8.0
ghost_trace_low_22925_22925_2277,1784851560,2026-07-23,19,6,low,move,1.0446676015853882,3.0,1.696578025817871,5.0,2.563873052597046,7.0,3.546598196029663,7.0
ghost_trace_low_22926_22926_2278,1784851620,2026-07-23,19,7,low,move,1.0851939916610718,3.0,1.6768356561660767,4.0,2.6461942195892334,6.0,3.4652743339538574,6.0
ghost_trace_low_22927_22927_2279,1784851680,2026-07-23,19,8,low,move,1.0479884147644043,3.0,1.6132895946502686,3.0,2.7426137924194336,5.0,3.120460271835327,5.0
ghost_trace_low_22928_22928_2280,1784851740,2026-07-23,19,9,low,move,1.130782127380371,2.0,1.4993019104003906,2.0,2.629713773727417,4.0,3.0471866130828857,4.0
ghost_trace_low_22929_22929_2281,1784851800,2026-07-23,19,10,low,move,1.1111211776733398,1.0,1.5510032176971436,2.0,2.781386137008667,3.0,3.0275721549987793,3.0
ghost_trace_low_22930_22930_2282,1784851860,2026-07-23,19,11,low,move,1.198201060295105,0.0,1.4453438520431519,2.0,2.5272457599639893,2.0,2.928703784942627,2.0
ghost_trace_low_22934_22934_2283,1784852100,2026-07-23,19,15,low,move,1.2099167108535767,1.0,1.3311271667480469,1.0,2.554089307785034,1.0,2.8431074619293213,1.0
ghost_trace_low_22935_22935_2284,1784852160,2026-07-23,19,16,low,move,1.2314045429229736,0.0,1.259718656539917,0.0,2.6074676513671875,0.0,2.8527157306671143,0.0
ghost_trace_low_22970_22935_2285,1784854260,2026-07-23,19,51,low,appearance,1.1535117626190186,0.0,1.2441705465316772,0.0,2.564664363861084,0.0,2.6937310695648193,1.0
ghost_trace_high_22985_22984_2286,1784855160,2026-07-23,20,6,high,appearance,1.0372689962387085,1.0,1.1693917512893677,1.0,2.378474235534668,1.0,2.946653366088867,1.0
ghost_trace_high_22987_22987_2287,1784855280,2026-07-23,20,8,high,move,1.0913910865783691,0.0,1.2319235801696777,0.0,2.4833405017852783,0.0,3.1806862354278564,0.0
ghost_trace_low_23037_23037_2288,1784858280,2026-07-23,20,58,low,appearance,1.0770536661148071,0.0,1.4190984964370728,1.0,2.4919259548187256,5.0,2.903994083404541,5.0
ghost_trace_low_23041_23041_2289,1784858520,2026-07-23,21,2,low,move,0.9737075567245483,2.0,1.303170919418335,3.0,2.233882427215576,4.0,3.0761330127716064,4.0
ghost_trace_low_23043_23043_2290,1784858640,2026-07-23,21,4,low,move,0.949413537979126,2.0,1.309900164604187,3.0,2.1655631065368652,3.0,3.1402575969696045,3.0
ghost_trace_low_23044_23044_2291,1784858700,2026-07-23,21,5,low,move,1.0605385303497314,2.0,1.2977083921432495,2.0,2.261242389678955,2.0,2.993274688720703,2.0
ghost_trace_low_23045_23045_2292,1784858760,2026-07-23,21,6,low,move,1.0672484636306763,1.0,1.3071744441986084,1.0,2.236569881439209,1.0,3.022942304611206,2.0
ghost_trace_low_23047_23047_2293,1784858880,2026-07-23,21,8,low,move,1.0625008344650269,0.0,1.3268996477127075,0.0,2.2008283138275146,0.0,3.0569028854370117,2.0
ghost_trace_low_23060_23060_2294,1784859660,2026-07-23,21,21,low,move,1.0548123121261597,1.0,1.4522764682769775,1.0,2.2712268829345703,2.0,3.2070181369781494,7.0
ghost_trace_low_23061_23061_2295,1784859720,2026-07-23,21,22,low,move,1.0842756032943726,0.0,1.5356296300888062,0.0,2.240255832672119,2.0,3.7191643714904785,7.0
ghost_trace_low_23069_23069_2296,1784860200,2026-07-23,21,30,low,move,1.0208684206008911,2.0,1.5349243879318237,4.0,2.217156410217285,7.0,3.7943789958953857,10.0
ghost_trace_low_23071_23071_2297,1784860320,2026-07-23,21,32,low,move,1.0529309511184692,3.0,1.5763720273971558,5.0,2.2883152961730957,7.0,3.902388572692871,10.0
ghost_trace_low_23072_23072_2298,1784860380,2026-07-23,21,33,low,move,1.1195616722106934,3.0,1.595426082611084,4.0,2.3730642795562744,7.0,3.9119274616241455,10.0
ghost_trace_low_23073_23073_2299,1784860440,2026-07-23,21,34,low,move,1.1241744756698608,3.0,1.5734226703643799,4.0,2.270496368408203,6.0,3.8730480670928955,9.0
ghost_trace_low_23074_23074_2300,1784860500,2026-07-23,21,35,low,move,1.169166088104248,2.0,1.5670967102050781,3.0,2.5208590030670166,6.0,3.619304895401001,8.0
ghost_trace_low_23075_23075_2301,1784860560,2026-07-23,21,36,low,move,1.1515775918960571,2.0,1.5412278175354004,3.0,2.5962588787078857,6.0,3.7573907375335693,7.0
ghost_trace_low_23076_23076_2302,1784860620,2026-07-23,21,37,low,move,1.1156197786331177,1.0,1.495013952255249,2.0,2.5943894386291504,5.0,3.892181396484375,6.0
ghost_trace_low_23078_23078_2303,1784860740,2026-07-23,21,39,low,move,1.1192039251327515,1.0,1.4710084199905396,2.0,2.604283094406128,5.0,3.9377617835998535,7.0
ghost_trace_low_23080_23080_2304,1784860860,2026-07-23,21,41,low,move,1.0894989967346191,1.0,1.4316459894180298,3.0,2.589944362640381,4.0,3.9369194507598877,6.0
ghost_trace_low_23082_23082_2305,1784860980,2026-07-23,21,43,low,move,1.081042766571045,2.0,1.4147312641143799,3.0,2.598781108856201,4.0,3.9321727752685547,7.0
ghost_trace_low_23084_23084_2306,1784861100,2026-07-23,21,45,low,move,1.0878663063049316,2.0,1.4144470691680908,2.0,2.6177337169647217,4.0,3.92195463180542,6.0
ghost_trace_low_23085_23085_2307,1784861160,2026-07-23,21,46,low,move,1.0843243598937988,1.0,1.4345585107803345,1.0,2.6039772033691406,3.0,3.8848443031311035,5.0
ghost_trace_low_23087_23087_2308,1784861280,2026-07-23,21,48,low,move,1.0716339349746704,0.0,1.4370009899139404,1.0,2.6090893745422363,4.0,3.8610315322875977,4.0
ghost_trace_low_23092_23092_2309,1784861580,2026-07-23,21,53,low,move,1.1088496446609497,1.0,1.592900276184082,3.0,2.7744362354278564,3.0,4.006805896759033,3.0
ghost_trace_low_23093_23093_2310,1784861640,2026-07-23,21,54,low,move,1.1444114446640015,1.0,1.6342085599899292,2.0,2.8931989669799805,2.0,4.12784481048584,2.0
ghost_trace_low_23096_23096_2311,1784861820,2026-07-23,21,57,low,move,1.1426703929901123,1.0,1.6737042665481567,1.0,2.9415721893310547,1.0,4.206634521484375,1.0
ghost_trace_low_23097_23097_2312,1784861880,2026-07-23,21,58,low,move,1.171757698059082,0.0,1.6961815357208252,0.0,3.0342774391174316,0.0,4.218750953674316,0.0
ghost_trace_low_23133_23133_2313,1784864040,2026-07-23,22,34,low,move,1.0632957220077515,0.0,1.6935571432113647,0.0,3.0473921298980713,2.0,4.288573741912842,3.0
ghost_trace_low_23142_23142_2314,1784864580,2026-07-23,22,43,low,move,1.0233458280563354,2.0,1.7234296798706055,2.0,3.0939218997955322,2.0,4.201325416564941,4.0
ghost_trace_low_23143_23143_2315,1784864640,2026-07-23,22,44,low,move,1.0071351528167725,1.0,1.7463526725769043,1.0,3.1190335750579834,1.0,4.186883926391602,4.0
ghost_trace_low_23144_23144_2316,1784864700,2026-07-23,22,45,low,move,1.0196634531021118,0.0,1.7787657976150513,0.0,3.1275529861450195,1.0,4.215655326843262,4.0
ghost_trace_low_23154_23154_2317,1784865300,2026-07-23,22,55,low,move,1.0279052257537842,1.0,1.7816797494888306,3.0,3.114858388900757,6.0,4.264919281005859,6.0
ghost_trace_low_23156_23156_2318,1784865420,2026-07-23,22,57,low,move,1.0616505146026611,2.0,1.7935256958007812,4.0,3.1902949810028076,5.0,4.171756744384766,5.0
ghost_trace_low_23158_23158_2319,1784865540,2026-07-23,22,59,low,move,1.0830190181732178,3.0,1.8224716186523438,4.0,3.1896467208862305,4.0,4.1185479164123535,4.0
ghost_trace_low_23159_23159_2320,1784865600,2026-07-23,23,0,low,move,1.0458312034606934,2.0,1.8504539728164673,3.0,3.2183523178100586,3.0,3.9103715419769287,3.0
ghost_trace_low_23160_23160_2321,1784865660,2026-07-23,23,1,low,move,1.0354337692260742,2.0,1.8671717643737793,2.0,3.1699345111846924,2.0,3.8374667167663574,2.0
ghost_trace_low_23161_23161_2322,1784865720,2026-07-23,23,2,low,move,1.0397769212722778,1.0,1.882312536239624,1.0,3.1347391605377197,1.0,3.7434213161468506,1.0
ghost_trace_low_23163_23163_2323,1784865840,2026-07-23,23,4,low,move,1.044976830482483,0.0,1.9020683765411377,0.0,3.107792377471924,0.0,3.611464500427246,0.0
ghost_trace_high_23213_23191_2324,1784868840,2026-07-23,23,54,high,appearance,0.7867797613143921,1.0,1.802869439125061,1.0,2.8259925842285156,2.0,3.655282974243164,6.0
ghost_trace_high_23216_23216_2325,1784869020,2026-07-23,23,57,high,move,0.8207501173019409,1.0,1.825242280960083,1.0,2.863628625869751,3.0,4.077767372131348,5.0
ghost_trace_high_23219_23219_2326,1784869200,2026-07-24,0,0,high,move,0.9522090554237366,0.0,1.840977668762207,0.0,3.0309195518493652,4.0,4.187469005584717,4.0
ghost_trace_high_23225_23225_2327,1784869560,2026-07-24,0,6,high,move,0.9277172088623047,3.0,1.7607200145721436,3.0,2.860457420349121,3.0,4.313487529754639,3.0
ghost_trace_high_23226_23226_2328,1784869620,2026-07-24,0,7,high,move,0.8080481290817261,2.0,1.778418779373169,2.0,2.88413667678833,2.0,4.627850532531738,2.0
ghost_trace_high_23227_23227_2329,1784869680,2026-07-24,0,8,high,move,0.74442458152771,1.0,1.7541320323944092,1.0,2.8369054794311523,1.0,4.66972541809082,1.0
ghost_trace_high_23228_23228_2330,1784869740,2026-07-24,0,9,high,move,0.7344809770584106,0.0,1.7320756912231445,0.0,2.8214573860168457,0.0,4.626500129699707,0.0
ghost_trace_high_23245_23245_2331,1784870760,2026-07-24,0,26,high,move,0.6921671628952026,0.0,1.718692660331726,0.0,2.8391671180725098,0.0,4.509799957275391,0.0
ghost_trace_high_23266_23266_2332,1784872020,2026-07-24,0,47,high,move,0.6354717016220093,1.0,1.665313959121704,1.0,2.8396542072296143,1.0,4.522874355316162,1.0
ghost_trace_high_23267_23267_2333,1784872080,2026-07-24,0,48,high,move,0.7530642747879028,0.0,1.7407816648483276,0.0,3.0075764656066895,0.0,4.399801731109619,0.0
ghost_trace_low_23317_23292_2334,1784875080,2026-07-24,1,38,low,appearance,0.8214318752288818,0.0,1.7152601480484009,0.0,2.720560073852539,1.0,4.018362998962402,2.0
ghost_trace_low_23324_23324_2335,1784875500,2026-07-24,1,45,low,move,0.9818902611732483,0.0,1.7639968395233154,1.0,2.881776809692383,1.0,3.8619518280029297,1.0
ghost_trace_low_23328_23328_2336,1784875740,2026-07-24,1,49,low,move,1.042049765586853,0.0,1.780221700668335,0.0,2.9783101081848145,0.0,3.8475911617279053,0.0
ghost_trace_high_23378_23365_2337,1784878740,2026-07-24,2,39,high,appearance,0.8400800824165344,0.0,1.8245562314987183,0.0,2.6775712966918945,0.0,3.700779438018799,0.0
ghost_trace_low_23415_23411_2338,1784880960,2026-07-24,3,16,low,appearance,0.7753099203109741,0.0,1.6068298816680908,0.0,2.4945170879364014,0.0,3.589568853378296,0.0
ghost_trace_high_23461_23436_2339,1784883720,2026-07-24,4,2,high,appearance,0.7256892919540405,0.0,1.6046303510665894,1.0,2.3061020374298096,3.0,3.711005687713623,3.0
ghost_trace_high_23466_23466_2340,1784884020,2026-07-24,4,7,high,move,0.8785706758499146,2.0,1.6585142612457275,2.0,2.3592989444732666,2.0,3.7300329208374023,2.0
ghost_trace_high_23467_23467_2341,1784884080,2026-07-24,4,8,high,move,0.9167623519897461,1.0,1.6894913911819458,1.0,2.394576072692871,1.0,3.8924973011016846,1.0
ghost_trace_high_23468_23468_2342,1784884140,2026-07-24,4,9,high,move,0.8596643805503845,0.0,1.7761311531066895,0.0,2.3775248527526855,0.0,3.9548470973968506,0.0
ghost_trace_high_23491_23491_2343,1784885520,2026-07-24,4,32,high,move,0.9373083710670471,1.0,1.8759112358093262,1.0,2.496539354324341,4.0,4.080772399902344,6.0
ghost_trace_high_23492_23492_2344,1784885580,2026-07-24,4,33,high,move,0.99434494972229,0.0,1.939809799194336,0.0,2.5454013347625732,4.0,4.190842628479004,5.0
ghost_trace_high_23498_23498_2345,1784885940,2026-07-24,4,39,high,move,1.0131312608718872,2.0,1.9911746978759766,3.0,2.5440492630004883,4.0,4.210569381713867,4.0
ghost_trace_high_23499_23499_2346,1784886000,2026-07-24,4,40,high,move,1.0400856733322144,2.0,2.025866746902466,3.0,2.5746192932128906,3.0,4.232017517089844,3.0
ghost_trace_high_23501_23501_2347,1784886120,2026-07-24,4,42,high,move,1.023958444595337,2.0,2.0591917037963867,2.0,2.545260429382324,2.0,4.290351390838623,2.0
ghost_trace_high_23502_23502_2348,1784886180,2026-07-24,4,43,high,move,1.00925874710083,1.0,2.0916881561279297,1.0,2.543919563293457,1.0,4.292100429534912,1.0
ghost_trace_high_23504_23504_2349,1784886300,2026-07-24,4,45,high,move,1.0270248651504517,0.0,2.068615436553955,0.0,2.5357887744903564,0.0,4.36068058013916,2.0
ghost_trace_high_23518_23518_2350,1784887140,2026-07-24,4,59,high,move,1.0554167032241821,1.0,2.021001100540161,1.0,2.4949355125427246,1.0,4.330648899078369,1.0
ghost_trace_high_23519_23519_2351,1784887200,2026-07-24,5,0,high,move,1.0279819965362549,0.0,2.002750873565674,0.0,2.5498857498168945,0.0,4.323436260223389,0.0
ghost_trace_low_23569_23559_2352,1784890200,2026-07-24,5,50,low,appearance,0.9236040115356445,2.0,1.9272454977035522,2.0,2.4771745204925537,3.0,3.92208194732666,3.0
ghost_trace_low_23570_23570_2353,1784890260,2026-07-24,5,51,low,move,0.9642595052719116,1.0,1.8582907915115356,1.0,2.5423619747161865,2.0,3.9461050033569336,2.0
ghost_trace_low_23571_23571_2354,1784890320,2026-07-24,5,52,low,move,0.9436457753181458,0.0,1.848429560661316,0.0,2.567000389099121,1.0,3.883230209350586,1.0
ghost_trace_low_23579_23579_2355,1784890800,2026-07-24,6,0,low,move,0.9018647074699402,0.0,1.8517488241195679,0.0,2.558600425720215,0.0,3.8331246376037598,0.0
ghost_trace_low_23610_23610_2356,1784892660,2026-07-24,6,31,low,move,0.9262228012084961,1.0,1.8363733291625977,2.0,2.5364723205566406,3.0,3.825106382369995,5.0
ghost_trace_low_23611_23611_2357,1784892720,2026-07-24,6,32,low,move,0.9462403655052185,1.0,1.8032132387161255,1.0,2.5698797702789307,2.0,3.6782381534576416,5.0
ghost_trace_low_23614_23614_2358,1784892900,2026-07-24,6,35,low,move,0.9488953351974487,0.0,1.7755807638168335,1.0,2.6740424633026123,2.0,3.616332530975342,6.0
ghost_trace_low_23619_23619_2359,1784893200,2026-07-24,6,40,low,move,0.9361205101013184,0.0,1.7749049663543701,1.0,2.5784823894500732,5.0,3.585062026977539,5.0
ghost_trace_low_23623_23623_2360,1784893440,2026-07-24,6,44,low,move,0.9438552856445312,2.0,1.7731860876083374,4.0,2.5118837356567383,4.0,3.546212911605835,5.0
ghost_trace_low_23625_23625_2361,1784893560,2026-07-24,6,46,low,move,0.7627497911453247,3.0,1.7021170854568481,3.0,2.3785746097564697,4.0,3.5661416053771973,4.0
ghost_trace_low_23626_23626_2362,1784893620,2026-07-24,6,47,low,move,0.7615706324577332,2.0,1.681578278541565,2.0,2.310340404510498,3.0,3.5956404209136963,3.0
ghost_trace_low_23627_23627_2363,1784893680,2026-07-24,6,48,low,move,0.7919381856918335,1.0,1.6590360403060913,1.0,2.3451240062713623,2.0,3.630772590637207,2.0
ghost_trace_low_23628_23628_2364,1784893740,2026-07-24,6,49,low,move,0.7649699449539185,0.0,1.628869652748108,0.0,2.3034157752990723,1.0,3.624786853790283,1.0
ghost_trace_low_23635_23635_2365,1784894160,2026-07-24,6,56,low,move,0.7716706395149231,0.0,1.6541047096252441,0.0,2.199615240097046,0.0,3.440659999847412,0.0
ghost_trace_high_23685_23638_2366,1784897160,2026-07-24,7,46,high,appearance,0.6906094551086426,1.0,1.6695280075073242,1.0,2.041646957397461,5.0,3.5243725776672363,9.0
ghost_trace_low_23688_23686_2367,1784897340,2026-07-24,7,49,low,appearance,0.6186113953590393,1.0,1.5790246725082397,2.0,1.945117473602295,6.0,3.411484718322754,8.0
ghost_trace_low_23691_23691_2368,1784897520,2026-07-24,7,52,low,move,0.7169383764266968,2.0,1.5839049816131592,4.0,2.031454086303711,7.0,3.4031295776367188,8.0
ghost_trace_low_23692_23692_2369,1784897580,2026-07-24,7,53,low,move,0.7900322675704956,2.0,1.5634104013442993,4.0,2.1621782779693604,6.0,3.373814344406128,8.0
ghost_trace_low_23694_23694_2370,1784897700,2026-07-24,7,55,low,move,0.8220432996749878,3.0,1.5652236938476562,4.0,2.2440919876098633,5.0,3.34130859375,7.0
ghost_trace_low_23695_23695_2371,1784897760,2026-07-24,7,56,low,move,0.8687335848808289,2.0,1.5789668560028076,4.0,2.331958532333374,4.0,3.313262462615967,6.0
ghost_trace_low_23696_23696_2372,1784897820,2026-07-24,7,57,low,move,0.9051454663276672,2.0,1.63594388961792,3.0,2.358889579772949,4.0,3.258056640625,5.0
ghost_trace_low_23697_23697_2373,1784897880,2026-07-24,7,58,low,move,0.8980085849761963,2.0,1.5575926303863525,2.0,2.300933599472046,4.0,3.1116995811462402,4.0
ghost_trace_low_23699_23699_2374,1784898000,2026-07-24,8,0,low,move,0.9172065258026123,1.0,1.5576015710830688,1.0,2.260684013366699,3.0,3.1406564712524414,3.0
ghost_trace_low_23700_23700_2375,1784898060,2026-07-24,8,1,low,move,0.9449055194854736,0.0,1.577143669128418,0.0,2.3206489086151123,2.0,3.1429805755615234,2.0
ghost_trace_low_23706_23706_2376,1784898420,2026-07-24,8,7,low,move,0.9620435237884521,1.0,1.5972859859466553,1.0,2.378239631652832,1.0,3.355527877807617,1.0
ghost_trace_low_23707_23707_2377,1784898480,2026-07-24,8,8,low,move,0.9607338309288025,0.0,1.5963748693466187,0.0,2.3977272510528564,0.0,3.2511589527130127,0.0
ghost_trace_low_23726_23726_2378,1784899620,2026-07-24,8,27,low,move,0.8463600873947144,3.0,1.5126550197601318,4.0,2.391359567642212,4.0,3.2243549823760986,7.0
ghost_trace_low_23727_23727_2379,1784899680,2026-07-24,8,28,low,move,0.8992525339126587,3.0,1.4969217777252197,3.0,2.4570446014404297,3.0,3.387282609939575,6.0
ghost_trace_low_23728_23728_2380,1784899740,2026-07-24,8,29,low,move,0.8460657596588135,2.0,1.563855767250061,2.0,2.5697500705718994,2.0,2.9926843643188477,5.0
ghost_trace_low_23729_23729_2381,1784899800,2026-07-24,8,30,low,move,0.9651399850845337,1.0,1.6551620960235596,1.0,2.608391046524048,2.0,3.191370725631714,4.0
ghost_trace_low_23730_23730_2382,1784899860,2026-07-24,8,31,low,move,0.9433311820030212,0.0,1.7253392934799194,0.0,2.8700995445251465,2.0,3.280189275741577,4.0
ghost_trace_low_23739_23739_2383,1784900400,2026-07-24,8,40,low,move,0.9353945255279541,2.0,1.7367602586746216,2.0,3.034062385559082,4.0,3.2852182388305664,9.0
ghost_trace_low_23740_23740_2384,1784900460,2026-07-24,8,41,low,move,0.9789013862609863,1.0,1.7547296285629272,2.0,3.1582870483398438,4.0,3.227872133255005,8.0
ghost_trace_low_23741_23741_2385,1784900520,2026-07-24,8,42,low,move,0.9673842191696167,0.0,1.8546490669250488,1.0,3.20839524269104,4.0,3.20839524269104,7.0
ghost_trace_low_23745_23745_2386,1784900760,2026-07-24,8,46,low,move,0.9881474375724792,0.0,1.8835349082946777,2.0,3.030672311782837,6.0,3.232417583465576,7.0
ghost_trace_low_23749_23749_2387,1784901000,2026-07-24,8,50,low,move,0.976114809513092,3.0,1.9517300128936768,5.0,2.917463779449463,6.0,3.31715726852417,6.0
ghost_trace_low_23750_23750_2388,1784901060,2026-07-24,8,51,low,move,1.081828236579895,3.0,2.0184273719787598,4.0,3.0103001594543457,5.0,3.412536859512329,5.0
ghost_trace_low_23751_23751_2389,1784901120,2026-07-24,8,52,low,move,1.1915452480316162,3.0,2.0030899047851562,3.0,3.1189587116241455,4.0,3.487978935241699,4.0
ghost_trace_low_23752_23752_2390,1784901180,2026-07-24,8,53,low,move,1.1973761320114136,2.0,1.975644588470459,2.0,3.2216057777404785,3.0,3.534330129623413,3.0
ghost_trace_low_23753_23753_2391,1784901240,2026-07-24,8,54,low,move,1.165379524230957,1.0,1.9374363422393799,1.0,3.249431610107422,2.0,3.4564428329467773,2.0
ghost_trace_low_23754_23754_2392,1784901300,2026-07-24,8,55,low,move,1.1724976301193237,0.0,1.9458308219909668,1.0,3.222641944885254,1.0,3.4300477504730225,1.0
ghost_trace_low_23759_23759_2393,1784901600,2026-07-24,9,0,low,move,0.9969019293785095,0.0,1.9436020851135254,0.0,2.9668028354644775,0.0,3.2628304958343506,0.0
ghost_trace_low_23778_23778_2394,1784902740,2026-07-24,9,19,low,move,0.8916388750076294,0.0,1.975391149520874,0.0,3.014531135559082,0.0,3.014531135559082,0.0
ghost_trace_low_23798_23798_2395,1784903940,2026-07-24,9,39,low,move,0.9074634313583374,3.0,1.951364517211914,3.0,3.0483338832855225,5.0,3.0533506870269775,5.0
ghost_trace_low_23799_23799_2396,1784904000,2026-07-24,9,40,low,move,0.9011259078979492,2.0,1.9466724395751953,3.0,3.008127450942993,4.0,3.241121530532837,4.0
ghost_trace_low_23800_23800_2397,1784904060,2026-07-24,9,41,low,move,0.9415583610534668,1.0,1.867258906364441,3.0,3.0030081272125244,3.0,3.277803897857666,3.0
ghost_trace_low_23801_23801_2398,1784904120,2026-07-24,9,42,low,move,0.9436073899269104,1.0,1.8467421531677246,2.0,2.997467279434204,2.0,3.327683448791504,2.0
ghost_trace_low_23804_23804_2399,1784904300,2026-07-24,9,45,low,move,0.9290480613708496,1.0,1.9588851928710938,1.0,2.8595714569091797,1.0,3.5028483867645264,1.0
ghost_trace_low_23805_23805_2400,1784904360,2026-07-24,9,46,low,move,0.942840576171875,0.0,1.9831467866897583,0.0,2.849761962890625,0.0,3.5309383869171143,0.0
ghost_trace_high_23855_23835_2401,1784907360,2026-07-24,10,36,high,appearance,0.8828175067901611,1.0,2.0555520057678223,2.0,2.6244640350341797,2.0,3.311851739883423,2.0
ghost_trace_high_23858_23858_2402,1784907540,2026-07-24,10,39,high,move,1.0248053073883057,1.0,1.921362042427063,1.0,2.6092472076416016,1.0,3.618312358856201,1.0
ghost_trace_high_23859_23859_2403,1784907600,2026-07-24,10,40,high,move,1.0183287858963013,0.0,1.8653095960617065,0.0,2.5363614559173584,0.0,3.8230156898498535,0.0
ghost_trace_high_23876_23876_2404,1784908620,2026-07-24,10,57,high,move,1.02266526222229,1.0,1.8607243299484253,1.0,2.513127326965332,4.0,3.932007312774658,6.0
ghost_trace_high_23878_23878_2405,1784908740,2026-07-24,10,59,high,move,0.9824534058570862,0.0,1.850442886352539,1.0,2.5055980682373047,4.0,4.036365985870361,5.0
ghost_trace_high_23883_23883_2406,1784909040,2026-07-24,11,4,high,move,0.9468808770179749,2.0,1.8325896263122559,3.0,2.3627355098724365,4.0,4.031394004821777,4.0
ghost_trace_high_23884_23884_2407,1784909100,2026-07-24,11,5,high,move,0.9370557069778442,2.0,1.9246476888656616,3.0,2.3802363872528076,3.0,4.05743932723999,3.0
ghost_trace_high_23886_23886_2408,1784909220,2026-07-24,11,7,high,move,0.9106023907661438,2.0,1.9771140813827515,2.0,2.2814722061157227,2.0,4.058865547180176,2.0
ghost_trace_high_23887_23887_2409,1784909280,2026-07-24,11,8,high,move,0.9000120162963867,1.0,2.0003581047058105,1.0,2.3142690658569336,1.0,3.9895172119140625,1.0
ghost_trace_high_23889_23889_2410,1784909400,2026-07-24,11,10,high,move,0.8958499431610107,0.0,2.1543679237365723,0.0,2.359069585800171,0.0,4.0472211837768555,0.0
ghost_trace_low_23939_23932_2411,1784912400,2026-07-24,12,0,low,appearance,0.8614022731781006,0.0,2.139798641204834,0.0,2.6217544078826904,4.0,3.547954559326172,4.0
ghost_trace_low_23945_23945_2412,1784912760,2026-07-24,12,6,low,move,0.7758121490478516,2.0,2.205019950866699,3.0,2.205019950866699,3.0,3.3271753787994385,3.0
ghost_trace_low_23947_23947_2413,1784912880,2026-07-24,12,8,low,move,0.7896149158477783,2.0,2.1741342544555664,2.0,2.2958567142486572,2.0,3.300905704498291,2.0
ghost_trace_low_23948_23948_2414,1784912940,2026-07-24,12,9,low,move,0.8741216063499451,1.0,2.106822967529297,1.0,2.2154970169067383,1.0,3.4940123558044434,1.0
ghost_trace_low_23949_23949_2415,1784913000,2026-07-24,12,10,low,move,0.9243268966674805,0.0,2.095487356185913,0.0,2.288071632385254,0.0,3.640157699584961,0.0
ghost_trace_high_23999_23973_2416,1784916000,2026-07-24,13,0,high,appearance,0.8294652104377747,0.0,1.9808094501495361,0.0,2.6490890979766846,0.0,3.1747474670410156,0.0
ghost_trace_low_24023_24023_2417,1784917440,2026-07-24,13,24,low,appearance,0.835498571395874,3.0,1.849075436592102,5.0,2.4050557613372803,9.0,3.163442611694336,10.0
ghost_trace_low_24024_24024_2418,1784917500,2026-07-24,13,25,low,move,0.9511088132858276,3.0,1.8525185585021973,5.0,2.470369577407837,9.0,3.5039689540863037,10.0
ghost_trace_low_24025_24025_2419,1784917560,2026-07-24,13,26,low,move,0.8900389671325684,3.0,1.8262412548065186,5.0,2.460289239883423,8.0,3.510755777359009,10.0
ghost_trace_low_24026_24026_2420,1784917620,2026-07-24,13,27,low,move,0.962084174156189,3.0,1.6091673374176025,4.0,2.5407283306121826,7.0,3.2988357543945312,10.0
ghost_trace_low_24027_24027_2421,1784917680,2026-07-24,13,28,low,move,0.9646028876304626,3.0,1.422376275062561,4.0,2.3393194675445557,6.0,3.2000176906585693,9.0
ghost_trace_low_24028_24028_2422,1784917740,2026-07-24,13,29,low,move,0.950149655342102,2.0,1.3848522901535034,4.0,2.285273551940918,5.0,3.235757350921631,8.0
ghost_trace_low_24029_24029_2423,1784917800,2026-07-24,13,30,low,move,0.9423503875732422,2.0,1.359337568283081,4.0,2.2608695030212402,5.0,3.2840681076049805,7.0
ghost_trace_low_24030_24030_2424,1784917860,2026-07-24,13,31,low,move,0.9915547370910645,2.0,1.405495524406433,3.0,2.2963781356811523,5.0,3.377784013748169,6.0
ghost_trace_low_24032_24032_2425,1784917980,2026-07-24,13,33,low,move,0.988196074962616,2.0,1.4159530401229858,2.0,2.333247423171997,5.0,3.492666244506836,5.0
ghost_trace_low_24033_24033_2426,1784918040,2026-07-24,13,34,low,move,1.0240504741668701,1.0,1.451033115386963,1.0,2.3650710582733154,4.0,3.595094919204712,4.0
ghost_trace_low_24034_24034_2427,1784918100,2026-07-24,13,35,low,move,1.0608799457550049,0.0,1.4824885129928589,1.0,2.415503978729248,3.0,3.6744542121887207,3.0
ghost_trace_low_24039_24039_2428,1784918400,2026-07-24,13,40,low,move,1.0859169960021973,2.0,1.5333166122436523,2.0,2.5982961654663086,2.0,3.8470356464385986,2.0
ghost_trace_low_24040_24040_2429,1784918460,2026-07-24,13,41,low,move,1.0896656513214111,1.0,1.5370699167251587,1.0,2.622892141342163,1.0,3.938166618347168,1.0
ghost_trace_low_24041_24041_2430,1784918520,2026-07-24,13,42,low,move,1.1019774675369263,0.0,1.5447211265563965,0.0,2.660806179046631,0.0,4.001465797424316,0.0
ghost_trace_low_24066_24066_2431,1784920020,2026-07-24,14,7,low,move,1.159603238105774,3.0,1.5921710729599,4.0,2.6070122718811035,7.0,4.134771347045898,7.0
ghost_trace_low_24067_24067_2432,1784920080,2026-07-24,14,8,low,move,1.2010364532470703,3.0,1.6871439218521118,3.0,2.667024850845337,6.0,4.276132106781006,6.0
ghost_trace_low_24068_24068_2433,1784920140,2026-07-24,14,9,low,move,1.2404340505599976,2.0,1.6425964832305908,3.0,2.649595260620117,5.0,4.119875907897949,5.0
ghost_trace_low_24069_24069_2434,1784920200,2026-07-24,14,10,low,move,1.219690203666687,1.0,1.6310667991638184,3.0,2.60122013092041,4.0,4.146500110626221,4.0
ghost_trace_low_24070_24070_2435,1784920260,2026-07-24,14,11,low,move,1.2144209146499634,1.0,1.6224479675292969,3.0,2.619953155517578,3.0,4.054032802581787,3.0
ghost_trace_low_24073_24073_2436,1784920440,2026-07-24,14,14,low,move,1.2114609479904175,2.0,1.6252076625823975,2.0,2.652860641479492,2.0,3.967932939529419,2.0
ghost_trace_low_24074_24074_2437,1784920500,2026-07-24,14,15,low,move,1.22123384475708,1.0,1.630321979522705,1.0,2.6584534645080566,1.0,3.906158924102783,1.0
ghost_trace_low_24075_24075_2438,1784920560,2026-07-24,14,16,low,move,1.2140636444091797,0.0,1.6332964897155762,0.0,2.6730477809906006,0.0,3.849048137664795,0.0
ghost_trace_high_24125_24096_2439,1784923560,2026-07-24,15,6,high,appearance,0.8805022835731506,0.0,1.4037081003189087,0.0,2.432729482650757,1.0,3.7134227752685547,4.0
ghost_trace_high_24135_24135_2440,1784924160,2026-07-24,15,16,high,move,1.021929144859314,2.0,1.3563308715820312,3.0,2.5910801887512207,4.0,3.9622392654418945,4.0
ghost_trace_high_24136_24136_2441,1784924220,2026-07-24,15,17,high,move,1.1179084777832031,1.0,1.3430927991867065,2.0,2.615713357925415,3.0,4.153420925140381,3.0
ghost_trace_high_24137_24137_2442,1784924280,2026-07-24,15,18,high,move,1.1637022495269775,1.0,1.3498272895812988,2.0,2.653304100036621,2.0,4.308313369750977,2.0
ghost_trace_high_24140_24140_2443,1784924460,2026-07-24,15,21,high,move,1.1919186115264893,1.0,1.3730857372283936,1.0,2.7050161361694336,1.0,4.383157253265381,1.0
ghost_trace_high_24142_24142_2444,1784924580,2026-07-24,15,23,high,move,1.1674073934555054,0.0,1.4292644262313843,0.0,2.7643582820892334,0.0,4.449251174926758,0.0
