"event_date_utc","event_time_utc","event_minute_utc","event_id","ghost_type","ghost_pivot_price","confirmation_index","price_hlc3","1m_order_block_dist_level_pips","1m_order_block_dist_range_low_pips","1m_order_block_dist_range_high_pips","1m_order_block_available","1m_fvg_dist_level_pips","1m_fvg_dist_range_low_pips","1m_fvg_dist_range_high_pips","1m_fvg_available","1m_fibonacci_dist_level_pips","1m_fibonacci_dist_range_low_pips","1m_fibonacci_dist_range_high_pips","1m_fibonacci_available","1m_anchored_vwap_dist_level_pips","1m_anchored_vwap_dist_range_low_pips","1m_anchored_vwap_dist_range_high_pips","1m_anchored_vwap_available","1m_volume_profile_dist_level_pips","1m_volume_profile_dist_range_low_pips","1m_volume_profile_dist_range_high_pips","1m_volume_profile_available","1m_htf_sr_dist_level_pips","1m_htf_sr_dist_range_low_pips","1m_htf_sr_dist_range_high_pips","1m_htf_sr_available","1m_bos_choch_dist_level_pips","1m_bos_choch_dist_range_low_pips","1m_bos_choch_dist_range_high_pips","1m_bos_choch_available","1m_eqh_eql_dist_level_pips","1m_eqh_eql_dist_range_low_pips","1m_eqh_eql_dist_range_high_pips","1m_eqh_eql_available","1m_sweep_grab_run_dist_level_pips","1m_sweep_grab_run_dist_range_low_pips","1m_sweep_grab_run_dist_range_high_pips","1m_sweep_grab_run_available","1m_supply_demand_dist_level_pips","1m_supply_demand_dist_range_low_pips","1m_supply_demand_dist_range_high_pips","1m_supply_demand_available","1m_channels_trendlines_dist_level_pips","1m_channels_trendlines_dist_range_low_pips","1m_channels_trendlines_dist_range_high_pips","1m_channels_trendlines_available","10m_order_block_dist_level_pips","10m_order_block_dist_range_low_pips","10m_order_block_dist_range_high_pips","10m_order_block_available","10m_fvg_dist_level_pips","10m_fvg_dist_range_low_pips","10m_fvg_dist_range_high_pips","10m_fvg_available","10m_fibonacci_dist_level_pips","10m_fibonacci_dist_range_low_pips","10m_fibonacci_dist_range_high_pips","10m_fibonacci_available","10m_anchored_vwap_dist_level_pips","10m_anchored_vwap_dist_range_low_pips","10m_anchored_vwap_dist_range_high_pips","10m_anchored_vwap_available","10m_volume_profile_dist_level_pips","10m_volume_profile_dist_range_low_pips","10m_volume_profile_dist_range_high_pips","10m_volume_profile_available","10m_htf_sr_dist_level_pips","10m_htf_sr_dist_range_low_pips","10m_htf_sr_dist_range_high_pips","10m_htf_sr_available","10m_bos_choch_dist_level_pips","10m_bos_choch_dist_range_low_pips","10m_bos_choch_dist_range_high_pips","10m_bos_choch_available","10m_eqh_eql_dist_level_pips","10m_eqh_eql_dist_range_low_pips","10m_eqh_eql_dist_range_high_pips","10m_eqh_eql_available","10m_sweep_grab_run_dist_level_pips","10m_sweep_grab_run_dist_range_low_pips","10m_sweep_grab_run_dist_range_high_pips","10m_sweep_grab_run_available","10m_supply_demand_dist_level_pips","10m_supply_demand_dist_range_low_pips","10m_supply_demand_dist_range_high_pips","10m_supply_demand_available","10m_channels_trendlines_dist_level_pips","10m_channels_trendlines_dist_range_low_pips","10m_channels_trendlines_dist_range_high_pips","10m_channels_trendlines_available","1h_order_block_dist_level_pips","1h_order_block_dist_range_low_pips","1h_order_block_dist_range_high_pips","1h_order_block_available","1h_fvg_dist_level_pips","1h_fvg_dist_range_low_pips","1h_fvg_dist_range_high_pips","1h_fvg_available","1h_fibonacci_dist_level_pips","1h_fibonacci_dist_range_low_pips","1h_fibonacci_dist_range_high_pips","1h_fibonacci_available","1h_anchored_vwap_dist_level_pips","1h_anchored_vwap_dist_range_low_pips","1h_anchored_vwap_dist_range_high_pips","1h_anchored_vwap_available","1h_volume_profile_dist_level_pips","1h_volume_profile_dist_range_low_pips","1h_volume_profile_dist_range_high_pips","1h_volume_profile_available","1h_htf_sr_dist_level_pips","1h_htf_sr_dist_range_low_pips","1h_htf_sr_dist_range_high_pips","1h_htf_sr_available","1h_bos_choch_dist_level_pips","1h_bos_choch_dist_range_low_pips","1h_bos_choch_dist_range_high_pips","1h_bos_choch_available","1h_eqh_eql_dist_level_pips","1h_eqh_eql_dist_range_low_pips","1h_eqh_eql_dist_range_high_pips","1h_eqh_eql_available","1h_sweep_grab_run_dist_level_pips","1h_sweep_grab_run_dist_range_low_pips","1h_sweep_grab_run_dist_range_high_pips","1h_sweep_grab_run_available","1h_supply_demand_dist_level_pips","1h_supply_demand_dist_range_low_pips","1h_supply_demand_dist_range_high_pips","1h_supply_demand_available","1h_channels_trendlines_dist_level_pips","1h_channels_trendlines_dist_range_low_pips","1h_channels_trendlines_dist_range_high_pips","1h_channels_trendlines_available","atr_14_pips","volume","volume_ema_9","target_rastro_next_3m","target_rastro_next_5m","target_rastro_next_10m","target_rastro_next_15m"
"2026-04-01","09:14:00","14","ghost_high_206_253","high","24106.5","253","24039.8333333333","-13.33333333","-44.33333333","17.66666667","1","4.666666667","0.6666666667","8.666666667","1","10.66666667","-52.33333333","73.66666667","1","242.4247061","67.51953927","417.329873","1","98.71354167","-129.3333333","413.6354167","1","-129.3333333","-129.3333333","-129.3333333","1","73.66666667","73.66666667","73.66666667","1","0","0","0","0","73.66666667","73.66666667","73.66666667","1","21.66666667","17.66666667","21.66666667","1","73.66666667","73.66666667","73.66666667","1","191.6666667","149.6666667","233.6666667","1","142.1666667","134.6666667","149.6666667","1","270.1666667","-25.33333333","565.6666667","1","241.8676277","72.18707694","411.5481784","1","185.5885417","-42.45833333","413.6354167","1","-129.3333333","-129.3333333","-129.3333333","1","-25.33333333","-25.33333333","-25.33333333","1","0","0","0","0","-25.33333333","-25.33333333","-25.33333333","1","178.6666667","128.6666667","178.6666667","1","0","0","0","0","0","0","0","0","0","0","0","0","0","0","0","0","218.4862849","92.27011819","344.7024515","1","359.3385417","109.5729167","565.6666667","1","-129.3333333","-129.3333333","-129.3333333","1","0","0","0","0","0","0","0","0","0","0","0","0","266.6666667","155.6666667","266.6666667","1","0","0","0","0","53.92840687","187","186.6018001","3","5","10","15"
"2026-04-01","09:14:00","14","ghost_low_191_253","low","24033.5","253","24039.8333333333","-13.33333333","-44.33333333","17.66666667","1","4.666666667","0.6666666667","8.666666667","1","10.66666667","-52.33333333","73.66666667","1","242.4247061","67.51953927","417.329873","1","98.71354167","-129.3333333","413.6354167","1","-129.3333333","-129.3333333","-129.3333333","1","73.66666667","73.66666667","73.66666667","1","0","0","0","0","73.66666667","73.66666667","73.66666667","1","21.66666667","17.66666667","21.66666667","1","73.66666667","73.66666667","73.66666667","1","191.6666667","149.6666667","233.6666667","1","142.1666667","134.6666667","149.6666667","1","270.1666667","-25.33333333","565.6666667","1","241.8676277","72.18707694","411.5481784","1","185.5885417","-42.45833333","413.6354167","1","-129.3333333","-129.3333333","-129.3333333","1","-25.33333333","-25.33333333","-25.33333333","1","0","0","0","0","-25.33333333","-25.33333333","-25.33333333","1","178.6666667","128.6666667","178.6666667","1","0","0","0","0","0","0","0","0","0","0","0","0","0","0","0","0","218.4862849","92.27011819","344.7024515","1","359.3385417","109.5729167","565.6666667","1","-129.3333333","-129.3333333","-129.3333333","1","0","0","0","0","0","0","0","0","0","0","0","0","266.6666667","155.6666667","266.6666667","1","0","0","0","0","53.92840687","187","186.6018001","3","5","10","15"
"2026-04-01","09:44:00","44","ghost_high_234_283","high","24098.25","283","24048.9166666667","3.333333333","-6.666666667","13.33333333","1","-14.66666667","-22.66666667","-6.666666667","1","-4.166666667","-33.66666667","25.33333333","1","184.0122023","-0.214928659","368.2393333","1","73.84895833","-181.6666667","351.5833333","1","-165.6666667","-165.6666667","-165.6666667","1","-33.66666667","-33.66666667","-33.66666667","1","0","0","0","0","-80.66666667","-80.66666667","-80.66666667","1","-20.66666667","-20.66666667","-18.66666667","1","0","0","0","0","-27.16666667","-79.66666667","25.33333333","1","-45.66666667","-63.66666667","-27.66666667","1","233.8333333","-61.66666667","529.3333333","1","181.1736768","1.084573797","361.2627798","1","451.5677083","40.52083333","529.3333333","1","-165.6666667","-165.6666667","-165.6666667","1","-61.66666667","-61.66666667","-61.66666667","1","0","0","0","0","-61.66666667","-61.66666667","-61.66666667","1","-79.66666667","-79.66666667","-78.66666667","1","0","0","0","0","0","0","0","0","0","0","0","0","0","0","0","0","182.1529515","55.93678486","308.3691182","1","323.0052083","73.23958333","529.3333333","1","-165.6666667","-165.6666667","-165.6666667","1","0","0","0","0","0","0","0","0","0","0","0","0","230.3333333","119.3333333","230.3333333","1","0","0","0","0","37.0610018","78","112.7440515","3","5","10","15"
"2026-04-01","13:05:00","05","ghost_low_458_484","low","24104.75","484","24054.0833333333","487.1666667","206.6666667","767.6666667","1","201.6666667","153.6666667","249.6666667","1","21.16666667","-48.33333333","90.66666667","1","224.7709193","33.41882518","416.1230134","1","449.3854167","70.47916667","767.6666667","1","-186.3333333","-186.3333333","-186.3333333","1","-48.33333333","-48.33333333","-48.33333333","1","0","0","0","0","202.6666667","202.6666667","202.6666667","1","37.66666667","32.66666667","37.66666667","1","0","0","0","0","421.1666667","74.66666667","767.6666667","1","198.6666667","194.6666667","202.6666667","1","375.1666667","146.6666667","603.6666667","1","225.9995932","43.47544344","408.5237429","1","55.32291667","-202.3333333","373.6041667","1","-186.3333333","-186.3333333","-186.3333333","1","603.6666667","603.6666667","603.6666667","1","0","0","0","0","603.6666667","603.6666667","603.6666667","1","194.6666667","121.6666667","194.6666667","1","603.6666667","603.6666667","603.6666667","1","0","0","0","0","212.1666667","146.6666667","277.6666667","1","0","0","0","0","214.076992","67.8565114","360.2974726","1","267.5104167","40.16666667","464.5416667","1","-186.3333333","-186.3333333","-186.3333333","1","0","0","0","0","0","0","0","0","0","0","0","0","767.6666667","542.6666667","767.6666667","1","0","0","0","0","88.25868956","511","525.6761345","3","5","10","15"
"2026-04-01","13:52:00","52","ghost_high_508_531","high","24101.5","531","24108.75","-102.5","-175","-30","1","-83.5","-115","-52","1","-180.5","-200","-161","1","1.806298774","-178.1556048","181.7682023","1","-102.71875","-360.375","154.9375","1","290","290","290","1","-200","-200","-200","1","-200","-200","-200","1","-161","-161","-161","1","-52","-52","-45","1","-200","-200","-200","1","202.5","-144","549","1","-151","-158","-144","1","129","-291","549","1","8.96659401","-153.1261002","171.0592882","1","139.78125","-117.875","367.125","1","290","290","290","1","-291","-291","-291","1","0","0","0","0","385","385","385","1","313","313","313","1","0","0","0","0","0","0","0","0","-6.5","-72","59","1","0","0","0","0","-4.589674647","-150.8101553","141.630806","1","48.84375","-178.5","245.875","1","290","290","290","1","0","0","0","0","0","0","0","0","0","0","0","0","549","324","549","1","0","0","0","0","112.0080687","1651","1703.543607","3","5","10","15"
"2026-04-01","14:57:00","57","ghost_low_528_596","low","24058.75","596","24245.1666666667","-172.6666667","-208.6666667","-136.6666667","1","-89.66666667","-102.6666667","-76.66666667","1","-183.1666667","-276.6666667","-89.66666667","1","-454.1078044","-664.6072471","-243.6083617","1","-309.3854167","-613.9791667","-4.791666667","1","-160.6666667","-160.6666667","-160.6666667","1","-276.6666667","-276.6666667","-276.6666667","1","0","0","0","0","-137.6666667","-137.6666667","-137.6666667","1","-52.66666667","-52.66666667","-32.66666667","1","0","0","0","0","-489.1666667","-745.6666667","-232.6666667","1","-696.6666667","-703.6666667","-689.6666667","1","-519.1666667","-836.6666667","-201.6666667","1","-457.2363639","-647.3731585","-267.0995693","1","-405.8854167","-633.2291667","-178.5416667","1","-160.6666667","-160.6666667","-160.6666667","1","-201.6666667","-201.6666667","-201.6666667","1","0","0","0","0","-201.6666667","-201.6666667","-201.6666667","1","-307.6666667","-307.6666667","-126.6666667","1","0","0","0","0","0","0","0","0","-552.1666667","-617.6666667","-486.6666667","1","0","0","0","0","-534.6696159","-648.7869986","-420.5522333","1","-527.1354167","-602.9166667","-451.3541667","1","-160.6666667","-160.6666667","-160.6666667","1","0","0","0","0","0","0","0","0","0","0","0","0","-836.6666667","-836.6666667","-736.6666667","1","0","0","0","0","92.42627326","1180","1198.973774","3","5","10","15"
"2026-04-01","14:57:00","57","ghost_high_571_596","high","24217","596","24245.1666666667","-172.6666667","-208.6666667","-136.6666667","1","-89.66666667","-102.6666667","-76.66666667","1","-183.1666667","-276.6666667","-89.66666667","1","-454.1078044","-664.6072471","-243.6083617","1","-309.3854167","-613.9791667","-4.791666667","1","-160.6666667","-160.6666667","-160.6666667","1","-276.6666667","-276.6666667","-276.6666667","1","0","0","0","0","-137.6666667","-137.6666667","-137.6666667","1","-52.66666667","-52.66666667","-32.66666667","1","0","0","0","0","-489.1666667","-745.6666667","-232.6666667","1","-696.6666667","-703.6666667","-689.6666667","1","-519.1666667","-836.6666667","-201.6666667","1","-457.2363639","-647.3731585","-267.0995693","1","-405.8854167","-633.2291667","-178.5416667","1","-160.6666667","-160.6666667","-160.6666667","1","-201.6666667","-201.6666667","-201.6666667","1","0","0","0","0","-201.6666667","-201.6666667","-201.6666667","1","-307.6666667","-307.6666667","-126.6666667","1","0","0","0","0","0","0","0","0","-552.1666667","-617.6666667","-486.6666667","1","0","0","0","0","-534.6696159","-648.7869986","-420.5522333","1","-527.1354167","-602.9166667","-451.3541667","1","-160.6666667","-160.6666667","-160.6666667","1","0","0","0","0","0","0","0","0","0","0","0","0","-836.6666667","-836.6666667","-736.6666667","1","0","0","0","0","92.42627326","1180","1198.973774","3","5","10","15"
"2026-04-01","15:51:00","51","ghost_high_606_650","high","24286.75","650","24288.5833333333","-63.83333333","-120.3333333","-7.333333333","1","-10.83333333","-19.33333333","-2.333333333","1","-20.33333333","-94.33333333","53.66666667","1","-540.7344226","-820.5922947","-260.8765504","1","-487.3645833","-879.1458333","-132.8958333","1","-334.3333333","-334.3333333","-334.3333333","1","53.66666667","53.66666667","53.66666667","1","0","0","0","0","-26.33333333","-26.33333333","-26.33333333","1","30.66666667","0.6666666667","30.66666667","1","0","0","0","0","-87.83333333","-160.3333333","-15.33333333","1","-165.8333333","-184.3333333","-147.3333333","1","-692.8333333","-1010.333333","-375.3333333","1","-531.7107944","-803.4502117","-259.9713772","1","-599.3020833","-916.4583333","-319.4583333","1","-334.3333333","-334.3333333","-334.3333333","1","-375.3333333","-375.3333333","-375.3333333","1","0","0","0","0","-375.3333333","-375.3333333","-375.3333333","1","-94.33333333","-94.33333333","-24.33333333","1","0","0","0","0","0","0","0","0","-725.8333333","-791.3333333","-660.3333333","1","0","0","0","0","-580.7924819","-791.5093502","-370.0756136","1","-690.6145833","-1107.020833","-274.2083333","1","-334.3333333","-334.3333333","-334.3333333","1","0","0","0","0","0","0","0","0","0","0","0","0","-719.3333333","-719.3333333","-667.3333333","1","0","0","0","0","51.51623541","789","673.8492831","3","5","10","15"
"2026-04-01","16:40:00","40","ghost_low_676_699","low","24294.5","699","24311.9166666667","27.33333333","-1.666666667","56.33333333","1","-10.16666667","-17.66666667","-2.666666667","1","-29.16666667","-94.66666667","36.33333333","1","-574.9777792","-898.5351065","-251.4204518","1","-927.8072917","-1233.666667","-336.4791667","1","60.33333333","60.33333333","60.33333333","1","-94.66666667","-94.66666667","-94.66666667","1","0","0","0","0","-39.66666667","-39.66666667","-39.66666667","1","13.33333333","12.33333333","13.33333333","1","0","0","0","0","-181.1666667","-253.6666667","-108.6666667","1","-35.66666667","-39.66666667","-31.66666667","1","-398.6666667","-468.6666667","-328.6666667","1","-564.7629619","-882.2754656","-247.2504582","1","-805.4635417","-1192.885417","-458.8229167","1","60.33333333","60.33333333","60.33333333","1","-328.6666667","-328.6666667","-328.6666667","1","0","0","0","0","-468.6666667","-468.6666667","-468.6666667","1","-94.66666667","-94.66666667","-28.66666667","1","0","0","0","0","0","0","0","0","-398.6666667","-468.6666667","-328.6666667","1","0","0","0","0","-577.7745208","-868.1694944","-287.3795472","1","-768.6354167","-1152.791667","-384.4791667","1","60.33333333","60.33333333","60.33333333","1","0","0","0","0","0","0","0","0","0","0","0","0","-328.6666667","-328.6666667","-206.6666667","1","0","0","0","0","39.81937866","247","443.8934434","3","5","10","15"
"2026-04-01","20:02:00","02","ghost_low_831_901","low","24147.25","901","24190.8333333333","67.66666667","35.66666667","99.66666667","1","133.6666667","103.6666667","163.6666667","1","97.66666667","-15.33333333","210.6666667","1","-14.35063984","-327.4421867","298.740907","1","24.68229167","-346.1145833","356.4479167","1","-38.33333333","-38.33333333","-38.33333333","1","-15.33333333","-15.33333333","-15.33333333","1","0","0","0","0","-15.33333333","-15.33333333","-15.33333333","1","55.66666667","46.66666667","55.66666667","1","0","0","0","0","531.6666667","503.6666667","559.6666667","1","61.16666667","24.66666667","97.66666667","1","182.1666667","-265.3333333","629.6666667","1","-7.447058208","-314.4577916","299.5636752","1","47.90104167","-361.4895833","414.1979167","1","-38.33333333","-38.33333333","-38.33333333","1","-265.3333333","-265.3333333","-265.3333333","1","0","0","0","0","555.6666667","555.6666667","555.6666667","1","199.6666667","173.6666667","199.6666667","1","0","0","0","0","0","0","0","0","279.1666667","259.6666667","298.6666667","1","-684.3333333","-749.3333333","-619.3333333","1","1.714421775","-285.3798648","288.8087083","1","-296.8489583","-706.2395833","112.5416667","1","-38.33333333","-38.33333333","-38.33333333","1","-619.3333333","-619.3333333","-619.3333333","1","0","0","0","0","0","0","0","0","-148.3333333","-148.3333333","-127.3333333","1","-619.3333333","-619.3333333","-619.3333333","1","70.83299839","1348","3065.75136","3","5","10","15"
"2026-04-01","20:50:00","50","ghost_high_900_949","high","24215.75","949","24193.3333333333","57.66666667","25.66666667","89.66666667","1","-2.333333333","-3.333333333","-1.333333333","1","-3.833333333","-21.33333333","13.66666667","1","-23.97853454","-334.4798604","286.5227913","1","14.68229167","-356.1145833","346.4479167","1","46.66666667","46.66666667","46.66666667","1","-21.33333333","-21.33333333","-21.33333333","1","0","0","0","0","-25.33333333","-25.33333333","-25.33333333","1","-17.33333333","-17.33333333","-5.333333333","1","0","0","0","0","521.6666667","493.6666667","549.6666667","1","103.6666667","89.66666667","117.6666667","1","81.16666667","-87.33333333","249.6666667","1","-16.82886847","-320.0122581","286.3545211","1","37.90104167","-371.4895833","404.1979167","1","46.66666667","46.66666667","46.66666667","1","-87.33333333","-87.33333333","-87.33333333","1","0","0","0","0","545.6666667","545.6666667","545.6666667","1","-21.33333333","-21.33333333","3.666666667","1","0","0","0","0","0","0","0","0","269.1666667","249.6666667","288.6666667","1","-694.3333333","-759.3333333","-629.3333333","1","-8.285578225","-295.3798648","278.8087083","1","-306.8489583","-716.2395833","102.5416667","1","46.66666667","46.66666667","46.66666667","1","-629.3333333","-629.3333333","-629.3333333","1","0","0","0","0","0","0","0","0","-158.3333333","-158.3333333","-137.3333333","1","-629.3333333","-629.3333333","-629.3333333","1","19.93388681","137","86.6259368","3","5","10","10"
"2026-04-02","05:51:00","51","ghost_low_1405_1430","low","23793.25","1430","23759.8333333333","192.6666667","179.6666667","205.6666667","1","47.16666667","33.66666667","60.66666667","1","201.1666667","133.6666667","268.6666667","1","1609.245835","1168.354327","2050.137343","1","1729.838542","477.4166667","1943.666667","1","220.6666667","220.6666667","220.6666667","1","268.6666667","268.6666667","268.6666667","1","0","0","0","0","200.6666667","200.6666667","200.6666667","1","12.66666667","8.666666667","12.66666667","1","0","0","0","0","1393.666667","886.6666667","1900.666667","1","309.6666667","301.6666667","317.6666667","1","1859.666667","1775.666667","1943.666667","1","1615.024133","1177.93027","2052.117995","1","1726.526042","1320.729167","2132.322917","1","220.6666667","220.6666667","220.6666667","1","1943.666667","1943.666667","1943.666667","1","0","0","0","0","1775.666667","1775.666667","1775.666667","1","149.6666667","131.6666667","149.6666667","1","1943.666667","1943.666667","1943.666667","1","1761.166667","1578.666667","1943.666667","1","355.1666667","325.6666667","384.6666667","1","1701.166667","1458.666667","1943.666667","1","1638.587669","1242.560365","2034.614972","1","1420.057292","970.5416667","1869.572917","1","220.6666667","220.6666667","220.6666667","1","1943.666667","1943.666667","1943.666667","1","0","0","0","0","0","0","0","0","325.6666667","247.6666667","325.6666667","1","0","0","0","0","38.56456992","107","146.7872862","3","5","10","15"
"2026-04-02","10:26:00","26","ghost_low_1680_1705","low","23813.5","1705","23787","114","88","140","1","-18","-19","-17","1","-2.5","-41","36","1","1428.692491","901.1523227","1956.232659","1","170.34375","-3.9375","344.625","1","112","112","112","1","-41","-41","-41","1","0","0","0","0","106","106","106","1","-21","-21","-12","1","0","0","0","0","1285","778","1792","1","133","130","136","1","312","292","332","1","1435.31222","911.6189999","1959.005441","1","1612.015625","1127.96875","2021.59375","1","112","112","112","1","292","292","292","1","292","292","292","1","1667","1667","1667","1","130","117","130","1","292","292","292","1","1652.5","1470","1835","1","136.5","128","145","1","848.5","-138","1835","1","1450.122622","946.970785","1953.274459","1","1686.484375","1276.90625","2096.0625","1","112","112","112","1","-138","-138","-138","1","0","0","0","0","0","0","0","0","292","193","292","1","0","0","0","0","37.70896828","102","111.6403499","3","5","10","15"
"2026-04-02","15:33:00","33","ghost_low_1972_2012","low","24084.75","2012","24166.3333333333","5.166666667","-53.33333333","63.66666667","1","54.66666667","25.66666667","83.66666667","1","-19.33333333","-185.3333333","146.6666667","1","-310.4420862","-995.2548581","374.3706858","1","63.74479167","-1475.677083","401.6666667","1","-33.33333333","-33.33333333","-33.33333333","1","146.6666667","146.6666667","146.6666667","1","0","0","0","0","2.666666667","2.666666667","2.666666667","1","23.66666667","2.666666667","23.66666667","1","0","0","0","0","-232.3333333","-739.3333333","274.6666667","1","-423.8333333","-648.3333333","-199.3333333","1","-775.8333333","-1953.333333","401.6666667","1","-305.4096085","-988.4681942","377.6489773","1","-82.50520833","-807.3958333","642.3854167","1","-33.33333333","-33.33333333","-33.33333333","1","401.6666667","401.6666667","401.6666667","1","0","0","0","0","149.6666667","149.6666667","149.6666667","1","146.6666667","64.66666667","146.6666667","1","0","0","0","0","-1657.333333","-1937.333333","-1377.333333","1","-1431.833333","-1634.333333","-1229.333333","1","-1396.333333","-1655.333333","-1137.333333","1","-272.9908872","-907.2400972","361.2583228","1","173.3385417","-295.7083333","642.3854167","1","-33.33333333","-33.33333333","-33.33333333","1","-1137.333333","-1137.333333","-1137.333333","1","0","0","0","0","0","0","0","0","-1229.333333","-1229.333333","-1074.333333","1","0","0","0","0","108.8785449","701","1006.305891","3","5","10","15"
"2026-04-02","15:58:00","58","ghost_low_2002_2037","low","24120","2037","24131.25","145.5","87","204","1","-0.5","-13","12","1","43","-169","255","1","-162.8372071","-839.8310924","514.1566783","1","204.078125","-1260.25","542","1","-27","-27","-27","1","-169","-169","-169","1","0","0","0","0","143","143","143","1","51","35","51","1","0","0","0","0","-92","-599","415","1","-283.5","-508","-59","1","-635.5","-1813","542","1","-158.7476311","-836.3402528","518.8449907","1","57.828125","-667.0625","782.71875","1","-27","-27","-27","1","542","542","542","1","0","0","0","0","290","290","290","1","259","216","259","1","0","0","0","0","-1517","-1797","-1237","1","-1291.5","-1494","-1089","1","-1256","-1515","-997","1","-132.6575538","-766.9067639","501.5916562","1","313.671875","-155.375","782.71875","1","-27","-27","-27","1","-997","-997","-997","1","0","0","0","0","0","0","0","0","-1089","-1089","-934","1","0","0","0","0","107.6718925","973","1067.112413","3","5","10","15"
"2026-04-02","20:22:00","22","ghost_low_2242_2301","low","24135","2301","24205.3333333333","53.66666667","34.66666667","72.66666667","1","10.66666667","7.666666667","13.66666667","1","13.16666667","-22.33333333","48.66666667","1","-429.1263892","-1062.690386","204.4376074","1","-242.4427083","-955.8333333","245.6666667","1","-1.333333333","-1.333333333","-1.333333333","1","48.66666667","48.66666667","48.66666667","1","0","0","0","0","75.66666667","75.66666667","75.66666667","1","-9.333333333","-9.333333333","-5.333333333","1","0","0","0","0","-388.3333333","-895.3333333","118.6666667","1","-84.83333333","-147.3333333","-22.33333333","1","-187.3333333","-281.3333333","-93.33333333","1","-425.9900272","-1056.113995","204.133941","1","-238.5052083","-792.8333333","315.8229167","1","-1.333333333","-1.333333333","-1.333333333","1","-281.3333333","-281.3333333","-281.3333333","1","0","0","0","0","-6.333333333","-6.333333333","-6.333333333","1","-19.33333333","-19.33333333","-16.33333333","1","0","0","0","0","-1813.333333","-2093.333333","-1533.333333","1","-826.8333333","-1188.333333","-465.3333333","1","-955.8333333","-2157.333333","245.6666667","1","-393.8479791","-968.7716939","181.0757357","1","-323.7864583","-707.5520833","59.97916667","1","-1.333333333","-1.333333333","-1.333333333","1","245.6666667","245.6666667","245.6666667","1","0","0","0","0","0","0","0","0","-281.3333333","-281.3333333","-257.3333333","1","0","0","0","0","33.57431943","150","197.555469","3","5","10","15"
"2026-04-02","20:50:00","50","ghost_low_2289_2329","low","24199.75","2329","24216.3333333333","9.666666667","-9.333333333","28.66666667","1","-17.83333333","-18.33333333","-17.33333333","1","9.166666667","-51.33333333","69.66666667","1","-471.6355213","-1104.7487","161.4776577","1","-276.6927083","-975.8333333","201.6666667","1","-2.333333333","-2.333333333","-2.333333333","1","-51.33333333","-51.33333333","-51.33333333","1","0","0","0","0","31.66666667","31.66666667","31.66666667","1","10.66666667","10.66666667","10.66666667","1","0","0","0","0","-432.3333333","-939.3333333","74.66666667","1","-128.8333333","-191.3333333","-66.33333333","1","-231.3333333","-325.3333333","-137.3333333","1","-468.3832669","-1098.033375","161.2668411","1","-282.5052083","-836.8333333","271.8229167","1","-2.333333333","-2.333333333","-2.333333333","1","-325.3333333","-325.3333333","-325.3333333","1","0","0","0","0","-50.33333333","-50.33333333","-50.33333333","1","-42.33333333","-42.33333333","-28.33333333","1","0","0","0","0","-1857.333333","-2137.333333","-1577.333333","1","-870.8333333","-1232.333333","-509.3333333","1","-999.8333333","-2201.333333","201.6666667","1","-437.8479791","-1012.771694","137.0757357","1","-367.7864583","-751.5520833","15.97916667","1","-2.333333333","-2.333333333","-2.333333333","1","201.6666667","201.6666667","201.6666667","1","0","0","0","0","0","0","0","0","-325.3333333","-325.3333333","-301.3333333","1","0","0","0","0","22.42033577","52","91.26204164","3","5","10","10"
"2026-04-03","02:38:00","38","ghost_high_2537_2616","high","24222.5","2616","24169","-14","-31","3","1","-12","-18","-6","1","-37","-47","-27","1","-275.5583867","-906.2331212","355.1163478","1","188.40625","-134.75","344","1","34","34","34","1","-47","-47","-47","1","-47","-47","-47","1","-27","-27","-27","1","-9","-9","1","1","-47","-47","-47","1","-243","-750","264","1","125.5","122","129","1","212","80","344","1","-272.4782552","-899.8221413","354.8656308","1","-93.171875","-647.5","461.15625","1","34","34","34","1","344","344","344","1","0","0","0","0","139","139","139","1","144","142","144","1","0","0","0","0","-1668","-1948","-1388","1","53.5","-16","123","1","-810.5","-2012","391","1","-237.1255818","-808.6862167","334.4350531","1","-178.453125","-562.21875","205.3125","1","34","34","34","1","391","391","391","1","0","0","0","0","0","0","0","0","251","228","251","1","0","0","0","0","24.50013536","44","66.89743743","3","5","10","15"
"2026-04-03","02:38:00","38","ghost_low_2585_2616","low","24191.25","2616","24169","-14","-31","3","1","-12","-18","-6","1","-37","-47","-27","1","-275.5583867","-906.2331212","355.1163478","1","188.40625","-134.75","344","1","34","34","34","1","-47","-47","-47","1","-47","-47","-47","1","-27","-27","-27","1","-9","-9","1","1","-47","-47","-47","1","-243","-750","264","1","125.5","122","129","1","212","80","344","1","-272.4782552","-899.8221413","354.8656308","1","-93.171875","-647.5","461.15625","1","34","34","34","1","344","344","344","1","0","0","0","0","139","139","139","1","144","142","144","1","0","0","0","0","-1668","-1948","-1388","1","53.5","-16","123","1","-810.5","-2012","391","1","-237.1255818","-808.6862167","334.4350531","1","-178.453125","-562.21875","205.3125","1","34","34","34","1","391","391","391","1","0","0","0","0","0","0","0","0","251","228","251","1","0","0","0","0","24.50013536","44","66.89743743","3","5","10","15"
"2026-04-03","04:01:00","01","ghost_low_2632_2699","low","24160.5","2699","24167.4166666667","1.333333333","-6.666666667","9.333333333","1","5.333333333","3.333333333","7.333333333","1","9.333333333","-6.666666667","25.33333333","1","-267.8886402","-897.5346413","361.7573609","1","173.9895833","-58.04166667","350.3333333","1","-37.66666667","-37.66666667","-37.66666667","1","-6.666666667","-6.666666667","-6.666666667","1","0","0","0","0","5.333333333","5.333333333","5.333333333","1","-5.666666667","-5.666666667","-4.666666667","1","0","0","0","0","-236.6666667","-743.6666667","270.3333333","1","10.33333333","9.333333333","11.33333333","1","141.3333333","-67.66666667","350.3333333","1","-264.7228981","-890.8972277","361.4514314","1","-86.83854167","-641.1666667","467.4895833","1","-37.66666667","-37.66666667","-37.66666667","1","-67.66666667","-67.66666667","-67.66666667","1","0","0","0","0","145.3333333","145.3333333","145.3333333","1","25.33333333","-0.6666666667","25.33333333","1","0","0","0","0","-1661.666667","-1941.666667","-1381.666667","1","106.8333333","100.3333333","113.3333333","1","373.8333333","350.3333333","397.3333333","1","-229.1150832","-799.2882867","341.0581203","1","-172.1197917","-555.8854167","211.6458333","1","-37.66666667","-37.66666667","-37.66666667","1","350.3333333","350.3333333","350.3333333","1","350.3333333","350.3333333","350.3333333","1","0","0","0","0","100.3333333","51.33333333","100.3333333","1","350.3333333","350.3333333","350.3333333","1","13.61679683","13","12.74120963","3","5","10","15"
"2026-04-03","04:01:00","01","ghost_high_2632_2699","high","24197.75","2699","24167.4166666667","1.333333333","-6.666666667","9.333333333","1","5.333333333","3.333333333","7.333333333","1","9.333333333","-6.666666667","25.33333333","1","-267.8886402","-897.5346413","361.7573609","1","173.9895833","-58.04166667","350.3333333","1","-37.66666667","-37.66666667","-37.66666667","1","-6.666666667","-6.666666667","-6.666666667","1","0","0","0","0","5.333333333","5.333333333","5.333333333","1","-5.666666667","-5.666666667","-4.666666667","1","0","0","0","0","-236.6666667","-743.6666667","270.3333333","1","10.33333333","9.333333333","11.33333333","1","141.3333333","-67.66666667","350.3333333","1","-264.7228981","-890.8972277","361.4514314","1","-86.83854167","-641.1666667","467.4895833","1","-37.66666667","-37.66666667","-37.66666667","1","-67.66666667","-67.66666667","-67.66666667","1","0","0","0","0","145.3333333","145.3333333","145.3333333","1","25.33333333","-0.6666666667","25.33333333","1","0","0","0","0","-1661.666667","-1941.666667","-1381.666667","1","106.8333333","100.3333333","113.3333333","1","373.8333333","350.3333333","397.3333333","1","-229.1150832","-799.2882867","341.0581203","1","-172.1197917","-555.8854167","211.6458333","1","-37.66666667","-37.66666667","-37.66666667","1","350.3333333","350.3333333","350.3333333","1","350.3333333","350.3333333","350.3333333","1","0","0","0","0","100.3333333","51.33333333","100.3333333","1","350.3333333","350.3333333","350.3333333","1","13.61679683","13","12.74120963","3","5","10","15"
"2026-04-03","06:52:00","52","ghost_high_2822_2870","high","24184.25","2870","24154.25","4","-10","18","1","16","15","17","1","16","-10","42","1","-214.0964506","-842.7602951","414.5673938","1","109.390625","-20.34375","239.125","1","15","15","15","1","42","42","42","1","0","0","0","0","-8","-8","-8","1","18","18","18","1","0","0","0","0","48","20","76","1","48","42","54","1","88.5","20","157","1","-210.9487563","-836.1593774","414.2618647","1","-34.171875","-588.5","520.15625","1","15","15","15","1","157","157","157","1","0","0","0","0","147","147","147","1","-10","-10","-2","1","0","0","0","0","-1609","-1889","-1329","1","159.5","153","166","1","194","-15","403","1","-175.7488163","-745.2935617","393.7959292","1","-119.453125","-503.21875","264.3125","1","15","15","15","1","-15","-15","-15","1","0","0","0","0","0","0","0","0","20","20","53","1","0","0","0","0","19.33607309","48","28.23555194","3","5","10","15"
"2026-04-03","07:31:00","31","ghost_high_2850_2909","high","24168.5","2909","24152.1666666667","12.33333333","-1.666666667","26.33333333","1","-12.66666667","-16.66666667","-8.666666667","1","-61.16666667","-84.66666667","-37.66666667","1","-205.4843023","-833.6147054","422.6461008","1","116.0208333","-27.41666667","259.4583333","1","-6.666666667","-6.666666667","-6.666666667","1","-84.66666667","-84.66666667","-84.66666667","1","0","0","0","0","0.3333333333","0.3333333333","0.3333333333","1","-8.666666667","-8.666666667","-8.666666667","1","0","0","0","0","56.33333333","28.33333333","84.33333333","1","56.33333333","50.33333333","62.33333333","1","96.83333333","28.33333333","165.3333333","1","-202.3338261","-827.0110611","422.3434088","1","-25.83854167","-580.1666667","528.4895833","1","-6.666666667","-6.666666667","-6.666666667","1","165.3333333","165.3333333","165.3333333","1","0","0","0","0","155.3333333","155.3333333","155.3333333","1","-84.66666667","-84.66666667","-51.66666667","1","0","0","0","0","96.83333333","28.33333333","165.3333333","1","167.8333333","161.3333333","174.3333333","1","202.3333333","-6.666666667","411.3333333","1","-167.1038475","-736.2433276","402.0356325","1","-111.1197917","-494.8854167","272.6458333","1","-6.666666667","-6.666666667","-6.666666667","1","-6.666666667","-6.666666667","-6.666666667","1","0","0","0","0","-6.666666667","-6.666666667","-6.666666667","1","128.3333333","123.3333333","128.3333333","1","0","0","0","0","20.57977898","58","41.56466473","3","5","10","15"
"2026-04-03","09:38:00","38","ghost_high_2973_3035","high","24158.5","3035","24143.1666666667","6.333333333","2.333333333","10.33333333","1","10.83333333","10.33333333","11.33333333","1","-11.16666667","-21.66666667","-0.6666666667","1","-168.9543685","-796.3478725","458.4391355","1","157.1770833","48.27083333","253.2708333","1","29.33333333","29.33333333","29.33333333","1","-0.6666666667","-0.6666666667","-0.6666666667","1","-0.6666666667","-0.6666666667","-0.6666666667","1","42.33333333","42.33333333","42.33333333","1","3.333333333","3.333333333","3.333333333","1","-0.6666666667","-0.6666666667","-0.6666666667","1","-14.16666667","-45.66666667","17.33333333","1","30.33333333","29.33333333","31.33333333","1","46.33333333","-4.666666667","97.33333333","1","-165.8218469","-789.7801981","458.1365043","1","10.16145833","-544.1666667","564.4895833","1","29.33333333","29.33333333","29.33333333","1","-4.666666667","-4.666666667","-4.666666667","1","0","0","0","0","-4.666666667","-4.666666667","-4.666666667","1","28.33333333","18.33333333","28.33333333","1","0","0","0","0","-5.666666667","-92.66666667","81.33333333","1","203.8333333","197.3333333","210.3333333","1","238.3333333","29.33333333","447.3333333","1","-130.611137","-698.8929978","437.6707238","1","-75.11979167","-458.8854167","308.6458333","1","29.33333333","29.33333333","29.33333333","1","29.33333333","29.33333333","29.33333333","1","0","0","0","0","29.33333333","29.33333333","29.33333333","1","97.33333333","44.33333333","97.33333333","1","0","0","0","0","13.68371343","5","15.43229655","3","4","9","13"
"2026-04-03","10:34:00","34","ghost_high_3019_3087","high","24150.25","3087","24132.0833333333","33.16666667","21.66666667","44.66666667","1","4.166666667","1.666666667","6.666666667","1","47.16666667","45.66666667","48.66666667","1","-124.4715586","-751.5630132","502.619896","1","202.8229167","79.91666667","293.6666667","1","-48.33333333","-48.33333333","-48.33333333","1","48.66666667","48.66666667","48.66666667","1","48.66666667","48.66666667","48.66666667","1","45.66666667","45.66666667","45.66666667","1","-12.33333333","-12.33333333","0.6666666667","1","48.66666667","48.66666667","48.66666667","1","30.16666667","-1.333333333","61.66666667","1","74.66666667","73.66666667","75.66666667","1","19.16666667","-1.333333333","39.66666667","1","-121.3414787","-745.0060227","502.3230652","1","54.49479167","-499.8333333","608.8229167","1","-48.33333333","-48.33333333","-48.33333333","1","-1.333333333","-1.333333333","-1.333333333","1","-1.333333333","-1.333333333","-1.333333333","1","-1.333333333","-1.333333333","-1.333333333","1","48.66666667","19.66666667","48.66666667","1","-1.333333333","-1.333333333","-1.333333333","1","38.66666667","-48.33333333","125.6666667","1","248.1666667","241.6666667","254.6666667","1","282.6666667","73.66666667","491.6666667","1","-86.16352283","-654.1987163","481.8716706","1","-30.78645833","-414.5520833","352.9791667","1","-48.33333333","-48.33333333","-48.33333333","1","73.66666667","73.66666667","73.66666667","1","0","0","0","0","73.66666667","73.66666667","73.66666667","1","85.66666667","73.66666667","85.66666667","1","0","0","0","0","16.76409162","24","30.75076978","3","5","10","15"
"2026-04-03","12:00:00","00","ghost_low_3121_3173","low","24114.25","3173","24151.5833333333","-3.833333333","-11.33333333","3.666666667","1","8.166666667","7.666666667","8.666666667","1","2.166666667","-14.33333333","18.66666667","1","-202.0780336","-828.4445684","424.2885011","1","14.11979167","-70.08333333","88.41666667","1","-4.333333333","-4.333333333","-4.333333333","1","-14.33333333","-14.33333333","-14.33333333","1","0","0","0","0","-39.33333333","-39.33333333","-39.33333333","1","5.666666667","4.666666667","5.666666667","1","0","0","0","0","-71.83333333","-111.3333333","-32.33333333","1","-23.83333333","-32.33333333","-15.33333333","1","-125.8333333","-149.3333333","-102.3333333","1","-198.9300622","-821.8357045","423.9755802","1","-23.50520833","-577.8333333","530.8229167","1","-4.333333333","-4.333333333","-4.333333333","1","-149.3333333","-149.3333333","-149.3333333","1","-149.3333333","-149.3333333","-149.3333333","1","-102.3333333","-102.3333333","-102.3333333","1","-20.33333333","-20.33333333","-5.333333333","1","-149.3333333","-149.3333333","-149.3333333","1","-58.83333333","-149.3333333","31.66666667","1","170.1666667","163.6666667","176.6666667","1","-65.33333333","-126.3333333","-4.333333333","1","-163.7720508","-730.8901124","403.3460109","1","-108.7864583","-492.5520833","274.9791667","1","-4.333333333","-4.333333333","-4.333333333","1","-126.3333333","-126.3333333","-126.3333333","1","0","0","0","0","-126.3333333","-126.3333333","-126.3333333","1","-149.3333333","-149.3333333","-47.33333333","1","-126.3333333","-126.3333333","-126.3333333","1","13.8807504","18","21.9473254","3","5","10","15"
"2026-04-03","12:51:00","51","ghost_low_3192_3224","low","24128.75","3224","24129","272.5","208","337","1","62.5","34","91","1","81","-3","165","1","-110.2742106","-735.1716821","514.6232609","1","112.9375","22.875","186.625","1","-36","-36","-36","1","165","165","165","1","0","0","0","0","51","51","51","1","34","31","34","1","0","0","0","0","18.5","-21","58","1","66.5","58","75","1","-35.5","-59","-12","1","-107.2633866","-728.7087124","514.1819392","1","66.828125","-487.5","621.15625","1","-36","-36","-36","1","-59","-59","-59","1","-59","-59","-59","1","-12","-12","-12","1","165","58","165","1","-59","-59","-59","1","31.5","-59","122","1","260.5","254","267","1","25","-36","86","1","-73.43871743","-640.5567791","493.6793442","1","-18.453125","-402.21875","365.3125","1","-36","-36","-36","1","-36","-36","-36","1","0","0","0","0","-36","-36","-36","1","-59","-59","43","1","-36","-36","-36","1","55.19265085","244","168.1854872","3","5","10","15"
"2026-04-06","00:10:00","10","ghost_high_3316_3378","high","24094.5","3378","24162.9166666667","-22.66666667","-41.66666667","-3.666666667","1","-212.1666667","-281.6666667","-142.6666667","1","-6.166666667","-20.66666667","8.333333333","1","-250.4003357","-866.8841863","366.0835149","1","-379.4947917","-692.6979167","-99.26041667","1","18.33333333","18.33333333","18.33333333","1","8.333333333","8.333333333","8.333333333","1","8.333333333","8.333333333","8.333333333","1","8.333333333","8.333333333","8.333333333","1","-16.66666667","-16.66666667","-8.666666667","1","8.333333333","8.333333333","8.333333333","1","-356.1666667","-378.6666667","-333.6666667","1","-317.1666667","-333.6666667","-300.6666667","1","-494.6666667","-725.6666667","-263.6666667","1","-247.4623992","-860.4176871","365.4928887","1","-68.83854167","-537.8854167","400.2083333","1","18.33333333","18.33333333","18.33333333","1","-263.6666667","-263.6666667","-263.6666667","1","0","0","0","0","-194.6666667","-194.6666667","-194.6666667","1","-300.6666667","-300.6666667","-285.6666667","1","0","0","0","0","-165.1666667","-227.6666667","-102.6666667","1","-250.6666667","-273.6666667","-227.6666667","1","78.83333333","-171.6666667","329.3333333","1","-212.9493022","-771.7619814","345.8633771","1","-154.1197917","-537.8854167","229.6458333","1","18.33333333","18.33333333","18.33333333","1","329.3333333","329.3333333","329.3333333","1","0","0","0","0","-171.6666667","-171.6666667","-171.6666667","1","-487.6666667","-487.6666667","-334.6666667","1","0","0","0","0","46.1963476","205","223.228743","3","5","10","15"
"2026-04-06","01:25:00","25","ghost_low_3392_3453","low","24166.25","3453","24209.9166666667","-39.66666667","-74.66666667","-4.666666667","1","-2.666666667","-8.666666667","3.333333333","1","1.333333333","-54.66666667","57.33333333","1","-435.474285","-1050.431892","179.4833215","1","-567.4947917","-913.6666667","-221.3229167","1","63.33333333","63.33333333","63.33333333","1","-54.66666667","-54.66666667","-54.66666667","1","0","0","0","0","-27.66666667","-27.66666667","-27.66666667","1","10.33333333","10.33333333","10.33333333","1","0","0","0","0","4.333333333","-48.66666667","57.33333333","1","-353.1666667","-469.6666667","-236.6666667","1","-682.6666667","-913.6666667","-451.6666667","1","-432.8446697","-1044.324735","178.6353959","1","-256.8385417","-725.8854167","212.2083333","1","63.33333333","63.33333333","63.33333333","1","-451.6666667","-451.6666667","-451.6666667","1","0","0","0","0","-382.6666667","-382.6666667","-382.6666667","1","57.33333333","33.33333333","57.33333333","1","0","0","0","0","-353.1666667","-415.6666667","-290.6666667","1","-438.6666667","-461.6666667","-415.6666667","1","-109.1666667","-359.6666667","141.3333333","1","-398.8998539","-955.8131824","158.0134745","1","-342.1197917","-725.8854167","41.64583333","1","63.33333333","63.33333333","63.33333333","1","141.3333333","141.3333333","141.3333333","1","0","0","0","0","-359.6666667","-359.6666667","-359.6666667","1","-488.6666667","-488.6666667","-473.6666667","1","0","0","0","0","30.9679739","65","118.3946705","3","5","10","15"
"2026-04-06","05:30:00","30","ghost_low_3619_3698","low","24215.25","3698","24253.3333333333","9.166666667","0.6666666667","17.66666667","1","20.16666667","17.66666667","22.66666667","1","20.66666667","-8.333333333","49.66666667","1","-596.6997136","-1210.277082","16.87765448","1","-763.6614583","-1087.333333","-181.0520833","1","6.666666667","6.666666667","6.666666667","1","49.66666667","49.66666667","49.66666667","1","0","0","0","0","26.66666667","26.66666667","26.66666667","1","17.66666667","13.66666667","17.66666667","1","0","0","0","0","-235.3333333","-278.3333333","-192.3333333","1","-70.33333333","-85.33333333","-55.33333333","1","-118.8333333","-531.3333333","293.6666667","1","-594.0489562","-1203.975405","15.87749288","1","-430.5052083","-899.5520833","38.54166667","1","6.666666667","6.666666667","6.666666667","1","-531.3333333","-531.3333333","-531.3333333","1","0","0","0","0","-556.3333333","-556.3333333","-556.3333333","1","50.66666667","42.66666667","50.66666667","1","0","0","0","0","-526.8333333","-589.3333333","-464.3333333","1","-456.8333333","-635.3333333","-278.3333333","1","-559.8333333","-1087.333333","-32.33333333","1","-561.6171405","-1116.202501","-7.031779613","1","-174.6614583","-643.7083333","209.1041667","1","6.666666667","6.666666667","6.666666667","1","-1087.333333","-1087.333333","-1087.333333","1","0","0","0","0","-533.3333333","-533.3333333","-533.3333333","1","-182.3333333","-182.3333333","-161.3333333","1","0","0","0","0","22.98661299","45","38.35546426","3","5","10","15"
"2026-04-06","09:26:00","26","ghost_low_3902_3934","low","24364","3934","24376.1666666667","-18.16666667","-30.66666667","-5.666666667","1","32.33333333","16.33333333","48.33333333","1","23.33333333","-30.66666667","77.33333333","1","-1071.633419","-1689.443794","-453.8230434","1","-588.6822917","-849.0729167","-328.2916667","1","-197.6666667","-197.6666667","-197.6666667","1","77.33333333","77.33333333","77.33333333","1","0","0","0","0","-0.6666666667","-0.6666666667","-0.6666666667","1","16.33333333","1.333333333","16.33333333","1","0","0","0","0","-580.6666667","-675.6666667","-485.6666667","1","-24.16666667","-63.66666667","15.33333333","1","-508.6666667","-675.6666667","-341.6666667","1","-1069.575267","-1683.399982","-455.7505523","1","-872.7447917","-1376.166667","-369.3229167","1","-197.6666667","-197.6666667","-197.6666667","1","-675.6666667","-675.6666667","-675.6666667","1","0","0","0","0","-641.6666667","-641.6666667","-641.6666667","1","-30.66666667","-30.66666667","21.33333333","1","0","0","0","0","-544.6666667","-656.6666667","-432.6666667","1","-305.6666667","-341.6666667","-269.6666667","1","-888.1666667","-1578.666667","-197.6666667","1","-1038.015808","-1596.911877","-479.1197394","1","-1067.994792","-1567.979167","-568.0104167","1","-197.6666667","-197.6666667","-197.6666667","1","-197.6666667","-197.6666667","-197.6666667","1","0","0","0","0","-1024.666667","-1024.666667","-1024.666667","1","-269.6666667","-269.6666667","-264.6666667","1","0","0","0","0","31.98187472","97","90.6414273","3","5","10","15"
"2026-04-06","10:59:00","59","ghost_high_3979_4027","high","24359","4027","24311.8333333333","144.6666667","136.6666667","152.6666667","1","18.66666667","14.66666667","22.66666667","1","-8.833333333","-197.3333333","179.6666667","1","-806.7570117","-1427.596817","-185.9172063","1","-227.1927083","-557.0208333","102.6354167","1","54.66666667","54.66666667","54.66666667","1","-197.3333333","-197.3333333","-197.3333333","1","0","0","0","0","148.6666667","148.6666667","148.6666667","1","14.66666667","14.66666667","14.66666667","1","0","0","0","0","139.1666667","98.66666667","179.6666667","1","205.1666667","179.6666667","230.6666667","1","202.1666667","58.66666667","345.6666667","1","-804.8778874","-1421.898043","-187.8577317","1","-615.4114583","-1118.833333","-111.9895833","1","54.66666667","54.66666667","54.66666667","1","58.66666667","58.66666667","58.66666667","1","0","0","0","0","-384.3333333","-384.3333333","-384.3333333","1","158.6666667","140.6666667","158.6666667","1","0","0","0","0","213.1666667","80.66666667","345.6666667","1","67.66666667","54.66666667","80.66666667","1","-630.8333333","-1321.333333","59.66666667","1","-776.3874931","-1337.684986","-215.0900002","1","-432.3489583","-935.7708333","-20.45833333","1","54.66666667","54.66666667","54.66666667","1","59.66666667","59.66666667","59.66666667","1","0","0","0","0","-767.3333333","-767.3333333","-767.3333333","1","345.6666667","234.6666667","345.6666667","1","0","0","0","0","49.9977754","72","133.5631384","3","5","10","15"
"2026-04-06","10:59:00","59","ghost_low_3972_4027","low","24326.5","4027","24311.8333333333","144.6666667","136.6666667","152.6666667","1","18.66666667","14.66666667","22.66666667","1","-8.833333333","-197.3333333","179.6666667","1","-806.7570117","-1427.596817","-185.9172063","1","-227.1927083","-557.0208333","102.6354167","1","54.66666667","54.66666667","54.66666667","1","-197.3333333","-197.3333333","-197.3333333","1","0","0","0","0","148.6666667","148.6666667","148.6666667","1","14.66666667","14.66666667","14.66666667","1","0","0","0","0","139.1666667","98.66666667","179.6666667","1","205.1666667","179.6666667","230.6666667","1","202.1666667","58.66666667","345.6666667","1","-804.8778874","-1421.898043","-187.8577317","1","-615.4114583","-1118.833333","-111.9895833","1","54.66666667","54.66666667","54.66666667","1","58.66666667","58.66666667","58.66666667","1","0","0","0","0","-384.3333333","-384.3333333","-384.3333333","1","158.6666667","140.6666667","158.6666667","1","0","0","0","0","213.1666667","80.66666667","345.6666667","1","67.66666667","54.66666667","80.66666667","1","-630.8333333","-1321.333333","59.66666667","1","-776.3874931","-1337.684986","-215.0900002","1","-432.3489583","-935.7708333","-20.45833333","1","54.66666667","54.66666667","54.66666667","1","59.66666667","59.66666667","59.66666667","1","0","0","0","0","-767.3333333","-767.3333333","-767.3333333","1","345.6666667","234.6666667","345.6666667","1","0","0","0","0","49.9977754","72","133.5631384","3","5","10","15"
"2026-04-06","11:36:00","36","ghost_high_4015_4064","high","24343.75","4064","24307.3333333333","-74.83333333","-101.3333333","-48.33333333","1","-39.83333333","-54.33333333","-25.33333333","1","-79.33333333","-91.33333333","-67.33333333","1","-786.0259282","-1407.417659","-164.6341974","1","-209.1927083","-539.0208333","120.6354167","1","72.66666667","72.66666667","72.66666667","1","-67.33333333","-67.33333333","-67.33333333","1","-67.33333333","-67.33333333","-67.33333333","1","-97.33333333","-97.33333333","-97.33333333","1","-49.33333333","-49.33333333","3.666666667","1","-67.33333333","-67.33333333","-67.33333333","1","157.1666667","116.6666667","197.6666667","1","107.1666667","97.66666667","116.6666667","1","-51.33333333","-179.3333333","76.66666667","1","-783.8638014","-1401.586852","-166.1407504","1","-597.4114583","-1100.833333","-93.98958333","1","72.66666667","72.66666667","72.66666667","1","-179.3333333","-179.3333333","-179.3333333","1","0","0","0","0","-366.3333333","-366.3333333","-366.3333333","1","5.666666667","2.666666667","5.666666667","1","-179.3333333","-179.3333333","-179.3333333","1","231.1666667","98.66666667","363.6666667","1","85.66666667","72.66666667","98.66666667","1","-161.3333333","-400.3333333","77.66666667","1","-753.9398785","-1316.698153","-191.1816041","1","-414.3489583","-917.7708333","-2.458333333","1","72.66666667","72.66666667","72.66666667","1","-400.3333333","-400.3333333","-400.3333333","1","0","0","0","0","-749.3333333","-749.3333333","-749.3333333","1","206.6666667","122.6666667","206.6666667","1","0","0","0","0","38.35440027","268","123.0141567","3","5","10","15"
"2026-04-06","15:10:00","10","ghost_high_4230_4278","high","24391.25","4278","24323.4166666667","-73.16666667","-123.6666667","-22.66666667","1","-62.16666667","-65.66666667","-58.66666667","1","-33.66666667","-123.6666667","56.33333333","1","-752.0886882","-1401.728376","-102.4490004","1","10.02083333","-189.0416667","178.4583333","1","8.333333333","8.333333333","8.333333333","1","-123.6666667","-123.6666667","-123.6666667","1","0","0","0","0","-94.66666667","-94.66666667","-94.66666667","1","26.33333333","19.33333333","26.33333333","1","0","0","0","0","-189.6666667","-264.6666667","-114.6666667","1","42.83333333","33.33333333","52.33333333","1","102.3333333","-310.6666667","515.3333333","1","-750.7521609","-1395.194807","-106.3095145","1","-713.1822917","-1352.010417","-74.35416667","1","8.333333333","8.333333333","8.333333333","1","515.3333333","515.3333333","515.3333333","1","0","0","0","0","58.33333333","58.33333333","58.33333333","1","-123.6666667","-123.6666667","-68.66666667","1","0","0","0","0","135.3333333","-244.6666667","515.3333333","1","3.333333333","-27.66666667","34.33333333","1","-82.66666667","-464.6666667","299.3333333","1","-718.5562356","-1320.220737","-116.8917341","1","-811.4635417","-1548.572917","-74.35416667","1","8.333333333","8.333333333","8.333333333","1","299.3333333","299.3333333","299.3333333","1","0","0","0","0","299.3333333","299.3333333","299.3333333","1","515.3333333","350.3333333","515.3333333","1","0","0","0","0","84.6150883","572","702.4122807","3","5","10","15"
"2026-04-06","19:26:00","26","ghost_low_4483_4534","low","24324","4534","24340.75","42","23","61","1","0","-1","1","1","0","-33","33","1","-763.0637245","-1412.626015","-113.5014335","1","-130.96875","-302.5","9.375","1","-56","-56","-56","1","33","33","33","1","0","0","0","0","58","58","58","1","-18","-18","-7","1","0","0","0","0","-266","-317","-215","1","-164","-252","-76","1","-143.5","-381","94","1","-762.1834749","-1406.914498","-117.4524516","1","-782.515625","-1519.625","-143.6875","1","-56","-56","-56","1","94","94","94","1","0","0","0","0","-26","-26","-26","1","-41","-41","-11","1","0","0","0","0","66","-314","446","1","-66","-97","-35","1","33","-380","446","1","-733.6905979","-1335.288625","-132.092571","1","-880.796875","-1617.90625","-143.6875","1","-56","-56","-56","1","446","446","446","1","0","0","0","0","230","230","230","1","-381","-381","-305","1","0","0","0","0","29.88573275","219","251.8689678","3","5","10","15"
"2026-04-06","20:02:00","02","ghost_high_4545_4570","high","24350","4570","24365.9166666667","-47.16666667","-73.66666667","-20.66666667","1","-62.16666667","-63.66666667","-60.66666667","1","-39.66666667","-120.6666667","41.33333333","1","-850.3603032","-1502.769642","-197.9509648","1","-231.6354167","-403.1666667","-60.10416667","1","41.33333333","41.33333333","41.33333333","1","-120.6666667","-120.6666667","-120.6666667","1","0","0","0","0","-44.66666667","-44.66666667","-44.66666667","1","-19.66666667","-19.66666667","0.3333333333","1","0","0","0","0","-39.66666667","-120.6666667","41.33333333","1","-264.6666667","-352.6666667","-176.6666667","1","-244.1666667","-481.6666667","-6.666666667","1","-850.2814797","-1497.838052","-202.7249077","1","-883.1822917","-1620.291667","-146.0729167","1","41.33333333","41.33333333","41.33333333","1","-6.666666667","-6.666666667","-6.666666667","1","0","0","0","0","-6.666666667","-6.666666667","-6.666666667","1","41.33333333","-0.6666666667","41.33333333","1","0","0","0","0","-34.66666667","-414.6666667","345.3333333","1","-166.6666667","-197.6666667","-135.6666667","1","-67.66666667","-480.6666667","345.3333333","1","-818.4762225","-1424.27945","-212.6729946","1","-981.4635417","-1718.572917","-244.3541667","1","41.33333333","41.33333333","41.33333333","1","345.3333333","345.3333333","345.3333333","1","0","0","0","0","129.3333333","129.3333333","129.3333333","1","-158.6666667","-158.6666667","-57.66666667","1","0","0","0","0","43.24515379","589","1702.267147","3","5","10","15"
"2026-04-06","23:17:00","17","ghost_high_4659_4705","high","24328","4705","24324","17.5","-1","36","1","-9.5","-26","7","1","-10","-51","31","1","-675.3989871","-1328.850986","-21.94698856","1","-63.96875","-235.5","107.5625","1","6","6","6","1","31","31","31","1","0","0","0","0","31","31","31","1","8","5","8","1","0","0","0","0","191","166","216","1","91","16","166","1","224.5","209","240","1","-673.9890734","-1322.924575","-25.05357144","1","-715.515625","-1452.625","21.59375","1","6","6","6","1","240","240","240","1","240","240","240","1","209","209","209","1","-88","-88","-87","1","240","240","240","1","133","-247","513","1","1","-30","32","1","14","-485","513","1","-642.8426097","-1250.078929","-35.60629021","1","-813.796875","-1649.1875","21.59375","1","6","6","6","1","-485","-485","-485","1","0","0","0","0","297","297","297","1","240","99","240","1","0","0","0","0","24.21676903","38","65.25824483","3","5","10","15"
"2026-04-07","00:06:00","06","ghost_low_4711_4754","low","24309.75","4754","24293.25","87","75","99","1","14","8","20","1","33.5","-38","105","1","-551.3152571","-1204.683501","102.0529867","1","57.140625","-112.78125","204.40625","1","20","20","20","1","-38","-38","-38","1","0","0","0","0","95","95","95","1","-16","-16","0","1","0","0","0","0","314","289","339","1","214","139","289","1","92.5","26","159","1","-550.0313074","-1198.956687","98.89407228","1","-592.515625","-1329.625","144.59375","1","20","20","20","1","159","159","159","1","0","0","0","0","332","332","332","1","105","83","105","1","0","0","0","0","256","-124","636","1","161","159","163","1","137","-362","636","1","-518.7387865","-1125.938267","88.46069357","1","-690.796875","-1526.1875","144.59375","1","20","20","20","1","-362","-362","-362","1","0","0","0","0","420","420","420","1","159","36","159","1","0","0","0","0","26.27713752","92","130.5294234","3","5","10","15"
"2026-04-07","01:35:00","35","ghost_high_4799_4843","high","24322.5","4843","24275.75","20","8","32","1","-27","-29","-25","1","0.5","-31","32","1","-477.2613929","-1130.187798","175.6650127","1","285.734375","93.15625","433","1","-53","-53","-53","1","32","32","32","1","0","0","0","0","-87","-87","-87","1","14","9","14","1","0","0","0","0","241","193","289","1","53","16","90","1","171.5","12","331","1","-475.6850138","-1124.1527","172.7826728","1","-522.515625","-1259.625","214.59375","1","-53","-53","-53","1","331","331","331","1","0","0","0","0","229","229","229","1","-31","-31","4","1","0","0","0","0","326","-54","706","1","231","229","233","1","207","-292","706","1","-445.8764639","-1053.035398","161.2824706","1","-620.796875","-1456.1875","214.59375","1","-53","-53","-53","1","-292","-292","-292","1","0","0","0","0","490","490","490","1","12","12","94","1","0","0","0","0","31.60344482","47","67.85478813","3","5","10","15"
"2026-04-07","02:28:00","28","ghost_high_4837_4896","high","24283.75","4896","24189.0833333333","-103.3333333","-133.3333333","-73.33333333","1","-23.83333333","-28.33333333","-19.33333333","1","-50.33333333","-93.33333333","-7.333333333","1","-129.6606161","-780.8716181","521.550386","1","620.8541667","404.2916667","779.6666667","1","54.66666667","54.66666667","54.66666667","1","-93.33333333","-93.33333333","-93.33333333","1","0","0","0","0","-92.33333333","-92.33333333","-92.33333333","1","-13.33333333","-13.33333333","-4.333333333","1","0","0","0","0","587.6666667","539.6666667","635.6666667","1","54.66666667","-22.33333333","131.6666667","1","518.1666667","358.6666667","677.6666667","1","-128.097806","-774.9881495","518.7925374","1","-175.8489583","-912.9583333","561.2604167","1","54.66666667","54.66666667","54.66666667","1","677.6666667","677.6666667","677.6666667","1","0","0","0","0","575.6666667","575.6666667","575.6666667","1","-87.33333333","-87.33333333","-55.33333333","1","0","0","0","0","672.6666667","292.6666667","1052.666667","1","577.6666667","575.6666667","579.6666667","1","417.1666667","54.66666667","779.6666667","1","-97.87861849","-703.4115309","507.654294","1","-274.1302083","-1109.520833","561.2604167","1","54.66666667","54.66666667","54.66666667","1","779.6666667","779.6666667","779.6666667","1","0","0","0","0","836.6666667","836.6666667","836.6666667","1","485.6666667","455.6666667","485.6666667","1","0","0","0","0","39.11578613","86","116.4374832","3","5","10","15"
"2026-04-07","04:24:00","24","ghost_low_4981_5012","low","24216.25","5012","24215.5833333333","-31.33333333","-44.33333333","-18.33333333","1","-45.33333333","-47.33333333","-43.33333333","1","-35.83333333","-69.33333333","-2.333333333","1","-234.726432","-884.6571011","415.204237","1","514.8541667","327.1666667","673.6666667","1","-33.33333333","-33.33333333","-33.33333333","1","-69.33333333","-69.33333333","-69.33333333","1","0","0","0","0","-25.33333333","-25.33333333","-25.33333333","1","-43.33333333","-43.33333333","-43.33333333","1","0","0","0","0","-39.83333333","-81.33333333","1.666666667","1","-68.33333333","-72.33333333","-64.33333333","1","-13.83333333","-91.33333333","63.66666667","1","-233.1344407","-878.6160242","412.3471427","1","-281.8489583","-1018.958333","455.2604167","1","-33.33333333","-33.33333333","-33.33333333","1","63.66666667","63.66666667","63.66666667","1","0","0","0","0","18.66666667","18.66666667","18.66666667","1","4.666666667","-11.33333333","4.666666667","1","0","0","0","0","566.6666667","186.6666667","946.6666667","1","135.6666667","18.66666667","252.6666667","1","311.1666667","-51.33333333","673.6666667","1","-202.9716117","-806.7333779","400.7901544","1","-380.1302083","-1215.520833","455.2604167","1","-33.33333333","-33.33333333","-33.33333333","1","673.6666667","673.6666667","673.6666667","1","0","0","0","0","730.6666667","730.6666667","730.6666667","1","-91.33333333","-91.33333333","-12.33333333","1","0","0","0","0","24.84919317","115","57.93294204","3","5","10","15"
"2026-04-07","05:43:00","43","ghost_low_5055_5091","low","24241.25","5091","24210.5","33","22","44","1","19","16","22","1","17","-10","44","1","-213.2502039","-862.3198046","435.8193969","1","419.6875","29.875","694","1","-13","-13","-13","1","44","44","44","1","0","0","0","0","-10","-10","-10","1","-16","-16","-1","1","0","0","0","0","-12","-49","25","1","98","69","127","1","82.5","-49","214","1","-211.6691269","-856.2886109","432.9503572","1","-261.515625","-998.625","475.59375","1","-13","-13","-13","1","214","214","214","1","0","0","0","0","84","84","84","1","69","57","69","1","0","0","0","0","587","207","967","1","156","39","273","1","331.5","-31","694","1","-181.9594741","-785.1668355","421.2478873","1","-359.796875","-1195.1875","475.59375","1","-13","-13","-13","1","694","694","694","1","0","0","0","0","751","751","751","1","-49","-49","44","1","0","0","0","0","29.07920359","80","70.86659062","3","5","10","15"
"2026-04-07","07:23:00","23","ghost_low_5144_5191","low","24219.5","5191","24215.75","86","67","105","1","35","20","50","1","82.5","44","121","1","-233.1108104","-881.1845015","414.9628808","1","70.09375","-173.9375","288.4375","1","-34","-34","-34","1","121","121","121","1","0","0","0","0","44","44","44","1","20","17","20","1","0","0","0","0","-33","-70","4","1","17","14","20","1","-40","-45","-35","1","-231.5708771","-875.222696","412.0809417","1","-282.515625","-1019.625","454.59375","1","-34","-34","-34","1","-35","-35","-35","1","-35","-35","-35","1","63","63","63","1","121","93","121","1","-35","-35","-35","1","566","186","946","1","135","18","252","1","211","-251","673","1","-201.7991673","-803.9303314","400.3319968","1","-380.796875","-1216.1875","454.59375","1","-34","-34","-34","1","-251","-251","-251","1","0","0","0","0","730","730","730","1","-35","-35","51","1","0","0","0","0","39.97424672","144","109.0483476","3","5","10","15"
"2026-04-07","09:55:00","55","ghost_low_5280_5343","low","24346","5343","24388.0833333333","25.66666667","-40.33333333","91.66666667","1","-25.33333333","-29.33333333","-21.33333333","1","-17.33333333","-66.33333333","31.66666667","1","-912.7765054","-1562.427396","-263.1256152","1","-620.8958333","-940.3333333","-267.8333333","1","-16.33333333","-16.33333333","-16.33333333","1","31.66666667","31.66666667","31.66666667","1","0","0","0","0","-70.33333333","-70.33333333","-70.33333333","1","7.666666667","2.666666667","7.666666667","1","0","0","0","0","2.666666667","-66.33333333","71.66666667","1","-485.3333333","-556.3333333","-414.3333333","1","-368.8333333","-715.3333333","-22.33333333","1","-911.4895932","-1556.552036","-266.4271505","1","-971.8489583","-1708.958333","-234.7395833","1","-16.33333333","-16.33333333","-16.33333333","1","-22.33333333","-22.33333333","-22.33333333","1","0","0","0","0","-626.3333333","-626.3333333","-626.3333333","1","71.66666667","64.66666667","71.66666667","1","0","0","0","0","-123.3333333","-503.3333333","256.6666667","1","-569.3333333","-573.3333333","-565.3333333","1","-478.3333333","-940.3333333","-16.33333333","1","-885.3908523","-1487.337664","-283.4440408","1","-1070.130208","-1905.520833","-234.7395833","1","-16.33333333","-16.33333333","-16.33333333","1","-940.3333333","-940.3333333","-940.3333333","1","0","0","0","0","40.66666667","40.66666667","40.66666667","1","-565.3333333","-565.3333333","-561.3333333","1","0","0","0","0","35.31021225","45","97.87227809","3","5","10","15"
"2026-04-07","11:17:00","17","ghost_high_5365_5425","high","24393","5425","24234","-49","-68","-30","1","-26","-30","-22","1","-76.5","-153","0","1","-289.7466391","-938.5877466","359.0944684","1","-61.828125","-195","456.0625","1","47","47","47","1","0","0","0","1","0","0","0","0","0","0","0","1","-22","-22","-8","1","0","0","0","0","619","550","688","1","4","0","8","1","673","594","752","1","-288.5236711","-933.0762596","356.0289175","1","-355.515625","-1092.625","381.59375","1","47","47","47","1","752","752","752","1","0","0","0","0","-10","-10","-10","1","-153","-153","-114","1","752","752","752","1","493","113","873","1","284.5","94","475","1","138","-324","600","1","-261.3051079","-863.0075997","340.397384","1","-453.796875","-1289.1875","381.59375","1","47","47","47","1","-324","-324","-324","1","0","0","0","0","657","657","657","1","665","612","665","1","0","0","0","0","63.35034209","122","251.7498485","3","5","10","15"
"2026-04-07","12:27:00","27","ghost_high_5475_5495","high","24231.25","5495","24224.1666666667","-289.1666667","-334.6666667","-243.6666667","1","-52.16666667","-66.66666667","-37.66666667","1","-236.1666667","-334.6666667","-137.6666667","1","-248.550561","-893.6337951","396.5326731","1","-57.60416667","-364.6666667","430.0833333","1","-67.66666667","-67.66666667","-67.66666667","1","-334.6666667","-334.6666667","-334.6666667","1","0","0","0","0","-14.66666667","-14.66666667","-14.66666667","1","37.33333333","10.33333333","37.33333333","1","0","0","0","0","18.33333333","-70.66666667","107.3333333","1","43.33333333","39.33333333","47.33333333","1","-10.16666667","-155.6666667","135.3333333","1","-247.3960371","-888.5197855","393.7277113","1","-316.1822917","-1053.291667","420.9270833","1","-67.66666667","-67.66666667","-67.66666667","1","135.3333333","135.3333333","135.3333333","1","0","0","0","0","-155.6666667","-155.6666667","-155.6666667","1","-334.6666667","-334.6666667","-178.6666667","1","0","0","0","0","532.3333333","152.3333333","912.3333333","1","324.8333333","135.3333333","514.3333333","1","177.3333333","-284.6666667","639.3333333","1","-220.5739429","-820.2525008","379.104615","1","-414.4635417","-1249.854167","420.9270833","1","-67.66666667","-67.66666667","-67.66666667","1","-284.6666667","-284.6666667","-284.6666667","1","0","0","0","0","696.3333333","696.3333333","696.3333333","1","-183.6666667","-183.6666667","-74.66666667","1","0","0","0","0","81.78635029","237","493.7540014","3","5","10","15"
"2026-04-07","17:09:00","09","ghost_low_5719_5777","low","24142.25","5777","24218.5","-48","-78","-18","1","-1","-8","6","1","75","70","80","1","-247.3055755","-860.4096856","365.7985345","1","3.15625","-627.5","573.75","1","-45","-45","-45","1","70","70","70","1","70","70","70","1","61","61","61","1","16","-2","16","1","70","70","70","1","-99.5","-173","-26","1","-323.5","-342","-305","1","-516","-1108","76","1","-248.0524814","-857.3121669","361.207204","1","-293.515625","-1030.625","345.3125","1","-45","-45","-45","1","76","76","76","1","0","0","0","0","76","76","76","1","61","13","61","1","0","0","0","0","555","175","935","1","347.5","158","537","1","276","-262","814","1","-226.9079657","-795.6667857","341.8508543","1","-96.953125","-637.5","443.59375","1","-45","-45","-45","1","814","814","814","1","0","0","0","0","719","719","719","1","-452","-452","-444","1","0","0","0","0","61.31019602","267","557.3067309","3","5","10","15"
"2026-04-07","20:36:00","36","ghost_low_5915_5984","low","24190.25","5984","24389.1666666667","26.33333333","-54.66666667","107.3333333","1","-41.66666667","-63.66666667","-19.66666667","1","-65.16666667","-101.6666667","-28.66666667","1","-901.3694953","-1503.459893","-299.2790974","1","-693.3854167","-1256.854167","-189.2291667","1","-20.66666667","-20.66666667","-20.66666667","1","-101.6666667","-101.6666667","-101.6666667","1","0","0","0","0","35.33333333","35.33333333","35.33333333","1","-25.66666667","-25.66666667","-24.66666667","1","0","0","0","0","-599.1666667","-688.6666667","-509.6666667","1","-181.1666667","-188.6666667","-173.6666667","1","-803.6666667","-1249.666667","-357.6666667","1","-901.1750739","-1498.203329","-304.146819","1","-976.1822917","-1713.291667","-239.0729167","1","-20.66666667","-20.66666667","-20.66666667","1","-1249.666667","-1249.666667","-1249.666667","1","0","0","0","0","-589.6666667","-589.6666667","-589.6666667","1","-27.66666667","-30.66666667","-27.66666667","1","0","0","0","0","-127.6666667","-507.6666667","252.3333333","1","-951.1666667","-1024.666667","-877.6666667","1","-829.6666667","-1790.666667","131.3333333","1","-886.5482017","-1441.510683","-331.5857206","1","-779.6197917","-1320.166667","-239.0729167","1","-20.66666667","-20.66666667","-20.66666667","1","-1790.666667","-1790.666667","-1790.666667","1","0","0","0","0","36.33333333","36.33333333","36.33333333","1","-1223.666667","-1223.666667","-1146.666667","1","0","0","0","0","56.65119017","276","310.9592212","3","5","10","15"
"2026-04-08","00:57:00","57","ghost_high_6143_6185","high","25069","6185","25090.1666666667","-0.6666666667","-20.66666667","19.33333333","1","-49.16666667","-70.66666667","-27.66666667","1","-43.16666667","-131.6666667","45.33333333","1","-3591.455626","-4416.036674","-2766.874579","1","-3464.260417","-4192.666667","-2735.854167","1","-16.66666667","-16.66666667","-16.66666667","1","45.33333333","45.33333333","45.33333333","1","0","0","0","0","-108.6666667","-108.6666667","-108.6666667","1","-31.66666667","-31.66666667","-19.66666667","1","45.33333333","45.33333333","45.33333333","1","-168.1666667","-244.6666667","-91.66666667","1","-348.1666667","-416.6666667","-279.6666667","1","-6.166666667","-16.66666667","4.333333333","1","-3593.139432","-4408.741513","-2777.537351","1","-3818.807292","-4623.604167","-3014.010417","1","-16.66666667","-16.66666667","-16.66666667","1","4.333333333","4.333333333","4.333333333","1","4.333333333","4.333333333","4.333333333","1","4.333333333","4.333333333","4.333333333","1","-220.6666667","-220.6666667","-157.6666667","1","4.333333333","4.333333333","4.333333333","1","-2931.666667","-3311.666667","-2551.666667","1","-1630.666667","-2554.666667","-706.6666667","1","-3633.666667","-4594.666667","-2672.666667","1","-3597.158639","-4327.761453","-2866.555826","1","-3832.916667","-4631.666667","-3034.166667","1","-16.66666667","-16.66666667","-16.66666667","1","-4594.666667","-4594.666667","-4594.666667","1","0","0","0","0","-2767.666667","-2767.666667","-2767.666667","1","-706.6666667","-706.6666667","-700.6666667","1","0","0","0","0","53.19965787","178","250.3447065","3","5","10","15"
"2026-04-08","04:37:00","37","ghost_low_6336_6405","low","25086.75","6405","25150.5","-52.5","-70","-35","1","-41.5","-46","-37","1","-28","-67","11","1","-3794.427253","-4694.845596","-2894.008909","1","-418.328125","-3255.4375","23","1","-127","-127","-127","1","11","11","11","1","0","0","0","0","-202","-202","-202","1","9","3","9","1","0","0","0","0","-152.5","-178","-127","1","-84","-98","-70","1","-191","-255","-127","1","-3794.254137","-4689.862011","-2898.646264","1","-3982.046875","-4820.3125","-3143.78125","1","-127","-127","-127","1","-255","-255","-255","1","0","0","0","0","-235","-235","-235","1","-70","-70","-62","1","0","0","0","0","-3173","-3553","-2793","1","-737.5","-904","-571","1","-3875","-4836","-2914","1","-3776.798161","-4636.787896","-2916.808427","1","-3849.671875","-4485.25","-3214.09375","1","-127","-127","-127","1","-4836","-4836","-4836","1","0","0","0","0","-3009","-3009","-3009","1","-127","-161","-127","1","0","0","0","0","23.01960294","75","75.34635407","3","5","10","15"
"2026-04-08","06:37:00","37","ghost_low_6431_6525","low","25119","6525","25177.5833333333","57.66666667","48.66666667","66.66666667","1","-12.83333333","-17.33333333","-8.333333333","1","-9.333333333","-54.33333333","35.66666667","1","-3873.824011","-4830.690928","-2916.957095","1","-484.6458333","-1066.958333","-8.208333333","1","-235.3333333","-235.3333333","-235.3333333","1","35.66666667","35.66666667","35.66666667","1","0","0","0","0","91.66666667","91.66666667","91.66666667","1","13.66666667","0.6666666667","13.66666667","1","0","0","0","0","5.166666667","-65.33333333","75.66666667","1","-15.33333333","-24.33333333","-6.333333333","1","-224.3333333","-363.3333333","-85.33333333","1","-3874.792485","-4824.861383","-2924.723587","1","-4030.333333","-4894.333333","-3358.333333","1","-235.3333333","-235.3333333","-235.3333333","1","-85.33333333","-85.33333333","-85.33333333","1","0","0","0","0","-85.33333333","-85.33333333","-85.33333333","1","75.66666667","66.66666667","75.66666667","1","0","0","0","0","-3281.333333","-3661.333333","-2901.333333","1","-234.8333333","-235.3333333","-234.3333333","1","-3983.333333","-4944.333333","-3022.333333","1","-3861.45107","-4769.140046","-2953.762093","1","-4230.348958","-5090.552083","-3370.145833","1","-235.3333333","-235.3333333","-235.3333333","1","-4944.333333","-4944.333333","-4944.333333","1","0","0","0","0","-3117.333333","-3117.333333","-3117.333333","1","-234.3333333","-234.3333333","-209.3333333","1","0","0","0","0","33.24204826","72","156.712561","3","5","10","15"
"2026-04-08","09:04:00","04","ghost_high_6644_6672","high","25190","6672","25211.3333333333","-183.3333333","-209.3333333","-157.3333333","1","30.66666667","24.66666667","36.66666667","1","-87.83333333","-117.3333333","-58.33333333","1","-3967.646633","-4998.209305","-2937.083961","1","-261.2395833","-465.7708333","-80.77083333","1","-37.33333333","-37.33333333","-37.33333333","1","-117.3333333","-117.3333333","-117.3333333","1","0","0","0","0","-201.3333333","-201.3333333","-201.3333333","1","24.66666667","24.66666667","24.66666667","1","0","0","0","0","-129.8333333","-200.3333333","-59.33333333","1","-214.8333333","-223.3333333","-206.3333333","1","-196.8333333","-308.3333333","-85.33333333","1","-3968.414276","-4993.012891","-2943.81566","1","-3550.520833","-4622.333333","-2673.583333","1","-37.33333333","-37.33333333","-37.33333333","1","-308.3333333","-308.3333333","-308.3333333","1","0","0","0","0","-220.3333333","-220.3333333","-220.3333333","1","-117.3333333","-117.3333333","-98.33333333","1","0","0","0","0","-3416.333333","-3796.333333","-3036.333333","1","-210.3333333","-220.3333333","-200.3333333","1","-4118.333333","-5079.333333","-3157.333333","1","-3944.769837","-4949.326602","-2940.213072","1","-4330.020833","-5206.958333","-3453.083333","1","-37.33333333","-37.33333333","-37.33333333","1","-5079.333333","-5079.333333","-5079.333333","1","0","0","0","0","-3252.333333","-3252.333333","-3252.333333","1","-308.3333333","-308.3333333","-279.3333333","1","0","0","0","0","42.89830144","196","243.7170735","3","5","10","15"
"2026-04-08","10:37:00","37","ghost_high_6720_6765","high","25220","6765","25227.5833333333","0.6666666667","-6.333333333","7.666666667","1","-22.33333333","-25.33333333","-19.33333333","1","-145.3333333","-168.3333333","-122.3333333","1","-4012.876875","-5078.253603","-2947.500146","1","-315.6770833","-503.8958333","-147.2708333","1","-102.3333333","-102.3333333","-102.3333333","1","-122.3333333","-122.3333333","-122.3333333","1","0","0","0","0","-122.3333333","-122.3333333","-122.3333333","1","7.666666667","0.6666666667","7.666666667","1","0","0","0","0","-194.8333333","-265.3333333","-124.3333333","1","-51.33333333","-54.33333333","-48.33333333","1","-50.83333333","-172.3333333","70.66666667","1","-4013.464275","-5073.383575","-2953.544976","1","-3581.348958","-4667.083333","-2693.020833","1","-102.3333333","-102.3333333","-102.3333333","1","-172.3333333","-172.3333333","-172.3333333","1","0","0","0","0","-285.3333333","-285.3333333","-285.3333333","1","-150.3333333","-150.3333333","-134.3333333","1","0","0","0","0","-3481.333333","-3861.333333","-3101.333333","1","-275.3333333","-285.3333333","-265.3333333","1","-4183.333333","-5144.333333","-3222.333333","1","-3995.153515","-5026.051858","-2964.255172","1","-4173.567708","-4864.489583","-3482.645833","1","-102.3333333","-102.3333333","-102.3333333","1","-5144.333333","-5144.333333","-5144.333333","1","0","0","0","0","-3317.333333","-3317.333333","-3317.333333","1","70.66666667","-46.33333333","70.66666667","1","0","0","0","0","25.09620383","75","126.9636032","3","5","10","15"
"2026-04-08","13:51:00","51","ghost_low_6939_6959","low","25178","6959","25135.4166666667","96.33333333","37.33333333","155.3333333","1","-25.66666667","-75.66666667","24.33333333","1","-39.66666667","-182.6666667","103.3333333","1","-3475.667248","-4779.130169","-2172.204328","1","57.75520833","-161.7604167","277.2708333","1","-4.666666667","-4.666666667","-4.666666667","1","103.3333333","103.3333333","103.3333333","1","0","0","0","0","-11.66666667","-11.66666667","-11.66666667","1","72.33333333","71.33333333","72.33333333","1","0","0","0","0","-39.66666667","-182.6666667","103.3333333","1","154.3333333","103.3333333","205.3333333","1","282.3333333","78.33333333","486.3333333","1","-3476.74265","-4775.960683","-2177.524617","1","-3871.260417","-4611.229167","-3131.291667","1","-4.666666667","-4.666666667","-4.666666667","1","78.33333333","78.33333333","78.33333333","1","0","0","0","0","179.3333333","179.3333333","179.3333333","1","-182.6666667","-182.6666667","-50.66666667","1","0","0","0","0","-3112.666667","-3492.666667","-2732.666667","1","93.33333333","83.33333333","103.3333333","1","-3814.666667","-4775.666667","-2853.666667","1","-3552.640093","-4704.390953","-2400.889233","1","-3789.479167","-4485.541667","-3093.416667","1","-4.666666667","-4.666666667","-4.666666667","1","-4775.666667","-4775.666667","-4775.666667","1","0","0","0","0","-2948.666667","-2948.666667","-2948.666667","1","78.33333333","78.33333333","301.3333333","1","0","0","0","0","105.3327915","1620","2031.777876","3","5","10","15"
"2026-04-08","15:17:00","17","ghost_high_6987_7045","high","25093","7045","25025.1666666667","40.33333333","6.333333333","74.33333333","1","-97.16666667","-125.6666667","-68.66666667","1","-70.66666667","-185.6666667","44.33333333","1","-2882.568633","-4320.656614","-1444.480652","1","245.6770833","-188.1041667","638.1458333","1","-69.66666667","-69.66666667","-69.66666667","1","-185.6666667","-185.6666667","-185.6666667","1","0","0","0","0","13.33333333","13.33333333","13.33333333","1","-43.66666667","-43.66666667","-12.66666667","1","0","0","0","0","401.3333333","258.3333333","544.3333333","1","595.3333333","544.3333333","646.3333333","1","708.8333333","519.3333333","898.3333333","1","-2889.743544","-4319.915394","-1459.571694","1","-2772.510417","-4005.791667","-1703.666667","1","-69.66666667","-69.66666667","-69.66666667","1","898.3333333","898.3333333","898.3333333","1","0","0","0","0","620.3333333","620.3333333","620.3333333","1","75.33333333","-127.6666667","75.33333333","1","0","0","0","0","-2671.666667","-3051.666667","-2291.666667","1","419.3333333","319.3333333","519.3333333","1","-3373.666667","-4334.666667","-2412.666667","1","-2887.562564","-4275.736857","-1499.388271","1","-3348.479167","-4044.541667","-2652.416667","1","-69.66666667","-69.66666667","-69.66666667","1","-4334.666667","-4334.666667","-4334.666667","1","0","0","0","0","-2507.666667","-2507.666667","-2507.666667","1","319.3333333","222.3333333","319.3333333","1","0","0","0","0","80.11358571","944","1046.324836","3","5","10","15"
"2026-04-08","18:40:00","40","ghost_high_7218_7248","high","25131.75","7248","25046.4166666667","321.8333333","308.3333333","335.3333333","1","201.3333333","138.3333333","264.3333333","1","56.83333333","9.333333333","104.3333333","1","-2807.43494","-4368.682336","-1246.187543","1","160.6770833","-107.8541667","429.2083333","1","-154.6666667","-154.6666667","-154.6666667","1","104.3333333","104.3333333","104.3333333","1","0","0","0","0","268.3333333","268.3333333","268.3333333","1","37.33333333","35.33333333","37.33333333","1","0","0","0","0","230.8333333","120.3333333","341.3333333","1","225.3333333","212.3333333","238.3333333","1","259.3333333","74.33333333","444.3333333","1","-2806.832625","-4365.568206","-1248.097045","1","-2857.510417","-4419.666667","-308.7291667","1","-154.6666667","-154.6666667","-154.6666667","1","74.33333333","74.33333333","74.33333333","1","0","0","0","0","535.3333333","535.3333333","535.3333333","1","104.3333333","32.33333333","104.3333333","1","0","0","0","0","-2756.666667","-3136.666667","-2376.666667","1","334.3333333","234.3333333","434.3333333","1","181.3333333","-479.6666667","842.3333333","1","-2824.235462","-4333.87522","-1314.595703","1","-3433.479167","-4129.541667","-2737.416667","1","-154.6666667","-154.6666667","-154.6666667","1","-479.6666667","-479.6666667","-479.6666667","1","0","0","0","0","-2592.666667","-2592.666667","-2592.666667","1","441.3333333","384.3333333","441.3333333","1","0","0","0","0","54.99952144","615","496.7630671","3","5","10","15"
"2026-04-08","19:22:00","22","ghost_high_7228_7290","high","25081","7290","24972.5833333333","-27.83333333","-41.33333333","-14.33333333","1","74.16666667","58.66666667","89.66666667","1","42.66666667","-72.33333333","157.6666667","1","-2477.496503","-4056.415174","-898.5778333","1","456.0104167","146.1666667","765.8541667","1","140.6666667","140.6666667","140.6666667","1","157.6666667","157.6666667","157.6666667","1","0","0","0","0","140.6666667","140.6666667","140.6666667","1","22.66666667","-0.3333333333","22.66666667","1","0","0","0","0","75.66666667","-6.333333333","157.6666667","1","87.66666667","61.66666667","113.6666667","1","554.6666667","369.6666667","739.6666667","1","-2478.242993","-4053.722802","-902.7631839","1","-2562.177083","-4124.333333","151.0416667","1","140.6666667","140.6666667","140.6666667","1","369.6666667","369.6666667","369.6666667","1","0","0","0","0","830.6666667","830.6666667","830.6666667","1","-6.333333333","-6.333333333","22.66666667","1","0","0","0","0","-2461.333333","-2841.333333","-2081.333333","1","629.6666667","529.6666667","729.6666667","1","476.6666667","-184.3333333","1137.666667","1","-2481.908199","-4019.115332","-944.7010658","1","-3138.145833","-3834.208333","-2442.083333","1","140.6666667","140.6666667","140.6666667","1","-184.3333333","-184.3333333","-184.3333333","1","0","0","0","0","-2297.333333","-2297.333333","-2297.333333","1","636.6666667","487.6666667","636.6666667","1","0","0","0","0","48.23736939","541","752.6959358","3","5","10","15"
"2026-04-08","22:30:00","30","ghost_low_7389_7418","low","25032.25","7418","25026.3333333333","74.66666667","65.66666667","83.66666667","1","7.166666667","6.666666667","7.666666667","1","-15.83333333","-62.33333333","30.66666667","1","-2624.797914","-4241.031622","-1008.564205","1","226.9635417","-35.67708333","489.6041667","1","-74.33333333","-74.33333333","-74.33333333","1","30.66666667","30.66666667","30.66666667","1","0","0","0","0","144.6666667","144.6666667","144.6666667","1","-21.33333333","-21.33333333","-0.3333333333","1","0","0","0","0","-139.3333333","-221.3333333","-57.33333333","1","79.16666667","70.66666667","87.66666667","1","-24.83333333","-332.3333333","282.6666667","1","-2624.33534","-4238.01746","-1010.65322","1","-2777.177083","-4339.333333","100.4791667","1","-74.33333333","-74.33333333","-74.33333333","1","282.6666667","282.6666667","282.6666667","1","0","0","0","0","615.6666667","615.6666667","615.6666667","1","-62.33333333","-62.33333333","-10.33333333","1","0","0","0","0","-2676.333333","-3056.333333","-2296.333333","1","414.6666667","314.6666667","514.6666667","1","261.6666667","-399.3333333","922.6666667","1","-2612.387841","-4198.981531","-1025.794151","1","-3353.145833","-4248.083333","-2458.208333","1","-74.33333333","-74.33333333","-74.33333333","1","-399.3333333","-399.3333333","-399.3333333","1","0","0","0","0","-2512.333333","-2512.333333","-2512.333333","1","275.6666667","213.6666667","275.6666667","1","0","0","0","0","32.96306978","138","117.1970462","3","5","10","15"
"2026-04-09","03:12:00","12","ghost_low_7642_7700","low","25023","7700","25029.5833333333","-0.8333333333","-5.333333333","3.666666667","1","2.666666667","1.666666667","3.666666667","1","7.166666667","-16.33333333","30.66666667","1","-2614.942605","-4242.307653","-987.5775573","1","114.1354167","-109.7083333","337.9791667","1","-75.33333333","-75.33333333","-75.33333333","1","30.66666667","30.66666667","30.66666667","1","0","0","0","0","-15.33333333","-15.33333333","-15.33333333","1","7.666666667","7.666666667","7.666666667","1","0","0","0","0","44.66666667","4.666666667","84.66666667","1","-44.83333333","-62.33333333","-27.33333333","1","-73.83333333","-196.3333333","48.66666667","1","-2614.563861","-4239.36311","-989.7646118","1","-2790.177083","-4352.333333","87.47916667","1","-75.33333333","-75.33333333","-75.33333333","1","48.66666667","48.66666667","48.66666667","1","0","0","0","0","48.66666667","48.66666667","48.66666667","1","30.66666667","8.666666667","30.66666667","1","0","0","0","0","-2689.333333","-3069.333333","-2309.333333","1","401.6666667","301.6666667","501.6666667","1","-378.8333333","-412.3333333","-345.3333333","1","-2599.261498","-4199.085659","-999.4373365","1","-3366.145833","-4261.083333","-2471.208333","1","-75.33333333","-75.33333333","-75.33333333","1","-345.3333333","-345.3333333","-345.3333333","1","0","0","0","0","-2525.333333","-2525.333333","-2525.333333","1","-27.33333333","-27.33333333","-27.33333333","1","-345.3333333","-345.3333333","-345.3333333","1","18.24144455","30","42.7001029","3","5","10","15"
"2026-04-09","04:51:00","51","ghost_high_7745_7799","high","25027.5","7799","25016.5","-15.5","-20","-11","1","0.5","-1","2","1","0.5","-15","16","1","-2558.050045","-4187.560296","-928.5397947","1","240.53125","-3.875","322","1","-23","-23","-23","1","-15","-15","-15","1","0","0","0","0","-32","-32","-32","1","-4","-4","0","1","0","0","0","0","-21","-35","-7","1","29","22","36","1","53.5","-30","137","1","-2557.61719","-4184.596715","-930.6376656","1","-2737.84375","-4300","139.8125","1","-23","-23","-23","1","-30","-30","-30","1","0","0","0","0","-30","-30","-30","1","-17","-17","-17","1","0","0","0","0","-2637","-3017","-2257","1","454","354","554","1","-326.5","-360","-293","1","-2543.886367","-4145.199783","-942.5729507","1","-3313.8125","-4208.75","-2418.875","1","-23","-23","-23","1","-293","-293","-293","1","0","0","0","0","-2473","-2473","-2473","1","83","61","83","1","-293","-293","-293","1","12.54626561","21","33.68595177","3","5","10","15"
"2026-04-09","06:24:00","24","ghost_low_7859_7892","low","25022","7892","25029.9166666667","75.33333333","60.33333333","90.33333333","1","-2.166666667","-2.666666667","-1.666666667","1","74.33333333","32.33333333","116.3333333","1","-2605.147475","-4237.870334","-972.424616","1","-12.82291667","-81.47916667","45.27083333","1","-76.66666667","-76.66666667","-76.66666667","1","32.33333333","32.33333333","32.33333333","1","0","0","0","0","46.33333333","46.33333333","46.33333333","1","-8.666666667","-8.666666667","-7.666666667","1","32.33333333","32.33333333","32.33333333","1","-75.66666667","-142.6666667","-8.666666667","1","-39.66666667","-42.66666667","-36.66666667","1","-113.1666667","-142.6666667","-83.66666667","1","-2604.939966","-4235.021494","-974.8584386","1","-2791.510417","-4353.666667","86.14583333","1","-76.66666667","-76.66666667","-76.66666667","1","-142.6666667","-142.6666667","-142.6666667","1","0","0","0","0","-83.66666667","-83.66666667","-83.66666667","1","53.33333333","31.33333333","53.33333333","1","-142.6666667","-142.6666667","-142.6666667","1","-2690.666667","-3070.666667","-2310.666667","1","400.3333333","300.3333333","500.3333333","1","-272.1666667","-346.6666667","-197.6666667","1","-2591.904388","-4195.946859","-987.8619174","1","-3367.479167","-4262.416667","-2472.541667","1","-76.66666667","-76.66666667","-76.66666667","1","-197.6666667","-197.6666667","-197.6666667","1","0","0","0","0","-2526.666667","-2526.666667","-2526.666667","1","-142.6666667","-142.6666667","-61.66666667","1","-197.6666667","-197.6666667","-197.6666667","1","21.08589115","58","67.15534051","3","5","10","15"
"2026-04-09","11:10:00","10","ghost_low_8148_8178","low","25003","8178","24989","18.5","-2","39","1","5","-2","12","1","-2.5","-44","39","1","-2411.149457","-4056.587865","-765.7110493","1","74.625","-38","187.25","1","-34","-34","-34","1","39","39","39","1","0","0","0","0","123","123","123","1","-14","-14","-14","1","0","0","0","0","88","21","155","1","48.5","39","58","1","4","-144","152","1","-2410.733124","-4053.653319","-767.8129284","1","-2627.84375","-4190","249.8125","1","-34","-34","-34","1","152","152","152","1","0","0","0","0","80","80","80","1","-44","-44","-21","1","0","0","0","0","196","112","280","1","91.5","71","112","1","123","-34","280","1","-2396.778257","-4014.538307","-779.0182075","1","-3203.8125","-4695.375","-1911.125","1","-34","-34","-34","1","280","280","280","1","0","0","0","0","-34","-34","-34","1","152","113","152","1","0","0","0","0","31.17336483","180","145.9540307","3","5","10","15"
"2026-04-09","11:46:00","46","ghost_high_8170_8214","high","24998.75","8214","25024.0833333333","-29.33333333","-46.33333333","-12.33333333","1","-21.83333333","-31.33333333","-12.33333333","1","-24.33333333","-92.33333333","43.66666667","1","-2545.679408","-4193.518246","-897.8405703","1","-65.70833333","-165.0833333","33.66666667","1","-53.33333333","-53.33333333","-53.33333333","1","43.66666667","43.66666667","43.66666667","1","0","0","0","0","-17.33333333","-17.33333333","-17.33333333","1","15.66666667","2.666666667","15.66666667","1","43.66666667","43.66666667","43.66666667","1","-52.33333333","-119.3333333","14.66666667","1","-91.83333333","-101.3333333","-82.33333333","1","-136.3333333","-284.3333333","11.66666667","1","-2547.39079","-4191.778501","-903.0030782","1","-2768.177083","-4330.333333","109.4791667","1","-53.33333333","-53.33333333","-53.33333333","1","11.66666667","11.66666667","11.66666667","1","0","0","0","0","-60.33333333","-60.33333333","-60.33333333","1","-164.3333333","-164.3333333","-156.3333333","1","0","0","0","0","55.66666667","-28.33333333","139.6666667","1","-48.83333333","-69.33333333","-28.33333333","1","-17.33333333","-174.3333333","139.6666667","1","-2537.11159","-4154.87164","-919.3515408","1","-3344.145833","-4835.708333","-2051.458333","1","-53.33333333","-53.33333333","-53.33333333","1","139.6666667","139.6666667","139.6666667","1","0","0","0","0","-174.3333333","-174.3333333","-174.3333333","1","11.66666667","-27.33333333","11.66666667","1","0","0","0","0","34.17414881","312","315.2249484","3","5","10","15"
"2026-04-09","17:52:00","52","ghost_high_8548_8580","high","25253","8580","25221.6666666667","50.83333333","24.33333333","77.33333333","1","45.33333333","27.33333333","63.33333333","1","81.33333333","21.33333333","141.3333333","1","-3054.143848","-4839.660664","-1268.627031","1","-758.4947917","-1044.666667","-205.2291667","1","-78.66666667","-78.66666667","-78.66666667","1","21.33333333","21.33333333","21.33333333","1","0","0","0","0","-131.6666667","-131.6666667","-131.6666667","1","27.33333333","26.33333333","27.33333333","1","0","0","0","0","-725.6666667","-864.6666667","-586.6666667","1","-24.66666667","-35.66666667","-13.66666667","1","-31.66666667","-239.6666667","176.3333333","1","-3055.40742","-4837.634563","-1273.180277","1","-568.5572917","-3796.416667","176.3333333","1","-78.66666667","-78.66666667","-78.66666667","1","-239.6666667","-239.6666667","-239.6666667","1","0","0","0","0","-632.6666667","-632.6666667","-632.6666667","1","141.3333333","114.3333333","141.3333333","1","0","0","0","0","-734.6666667","-818.6666667","-650.6666667","1","-451.1666667","-662.6666667","-239.6666667","1","-862.6666667","-1074.666667","-650.6666667","1","-3069.632231","-4815.019436","-1324.245026","1","-4122.994792","-6222.666667","-823.5104167","1","-78.66666667","-78.66666667","-78.66666667","1","-1074.666667","-1074.666667","-1074.666667","1","0","0","0","0","-964.6666667","-964.6666667","-964.6666667","1","-239.6666667","-239.6666667","-130.6666667","1","0","0","0","0","42.84244331","1033","663.688481","3","5","10","15"
"2026-04-09","18:46:00","46","ghost_high_8595_8634","high","25193","8634","25175.3333333333","196.6666667","186.6666667","206.6666667","1","1.666666667","-11.33333333","14.66666667","1","-63.33333333","-118.3333333","-8.333333333","1","-2829.444556","-4633.973464","-1024.915649","1","-573.1614583","-859.3333333","18.26041667","1","-71.33333333","-71.33333333","-71.33333333","1","-118.3333333","-118.3333333","-118.3333333","1","0","0","0","0","53.66666667","53.66666667","53.66666667","1","-35.33333333","-35.33333333","-13.33333333","1","0","0","0","0","185.6666667","54.66666667","316.6666667","1","115.6666667","66.66666667","164.6666667","1","136.1666667","-54.33333333","326.6666667","1","-2833.12098","-4633.642231","-1032.599729","1","-383.2239583","-3611.083333","361.6666667","1","-71.33333333","-71.33333333","-71.33333333","1","326.6666667","326.6666667","326.6666667","1","0","0","0","0","-54.33333333","-54.33333333","-54.33333333","1","-118.3333333","-118.3333333","-52.33333333","1","0","0","0","0","-549.3333333","-633.3333333","-465.3333333","1","-265.8333333","-477.3333333","-54.33333333","1","-874.3333333","-889.3333333","-859.3333333","1","-2848.796305","-4614.946034","-1082.646576","1","-3937.661458","-6037.333333","-638.1770833","1","-71.33333333","-71.33333333","-71.33333333","1","-859.3333333","-859.3333333","-859.3333333","1","-859.3333333","-859.3333333","-859.3333333","1","-779.3333333","-779.3333333","-779.3333333","1","50.66666667","50.66666667","85.66666667","1","-859.3333333","-859.3333333","-859.3333333","1","50.20088304","785","764.9104124","3","5","10","15"
"2026-04-09","23:24:00","24","ghost_high_8798_8852","high","25253","8852","25209.25","8.5","-4","21","1","6.5","4","9","1","7.5","-9","24","1","-2891.917185","-4734.770954","-1049.063416","1","145.359375","-376.5","242","1","-29","-29","-29","1","24","24","24","1","0","0","0","0","18","18","18","1","-12","-12","-3","1","0","0","0","0","123","64","182","1","18.5","18","19","1","113","44","182","1","-2891.586952","-4732.372499","-1050.801406","1","-505.140625","-3742.75","242","1","-29","-29","-29","1","182","182","182","1","0","0","0","0","-190","-190","-190","1","24","14","24","1","0","0","0","0","-685","-769","-601","1","-401.5","-613","-190","1","-1010","-1025","-995","1","-2876.462896","-4698.451795","-1054.473998","1","-4068.078125","-6173","-760.34375","1","-29","-29","-29","1","-995","-995","-995","1","-995","-995","-995","1","-915","-915","-915","1","182","111","182","1","-995","-995","-995","1","18.47735398","40","42.86968674","3","5","10","15"
"2026-04-10","01:57:00","57","ghost_low_8948_9005","low","25255.75","9005","25289.25","-99","-109","-89","1","8","5","11","1","10","-11","31","1","-3199.737728","-5048.990375","-1350.485081","1","-164.46875","-385.125","37","1","-78","-78","-78","1","31","31","31","1","0","0","0","0","-98","-98","-98","1","4","-1","4","1","0","0","0","0","-112.5","-134","-91","1","-25.5","-40","-11","1","-185","-333","-37","1","-3199.639278","-5046.717293","-1352.561263","1","-1065.5625","-4034","37","1","-78","-78","-78","1","-37","-37","-37","1","0","0","0","0","-510","-510","-510","1","-11","-11","14","1","0","0","0","0","-242","-346","-138","1","-721.5","-933","-510","1","-696.5","-1315","-78","1","-3187.594015","-5014.148279","-1361.039751","1","-4374.625","-6493","-1045.75","1","-78","-78","-78","1","-78","-78","-78","1","0","0","0","0","-1235","-1235","-1235","1","-333","-333","-261","1","0","0","0","0","19.51405076","28","52.80036477","3","5","10","15"
"2026-04-10","05:51:00","51","ghost_high_9191_9239","high","25284.75","9239","25270.1666666667","7.833333333","4.333333333","11.33333333","1","3.833333333","3.333333333","4.333333333","1","-3.666666667","-11.66666667","4.333333333","1","-3113.716755","-4968.354791","-1259.078719","1","-94.08854167","-225.6041667","37.42708333","1","-1.666666667","-1.666666667","-1.666666667","1","-11.66666667","-11.66666667","-11.66666667","1","-11.66666667","-11.66666667","-11.66666667","1","4.333333333","4.333333333","4.333333333","1","5.333333333","-0.6666666667","5.333333333","1","-11.66666667","-11.66666667","-11.66666667","1","75.33333333","52.33333333","98.33333333","1","67.33333333","66.33333333","68.33333333","1","19.83333333","-18.66666667","58.33333333","1","-3113.300856","-4965.951229","-1260.650483","1","-972.4947917","-3952.416667","134.3333333","1","-1.666666667","-1.666666667","-1.666666667","1","58.33333333","58.33333333","58.33333333","1","0","0","0","0","-433.6666667","-433.6666667","-433.6666667","1","25.33333333","21.33333333","25.33333333","1","0","0","0","0","36.83333333","-18.66666667","92.33333333","1","-93.16666667","-128.6666667","-57.66666667","1","-620.1666667","-1238.666667","-1.666666667","1","-3098.646223","-4932.354148","-1264.938298","1","-4267.119792","-6416.666667","-889.2604167","1","-1.666666667","-1.666666667","-1.666666667","1","-1.666666667","-1.666666667","-1.666666667","1","0","0","0","0","-1.666666667","-1.666666667","-1.666666667","1","92.33333333","86.33333333","92.33333333","1","0","0","0","0","13.16482135","24","25.24767216","3","5","10","15"
"2026-04-10","07:12:00","12","ghost_high_9226_9320","high","25278.5","9320","25239","-35","-55","-15","1","-1","-5","3","1","-53.5","-55","-52","1","-2982.792375","-4840.541123","-1125.043626","1","113.640625","-17.875","231.3125","1","63","63","63","1","-55","-55","-55","1","-55","-55","-55","1","-52","-52","-52","1","10","10","10","1","-55","-55","-55","1","200","177","223","1","45.5","31","60","1","144.5","106","183","1","-2982.528866","-4838.217539","-1126.840194","1","-847.828125","-3827.75","259","1","63","63","63","1","183","183","183","1","0","0","0","0","-309","-309","-309","1","-55","-55","-39","1","0","0","0","0","128.5","74","183","1","31.5","-4","67","1","191","123","259","1","-2967.101041","-4804.343605","-1129.858478","1","-4142.453125","-6292","-764.59375","1","63","63","63","1","259","259","259","1","0","0","0","0","123","123","123","1","116","91","116","1","259","259","259","1","18.7764741","60","97.41294654","3","5","10","15"
"2026-04-10","07:36:00","36","ghost_high_9319_9344","high","25246.5","9344","25248","-71","-91","-51","1","-44.5","-49","-40","1","-35","-83","13","1","-3017.084324","-4875.671412","-1158.497236","1","82.484375","-45.8125","198.5625","1","27","27","27","1","13","13","13","1","0","0","0","0","-88","-88","-88","1","10","4","10","1","0","0","0","0","164","141","187","1","9.5","-5","24","1","15","-117","147","1","-3017.113052","-4873.491649","-1160.734455","1","-883.828125","-3693.46875","223","1","27","27","27","1","-117","-117","-117","1","0","0","0","0","-345","-345","-345","1","-81","-81","-75","1","0","0","0","0","92.5","38","147","1","-4.5","-40","31","1","155","87","223","1","-3003.101041","-4840.343605","-1165.858478","1","-4178.453125","-6328","-800.59375","1","27","27","27","1","223","223","223","1","0","0","0","0","87","87","87","1","80","55","80","1","223","223","223","1","19.28180446","121","79.45373225","3","5","10","15"
"2026-04-10","10:22:00","22","ghost_low_9461_9510","low","25221.75","9510","25262.3333333333","-44.83333333","-50.33333333","-39.33333333","1","-13.83333333","-17.33333333","-10.33333333","1","-57.33333333","-75.33333333","-39.33333333","1","-3056.234145","-4923.512956","-1188.955334","1","-118.3958333","-225.7083333","-11.08333333","1","-21.33333333","-21.33333333","-21.33333333","1","-75.33333333","-75.33333333","-75.33333333","1","0","0","0","0","-42.33333333","-42.33333333","-42.33333333","1","11.66666667","-3.333333333","11.66666667","1","0","0","0","0","106.6666667","83.66666667","129.6666667","1","-161.3333333","-167.3333333","-155.3333333","1","-93.83333333","-237.3333333","49.66666667","1","-3055.925282","-4921.215328","-1190.635237","1","-941.1614583","-3750.802083","165.6666667","1","-21.33333333","-21.33333333","-21.33333333","1","49.66666667","49.66666667","49.66666667","1","0","0","0","0","-402.3333333","-402.3333333","-402.3333333","1","-75.33333333","-75.33333333","-44.33333333","1","0","0","0","0","35.16666667","-19.33333333","89.66666667","1","-22.33333333","-25.33333333","-19.33333333","1","97.66666667","29.66666667","165.6666667","1","-3041.131632","-4887.773562","-1194.489703","1","-4235.786458","-6385.333333","-857.9270833","1","-21.33333333","-21.33333333","-21.33333333","1","165.6666667","165.6666667","165.6666667","1","0","0","0","0","29.66666667","29.66666667","29.66666667","1","-225.3333333","-225.3333333","-211.3333333","1","165.6666667","165.6666667","165.6666667","1","22.14447144","117","74.94891261","3","5","10","15"
"2026-04-10","10:47:00","47","ghost_low_9495_9535","low","25240.5","9535","25267.25","-64.5","-70","-59","1","11","5","17","1","-8.5","-45","28","1","-3073.280879","-4941.921492","-1204.640267","1","-138.0625","-245.375","-30.75","1","10","10","10","1","28","28","28","1","0","0","0","0","-62","-62","-62","1","-11","-11","-10","1","0","0","0","0","-51.5","-107","4","1","-181","-187","-175","1","-113.5","-257","30","1","-3073.327613","-4939.795856","-1206.859371","1","-960.828125","-3770.46875","146","1","10","10","10","1","30","30","30","1","0","0","0","0","30","30","30","1","20","16","20","1","0","0","0","0","15.5","-39","70","1","-42","-45","-39","1","78","10","146","1","-3060.798299","-4907.440228","-1214.156369","1","-4255.453125","-6405","-877.59375","1","10","10","10","1","146","146","146","1","0","0","0","0","10","10","10","1","-245","-245","-231","1","146","146","146","1","21.33470174","39","67.99549122","3","5","10","15"
"2026-04-10","11:53:00","53","ghost_low_9519_9601","low","25255.5","9601","25277.1666666667","-13.66666667","-28.66666667","1.333333333","1","17.33333333","11.33333333","23.33333333","1","27.83333333","6.333333333","49.33333333","1","-3106.505286","-4978.636871","-1234.373702","1","-177.7291667","-297.6666667","-32.54166667","1","-29.66666667","-29.66666667","-29.66666667","1","49.33333333","49.33333333","49.33333333","1","0","0","0","0","-101.6666667","-101.6666667","-101.6666667","1","11.33333333","10.33333333","11.33333333","1","0","0","0","0","28.83333333","6.333333333","51.33333333","1","-220.6666667","-226.6666667","-214.6666667","1","-153.1666667","-296.6666667","-9.666666667","1","-3106.39272","-4976.424223","-1236.361218","1","-1000.494792","-3810.135417","106.3333333","1","-29.66666667","-29.66666667","-29.66666667","1","-9.666666667","-9.666666667","-9.666666667","1","0","0","0","0","-9.666666667","-9.666666667","-9.666666667","1","51.33333333","44.33333333","51.33333333","1","0","0","0","0","-24.16666667","-78.66666667","30.33333333","1","-81.66666667","-84.66666667","-78.66666667","1","38.33333333","-29.66666667","106.3333333","1","-3095.122471","-4944.55407","-1245.690872","1","-4295.119792","-6444.666667","-917.2604167","1","-29.66666667","-29.66666667","-29.66666667","1","106.3333333","106.3333333","106.3333333","1","0","0","0","0","-29.66666667","-29.66666667","-29.66666667","1","-146.6666667","-146.6666667","-74.66666667","1","106.3333333","106.3333333","106.3333333","1","20.36508749","207","101.5808874","3","5","10","15"
"2026-04-10","13:13:00","13","ghost_low_9646_9681","low","25291.75","9681","25316.75","-32.5","-53","-12","1","-45","-50","-40","1","-40.5","-69","-12","1","-3248.603798","-5129.893018","-1367.314577","1","-307.109375","-456","-112.40625","1","-52","-52","-52","1","-69","-69","-69","1","0","0","0","0","-56","-56","-56","1","-23","-23","-23","1","0","0","0","0","-168.5","-220","-117","1","-379","-385","-373","1","28.5","-220","277","1","-3248.643228","-5127.872905","-1369.413552","1","-1077.21875","-3875.9375","277","1","-52","-52","-52","1","277","277","277","1","0","0","0","0","-168","-168","-168","1","-85","-85","-51","1","0","0","0","0","-182.5","-237","-128","1","-240","-243","-237","1","-254","-456","-52","1","-3234.446802","-5094.73694","-1374.156663","1","-4775.5","-6603","-1013","1","-52","-52","-52","1","-456","-456","-456","1","0","0","0","0","-188","-188","-188","1","-212","-212","-190","1","0","0","0","0","33.46274565","229","191.770947","3","5","10","15"
"2026-04-10","14:32:00","32","ghost_high_9717_9760","high","25355","9760","25354.3333333333","-77.33333333","-97.33333333","-57.33333333","1","-33.33333333","-46.33333333","-20.33333333","1","-51.33333333","-97.33333333","-5.333333333","1","-3314.928579","-5242.686068","-1387.17109","1","-182.5677083","-331.4583333","-33.67708333","1","-202.3333333","-202.3333333","-202.3333333","1","-97.33333333","-97.33333333","-97.33333333","1","0","0","0","0","-280.3333333","-280.3333333","-280.3333333","1","29.66666667","-0.3333333333","29.66666667","1","0","0","0","0","-318.8333333","-370.3333333","-267.3333333","1","-529.3333333","-535.3333333","-523.3333333","1","93.16666667","59.66666667","126.6666667","1","-3317.2126","-5241.382779","-1393.04242","1","-1227.552083","-3123.458333","126.6666667","1","-202.3333333","-202.3333333","-202.3333333","1","59.66666667","59.66666667","59.66666667","1","0","0","0","0","-318.3333333","-318.3333333","-318.3333333","1","-135.3333333","-135.3333333","-80.33333333","1","59.66666667","59.66666667","59.66666667","1","-332.8333333","-387.3333333","-278.3333333","1","-390.3333333","-393.3333333","-387.3333333","1","-404.3333333","-606.3333333","-202.3333333","1","-3331.267735","-5222.427019","-1440.108451","1","-4925.833333","-6753.333333","-1163.333333","1","-202.3333333","-202.3333333","-202.3333333","1","-606.3333333","-606.3333333","-606.3333333","1","0","0","0","0","-338.3333333","-338.3333333","-338.3333333","1","-255.3333333","-255.3333333","-201.3333333","1","0","0","0","0","56.60971079","1552","996.5994523","3","5","10","15"
"2026-04-10","17:51:00","51","ghost_high_9928_9959","high","25256.75","9959","25261.3333333333","-31.33333333","-46.33333333","-16.33333333","1","-63.33333333","-73.33333333","-53.33333333","1","-71.83333333","-132.3333333","-11.33333333","1","-2806.167226","-4795.595724","-816.738728","1","259.0885417","55.72916667","441.0416667","1","-17.33333333","-17.33333333","-17.33333333","1","-11.33333333","-11.33333333","-11.33333333","1","0","0","0","0","358.6666667","358.6666667","358.6666667","1","-33.33333333","-33.33333333","-28.33333333","1","0","0","0","0","-20.83333333","-83.33333333","41.66666667","1","5.166666667","-26.33333333","36.66666667","1","-111.3333333","-156.3333333","-66.33333333","1","-2806.689732","-4793.531767","-819.8476965","1","-834.1145833","-2013.458333","345.2291667","1","-17.33333333","-17.33333333","-17.33333333","1","-156.3333333","-156.3333333","-156.3333333","1","0","0","0","0","-66.33333333","-66.33333333","-66.33333333","1","-108.3333333","-108.3333333","-81.33333333","1","-156.3333333","-156.3333333","-156.3333333","1","39.16666667","-15.33333333","93.66666667","1","-18.33333333","-21.33333333","-15.33333333","1","-32.33333333","-234.3333333","169.6666667","1","-2811.630798","-4773.17407","-850.0875267","1","-4546.395833","-6381.333333","-768.5833333","1","-17.33333333","-17.33333333","-17.33333333","1","-234.3333333","-234.3333333","-234.3333333","1","0","0","0","0","33.66666667","33.66666667","33.66666667","1","160.6666667","12.66666667","160.6666667","1","0","0","0","0","36.89193225","684","460.1267226","3","5","10","15"
"2026-04-12","22:51:00","51","ghost_high_10161_10199","high","25019.25","10199","24941.5833333333","133.6666667","116.6666667","150.6666667","1","13.16666667","12.66666667","13.66666667","1","3.666666667","-28.33333333","35.66666667","1","-1449.039926","-3460.748226","562.6683751","1","1347.697917","1133.979167","1561.416667","1","45.66666667","45.66666667","45.66666667","1","35.66666667","35.66666667","35.66666667","1","0","0","0","0","1375.666667","1375.666667","1375.666667","1","10.66666667","1.666666667","10.66666667","1","0","0","0","0","58.66666667","-148.3333333","265.6666667","1","895.6666667","310.6666667","1480.666667","1","718.6666667","-148.3333333","1585.666667","1","-1449.076014","-3458.498347","560.346319","1","444.8854167","-734.4583333","1624.229167","1","45.66666667","45.66666667","45.66666667","1","-148.3333333","-148.3333333","-148.3333333","1","0","0","0","0","1212.666667","1212.666667","1212.666667","1","60.66666667","50.66666667","60.66666667","1","0","0","0","0","1318.166667","1263.666667","1372.666667","1","1260.666667","1257.666667","1263.666667","1","1464.166667","1122.666667","1805.666667","1","-1443.038789","-3436.945628","550.8680494","1","-3267.395833","-5102.333333","510.4166667","1","45.66666667","45.66666667","45.66666667","1","1122.666667","1122.666667","1122.666667","1","0","0","0","0","1312.666667","1312.666667","1312.666667","1","1340.666667","1340.666667","1370.666667","1","0","0","0","0","42.4481604","73","129.1098814","3","5","10","15"
"2026-04-12","23:28:00","28","ghost_high_10186_10236","high","24965.5","10236","24943.1666666667","21.33333333","6.333333333","36.33333333","1","-11.16666667","-12.66666667","-9.666666667","1","3.833333333","-36.66666667","44.33333333","1","-1453.7044","-3464.86928","557.4604811","1","1341.364583","1127.645833","1555.083333","1","39.33333333","39.33333333","39.33333333","1","-36.66666667","-36.66666667","-36.66666667","1","0","0","0","0","27.33333333","27.33333333","27.33333333","1","7.333333333","3.333333333","7.333333333","1","0","0","0","0","52.33333333","-154.6666667","259.3333333","1","889.3333333","304.3333333","1474.333333","1","712.3333333","-154.6666667","1579.333333","1","-1453.864944","-3462.795545","555.0656569","1","438.5520833","-740.7916667","1617.895833","1","39.33333333","39.33333333","39.33333333","1","-154.6666667","-154.6666667","-154.6666667","1","0","0","0","0","1206.333333","1206.333333","1206.333333","1","-27.66666667","-27.66666667","-4.666666667","1","0","0","0","0","1456.833333","1334.333333","1579.333333","1","783.8333333","304.3333333","1263.333333","1","1457.833333","1116.333333","1799.333333","1","-1440.581092","-3432.032099","550.8699151","1","-3273.729167","-5108.666667","504.0833333","1","39.33333333","39.33333333","39.33333333","1","1116.333333","1116.333333","1116.333333","1","0","0","0","0","1306.333333","1306.333333","1306.333333","1","304.3333333","147.3333333","304.3333333","1","0","0","0","0","25.36232799","43","56.39723009","3","5","10","15"
"2026-04-13","00:10:00","10","ghost_high_10224_10278","high","24954.25","10278","24985.5","-239.5","-249","-230","1","-92.5","-103","-82","1","-63.5","-142","15","1","-1620.075725","-3630.396519","390.2450688","1","1172.03125","958.3125","1324.6875","1","-130","-130","-130","1","-142","-142","-142","1","0","0","0","0","-193","-193","-193","1","-38","-38","-37","1","0","0","0","0","-117","-324","90","1","-167.5","-193","-142","1","543","-324","1410","1","-1620.046538","-3628.104823","388.0117468","1","269.21875","-910.125","1448.5625","1","-130","-130","-130","1","-324","-324","-324","1","0","0","0","0","1037","1037","1037","1","-142","-142","-6","1","0","0","0","0","-119.5","-254","15","1","590","15","1165","1","1288.5","947","1630","1","-1606.958441","-3597.61535","383.6984676","1","-3443.0625","-5278","334.75","1","-130","-130","-130","1","947","947","947","1","0","0","0","0","1137","1137","1137","1","-254","-254","-113","1","0","0","0","0","41.56291508","323","264.9793954","3","5","10","15"
"2026-04-13","01:56:00","56","ghost_low_10352_10384","low","25060.75","10384","25077.0833333333","4.666666667","-11.33333333","20.66666667","1","-6.833333333","-11.33333333","-2.333333333","1","-25.33333333","-72.33333333","21.66666667","1","-1978.38884","-3987.978739","31.20105844","1","799.8229167","610.1666667","935.2916667","1","-231.3333333","-231.3333333","-231.3333333","1","21.66666667","21.66666667","21.66666667","1","0","0","0","0","3.666666667","3.666666667","3.666666667","1","-10.33333333","-10.33333333","-8.333333333","1","0","0","0","0","-483.3333333","-690.3333333","-276.3333333","1","-80.33333333","-84.33333333","-76.33333333","1","-655.3333333","-690.3333333","-620.3333333","1","-1978.606788","-3985.936996","28.7234191","1","-97.11458333","-1276.458333","1082.229167","1","-231.3333333","-231.3333333","-231.3333333","1","-620.3333333","-620.3333333","-620.3333333","1","0","0","0","0","670.6666667","670.6666667","670.6666667","1","5.666666667","-13.33333333","5.666666667","1","-620.3333333","-620.3333333","-620.3333333","1","-485.8333333","-620.3333333","-351.3333333","1","223.6666667","-351.3333333","798.6666667","1","812.1666667","580.6666667","1043.666667","1","-1967.727957","-3957.646175","22.19026058","1","-3809.395833","-5644.333333","-31.58333333","1","-231.3333333","-231.3333333","-231.3333333","1","1043.666667","1043.666667","1043.666667","1","0","0","0","0","770.6666667","770.6666667","770.6666667","1","-508.3333333","-508.3333333","-372.3333333","1","0","0","0","0","25.60588223","68","79.28138864","3","5","10","15"
"2026-04-13","03:21:00","21","ghost_low_10415_10469","low","25056.5","10469","25056.75","51","39","63","1","1","-3","5","1","69","28","110","1","-1893.79807","-3903.281545","115.6854046","1","881.15625","-12.9375","1125","1","-150","-150","-150","1","110","110","110","1","0","0","0","0","85","85","85","1","6","0","6","1","0","0","0","0","-402","-609","-195","1","27","26","28","1","-195.5","-539","148","1","-1893.793021","-3901.016497","113.430454","1","-15.78125","-1195.125","1163.5625","1","-150","-150","-150","1","148","148","148","1","0","0","0","0","752","752","752","1","26","23","26","1","0","0","0","0","-404.5","-539","-270","1","-2","-3","-1","1","258","-609","1125","1","-1879.955064","-3869.765764","109.8556354","1","-3728.0625","-5563","49.75","1","-150","-150","-150","1","-609","-609","-609","1","0","0","0","0","852","852","852","1","115","106","115","1","0","0","0","0","17.14715511","24","46.3911846","3","5","10","15"
"2026-04-13","03:47:00","47","ghost_low_10462_10495","low","25054","10495","25060","61.5","54","69","1","22","14","30","1","15","-13","43","1","-1906.021967","-3915.474348","103.4304137","1","868.15625","-188.5","1112","1","-163","-163","-163","1","43","43","43","1","0","0","0","0","72","72","72","1","14","14","14","1","0","0","0","0","-415","-622","-208","1","14","13","15","1","116","97","135","1","-1906.157207","-3913.355943","101.0415287","1","-28.78125","-1208.125","1150.5625","1","-163","-163","-163","1","97","97","97","1","97","97","97","1","739","739","739","1","56","45","56","1","97","97","97","1","-417.5","-552","-283","1","-15","-16","-14","1","245","-622","1112","1","-1892.955064","-3882.765764","96.85563539","1","-3741.0625","-5576","36.75","1","-163","-163","-163","1","-622","-622","-622","1","0","0","0","0","839","839","839","1","102","93","102","1","0","0","0","0","18.5817464","60","46.99575315","3","5","10","15"
"2026-04-13","05:06:00","06","ghost_high_10551_10574","high","25076.25","10574","25080.4166666667","-51.16666667","-58.66666667","-43.66666667","1","-4.166666667","-4.666666667","-3.666666667","1","14.33333333","-33.66666667","62.33333333","1","-1985.358568","-3994.731002","24.01386556","1","786.4895833","-378.5416667","1030.333333","1","53.33333333","53.33333333","53.33333333","1","-33.66666667","-33.66666667","-33.66666667","1","0","0","0","0","-56.66666667","-56.66666667","-56.66666667","1","-6.666666667","-6.666666667","-4.666666667","1","0","0","0","0","-65.66666667","-92.66666667","-38.66666667","1","-67.66666667","-68.66666667","-66.66666667","1","-114.6666667","-123.6666667","-105.6666667","1","-1985.544201","-3992.6616","21.57319696","1","-110.4479167","-1108.354167","887.4583333","1","53.33333333","53.33333333","53.33333333","1","-123.6666667","-123.6666667","-123.6666667","1","-123.6666667","-123.6666667","-123.6666667","1","-105.6666667","-105.6666667","-105.6666667","1","-63.66666667","-63.66666667","-52.66666667","1","-123.6666667","-123.6666667","-123.6666667","1","-499.1666667","-633.6666667","-364.6666667","1","-96.66666667","-97.66666667","-95.66666667","1","163.3333333","-703.6666667","1030.333333","1","-1970.958729","-3960.667552","18.75009455","1","-3822.729167","-5657.666667","-44.91666667","1","53.33333333","53.33333333","53.33333333","1","-703.6666667","-703.6666667","-703.6666667","1","0","0","0","0","757.3333333","757.3333333","757.3333333","1","-123.6666667","-123.6666667","-82.66666667","1","0","0","0","0","19.05738058","31","62.39844137","3","5","10","15"
"2026-04-13","07:22:00","22","ghost_low_10603_10710","low","25064","10710","25112.1666666667","-14.16666667","-20.66666667","-7.666666667","1","10.33333333","9.333333333","11.33333333","1","1.333333333","-20.66666667","23.33333333","1","-2106.884087","-4116.363881","-97.40429319","1","-154.8072917","-399.7291667","64.33333333","1","-73.66666667","-73.66666667","-73.66666667","1","-20.66666667","-20.66666667","-20.66666667","1","0","0","0","0","-26.66666667","-26.66666667","-26.66666667","1","9.333333333","6.333333333","9.333333333","1","0","0","0","0","25.33333333","-13.66666667","64.33333333","1","-65.16666667","-78.66666667","-51.66666667","1","-92.16666667","-211.6666667","27.33333333","1","-2106.987533","-4114.199546","-99.77551993","1","-110.6510417","-1015.572917","794.2708333","1","-73.66666667","-73.66666667","-73.66666667","1","27.33333333","27.33333333","27.33333333","1","0","0","0","0","27.33333333","27.33333333","27.33333333","1","-20.66666667","-20.66666667","-3.666666667","1","0","0","0","0","-626.1666667","-760.6666667","-491.6666667","1","-223.6666667","-224.6666667","-222.6666667","1","36.33333333","-830.6666667","903.3333333","1","-2093.548271","-4083.319807","-103.7767357","1","-3949.729167","-5784.666667","-171.9166667","1","-73.66666667","-73.66666667","-73.66666667","1","-830.6666667","-830.6666667","-830.6666667","1","0","0","0","0","630.3333333","630.3333333","630.3333333","1","-136.6666667","-136.6666667","-128.6666667","1","0","0","0","0","22.16522757","95","82.67381498","3","5","10","15"
"2026-04-13","08:14:00","14","ghost_high_10719_10762","high","25117","10762","25113.8333333333","-20.83333333","-27.33333333","-14.33333333","1","3.666666667","-0.3333333333","7.666666667","1","18.66666667","-28.33333333","65.66666667","1","-2110.871955","-4120.454949","-101.2889609","1","-193.4427083","-384.9583333","-1.927083333","1","57.66666667","57.66666667","57.66666667","1","-28.33333333","-28.33333333","-28.33333333","1","0","0","0","0","-33.33333333","-33.33333333","-33.33333333","1","-14.33333333","-14.33333333","-6.333333333","1","0","0","0","0","-37.33333333","-103.3333333","28.66666667","1","-71.83333333","-85.33333333","-58.33333333","1","-22.83333333","-103.3333333","57.66666667","1","-2111.018793","-4118.335344","-103.702242","1","-117.3177083","-857.7083333","623.0729167","1","57.66666667","57.66666667","57.66666667","1","-103.3333333","-103.3333333","-103.3333333","1","0","0","0","0","20.66666667","20.66666667","20.66666667","1","-56.33333333","-56.33333333","-51.33333333","1","0","0","0","0","-632.8333333","-767.3333333","-498.3333333","1","-230.3333333","-231.3333333","-229.3333333","1","-547.3333333","-837.3333333","-257.3333333","1","-2097.311332","-4087.193513","-107.4291507","1","-3956.395833","-5791.333333","-178.5833333","1","57.66666667","57.66666667","57.66666667","1","-257.3333333","-257.3333333","-257.3333333","1","0","0","0","0","623.6666667","623.6666667","623.6666667","1","57.66666667","6.666666667","57.66666667","1","-257.3333333","-257.3333333","-257.3333333","1","28.02401866","49","84.48308851","3","5","10","15"
"2026-04-13","08:51:00","51","ghost_low_10769_10799","low","25104","10799","25103.6666666667","32.33333333","18.33333333","46.33333333","1","-15.16666667","-21.66666667","-8.666666667","1","10.83333333","-55.66666667","77.33333333","1","-2067.280059","-4076.976932","-57.58318698","1","-163.4635417","-346.2291667","1.895833333","1","-39.66666667","-39.66666667","-39.66666667","1","-55.66666667","-55.66666667","-55.66666667","1","0","0","0","0","2.333333333","2.333333333","2.333333333","1","13.33333333","2.333333333","13.33333333","1","0","0","0","0","3.333333333","-62.66666667","69.33333333","1","0.8333333333","-0.6666666667","2.333333333","1","21.83333333","-62.66666667","106.3333333","1","-2067.313904","-4074.746043","-59.88176539","1","-76.65104167","-817.0416667","663.7395833","1","-39.66666667","-39.66666667","-39.66666667","1","106.3333333","106.3333333","106.3333333","1","0","0","0","0","61.33333333","61.33333333","61.33333333","1","-55.66666667","-55.66666667","-32.66666667","1","0","0","0","0","-592.1666667","-726.6666667","-457.6666667","1","-189.6666667","-190.6666667","-188.6666667","1","-506.6666667","-796.6666667","-216.6666667","1","-2056.644665","-4046.526847","-66.76248406","1","-3915.729167","-5750.666667","-137.9166667","1","-39.66666667","-39.66666667","-39.66666667","1","-216.6666667","-216.6666667","-216.6666667","1","0","0","0","0","664.3333333","664.3333333","664.3333333","1","98.33333333","47.33333333","98.33333333","1","-216.6666667","-216.6666667","-216.6666667","1","28.67910648","61","100.3441884","3","5","10","15"
"2026-04-13","09:56:00","56","ghost_low_10809_10864","low","25097.75","10864","25117.3333333333","-12.33333333","-18.33333333","-6.333333333","1","-12.83333333","-15.33333333","-10.33333333","1","-21.83333333","-37.33333333","-6.333333333","1","-2119.209787","-4129.045622","-109.373952","1","-26.05208333","-177.3958333","62.66666667","1","43.66666667","43.66666667","43.66666667","1","-37.33333333","-37.33333333","-37.33333333","1","-37.33333333","-37.33333333","-37.33333333","1","48.66666667","48.66666667","48.66666667","1","-9.333333333","-9.333333333","-9.333333333","1","-37.33333333","-37.33333333","-37.33333333","1","-51.33333333","-117.3333333","14.66666667","1","13.66666667","12.66666667","14.66666667","1","-29.33333333","-110.3333333","51.66666667","1","-2119.384732","-4126.94727","-111.8221941","1","-131.3177083","-871.7083333","609.0729167","1","43.66666667","43.66666667","43.66666667","1","-110.3333333","-110.3333333","-110.3333333","1","0","0","0","0","6.666666667","6.666666667","6.666666667","1","43.66666667","27.66666667","43.66666667","1","0","0","0","0","-646.8333333","-781.3333333","-512.3333333","1","-244.3333333","-245.3333333","-243.3333333","1","-561.3333333","-851.3333333","-271.3333333","1","-2107.063923","-4097.100315","-117.0275308","1","-3970.395833","-5805.333333","-192.5833333","1","43.66666667","43.66666667","43.66666667","1","-271.3333333","-271.3333333","-271.3333333","1","0","0","0","0","609.6666667","609.6666667","609.6666667","1","51.66666667","-65.33333333","51.66666667","1","-271.3333333","-271.3333333","-271.3333333","1","16.10905372","38","42.6583193","3","5","10","15"
"2026-04-13","10:36:00","36","ghost_high_10880_10904","high","25123.75","10904","25121.0833333333","1.666666667","-5.333333333","8.666666667","1","-8.333333333","-11.33333333","-5.333333333","1","-14.33333333","-45.33333333","16.66666667","1","-2132.836805","-4142.744926","-122.928683","1","-41.05208333","-181.9583333","47.66666667","1","28.66666667","28.66666667","28.66666667","1","16.66666667","16.66666667","16.66666667","1","0","0","0","0","4.666666667","4.666666667","4.666666667","1","8.666666667","6.666666667","8.666666667","1","0","0","0","0","-66.33333333","-132.3333333","-0.3333333333","1","-1.333333333","-2.333333333","-0.3333333333","1","-2.333333333","-52.33333333","47.66666667","1","-2133.051365","-4140.683483","-125.4192483","1","-285.0833333","-1173.333333","603.1666667","1","28.66666667","28.66666667","28.66666667","1","-52.33333333","-52.33333333","-52.33333333","1","0","0","0","0","-8.333333333","-8.333333333","-8.333333333","1","-45.33333333","-45.33333333","-33.33333333","1","0","0","0","0","-661.8333333","-796.3333333","-527.3333333","1","-259.3333333","-260.3333333","-258.3333333","1","-576.3333333","-866.3333333","-286.3333333","1","-2119.566075","-4109.735381","-129.3967692","1","-3985.395833","-5820.333333","-207.5833333","1","28.66666667","28.66666667","28.66666667","1","-286.3333333","-286.3333333","-286.3333333","1","0","0","0","0","594.6666667","594.6666667","594.6666667","1","-93.33333333","-93.33333333","-92.33333333","1","-286.3333333","-286.3333333","-286.3333333","1","16.21992514","37","51.2736245","3","5","10","15"
"2026-04-13","13:30:00","30","ghost_high_11053_11078","high","25181.25","11078","25213.3333333333","-165.3333333","-181.3333333","-149.3333333","1","-28.33333333","-32.33333333","-24.33333333","1","-157.8333333","-186.3333333","-129.3333333","1","-2478.427638","-4490.783916","-466.0713591","1","-388.8489583","-556.9895833","-220.7083333","1","21.66666667","21.66666667","21.66666667","1","-186.3333333","-186.3333333","-186.3333333","1","0","0","0","0","-337.3333333","-337.3333333","-337.3333333","1","-24.33333333","-24.33333333","-1.333333333","1","0","0","0","0","-435.3333333","-501.3333333","-369.3333333","1","-124.8333333","-128.3333333","-121.3333333","1","-316.8333333","-559.3333333","-74.33333333","1","-2478.386615","-4488.553777","-468.2194531","1","-594.1770833","-1235.333333","108.0416667","1","21.66666667","21.66666667","21.66666667","1","-559.3333333","-559.3333333","-559.3333333","1","0","0","0","0","-377.3333333","-377.3333333","-377.3333333","1","-121.3333333","-121.3333333","-101.3333333","1","0","0","0","0","-1030.833333","-1165.333333","-896.3333333","1","-628.3333333","-629.3333333","-627.3333333","1","-945.3333333","-1235.333333","-655.3333333","1","-2470.735725","-4462.372381","-479.0990696","1","-4354.395833","-6189.333333","-576.5833333","1","21.66666667","21.66666667","21.66666667","1","-655.3333333","-655.3333333","-655.3333333","1","0","0","0","0","225.6666667","225.6666667","225.6666667","1","-559.3333333","-559.3333333","-492.3333333","1","-655.3333333","-655.3333333","-655.3333333","1","34.15424995","1050","616.4298949","3","5","10","15"
"2026-04-13","14:09:00","09","ghost_high_11079_11117","high","25238.25","11117","25310","-545.5","-585","-506","1","-12.5","-19","-6","1","-13.5","-90","63","1","-2810.95368","-4836.970861","-784.9364987","1","-779.1875","-960","-302.5","1","-25","-25","-25","1","-90","-90","-90","1","0","0","0","0","-724","-724","-724","1","30","30","30","1","0","0","0","0","-822","-888","-756","1","-511.5","-515","-508","1","-703.5","-946","-461","1","-2822.553649","-4843.094446","-802.012852","1","-980.84375","-1622","-278.625","1","-25","-25","-25","1","-946","-946","-946","1","0","0","0","0","-764","-764","-764","1","-325","-325","-154","1","0","0","0","0","-1417.5","-1552","-1283","1","-1015","-1016","-1014","1","-1332","-1622","-1042","1","-2806.468113","-4812.150871","-800.7853548","1","-4741.0625","-6576","-963.25","1","-25","-25","-25","1","-1042","-1042","-1042","1","0","0","0","0","-161","-161","-161","1","-614","-614","-567","1","-1042","-1042","-1042","1","85.60393303","1105","1710.530094","3","5","10","15"
"2026-04-13","17:40:00","40","ghost_low_11284_11328","low","25387","11328","25427","-7","-30","16","1","1.5","0","3","1","8","-30","46","1","-3145.828067","-5217.973625","-1073.682509","1","-430.375","-865","-41.5","1","-136","-136","-136","1","46","46","46","1","0","0","0","0","-122","-122","-122","1","14","6","14","1","0","0","0","0","-469.5","-517","-422","1","-301","-376","-226","1","-433","-578","-288","1","-3144.684708","-5216.188338","-1073.181079","1","-1454.6875","-2090","-618.75","1","-136","-136","-136","1","-578","-578","-578","1","0","0","0","0","-376","-376","-376","1","46","10","46","1","0","0","0","0","-1885.5","-2020","-1751","1","-858","-990","-726","1","-1462","-1510","-1414","1","-3144.503765","-5195.874515","-1093.133015","1","-4943.3125","-7044","-1073.625","1","-136","-136","-136","1","-1414","-1414","-1414","1","0","0","0","0","-629","-629","-629","1","-578","-578","-472","1","-1414","-1414","-1414","1","31.21155956","286","484.0452088","3","5","10","15"
"2026-04-13","22:20:00","20","ghost_low_11510_11548","low","25563.5","11548","25585.75","-58.5","-86","-31","1","-3.5","-6","-1","1","1.5","-43","46","1","-3692.060355","-5807.114962","-1577.005748","1","-1080.546875","-1550.96875","-610.125","1","-142","-142","-142","1","-43","-43","-43","1","0","0","0","0","-30","-30","-30","1","10","8","10","1","0","0","0","0","-728","-759","-697","1","-326.5","-444","-209","1","-672","-759","-585","1","-3691.173039","-5805.198384","-1577.147695","1","-2073.671875","-2725","-1161.8125","1","-142","-142","-142","1","-759","-759","-759","1","0","0","0","0","-585","-585","-585","1","-34","-34","-8","1","0","0","0","0","-2520.5","-2655","-2386","1","-367","-525","-209","1","-2097","-2145","-2049","1","-3675.96883","-5777.426418","-1574.511242","1","-2241.734375","-5745.75","54","1","-142","-142","-142","1","-2049","-2049","-2049","1","0","0","0","0","-1264","-1264","-1264","1","-209","-209","-192","1","-2049","-2049","-2049","1","25.07092794","68","89.39247797","3","5","10","15"
"2026-04-13","22:56:00","56","ghost_low_11529_11584","low","25564.25","11584","25595.6666666667","-98.16666667","-125.6666667","-70.66666667","1","-22.66666667","-28.66666667","-16.66666667","1","-28.66666667","-64.66666667","7.333333333","1","-3729.490529","-5845.857407","-1613.123652","1","-1111.244792","-1577.947917","-644.5416667","1","-181.6666667","-181.6666667","-181.6666667","1","-64.66666667","-64.66666667","-64.66666667","1","0","0","0","0","-69.66666667","-69.66666667","-69.66666667","1","-12.66666667","-12.66666667","-10.66666667","1","0","0","0","0","-767.6666667","-798.6666667","-736.6666667","1","-366.1666667","-483.6666667","-248.6666667","1","-392.1666667","-798.6666667","14.33333333","1","-3729.054284","-5844.125474","-1613.983094","1","-2113.338542","-2764.666667","-1201.479167","1","-181.6666667","-181.6666667","-181.6666667","1","14.33333333","14.33333333","14.33333333","1","0","0","0","0","-624.6666667","-624.6666667","-624.6666667","1","7.333333333","-31.66666667","7.333333333","1","0","0","0","0","-2560.166667","-2694.666667","-2425.666667","1","-406.6666667","-564.6666667","-248.6666667","1","-2136.666667","-2184.666667","-2088.666667","1","-3715.635497","-5817.093085","-1614.177909","1","-2281.401042","-5785.416667","14.33333333","1","-181.6666667","-181.6666667","-181.6666667","1","-2088.666667","-2088.666667","-2088.666667","1","0","0","0","0","-1303.666667","-1303.666667","-1303.666667","1","-248.6666667","-248.6666667","-231.6666667","1","-2088.666667","-2088.666667","-2088.666667","1","19.53426103","98","82.16066202","3","5","10","15"
"2026-04-13","22:56:00","56","ghost_high_11528_11584","high","25599.25","11584","25595.6666666667","-98.16666667","-125.6666667","-70.66666667","1","-22.66666667","-28.66666667","-16.66666667","1","-28.66666667","-64.66666667","7.333333333","1","-3729.490529","-5845.857407","-1613.123652","1","-1111.244792","-1577.947917","-644.5416667","1","-181.6666667","-181.6666667","-181.6666667","1","-64.66666667","-64.66666667","-64.66666667","1","0","0","0","0","-69.66666667","-69.66666667","-69.66666667","1","-12.66666667","-12.66666667","-10.66666667","1","0","0","0","0","-767.6666667","-798.6666667","-736.6666667","1","-366.1666667","-483.6666667","-248.6666667","1","-392.1666667","-798.6666667","14.33333333","1","-3729.054284","-5844.125474","-1613.983094","1","-2113.338542","-2764.666667","-1201.479167","1","-181.6666667","-181.6666667","-181.6666667","1","14.33333333","14.33333333","14.33333333","1","0","0","0","0","-624.6666667","-624.6666667","-624.6666667","1","7.333333333","-31.66666667","7.333333333","1","0","0","0","0","-2560.166667","-2694.666667","-2425.666667","1","-406.6666667","-564.6666667","-248.6666667","1","-2136.666667","-2184.666667","-2088.666667","1","-3715.635497","-5817.093085","-1614.177909","1","-2281.401042","-5785.416667","14.33333333","1","-181.6666667","-181.6666667","-181.6666667","1","-2088.666667","-2088.666667","-2088.666667","1","0","0","0","0","-1303.666667","-1303.666667","-1303.666667","1","-248.6666667","-248.6666667","-231.6666667","1","-2088.666667","-2088.666667","-2088.666667","1","19.53426103","98","82.16066202","3","5","10","15"
"2026-04-14","00:07:00","07","ghost_low_11621_11655","low","25595","11655","25564.75","59.5","47","72","1","30","20","40","1","65","36","94","1","-3598.173722","-5719.097884","-1477.249561","1","-97.703125","-834.34375","218","1","-58","-58","-58","1","94","94","94","1","0","0","0","0","150","150","150","1","20","2","20","1","0","0","0","0","163.5","145","182","1","160.5","156","165","1","178","138","218","1","-3598.573761","-5717.750217","-1479.397306","1","-1970.921875","-2641","-1122.15625","1","-58","-58","-58","1","218","218","218","1","0","0","0","0","-501","-501","-501","1","131","125","131","1","218","218","218","1","-2436.5","-2571","-2302","1","-30","-58","-2","1","-2013","-2061","-1965","1","-3581.139165","-5689.010174","-1473.268157","1","-5519.671875","-7595","-1491.09375","1","-58","-58","-58","1","-1965","-1965","-1965","1","0","0","0","0","-1180","-1180","-1180","1","218","116","218","1","-1965","-1965","-1965","1","27.0955006","202","203.1005865","3","5","10","15"
"2026-04-14","02:23:00","23","ghost_high_11749_11791","high","25588.5","11791","25585.1666666667","41.33333333","34.33333333","48.33333333","1","7.333333333","4.333333333","10.33333333","1","48.33333333","46.33333333","50.33333333","1","-3671.674429","-5797.291205","-1546.057654","1","-184.5885417","-617.1354167","136.3333333","1","136.3333333","136.3333333","136.3333333","1","50.33333333","50.33333333","50.33333333","1","50.33333333","50.33333333","50.33333333","1","46.33333333","46.33333333","46.33333333","1","-4.666666667","-4.666666667","-3.666666667","1","50.33333333","50.33333333","50.33333333","1","81.83333333","63.33333333","100.3333333","1","12.33333333","4.333333333","20.33333333","1","1.833333333","-55.66666667","59.33333333","1","-3670.911199","-5795.437973","-1546.384426","1","-2052.588542","-2722.666667","-1203.822917","1","136.3333333","136.3333333","136.3333333","1","-55.66666667","-55.66666667","-55.66666667","1","0","0","0","0","-582.6666667","-582.6666667","-582.6666667","1","50.33333333","23.33333333","50.33333333","1","0","0","0","0","-2518.166667","-2652.666667","-2383.666667","1","-111.6666667","-139.6666667","-83.66666667","1","-2094.666667","-2142.666667","-2046.666667","1","-3654.462752","-5767.136452","-1541.789052","1","-5601.338542","-7676.666667","-1572.760417","1","136.3333333","136.3333333","136.3333333","1","-2046.666667","-2046.666667","-2046.666667","1","0","0","0","0","-1261.666667","-1261.666667","-1261.666667","1","33.33333333","22.33333333","33.33333333","1","-2046.666667","-2046.666667","-2046.666667","1","14.01123854","59","51.63132463","3","5","10","15"
"2026-04-14","05:42:00","42","ghost_low_11928_11990","low","25584","11990","25576","83","77","89","1","1.5","0","3","1","32","-18","82","1","-3628.875667","-5758.011956","-1499.739377","1","29.65625","-26.8125","77.4375","1","-64","-64","-64","1","-18","-18","-18","1","0","0","0","0","72","72","72","1","-7","-7","-7","1","0","0","0","0","70.5","61","80","1","61","59","63","1","39","-6","84","1","-3628.073947","-5756.146827","-1500.001068","1","-1033.140625","-2060.59375","-95.03125","1","-64","-64","-64","1","-6","-6","-6","1","0","0","0","0","-546","-546","-546","1","68","68","68","1","0","0","0","0","-2481.5","-2616","-2347","1","-75","-103","-47","1","-918.5","-2010","173","1","-3612.201049","-5728.107294","-1496.294804","1","-5564.671875","-7640","-1536.09375","1","-64","-64","-64","1","173","173","173","1","0","0","0","0","-1225","-1225","-1225","1","19","19","28","1","0","0","0","0","15.36315981","55","68.64033737","3","5","10","15"
"2026-04-14","06:45:00","45","ghost_high_11997_12053","high","25582.25","12053","25587.4166666667","1.833333333","-6.666666667","10.33333333","1","6.833333333","4.333333333","9.333333333","1","-31.66666667","-70.66666667","7.333333333","1","-3671.179467","-5802.194198","-1540.164737","1","-9.682291667","-57.82291667","31.05208333","1","50.33333333","50.33333333","50.33333333","1","7.333333333","7.333333333","7.333333333","1","0","0","0","0","7.333333333","7.333333333","7.333333333","1","10.33333333","7.333333333","10.33333333","1","0","0","0","0","-38.16666667","-55.66666667","-20.66666667","1","-16.16666667","-20.66666667","-11.66666667","1","-4.166666667","-51.66666667","43.33333333","1","-3670.68434","-5800.459708","-1540.908973","1","-1078.807292","-2106.260417","-140.6979167","1","50.33333333","50.33333333","50.33333333","1","43.33333333","43.33333333","43.33333333","1","0","0","0","0","-51.66666667","-51.66666667","-51.66666667","1","-70.66666667","-70.66666667","-54.66666667","1","0","0","0","0","-2527.166667","-2661.666667","-2392.666667","1","-120.6666667","-148.6666667","-92.66666667","1","-964.1666667","-2055.666667","127.3333333","1","-3655.708798","-5772.838687","-1538.578909","1","-5610.338542","-7685.666667","-1581.760417","1","50.33333333","50.33333333","50.33333333","1","127.3333333","127.3333333","127.3333333","1","0","0","0","0","-1270.666667","-1270.666667","-1270.666667","1","43.33333333","24.33333333","43.33333333","1","0","0","0","0","16.8448516","53","85.50744158","3","5","10","15"
"2026-04-14","07:16:00","16","ghost_high_12051_12084","high","25593.25","12084","25619.3333333333","-125.8333333","-134.3333333","-117.3333333","1","25.66666667","8.666666667","42.66666667","1","19.16666667","-34.33333333","72.66666667","1","-3794.356087","-5928.046676","-1660.665499","1","-135.6145833","-188.8958333","-82.33333333","1","-0.3333333333","-0.3333333333","-0.3333333333","1","-34.33333333","-34.33333333","-34.33333333","1","0","0","0","0","-120.3333333","-120.3333333","-120.3333333","1","12.66666667","2.666666667","12.66666667","1","0","0","0","0","-165.8333333","-183.3333333","-148.3333333","1","-162.3333333","-171.3333333","-153.3333333","1","-151.8333333","-219.3333333","-84.33333333","1","-3794.552414","-5926.591152","-1662.513675","1","-1347.520833","-2217.958333","-568.7083333","1","-0.3333333333","-0.3333333333","-0.3333333333","1","-219.3333333","-219.3333333","-219.3333333","1","0","0","0","0","-179.3333333","-179.3333333","-179.3333333","1","-151.3333333","-151.3333333","-133.3333333","1","0","0","0","0","-2654.833333","-2789.333333","-2520.333333","1","-248.3333333","-276.3333333","-220.3333333","1","-1091.833333","-2183.333333","-0.3333333333","1","-3779.857657","-5898.97294","-1660.742373","1","-5738.005208","-7813.333333","-1709.427083","1","-0.3333333333","-0.3333333333","-0.3333333333","1","-0.3333333333","-0.3333333333","-0.3333333333","1","0","0","0","0","-1398.333333","-1398.333333","-1398.333333","1","-219.3333333","-219.3333333","-179.3333333","1","0","0","0","0","36.90504279","107","199.1339247","3","5","10","15"
"2026-04-14","08:01:00","01","ghost_low_12089_12129","low","25609.25","12129","25618.0833333333","87.16666667","72.66666667","101.6666667","1","-9.833333333","-17.33333333","-2.333333333","1","-16.83333333","-46.33333333","12.66666667","1","-3784.939703","-5921.334138","-1648.545268","1","-133.1770833","-201.0208333","-65.33333333","1","4.666666667","4.666666667","4.666666667","1","12.66666667","12.66666667","12.66666667","1","0","0","0","0","-34.33333333","-34.33333333","-34.33333333","1","12.66666667","0.6666666667","12.66666667","1","0","0","0","0","-160.8333333","-178.3333333","-143.3333333","1","-81.33333333","-128.3333333","-34.33333333","1","-146.8333333","-214.3333333","-79.33333333","1","-3784.172574","-5919.506947","-1648.838202","1","-1514.895833","-2300.083333","-822.0833333","1","4.666666667","4.666666667","4.666666667","1","-214.3333333","-214.3333333","-214.3333333","1","0","0","0","0","-174.3333333","-174.3333333","-174.3333333","1","15.66666667","12.66666667","15.66666667","1","0","0","0","0","-132.8333333","-186.3333333","-79.33333333","1","-243.3333333","-271.3333333","-215.3333333","1","-1086.833333","-2178.333333","4.666666667","1","-3766.901998","-5890.812651","-1642.991345","1","-5707.239583","-7808.333333","-1875.833333","1","4.666666667","4.666666667","4.666666667","1","4.666666667","4.666666667","4.666666667","1","0","0","0","0","4.666666667","4.666666667","4.666666667","1","-146.3333333","-146.3333333","-128.3333333","1","0","0","0","0","23.40343678","156","76.94028119","3","5","10","15"
"2026-04-14","11:21:00","21","ghost_high_12268_12329","high","25655.5","12329","25651.1666666667","-78.16666667","-94.66666667","-61.66666667","1","-17.16666667","-17.66666667","-16.66666667","1","-68.16666667","-84.66666667","-51.66666667","1","-3900.297964","-6047.386167","-1753.209762","1","-52.38541667","-196.1041667","91.33333333","1","-30.66666667","-30.66666667","-30.66666667","1","-51.66666667","-51.66666667","-51.66666667","1","-51.66666667","-51.66666667","-51.66666667","1","-112.6666667","-112.6666667","-112.6666667","1","-16.66666667","-16.66666667","-16.66666667","1","-51.66666667","-51.66666667","-51.66666667","1","-293.1666667","-310.6666667","-275.6666667","1","-61.16666667","-61.66666667","-60.66666667","1","-43.66666667","-178.6666667","91.33333333","1","-3899.653554","-6045.607689","-1753.69942","1","-1303.385417","-2217.166667","-485.7916667","1","-30.66666667","-30.66666667","-30.66666667","1","91.33333333","91.33333333","91.33333333","1","0","0","0","0","-306.6666667","-306.6666667","-306.6666667","1","-64.66666667","-64.66666667","-61.66666667","1","0","0","0","0","-265.1666667","-318.6666667","-211.6666667","1","-198.6666667","-231.6666667","-165.6666667","1","-237.1666667","-346.6666667","-127.6666667","1","-3884.043979","-6017.53121","-1750.556747","1","-5807.166667","-7940.666667","-1916.666667","1","-30.66666667","-30.66666667","-30.66666667","1","-346.6666667","-346.6666667","-346.6666667","1","0","0","0","0","-127.6666667","-127.6666667","-127.6666667","1","17.33333333","-52.66666667","17.33333333","1","0","0","0","0","21.76943034","285","128.6819483","3","5","10","15"
"2026-04-14","12:46:00","46","ghost_low_12366_12414","low","25653","12414","25677.8333333333","-47.33333333","-69.33333333","-25.33333333","1","-14.83333333","-19.33333333","-10.33333333","1","0.6666666667","-46.33333333","47.66666667","1","-3990.097001","-6148.255385","-1831.938617","1","-7.552083333","-215.5833333","180.6666667","1","80.66666667","80.66666667","80.66666667","1","47.66666667","47.66666667","47.66666667","1","0","0","0","0","44.66666667","44.66666667","44.66666667","1","11.66666667","4.666666667","11.66666667","1","0","0","0","0","-399.8333333","-417.3333333","-382.3333333","1","-54.83333333","-63.33333333","-46.33333333","1","-123.3333333","-231.3333333","-15.33333333","1","-3990.324744","-6146.841312","-1833.808177","1","-1405.177083","-2377.145833","-535.5208333","1","80.66666667","80.66666667","80.66666667","1","-231.3333333","-231.3333333","-231.3333333","1","0","0","0","0","-413.3333333","-413.3333333","-413.3333333","1","180.6666667","59.66666667","180.6666667","1","0","0","0","0","-371.8333333","-425.3333333","-318.3333333","1","-305.3333333","-338.3333333","-272.3333333","1","-343.8333333","-453.3333333","-234.3333333","1","-3983.414279","-6121.613987","-1845.214572","1","-5888.333333","-8047.333333","-1951.333333","1","80.66666667","80.66666667","80.66666667","1","-453.3333333","-453.3333333","-453.3333333","1","0","0","0","0","-234.3333333","-234.3333333","-234.3333333","1","-231.3333333","-231.3333333","-211.3333333","1","0","0","0","0","37.02667928","102","225.4574603","3","5","10","15"
"2026-04-14","12:46:00","46","ghost_high_12366_12414","high","25698","12414","25677.8333333333","-47.33333333","-69.33333333","-25.33333333","1","-14.83333333","-19.33333333","-10.33333333","1","0.6666666667","-46.33333333","47.66666667","1","-3990.097001","-6148.255385","-1831.938617","1","-7.552083333","-215.5833333","180.6666667","1","80.66666667","80.66666667","80.66666667","1","47.66666667","47.66666667","47.66666667","1","0","0","0","0","44.66666667","44.66666667","44.66666667","1","11.66666667","4.666666667","11.66666667","1","0","0","0","0","-399.8333333","-417.3333333","-382.3333333","1","-54.83333333","-63.33333333","-46.33333333","1","-123.3333333","-231.3333333","-15.33333333","1","-3990.324744","-6146.841312","-1833.808177","1","-1405.177083","-2377.145833","-535.5208333","1","80.66666667","80.66666667","80.66666667","1","-231.3333333","-231.3333333","-231.3333333","1","0","0","0","0","-413.3333333","-413.3333333","-413.3333333","1","180.6666667","59.66666667","180.6666667","1","0","0","0","0","-371.8333333","-425.3333333","-318.3333333","1","-305.3333333","-338.3333333","-272.3333333","1","-343.8333333","-453.3333333","-234.3333333","1","-3983.414279","-6121.613987","-1845.214572","1","-5888.333333","-8047.333333","-1951.333333","1","80.66666667","80.66666667","80.66666667","1","-453.3333333","-453.3333333","-453.3333333","1","0","0","0","0","-234.3333333","-234.3333333","-234.3333333","1","-231.3333333","-231.3333333","-211.3333333","1","0","0","0","0","37.02667928","102","225.4574603","3","5","10","15"
"2026-04-14","20:42:00","42","ghost_low_12852_12890","low","25972","12890","25992.4166666667","-17.16666667","-30.66666667","-3.666666667","1","-22.66666667","-27.66666667","-17.66666667","1","-18.16666667","-42.66666667","6.333333333","1","-4862.682927","-7304.940791","-2420.425063","1","-330.1354167","-835.4166667","43.33333333","1","43.33333333","43.33333333","43.33333333","1","6.333333333","6.333333333","6.333333333","1","0","0","0","0","-10.66666667","-10.66666667","-10.66666667","1","-2.666666667","-2.666666667","-1.666666667","1","0","0","0","0","-1306.166667","-1362.666667","-1249.666667","1","-123.1666667","-154.6666667","-91.66666667","1","-194.6666667","-432.6666667","43.33333333","1","-4862.097745","-7303.183762","-2421.011728","1","-3046.901042","-4076.979167","-2154.166667","1","43.33333333","43.33333333","43.33333333","1","43.33333333","43.33333333","43.33333333","1","0","0","0","0","-1077.666667","-1077.666667","-1077.666667","1","10.33333333","3.333333333","10.33333333","1","0","0","0","0","-1630.166667","-1683.666667","-1576.666667","1","-346.6666667","-370.6666667","-322.6666667","1","-1602.166667","-1711.666667","-1492.666667","1","-4861.383636","-7279.479805","-2443.287467","1","-7114.494792","-9305.666667","-2878.229167","1","43.33333333","43.33333333","43.33333333","1","-1711.666667","-1711.666667","-1711.666667","1","0","0","0","0","-1492.666667","-1492.666667","-1492.666667","1","-309.6666667","-309.6666667","-299.6666667","1","0","0","0","0","16.29830083","37","98.83809033","3","5","10","15"
"2026-04-14","22:21:00","21","ghost_high_12894_12929","high","25999.75","12929","26004.4166666667","-26.66666667","-34.66666667","-18.66666667","1","17.83333333","15.33333333","20.33333333","1","9.833333333","-22.66666667","42.33333333","1","-4905.275258","-7351.582339","-2458.968178","1","-343.6197917","-865.7916667","42.33333333","1","-4.666666667","-4.666666667","-4.666666667","1","-22.66666667","-22.66666667","-22.66666667","1","0","0","0","0","-41.66666667","-41.66666667","-41.66666667","1","15.33333333","13.33333333","15.33333333","1","0","0","0","0","4.833333333","-22.66666667","32.33333333","1","-25.16666667","-27.66666667","-22.66666667","1","-242.6666667","-480.6666667","-4.666666667","1","-4904.657032","-7349.821854","-2459.49221","1","-2942.135417","-4122.041667","-1901.041667","1","-4.666666667","-4.666666667","-4.666666667","1","-4.666666667","-4.666666667","-4.666666667","1","0","0","0","0","-1125.666667","-1125.666667","-1125.666667","1","32.33333333","16.33333333","32.33333333","1","0","0","0","0","-1678.166667","-1731.666667","-1624.666667","1","-144.1666667","-158.6666667","-129.6666667","1","-1650.166667","-1759.666667","-1540.666667","1","-4892.46822","-7323.1975","-2461.73894","1","-7162.494792","-9353.666667","-2926.229167","1","-4.666666667","-4.666666667","-4.666666667","1","-1759.666667","-1759.666667","-1759.666667","1","0","0","0","0","-1540.666667","-1540.666667","-1540.666667","1","-5.666666667","-15.66666667","-5.666666667","1","0","0","0","0","21.5701714","99","95.76792757","3","5","10","15"
"2026-04-14","23:22:00","22","ghost_high_12951_12990","high","26005.5","12990","26007.75","-44","-57","-31","1","-2","-4","0","1","-6.5","-22","9","1","-4915.492788","-7364.135385","-2466.850191","1","-368.6875","-728.5","-8.875","1","-18","-18","-18","1","9","9","9","1","0","0","0","0","-56","-56","-56","1","-4","-4","1","1","0","0","0","0","-7","-23","9","1","-29","-36","-22","1","5.5","-18","29","1","-4914.793764","-7362.357504","-2467.230025","1","-2955.46875","-4135.375","-1914.375","1","-18","-18","-18","1","29","29","29","1","29","29","29","1","-1139","-1139","-1139","1","9","4","9","1","29","29","29","1","-1691.5","-1745","-1638","1","-157.5","-172","-143","1","-1663.5","-1773","-1554","1","-4899.925783","-7335.045298","-2464.806268","1","-7164.8125","-9367","-2907.25","1","-18","-18","-18","1","-1773","-1773","-1773","1","0","0","0","0","-1554","-1554","-1554","1","-125","-125","-88","1","0","0","0","0","12.44852421","16","27.26589764","3","5","10","15"
"2026-04-15","00:25:00","25","ghost_high_13017_13053","high","26035.5","13053","26014.6666666667","54.83333333","29.33333333","80.33333333","1","3.833333333","1.333333333","6.333333333","1","7.333333333","-18.66666667","33.33333333","1","-4935.193681","-7389.922225","-2480.465137","1","-411.4791667","-701.5416667","-121.4166667","1","-45.66666667","-45.66666667","-45.66666667","1","-18.66666667","-18.66666667","-18.66666667","1","0","0","0","0","61.33333333","61.33333333","61.33333333","1","8.333333333","7.333333333","8.333333333","1","0","0","0","0","1.333333333","-30.66666667","33.33333333","1","5.333333333","1.333333333","9.333333333","1","-22.16666667","-45.66666667","1.333333333","1","-4935.115976","-7388.296915","-2481.935037","1","-3097.604167","-4157.916667","-2178.666667","1","-45.66666667","-45.66666667","-45.66666667","1","1.333333333","1.333333333","1.333333333","1","1.333333333","1.333333333","1.333333333","1","1.333333333","1.333333333","1.333333333","1","33.33333333","14.33333333","33.33333333","1","1.333333333","1.333333333","1.333333333","1","-1719.166667","-1772.666667","-1665.666667","1","-185.1666667","-199.6666667","-170.6666667","1","-1691.166667","-1800.666667","-1581.666667","1","-4921.586655","-7361.293639","-2481.879672","1","-3915.197917","-7321.354167","-805.2291667","1","-45.66666667","-45.66666667","-45.66666667","1","-1800.666667","-1800.666667","-1800.666667","1","0","0","0","0","-1581.666667","-1581.666667","-1581.666667","1","-84.66666667","-84.66666667","-75.66666667","1","0","0","0","0","23.12389158","97","115.6484779","3","5","10","15"
"2026-04-15","01:03:00","03","ghost_high_13045_13091","high","26023","13091","26018.5","-73","-82","-64","1","-14.5","-16","-13","1","-41","-94","12","1","-4946.389838","-7404.220082","-2488.559594","1","-416.421875","-653","-157.3125","1","-61","-61","-61","1","12","12","12","1","0","0","0","0","-42","-42","-42","1","12","6","12","1","0","0","0","0","-63","-94","-32","1","-29","-32","-26","1","-37.5","-61","-14","1","-4945.975783","-7402.51775","-2489.433817","1","-3112.9375","-4173.25","-2194","1","-61","-61","-61","1","-14","-14","-14","1","-14","-14","-14","1","-14","-14","-14","1","-63","-63","-62","1","-14","-14","-14","1","-1734.5","-1788","-1681","1","-200.5","-215","-186","1","-1706.5","-1816","-1597","1","-4930.190884","-7374.986071","-2485.395697","1","-3930.53125","-7336.6875","-820.5625","1","-61","-61","-61","1","-1816","-1816","-1816","1","0","0","0","0","-1597","-1597","-1597","1","-94","-94","-4","1","0","0","0","0","20.27106156","110","96.33424216","3","5","10","15"
"2026-04-15","05:21:00","21","ghost_low_13327_13349","low","26009.75","13349","26004.75","12","6","18","1","24.5","21","28","1","30.5","-3","64","1","-4871.685665","-7344.322763","-2399.048568","1","-82.625","-131","62.5","1","-6","-6","-6","1","-3","-3","-3","1","0","0","0","0","23","23","23","1","13","13","13","1","0","0","0","0","95","-23","213","1","50.5","43","58","1","13.5","-59","86","1","-4871.004654","-7342.568732","-2399.440577","1","-2742.84375","-4112.625","-1517.25","1","-6","-6","-6","1","86","86","86","1","0","0","0","0","86","86","86","1","64","23","64","1","0","0","0","0","-1679.5","-1733","-1626","1","-145.5","-160","-131","1","-805","-1761","151","1","-4859.730116","-7316.201135","-2403.259097","1","-7424.09375","-9355","-3116.6875","1","-6","-6","-6","1","151","151","151","1","0","0","0","0","-1542","-1542","-1542","1","83","67","83","1","0","0","0","0","25.35738082","42","60.42115514","3","5","10","15"
"2026-04-15","08:06:00","06","ghost_high_13490_13514","high","26005","13514","26011.75","-68","-76","-60","1","-8","-13","-3","1","-49","-88","-10","1","-4883.868474","-7367.728801","-2400.008146","1","6.75","-79.5","93","1","-34","-34","-34","1","-88","-88","-88","1","0","0","0","0","-67","-67","-67","1","-8","-8","-8","1","0","0","0","0","67","-51","185","1","-100.5","-112","-89","1","1","-183","185","1","-4883.901984","-7366.176504","-2401.627464","1","-2770.84375","-4140.625","-1401.0625","1","-34","-34","-34","1","-183","-183","-183","1","0","0","0","0","58","58","58","1","-10","-20","-10","1","0","0","0","0","1","-183","185","1","-31.5","-55","-8","1","-833","-1789","123","1","-4868.213718","-7338.753721","-2397.673715","1","-7439.5","-9383","-3104","1","-34","-34","-34","1","123","123","123","1","0","0","0","0","123","123","123","1","-165","-165","-93","1","0","0","0","0","23.08361776","59","109.2688574","3","5","10","15"
"2026-04-15","10:28:00","28","ghost_low_13629_13656","low","25973.75","13656","25944.1666666667","46.33333333","35.33333333","57.33333333","1","24.83333333","14.33333333","35.33333333","1","77.33333333","25.33333333","129.3333333","1","-4596.744099","-7092.463499","-2101.024699","1","198.3020833","102.8333333","279.0833333","1","87.33333333","87.33333333","87.33333333","1","25.33333333","25.33333333","25.33333333","1","0","0","0","0","375.3333333","375.3333333","375.3333333","1","14.33333333","3.333333333","14.33333333","1","0","0","0","0","337.3333333","219.3333333","455.3333333","1","284.3333333","266.3333333","302.3333333","1","240.8333333","105.3333333","376.3333333","1","-4598.093071","-7091.40248","-2104.783662","1","-2500.510417","-4014.479167","-986.5416667","1","87.33333333","87.33333333","87.33333333","1","376.3333333","376.3333333","376.3333333","1","0","0","0","0","328.3333333","328.3333333","328.3333333","1","212.3333333","205.3333333","212.3333333","1","0","0","0","0","271.3333333","87.33333333","455.3333333","1","219.3333333","215.3333333","223.3333333","1","424.3333333","393.3333333","455.3333333","1","-4585.932987","-7065.134028","-2106.731946","1","-7169.166667","-9112.666667","-2833.666667","1","87.33333333","87.33333333","87.33333333","1","455.3333333","455.3333333","455.3333333","1","0","0","0","0","393.3333333","393.3333333","393.3333333","1","376.3333333","351.3333333","376.3333333","1","455.3333333","455.3333333","455.3333333","1","34.03019076","261","267.7229149","3","5","10","15"
"2026-04-15","11:41:00","41","ghost_high_13703_13729","high","25999.75","13729","25992.25","11","2","20","1","-6","-14","2","1","6.5","-43","56","1","-4777.051039","-7280.947037","-2273.155041","1","6.734375","-94.21875","92.15625","1","-9","-9","-9","1","-43","-43","-43","1","0","0","0","0","12","12","12","1","12","8","12","1","0","0","0","0","145","27","263","1","-103","-125","-81","1","-25","-234","184","1","-4776.614288","-7279.278648","-2273.949929","1","-2692.84375","-4351","-1034.6875","1","-9","-9","-9","1","-234","-234","-234","1","0","0","0","0","136","136","136","1","-59","-59","-50","1","0","0","0","0","79","-105","263","1","28","25","31","1","232","201","263","1","-4767.055524","-7253.887123","-2280.223924","1","-7361.5","-9305","-3026","1","-9","-9","-9","1","263","263","263","1","0","0","0","0","201","201","201","1","-234","-234","-54","1","263","263","263","1","26.99841422","275","153.5814353","3","5","10","15"
"2026-04-15","14:05:00","05","ghost_high_13849_13873","high","26059.75","13873","26076.4166666667","3.833333333","-25.66666667","33.33333333","1","-26.16666667","-32.66666667","-19.66666667","1","-130.1666667","-203.6666667","-56.66666667","1","-5027.217072","-7591.513893","-2462.920251","1","-333.5572917","-494.7916667","-191.2916667","1","-73.66666667","-73.66666667","-73.66666667","1","-56.66666667","-56.66666667","-56.66666667","1","0","0","0","0","-56.66666667","-56.66666667","-56.66666667","1","33.33333333","30.33333333","33.33333333","1","0","0","0","0","-221.6666667","-376.6666667","-66.66666667","1","-362.6666667","-379.6666667","-345.6666667","1","-370.1666667","-463.6666667","-276.6666667","1","-5032.909134","-7591.862746","-2473.955522","1","-3009.026042","-4687.666667","-1184.416667","1","-73.66666667","-73.66666667","-73.66666667","1","-276.6666667","-276.6666667","-276.6666667","1","0","0","0","0","-200.6666667","-200.6666667","-200.6666667","1","-203.6666667","-203.6666667","-152.6666667","1","0","0","0","0","-257.6666667","-441.6666667","-73.66666667","1","-308.6666667","-311.6666667","-305.6666667","1","-322.1666667","-570.6666667","-73.66666667","1","-5016.960513","-7565.271624","-2468.649402","1","-7686.588542","-9641.666667","-3325.260417","1","-73.66666667","-73.66666667","-73.66666667","1","-570.6666667","-570.6666667","-570.6666667","1","0","0","0","0","-135.6666667","-135.6666667","-135.6666667","1","-389.6666667","-389.6666667","-345.6666667","1","0","0","0","0","67.6651671","827","1191.752196","3","5","10","15"
"2026-04-15","15:29:00","29","ghost_high_13931_13957","high","26179.5","13957","26199","1.5","-9","12","1","-36.5","-41","-32","1","-125","-241","-9","1","-5420.287323","-8058.099009","-2782.475636","1","-708.921875","-1061","-289.78125","1","-564","-564","-564","1","-9","-9","-9","1","0","0","0","0","-9","-9","-9","1","12","-2","12","1","0","0","0","0","-528","-602","-454","1","-184.5","-185","-184","1","-817","-867","-767","1","-5427.699247","-8058.128095","-2797.270398","1","-3488.8125","-5178","-1477.875","1","-564","-564","-564","1","-867","-867","-867","1","0","0","0","0","-691","-691","-691","1","-202","-202","-188","1","0","0","0","0","-748","-932","-564","1","-684.5","-767","-602","1","-812.5","-1061","-564","1","-5433.181182","-8037.759218","-2828.603146","1","-8092.421875","-10132","-3542.59375","1","-564","-564","-564","1","-1061","-1061","-1061","1","0","0","0","0","-626","-626","-626","1","-602","-602","-519","1","0","0","0","0","36.15570469","672","778.2409673","3","5","10","15"
"2026-04-15","15:54:00","54","ghost_high_13957_13982","high","26202","13982","26208","-58","-76","-40","1","-21.5","-29","-14","1","-4.5","-39","30","1","-5435.471858","-8089.358201","-2781.585515","1","-868.078125","-1097","-251.75","1","-600","-600","-600","1","30","30","30","1","0","0","0","0","-45","-45","-45","1","22","21","22","1","0","0","0","0","-564","-638","-490","1","-110.5","-114","-107","1","-853","-903","-803","1","-5437.544881","-8088.210668","-2786.879094","1","-3657.1875","-5214","-1281","1","-600","-600","-600","1","-903","-903","-903","1","0","0","0","0","-727","-727","-727","1","-120","-120","-117","1","0","0","0","0","-784","-968","-600","1","-720.5","-803","-638","1","-848.5","-1097","-600","1","-5469.181182","-8073.759218","-2864.603146","1","-8128.421875","-10168","-3578.59375","1","-600","-600","-600","1","-1097","-1097","-1097","1","0","0","0","0","-662","-662","-662","1","-638","-638","-555","1","0","0","0","0","41.40945146","414","655.7908063","3","5","10","15"
"2026-04-15","23:48:00","48","ghost_high_14357_14396","high","26399","14396","26406.0833333333","-68.83333333","-76.33333333","-61.33333333","1","-23.83333333","-32.33333333","-15.33333333","1","-62.83333333","-81.33333333","-44.33333333","1","-5968.945928","-8817.703906","-3120.187949","1","-852.2552083","-1215.333333","-412.7395833","1","-114.3333333","-114.3333333","-114.3333333","1","-44.33333333","-44.33333333","-44.33333333","1","-44.33333333","-44.33333333","-44.33333333","1","-63.33333333","-63.33333333","-63.33333333","1","-15.33333333","-15.33333333","-12.33333333","1","-44.33333333","-44.33333333","-44.33333333","1","-66.83333333","-90.33333333","-43.33333333","1","-111.3333333","-117.3333333","-105.3333333","1","-522.8333333","-931.3333333","-114.3333333","1","-5969.203673","-8816.309485","-3122.09786","1","-4418.427083","-6006.333333","-1709.645833","1","-114.3333333","-114.3333333","-114.3333333","1","-114.3333333","-114.3333333","-114.3333333","1","0","0","0","0","-1519.333333","-1519.333333","-1519.333333","1","-81.33333333","-81.33333333","-65.33333333","1","0","0","0","0","-1576.333333","-1760.333333","-1392.333333","1","-333.8333333","-363.3333333","-304.3333333","1","-1640.833333","-1889.333333","-1392.333333","1","-5955.991572","-8791.601166","-3120.381978","1","-8744.442708","-10960.33333","-4483.114583","1","-114.3333333","-114.3333333","-114.3333333","1","-1889.333333","-1889.333333","-1889.333333","1","0","0","0","0","-1454.333333","-1454.333333","-1454.333333","1","-244.3333333","-244.3333333","-224.3333333","1","0","0","0","0","14.01233272","186","131.556254","3","5","10","15"
"2026-04-16","01:12:00","12","ghost_low_14434_14480","low","26403.25","14480","26439.4166666667","-29.66666667","-45.66666667","-13.66666667","1","-28.16666667","-29.66666667","-26.66666667","1","-46.16666667","-53.66666667","-38.66666667","1","-6090.624103","-8948.899051","-3232.349155","1","-984.4947917","-1348.666667","-406.1041667","1","-81.66666667","-81.66666667","-81.66666667","1","-53.66666667","-53.66666667","-53.66666667","1","-53.66666667","-53.66666667","-53.66666667","1","-38.66666667","-38.66666667","-38.66666667","1","5.333333333","3.333333333","5.333333333","1","-53.66666667","-53.66666667","-53.66666667","1","-200.1666667","-223.6666667","-176.6666667","1","-40.66666667","-65.66666667","-15.66666667","1","-235.6666667","-247.6666667","-223.6666667","1","-6090.068989","-8947.355561","-3232.782417","1","-4502.885417","-6139.666667","-1710.729167","1","-81.66666667","-81.66666667","-81.66666667","1","-223.6666667","-223.6666667","-223.6666667","1","0","0","0","0","-1652.666667","-1652.666667","-1652.666667","1","6.333333333","-7.666666667","6.333333333","1","0","0","0","0","-1709.666667","-1893.666667","-1525.666667","1","-248.1666667","-272.6666667","-223.6666667","1","-1774.166667","-2022.666667","-1525.666667","1","-6075.905022","-8922.481173","-3229.328872","1","-9183.104167","-11093.66667","-4493.541667","1","-81.66666667","-81.66666667","-81.66666667","1","-2022.666667","-2022.666667","-2022.666667","1","0","0","0","0","-1587.666667","-1587.666667","-1587.666667","1","-202.6666667","-202.6666667","-125.6666667","1","0","0","0","0","18.70950465","77","102.6250924","3","5","10","15"
"2026-04-16","01:58:00","58","ghost_low_14474_14526","low","26426","14526","26445.4166666667","-53.66666667","-69.66666667","-37.66666667","1","10.33333333","7.333333333","13.33333333","1","9.333333333","-60.66666667","79.33333333","1","-6109.061764","-8971.984317","-3246.139211","1","-397.1041667","-964.2916667","79.33333333","1","-105.6666667","-105.6666667","-105.6666667","1","79.33333333","79.33333333","79.33333333","1","0","0","0","0","-62.66666667","-62.66666667","-62.66666667","1","-10.66666667","-10.66666667","-6.666666667","1","0","0","0","0","-224.1666667","-247.6666667","-200.6666667","1","-64.66666667","-89.66666667","-39.66666667","1","-259.6666667","-271.6666667","-247.6666667","1","-6109.007682","-8970.521424","-3247.49394","1","-4505.369792","-6163.666667","-1676.510417","1","-105.6666667","-105.6666667","-105.6666667","1","-247.6666667","-247.6666667","-247.6666667","1","0","0","0","0","-1676.666667","-1676.666667","-1676.666667","1","-28.66666667","-28.66666667","-23.66666667","1","0","0","0","0","-1733.666667","-1917.666667","-1549.666667","1","-272.1666667","-296.6666667","-247.6666667","1","-1798.166667","-2046.666667","-1549.666667","1","-6099.905022","-8946.481173","-3253.328872","1","-9207.104167","-11117.66667","-4517.541667","1","-105.6666667","-105.6666667","-105.6666667","1","-2046.666667","-2046.666667","-2046.666667","1","0","0","0","0","-1611.666667","-1611.666667","-1611.666667","1","-226.6666667","-226.6666667","-149.6666667","1","0","0","0","0","17.00080481","48","86.08260967","3","5","10","15"
"2026-04-16","01:58:00","58","ghost_high_14489_14526","high","26449.75","14526","26445.4166666667","-53.66666667","-69.66666667","-37.66666667","1","10.33333333","7.333333333","13.33333333","1","9.333333333","-60.66666667","79.33333333","1","-6109.061764","-8971.984317","-3246.139211","1","-397.1041667","-964.2916667","79.33333333","1","-105.6666667","-105.6666667","-105.6666667","1","79.33333333","79.33333333","79.33333333","1","0","0","0","0","-62.66666667","-62.66666667","-62.66666667","1","-10.66666667","-10.66666667","-6.666666667","1","0","0","0","0","-224.1666667","-247.6666667","-200.6666667","1","-64.66666667","-89.66666667","-39.66666667","1","-259.6666667","-271.6666667","-247.6666667","1","-6109.007682","-8970.521424","-3247.49394","1","-4505.369792","-6163.666667","-1676.510417","1","-105.6666667","-105.6666667","-105.6666667","1","-247.6666667","-247.6666667","-247.6666667","1","0","0","0","0","-1676.666667","-1676.666667","-1676.666667","1","-28.66666667","-28.66666667","-23.66666667","1","0","0","0","0","-1733.666667","-1917.666667","-1549.666667","1","-272.1666667","-296.6666667","-247.6666667","1","-1798.166667","-2046.666667","-1549.666667","1","-6099.905022","-8946.481173","-3253.328872","1","-9207.104167","-11117.66667","-4517.541667","1","-105.6666667","-105.6666667","-105.6666667","1","-2046.666667","-2046.666667","-2046.666667","1","0","0","0","0","-1611.666667","-1611.666667","-1611.666667","1","-226.6666667","-226.6666667","-149.6666667","1","0","0","0","0","17.00080481","48","86.08260967","3","5","10","15"
"2026-04-16","03:04:00","04","ghost_low_14528_14592","low","26439.75","14592","26452.5833333333","-15.33333333","-20.33333333","-10.33333333","1","-25.33333333","-28.33333333","-22.33333333","1","-48.33333333","-51.33333333","-45.33333333","1","-6133.231255","-8999.900471","-3266.56204","1","-405.5833333","-752.3333333","-95.33333333","1","-134.3333333","-134.3333333","-134.3333333","1","-45.33333333","-45.33333333","-45.33333333","1","-45.33333333","-45.33333333","-45.33333333","1","-17.33333333","-17.33333333","-17.33333333","1","2.666666667","-0.3333333333","2.666666667","1","-45.33333333","-45.33333333","-45.33333333","1","-252.8333333","-276.3333333","-229.3333333","1","-93.33333333","-118.3333333","-68.33333333","1","-112.8333333","-276.3333333","50.66666667","1","-6132.898667","-8998.391432","-3267.405902","1","-4534.036458","-6192.333333","-1705.177083","1","-134.3333333","-134.3333333","-134.3333333","1","50.66666667","50.66666667","50.66666667","1","0","0","0","0","-1705.333333","-1705.333333","-1705.333333","1","-7.333333333","-17.33333333","-7.333333333","1","0","0","0","0","-1762.333333","-1946.333333","-1578.333333","1","-120.3333333","-134.3333333","-106.3333333","1","-1826.833333","-2075.333333","-1578.333333","1","-6117.213125","-8973.267133","-3261.159117","1","-9221.848958","-11146.33333","-4498.114583","1","-134.3333333","-134.3333333","-134.3333333","1","-2075.333333","-2075.333333","-2075.333333","1","0","0","0","0","-1640.333333","-1640.333333","-1640.333333","1","-51.33333333","-51.33333333","-47.33333333","1","0","0","0","0","14.55871017","27","64.15225632","3","5","10","15"
"2026-04-16","07:12:00","12","ghost_low_14789_14840","low","26464.25","14840","26459.0833333333","92.16666667","88.66666667","95.66666667","1","27.66666667","24.66666667","30.66666667","1","46.66666667","-10.33333333","103.6666667","1","-6136.596935","-9022.1088","-3251.085069","1","-39.67708333","-161.3958333","82.04166667","1","24.66666667","24.66666667","24.66666667","1","-10.33333333","-10.33333333","-10.33333333","1","0","0","0","0","84.66666667","84.66666667","84.66666667","1","10.66666667","9.666666667","10.66666667","1","0","0","0","0","-278.8333333","-302.3333333","-255.3333333","1","31.66666667","8.666666667","54.66666667","1","-31.33333333","-170.3333333","107.6666667","1","-6136.049389","-9020.574351","-3251.524427","1","-4735.677083","-6218.333333","-1671.520833","1","24.66666667","24.66666667","24.66666667","1","107.6666667","107.6666667","107.6666667","1","0","0","0","0","-1731.333333","-1731.333333","-1731.333333","1","89.66666667","82.66666667","89.66666667","1","0","0","0","0","-89.33333333","-120.3333333","-58.33333333","1","-36.83333333","-58.33333333","-15.33333333","1","-1038.333333","-2101.333333","24.66666667","1","-6122.027677","-8995.741474","-3248.31388","1","-9233.583333","-11172.33333","-4474.833333","1","24.66666667","24.66666667","24.66666667","1","24.66666667","24.66666667","24.66666667","1","0","0","0","0","-1666.333333","-1666.333333","-1666.333333","1","-15.33333333","-15.33333333","-13.33333333","1","0","0","0","0","18.64002413","79","104.4823478","3","5","10","15"
"2026-04-16","08:01:00","01","ghost_low_14837_14889","low","26456.5","14889","26459.1666666667","70.83333333","61.33333333","80.33333333","1","-3.666666667","-7.666666667","0.3333333333","1","43.83333333","-27.66666667","115.3333333","1","-6131.391389","-9021.538715","-3241.244064","1","-39.74479167","-157.6041667","78.11458333","1","24.33333333","24.33333333","24.33333333","1","-27.66666667","-27.66666667","-27.66666667","1","0","0","0","0","46.33333333","46.33333333","46.33333333","1","11.33333333","1.333333333","11.33333333","1","0","0","0","0","75.83333333","36.33333333","115.3333333","1","61.83333333","51.33333333","72.33333333","1","105.3333333","103.3333333","107.3333333","1","-6130.877001","-9020.01045","-3241.743553","1","-4734.135417","-6218.666667","-1666.104167","1","24.33333333","24.33333333","24.33333333","1","103.3333333","103.3333333","103.3333333","1","103.3333333","103.3333333","103.3333333","1","103.3333333","103.3333333","103.3333333","1","53.33333333","50.33333333","53.33333333","1","103.3333333","103.3333333","103.3333333","1","43.83333333","-27.66666667","115.3333333","1","-37.16666667","-58.66666667","-15.66666667","1","-1038.666667","-2101.666667","24.33333333","1","-6115.280386","-8994.905719","-3235.655054","1","-9232.541667","-11172.66667","-4470.416667","1","24.33333333","24.33333333","24.33333333","1","24.33333333","24.33333333","24.33333333","1","0","0","0","0","24.33333333","24.33333333","24.33333333","1","115.3333333","82.33333333","115.3333333","1","0","0","0","0","19.41234056","188","126.0075821","3","5","10","15"
"2026-04-16","15:51:00","51","ghost_low_15272_15359","low","26311","15359","26489.6666666667","29.83333333","-5.666666667","65.33333333","1","72.83333333","57.33333333","88.33333333","1","6.833333333","-58.66666667","72.33333333","1","-5961.141179","-9056.39483","-2865.887529","1","-304.9479167","-589.1666667","-20.72916667","1","-6.666666667","-6.666666667","-6.666666667","1","72.33333333","72.33333333","72.33333333","1","0","0","0","0","33.33333333","33.33333333","33.33333333","1","-32.66666667","-32.66666667","-24.66666667","1","0","0","0","0","-457.6666667","-577.6666667","-337.6666667","1","-192.1666667","-267.6666667","-116.6666667","1","-501.1666667","-856.6666667","-145.6666667","1","-5961.193373","-9055.350297","-2867.036449","1","-1933.572917","-3893.791667","-160.0416667","1","-6.666666667","-6.666666667","-6.666666667","1","-856.6666667","-856.6666667","-856.6666667","1","0","0","0","0","-268.6666667","-268.6666667","-268.6666667","1","86.33333333","72.33333333","86.33333333","1","0","0","0","0","-78.16666667","-149.6666667","-6.666666667","1","-240.6666667","-257.6666667","-223.6666667","1","-52.16666667","-97.66666667","-6.666666667","1","-6018.816122","-9050.566054","-2987.066191","1","-9354.541667","-11294.66667","-4592.416667","1","-6.666666667","-6.666666667","-6.666666667","1","-6.666666667","-6.666666667","-6.666666667","1","0","0","0","0","-97.66666667","-97.66666667","-97.66666667","1","-796.6666667","-796.6666667","-673.6666667","1","-6.666666667","-6.666666667","-6.666666667","1","64.89519869","932","1052.890834","3","5","10","15"
"2026-04-16","15:51:00","51","ghost_high_15337_15359","high","26506","15359","26489.6666666667","29.83333333","-5.666666667","65.33333333","1","72.83333333","57.33333333","88.33333333","1","6.833333333","-58.66666667","72.33333333","1","-5961.141179","-9056.39483","-2865.887529","1","-304.9479167","-589.1666667","-20.72916667","1","-6.666666667","-6.666666667","-6.666666667","1","72.33333333","72.33333333","72.33333333","1","0","0","0","0","33.33333333","33.33333333","33.33333333","1","-32.66666667","-32.66666667","-24.66666667","1","0","0","0","0","-457.6666667","-577.6666667","-337.6666667","1","-192.1666667","-267.6666667","-116.6666667","1","-501.1666667","-856.6666667","-145.6666667","1","-5961.193373","-9055.350297","-2867.036449","1","-1933.572917","-3893.791667","-160.0416667","1","-6.666666667","-6.666666667","-6.666666667","1","-856.6666667","-856.6666667","-856.6666667","1","0","0","0","0","-268.6666667","-268.6666667","-268.6666667","1","86.33333333","72.33333333","86.33333333","1","0","0","0","0","-78.16666667","-149.6666667","-6.666666667","1","-240.6666667","-257.6666667","-223.6666667","1","-52.16666667","-97.66666667","-6.666666667","1","-6018.816122","-9050.566054","-2987.066191","1","-9354.541667","-11294.66667","-4592.416667","1","-6.666666667","-6.666666667","-6.666666667","1","-6.666666667","-6.666666667","-6.666666667","1","0","0","0","0","-97.66666667","-97.66666667","-97.66666667","1","-796.6666667","-796.6666667","-673.6666667","1","-6.666666667","-6.666666667","-6.666666667","1","64.89519869","932","1052.890834","3","5","10","15"
"2026-04-16","16:39:00","39","ghost_low_15358_15407","low","26472.25","15407","26493.0833333333","171.6666667","155.6666667","187.6666667","1","-57.33333333","-66.33333333","-48.33333333","1","-31.33333333","-250.3333333","187.6666667","1","-5923.497729","-9055.17888","-2791.816578","1","-491.6770833","-870.3333333","-113.0208333","1","-20.33333333","-20.33333333","-20.33333333","1","-250.3333333","-250.3333333","-250.3333333","1","0","0","0","0","139.6666667","139.6666667","139.6666667","1","-47.33333333","-47.33333333","-31.33333333","1","0","0","0","0","-471.3333333","-591.3333333","-351.3333333","1","102.1666667","72.66666667","131.6666667","1","-514.8333333","-870.3333333","-159.3333333","1","-5940.617133","-9059.808409","-2821.425857","1","-2082.739583","-4070.520833","-94.95833333","1","-20.33333333","-20.33333333","-20.33333333","1","-870.3333333","-870.3333333","-870.3333333","1","0","0","0","0","-282.3333333","-282.3333333","-282.3333333","1","279.6666667","273.6666667","279.6666667","1","0","0","0","0","-514.8333333","-870.3333333","-159.3333333","1","-254.3333333","-271.3333333","-237.3333333","1","-65.83333333","-111.3333333","-20.33333333","1","-5950.405377","-9041.512866","-2859.297889","1","-9330.395833","-11308.33333","-4475.458333","1","-20.33333333","-20.33333333","-20.33333333","1","-20.33333333","-20.33333333","-20.33333333","1","0","0","0","0","-111.3333333","-111.3333333","-111.3333333","1","-357.3333333","-357.3333333","-357.3333333","1","-20.33333333","-20.33333333","-20.33333333","1","64.46325364","975","1572.118057","3","5","10","15"
"2026-04-16","17:37:00","37","ghost_high_15415_15465","high","26520","15465","26469.3333333333","54.16666667","22.66666667","85.66666667","1","19.16666667","15.66666667","22.66666667","1","93.16666667","77.66666667","108.6666667","1","-5773.991119","-8941.345277","-2606.63696","1","-396.6770833","-775.3333333","18.04166667","1","-14.33333333","-14.33333333","-14.33333333","1","108.6666667","108.6666667","108.6666667","1","108.6666667","108.6666667","108.6666667","1","77.66666667","77.66666667","77.66666667","1","-18.33333333","-18.33333333","-9.333333333","1","108.6666667","108.6666667","108.6666667","1","-376.3333333","-496.3333333","-256.3333333","1","53.16666667","50.66666667","55.66666667","1","111.6666667","-155.3333333","378.6666667","1","-5777.998692","-8941.915336","-2614.082048","1","-1987.739583","-3975.520833","0.04166666667","1","-14.33333333","-14.33333333","-14.33333333","1","-155.3333333","-155.3333333","-155.3333333","1","0","0","0","0","-187.3333333","-187.3333333","-187.3333333","1","-115.3333333","-115.3333333","-89.33333333","1","0","0","0","0","-419.8333333","-775.3333333","-64.33333333","1","-170.8333333","-186.3333333","-155.3333333","1","-350.3333333","-775.3333333","74.66666667","1","-5794.353677","-8927.287853","-2661.419501","1","-9220.958333","-11213.33333","-4330.583333","1","-14.33333333","-14.33333333","-14.33333333","1","-775.3333333","-775.3333333","-775.3333333","1","0","0","0","0","-16.33333333","-16.33333333","-16.33333333","1","378.6666667","257.6666667","378.6666667","1","0","0","0","0","47.19008827","480","719.0572406","3","5","10","15"
"2026-04-16","20:28:00","28","ghost_low_15561_15636","low","26434.25","15636","26455.25","-34","-51","-17","1","5","0","10","1","5","-13","23","1","-5565.302567","-8821.761891","-2308.843243","1","56.34375","-286.25","362.875","1","40","40","40","1","23","23","23","1","0","0","0","0","54","54","54","1","4","-1","4","1","0","0","0","0","154.5","91","218","1","38.5","25","52","1","-91.5","-401","218","1","-5565.03504","-8820.797546","-2309.272534","1","-30.78125","-2918.625","435","1","40","40","40","1","-401","-401","-401","1","0","0","0","0","-131","-131","-131","1","-33","-33","-30","1","0","0","0","0","-363.5","-719","-8","1","-114.5","-130","-99","1","-142","-719","435","1","-5562.735069","-8801.287257","-2324.182881","1","-9164.625","-11157","-4274.25","1","40","40","40","1","435","435","435","1","0","0","0","0","40","40","40","1","-84","-84","-69","1","0","0","0","0","24.25193726","52","121.7825944","3","5","10","15"
"2026-04-16","20:28:00","28","ghost_high_15607_15636","high","26498.5","15636","26455.25","-34","-51","-17","1","5","0","10","1","5","-13","23","1","-5565.302567","-8821.761891","-2308.843243","1","56.34375","-286.25","362.875","1","40","40","40","1","23","23","23","1","0","0","0","0","54","54","54","1","4","-1","4","1","0","0","0","0","154.5","91","218","1","38.5","25","52","1","-91.5","-401","218","1","-5565.03504","-8820.797546","-2309.272534","1","-30.78125","-2918.625","435","1","40","40","40","1","-401","-401","-401","1","0","0","0","0","-131","-131","-131","1","-33","-33","-30","1","0","0","0","0","-363.5","-719","-8","1","-114.5","-130","-99","1","-142","-719","435","1","-5562.735069","-8801.287257","-2324.182881","1","-9164.625","-11157","-4274.25","1","40","40","40","1","435","435","435","1","0","0","0","0","40","40","40","1","-84","-84","-69","1","0","0","0","0","24.25193726","52","121.7825944","3","5","10","15"
"2026-04-16","22:21:00","21","ghost_high_15655_15689","high","26471.5","15689","26473.4166666667","26.83333333","15.33333333","38.33333333","1","1.333333333","-7.666666667","10.33333333","1","15.83333333","-5.666666667","37.33333333","1","-5631.710174","-8891.738464","-2371.681885","1","-16.32291667","-358.9166667","290.2083333","1","-30.66666667","-30.66666667","-30.66666667","1","-5.666666667","-5.666666667","-5.666666667","1","0","0","0","0","36.33333333","36.33333333","36.33333333","1","5.333333333","5.333333333","5.333333333","1","0","0","0","0","81.83333333","18.33333333","145.3333333","1","-8.166666667","-10.66666667","-5.666666667","1","-186.6666667","-473.6666667","100.3333333","1","-5630.722704","-8890.461292","-2370.984116","1","-103.4479167","-2991.291667","362.3333333","1","-30.66666667","-30.66666667","-30.66666667","1","100.3333333","100.3333333","100.3333333","1","0","0","0","0","-203.6666667","-203.6666667","-203.6666667","1","40.33333333","15.33333333","40.33333333","1","0","0","0","0","-436.1666667","-791.6666667","-80.66666667","1","-187.1666667","-202.6666667","-171.6666667","1","-214.6666667","-791.6666667","362.3333333","1","-5619.351183","-8867.095524","-2371.606843","1","-9237.291667","-11229.66667","-4346.916667","1","-30.66666667","-30.66666667","-30.66666667","1","362.3333333","362.3333333","362.3333333","1","0","0","0","0","-32.66666667","-32.66666667","-32.66666667","1","69.33333333","43.33333333","69.33333333","1","0","0","0","0","19.13436567","25","72.99455309","3","5","10","15"
"2026-04-17","02:46:00","46","ghost_high_15897_15954","high","26497","15954","26469.5","75.5","69","82","1","7.5","7","8","1","13","-2","28","1","-5598.104737","-8868.478327","-2327.731147","1","73.953125","-129.15625","161","1","-15","-15","-15","1","28","28","28","1","0","0","0","0","80","80","80","1","-8","-8","-5","1","0","0","0","0","4","-15","23","1","58","47","69","1","78.5","44","113","1","-5597.332964","-8867.297231","-2327.368697","1","-87.78125","-2789.3125","378","1","-15","-15","-15","1","44","44","44","1","0","0","0","0","76","76","76","1","-15","-15","-8","1","0","0","0","0","-420.5","-776","-65","1","-171.5","-187","-156","1","-40","-458","378","1","-5586.00972","-8843.95751","-2328.06193","1","-9221.625","-11214","-4331.25","1","-15","-15","-15","1","-458","-458","-458","1","0","0","0","0","-17","-17","-17","1","44","44","72","1","0","0","0","0","14.61603119","58","41.92027275","3","5","10","15"
"2026-04-17","03:58:00","58","ghost_high_15949_16026","high","26476.5","16026","26460.75","-31","-43","-19","1","-2","-3","-1","1","-10.5","-28","7","1","-5560.295033","-8832.227594","-2288.362473","1","106","-49","151","1","18","18","18","1","7","7","7","1","0","0","0","0","-26","-26","-26","1","-3","-3","-3","1","0","0","0","0","-16.5","-30","-3","1","93","82","104","1","28","-23","79","1","-5559.502959","-8831.039962","-2287.965955","1","-38.171875","-2835.4375","413","1","18","18","18","1","-23","-23","-23","1","0","0","0","0","-23","-23","-23","1","-30","-30","-19","1","-23","-23","-23","1","-385.5","-741","-30","1","-136.5","-152","-121","1","-5","-423","413","1","-5547.64693","-8807.500658","-2287.793203","1","-9186.625","-11179","-4296.25","1","18","18","18","1","-423","-423","-423","1","0","0","0","0","18","18","18","1","137","114","137","1","0","0","0","0","10.30001265","24","29.03968804","3","5","10","15"
"2026-04-17","05:54:00","54","ghost_high_16102_16142","high","26459.5","16142","26466.25","-53.5","-59","-48","1","-43.5","-59","-28","1","-58.5","-92","-25","1","-5577.113897","-8851.925226","-2302.302567","1","-14.765625","-90.5625","61.03125","1","-2","-2","-2","1","-25","-25","-25","1","0","0","0","0","-34","-34","-34","1","4","4","4","1","-25","-25","-25","1","-38.5","-52","-25","1","-23","-27","-19","1","-21.5","-105","62","1","-5576.206605","-8850.685979","-2301.727231","1","-11.1875","-2343.875","391","1","-2","-2","-2","1","-105","-105","-105","1","0","0","0","0","-45","-45","-45","1","-50","-50","-41","1","0","0","0","0","-407.5","-763","-52","1","32.5","8","57","1","-159.5","-445","126","1","-5565.135807","-8827.507032","-2302.764582","1","-9208.625","-11201","-4318.25","1","-2","-2","-2","1","126","126","126","1","0","0","0","0","-4","-4","-4","1","-41","-41","-28","1","0","0","0","0","14.8458539","25","33.2267124","3","5","10","15"
"2026-04-17","08:34:00","34","ghost_high_16273_16302","high","26495.25","16302","26499.1666666667","-89.66666667","-106.6666667","-72.66666667","1","-19.16666667","-28.66666667","-9.666666667","1","-20.66666667","-51.66666667","10.33333333","1","-5697.980915","-8978.876604","-2417.085226","1","-39.83854167","-136.3229167","10.33333333","1","-5.666666667","-5.666666667","-5.666666667","1","10.33333333","10.33333333","10.33333333","1","0","0","0","0","-73.66666667","-73.66666667","-73.66666667","1","-4.666666667","-4.666666667","-4.666666667","1","0","0","0","0","-170.1666667","-183.6666667","-156.6666667","1","-61.66666667","-63.66666667","-59.66666667","1","-142.6666667","-209.6666667","-75.66666667","1","-5697.20689","-8977.688684","-2416.725095","1","-105.6666667","-2222.666667","259.3333333","1","-5.666666667","-5.666666667","-5.666666667","1","-209.6666667","-209.6666667","-209.6666667","1","0","0","0","0","-176.6666667","-176.6666667","-176.6666667","1","-51.66666667","-51.66666667","-40.66666667","1","0","0","0","0","-539.1666667","-894.6666667","-183.6666667","1","-99.16666667","-123.6666667","-74.66666667","1","-291.1666667","-576.6666667","-5.666666667","1","-5685.632543","-8954.245993","-2417.019092","1","-9340.291667","-11332.66667","-4449.916667","1","-5.666666667","-5.666666667","-5.666666667","1","-5.666666667","-5.666666667","-5.666666667","1","0","0","0","0","-135.6666667","-135.6666667","-135.6666667","1","-168.6666667","-168.6666667","-168.6666667","1","0","0","0","0","15.60525859","46","74.59528882","3","5","10","15"
"2026-04-17","09:39:00","39","ghost_high_16337_16367","high","26528","16367","26510.5833333333","33.66666667","25.66666667","41.66666667","1","11.16666667","8.666666667","13.66666667","1","12.16666667","-17.33333333","41.66666667","1","-5738.120565","-9022.284302","-2453.956828","1","-144.0520833","-227.0208333","-61.08333333","1","-51.33333333","-51.33333333","-51.33333333","1","-17.33333333","-17.33333333","-17.33333333","1","0","0","0","0","-36.33333333","-36.33333333","-36.33333333","1","3.666666667","1.666666667","3.666666667","1","0","0","0","0","-215.8333333","-229.3333333","-202.3333333","1","-14.33333333","-35.33333333","6.666666667","1","-188.3333333","-255.3333333","-121.3333333","1","-5737.890134","-9021.315194","-2454.465073","1","-151.3333333","-2268.333333","213.6666667","1","-51.33333333","-51.33333333","-51.33333333","1","-255.3333333","-255.3333333","-255.3333333","1","0","0","0","0","-222.3333333","-222.3333333","-222.3333333","1","-10.33333333","-10.33333333","-9.333333333","1","0","0","0","0","-584.8333333","-940.3333333","-229.3333333","1","-144.8333333","-169.3333333","-120.3333333","1","-166.8333333","-282.3333333","-51.33333333","1","-5726.595809","-8997.967662","-2455.223956","1","-9385.958333","-11378.33333","-4495.583333","1","-51.33333333","-51.33333333","-51.33333333","1","-282.3333333","-282.3333333","-282.3333333","1","0","0","0","0","-181.3333333","-181.3333333","-181.3333333","1","-135.3333333","-135.3333333","-87.33333333","1","0","0","0","0","18.91305693","41","72.44432355","3","5","10","15"
"2026-04-17","15:41:00","41","ghost_low_16684_16729","low","26802","16729","26862","-67","-80","-54","1","-123","-125","-121","1","6","-48","60","1","-6833.750792","-10333.9561","-3333.545486","1","-636.515625","-1126.65625","-146.375","1","-1175","-1175","-1175","1","-48","-48","-48","1","0","0","0","0","-191","-191","-191","1","26","17","26","1","0","0","0","0","-124","-217","-31","1","-330","-430","-230","1","-477.5","-930","-25","1","-6833.305047","-10333.04953","-3333.560561","1","-1498.59375","-3385.3125","60","1","-1175","-1175","-1175","1","-25","-25","-25","1","0","0","0","0","-1628","-1628","-1628","1","-87","-87","-77","1","0","0","0","0","-1990.5","-2346","-1635","1","-1052.5","-1175","-930","1","-1572.5","-1688","-1457","1","-6866.989166","-10325.00225","-3408.976083","1","-10591.04688","-12784","-4809.625","1","-1175","-1175","-1175","1","-1688","-1688","-1688","1","0","0","0","0","-1587","-1587","-1587","1","-590","-590","-521","1","0","0","0","0","57.54755865","674","921.8843414","3","5","10","15"
"2026-04-17","15:41:00","41","ghost_high_16679_16729","high","26855.75","16729","26862","-67","-80","-54","1","-123","-125","-121","1","6","-48","60","1","-6833.750792","-10333.9561","-3333.545486","1","-636.515625","-1126.65625","-146.375","1","-1175","-1175","-1175","1","-48","-48","-48","1","0","0","0","0","-191","-191","-191","1","26","17","26","1","0","0","0","0","-124","-217","-31","1","-330","-430","-230","1","-477.5","-930","-25","1","-6833.305047","-10333.04953","-3333.560561","1","-1498.59375","-3385.3125","60","1","-1175","-1175","-1175","1","-25","-25","-25","1","0","0","0","0","-1628","-1628","-1628","1","-87","-87","-77","1","0","0","0","0","-1990.5","-2346","-1635","1","-1052.5","-1175","-930","1","-1572.5","-1688","-1457","1","-6866.989166","-10325.00225","-3408.976083","1","-10591.04688","-12784","-4809.625","1","-1175","-1175","-1175","1","-1688","-1688","-1688","1","0","0","0","0","-1587","-1587","-1587","1","-590","-590","-521","1","0","0","0","0","57.54755865","674","921.8843414","3","5","10","15"
"2026-04-17","16:57:00","57","ghost_low_16766_16805","low","26823.75","16805","26858.4166666667","-83.66666667","-133.6666667","-33.66666667","1","65.83333333","60.33333333","71.33333333","1","52.33333333","8.333333333","96.33333333","1","-6750.747646","-10298.6194","-3202.875897","1","-115.8697917","-632.0104167","105.3333333","1","74.33333333","74.33333333","74.33333333","1","96.33333333","96.33333333","96.33333333","1","0","0","0","0","-91.66666667","-91.66666667","-91.66666667","1","18.33333333","8.333333333","18.33333333","1","0","0","0","0","-63.66666667","-167.6666667","40.33333333","1","4.333333333","0.3333333333","8.333333333","1","-96.66666667","-267.6666667","74.33333333","1","-6753.507965","-10298.63487","-3208.381056","1","-1627.494792","-3360.322917","-59.69791667","1","74.33333333","74.33333333","74.33333333","1","-267.6666667","-267.6666667","-267.6666667","1","0","0","0","0","-10.66666667","-10.66666667","-10.66666667","1","96.33333333","61.33333333","96.33333333","1","0","0","0","0","-1976.166667","-2331.666667","-1620.666667","1","-1038.166667","-1160.666667","-915.6666667","1","-1558.166667","-1673.666667","-1442.666667","1","-6781.479587","-10289.33759","-3273.62158","1","-10562.10417","-12769.66667","-4742.166667","1","74.33333333","74.33333333","74.33333333","1","-1673.666667","-1673.666667","-1673.666667","1","0","0","0","0","-1572.666667","-1572.666667","-1572.666667","1","74.33333333","-122.6666667","74.33333333","1","0","0","0","0","35.30619837","586","523.3088009","3","5","10","15"
"2026-04-20","00:16:00","16","ghost_high_17137_17184","high","26665.75","17184","26635.5833333333","95.16666667","86.66666667","103.6666667","1","-16.83333333","-21.33333333","-12.33333333","1","-6.833333333","-78.33333333","64.66666667","1","-5634.204636","-9314.837306","-1953.571966","1","756.2135417","559.4791667","909.2291667","1","185.6666667","185.6666667","185.6666667","1","-78.33333333","-78.33333333","-78.33333333","1","0","0","0","0","101.6666667","101.6666667","101.6666667","1","-70.33333333","-70.33333333","-65.33333333","1","0","0","0","0","827.6666667","723.6666667","931.6666667","1","59.66666667","47.66666667","71.66666667","1","-108.3333333","-402.3333333","185.6666667","1","-5634.567154","-9314.2977","-1954.836609","1","-663.3177083","-2323.302083","838.5729167","1","185.6666667","185.6666667","185.6666667","1","185.6666667","185.6666667","185.6666667","1","0","0","0","0","880.6666667","880.6666667","880.6666667","1","106.6666667","90.66666667","106.6666667","1","0","0","0","0","-1084.833333","-1440.333333","-729.3333333","1","453.6666667","185.6666667","721.6666667","1","107.1666667","-782.3333333","996.6666667","1","-5622.85982","-9293.699385","-1952.020255","1","-9665.442708","-11878.33333","-3026.770833","1","185.6666667","185.6666667","185.6666667","1","996.6666667","996.6666667","996.6666667","1","0","0","0","0","-681.3333333","-681.3333333","-681.3333333","1","185.6666667","120.6666667","185.6666667","1","0","0","0","0","46.98088934","489","294.6348334","3","5","10","15"
"2026-04-20","00:16:00","16","ghost_low_17154_17184","low","26636.75","17184","26635.5833333333","95.16666667","86.66666667","103.6666667","1","-16.83333333","-21.33333333","-12.33333333","1","-6.833333333","-78.33333333","64.66666667","1","-5634.204636","-9314.837306","-1953.571966","1","756.2135417","559.4791667","909.2291667","1","185.6666667","185.6666667","185.6666667","1","-78.33333333","-78.33333333","-78.33333333","1","0","0","0","0","101.6666667","101.6666667","101.6666667","1","-70.33333333","-70.33333333","-65.33333333","1","0","0","0","0","827.6666667","723.6666667","931.6666667","1","59.66666667","47.66666667","71.66666667","1","-108.3333333","-402.3333333","185.6666667","1","-5634.567154","-9314.2977","-1954.836609","1","-663.3177083","-2323.302083","838.5729167","1","185.6666667","185.6666667","185.6666667","1","185.6666667","185.6666667","185.6666667","1","0","0","0","0","880.6666667","880.6666667","880.6666667","1","106.6666667","90.66666667","106.6666667","1","0","0","0","0","-1084.833333","-1440.333333","-729.3333333","1","453.6666667","185.6666667","721.6666667","1","107.1666667","-782.3333333","996.6666667","1","-5622.85982","-9293.699385","-1952.020255","1","-9665.442708","-11878.33333","-3026.770833","1","185.6666667","185.6666667","185.6666667","1","996.6666667","996.6666667","996.6666667","1","0","0","0","0","-681.3333333","-681.3333333","-681.3333333","1","185.6666667","120.6666667","185.6666667","1","0","0","0","0","46.98088934","489","294.6348334","3","5","10","15"
"2026-04-20","02:17:00","17","ghost_low_17249_17305","low","26677.75","17305","26696.6666666667","-24.16666667","-28.66666667","-19.66666667","1","-12.16666667","-14.66666667","-9.666666667","1","38.33333333","4.333333333","72.33333333","1","-5866.345879","-9552.694654","-2179.997104","1","358.6927083","166.1770833","551.2083333","1","-58.66666667","-58.66666667","-58.66666667","1","4.333333333","4.333333333","4.333333333","1","0","0","0","0","4.333333333","4.333333333","4.333333333","1","-9.666666667","-9.666666667","-0.6666666667","1","4.333333333","4.333333333","4.333333333","1","583.3333333","479.3333333","687.3333333","1","8.333333333","4.333333333","12.33333333","1","-190.6666667","-322.6666667","-58.66666667","1","-5865.759771","-9551.603281","-2179.91626","1","-907.6510417","-2409.541667","594.2395833","1","-58.66666667","-58.66666667","-58.66666667","1","-322.6666667","-322.6666667","-322.6666667","1","0","0","0","0","636.3333333","636.3333333","636.3333333","1","38.33333333","36.33333333","38.33333333","1","0","0","0","0","-1329.166667","-1684.666667","-973.6666667","1","209.3333333","-58.66666667","477.3333333","1","52.83333333","-646.6666667","752.3333333","1","-5852.076719","-9529.881215","-2174.272223","1","-9909.776042","-12122.66667","-3271.104167","1","-58.66666667","-58.66666667","-58.66666667","1","-646.6666667","-646.6666667","-646.6666667","1","0","0","0","0","-925.6666667","-925.6666667","-925.6666667","1","-174.6666667","-174.6666667","-155.6666667","1","0","0","0","0","19.28059951","87","71.82430267","3","5","10","15"
"2026-04-20","06:51:00","51","ghost_low_17547_17579","low","26644.5","17579","26652.75","-1.5","-15","12","1","8.5","4","13","1","9","-19","37","1","-5674.630091","-9368.25957","-1981.000612","1","23.234375","-85.9375","132.40625","1","117","117","117","1","-19","-19","-19","1","0","0","0","0","11","11","11","1","20","19","20","1","0","0","0","0","-23","-78","32","1","-38.5","-44","-33","1","-78.5","-163","6","1","-5673.687162","-9366.976314","-1980.39801","1","-716.140625","-2228.75","664.9375","1","117","117","117","1","-163","-163","-163","1","0","0","0","0","812","812","812","1","37","26","37","1","-163","-163","-163","1","-1153.5","-1509","-798","1","123","118","128","1","-111.5","-471","248","1","-5663.149686","-9347.025418","-1979.273954","1","-9734.109375","-11947","-2693.09375","1","117","117","117","1","248","248","248","1","0","0","0","0","-750","-750","-750","1","103","91","103","1","0","0","0","0","26.34424768","60","65.21300852","3","5","10","15"
"2026-04-20","07:43:00","43","ghost_low_17576_17631","low","26648","17631","26664.3333333333","134.6666667","122.6666667","146.6666667","1","7.166666667","-1.333333333","15.66666667","1","-56.83333333","-72.33333333","-41.33333333","1","-5711.977378","-9409.804696","-2014.150059","1","111.5885417","-59.11458333","227.6666667","1","70.66666667","70.66666667","70.66666667","1","-41.33333333","-41.33333333","-41.33333333","1","-41.33333333","-41.33333333","-41.33333333","1","156.6666667","156.6666667","156.6666667","1","18.66666667","15.66666667","18.66666667","1","-41.33333333","-41.33333333","-41.33333333","1","-69.33333333","-124.3333333","-14.33333333","1","31.16666667","-9.333333333","71.66666667","1","-124.8333333","-209.3333333","-40.33333333","1","-5711.215888","-9408.612201","-2013.819574","1","-806.6770833","-2244.895833","631.5416667","1","70.66666667","70.66666667","70.66666667","1","-209.3333333","-209.3333333","-209.3333333","1","0","0","0","0","765.6666667","765.6666667","765.6666667","1","116.6666667","95.66666667","116.6666667","1","-209.3333333","-209.3333333","-209.3333333","1","-1199.833333","-1555.333333","-844.3333333","1","76.66666667","71.66666667","81.66666667","1","-157.8333333","-517.3333333","201.6666667","1","-5703.471011","-9390.104363","-2016.837659","1","-9780.442708","-11993.33333","-2739.427083","1","70.66666667","70.66666667","70.66666667","1","201.6666667","201.6666667","201.6666667","1","0","0","0","0","-796.3333333","-796.3333333","-796.3333333","1","-124.3333333","-124.3333333","-113.3333333","1","0","0","0","0","45.12264246","66","128.8561671","3","5","10","15"
"2026-04-20","08:28:00","28","ghost_high_17619_17676","high","26693.5","17676","26663.25","27","16","38","1","-69.5","-71","-68","1","-29.5","-70","11","1","-5702.519065","-9402.581336","-2002.456793","1","115.921875","-41.125","232","1","75","75","75","1","-70","-70","-70","1","0","0","0","0","-53","-53","-53","1","-23","-23","-16","1","0","0","0","0","-65","-120","-10","1","67.5","53","82","1","13.5","-205","232","1","-5702.460199","-9401.782854","-2003.137545","1","-802.34375","-2240.5625","635.875","1","75","75","75","1","232","232","232","1","0","0","0","0","770","770","770","1","-161","-161","-153","1","0","0","0","0","82","-68","232","1","81","76","86","1","-153.5","-513","206","1","-5690.905664","-9381.326637","-2000.484691","1","-9776.109375","-11989","-2735.09375","1","75","75","75","1","206","206","206","1","0","0","0","0","206","206","206","1","232","103","232","1","0","0","0","0","36.73258856","172","120.4928888","3","5","10","15"
"2026-04-20","11:13:00","13","ghost_low_17815_17841","low","26693","17841","26692.4166666667","10.83333333","2.333333333","19.33333333","1","15.83333333","6.333333333","25.33333333","1","-0.6666666667","-46.66666667","45.33333333","1","-5805.51805","-9512.018709","-2099.017391","1","17.23958333","-125.8541667","145.2708333","1","-41.66666667","-41.66666667","-41.66666667","1","-46.66666667","-46.66666667","-46.66666667","1","0","0","0","0","3.333333333","3.333333333","3.333333333","1","6.333333333","6.333333333","6.333333333","1","0","0","0","0","96.83333333","54.33333333","139.3333333","1","50.83333333","47.33333333","54.33333333","1","78.33333333","-3.666666667","160.3333333","1","-5804.813595","-9510.866175","-2098.761014","1","-835.4791667","-2202.541667","412.7083333","1","-41.66666667","-41.66666667","-41.66666667","1","160.3333333","160.3333333","160.3333333","1","0","0","0","0","110.3333333","110.3333333","110.3333333","1","-46.66666667","-46.66666667","34.33333333","1","0","0","0","0","-34.66666667","-184.6666667","115.3333333","1","-35.66666667","-40.66666667","-30.66666667","1","-116.1666667","-321.6666667","89.33333333","1","-5791.483301","-9489.394698","-2093.571904","1","-9892.776042","-12105.66667","-2851.760417","1","-41.66666667","-41.66666667","-41.66666667","1","-321.6666667","-321.6666667","-321.6666667","1","0","0","0","0","89.33333333","89.33333333","89.33333333","1","-3.666666667","-3.666666667","11.33333333","1","0","0","0","0","24.0065992","62","99.64654134","3","5","10","15"
"2026-04-20","11:51:00","51","ghost_high_17844_17879","high","26708.75","17879","26716.75","4","-3","11","1","-4.5","-6","-3","1","-4.5","-36","27","1","-5898.622065","-9607.109082","-2190.135047","1","-65.03125","-223.1875","63","1","-8","-8","-8","1","27","27","27","1","0","0","0","0","-36","-36","-36","1","13","2","13","1","27","27","27","1","-0.5","-43","42","1","-46.5","-50","-43","1","-40.5","-144","63","1","-5897.798046","-9605.89166","-2189.704432","1","-932.8125","-2181","315.375","1","-8","-8","-8","1","-144","-144","-144","1","0","0","0","0","13","13","13","1","-76","-76","-52","1","0","0","0","0","-132","-282","18","1","-133","-138","-128","1","-213.5","-419","-8","1","-5888.816635","-9586.728031","-2190.905238","1","-9990.109375","-12203","-2949.09375","1","-8","-8","-8","1","-419","-419","-419","1","0","0","0","0","-8","-8","-8","1","-101","-101","-86","1","0","0","0","0","27.15471656","191","130.1516664","3","5","10","15"
"2026-04-20","13:51:00","51","ghost_low_17957_17999","low","26739","17999","26733.1666666667","-1.166666667","-25.66666667","23.33333333","1","12.83333333","6.333333333","19.33333333","1","165.8333333","-0.6666666667","332.3333333","1","-5903.27906","-9642.593197","-2163.964923","1","68.19270833","-161.0416667","297.4270833","1","-2.666666667","-2.666666667","-2.666666667","1","-0.6666666667","-0.6666666667","-0.6666666667","1","0","0","0","0","-0.6666666667","-0.6666666667","-0.6666666667","1","-25.66666667","-25.66666667","-8.666666667","1","0","0","0","0","-66.16666667","-108.6666667","-23.66666667","1","16.83333333","-12.66666667","46.33333333","1","-106.1666667","-209.6666667","-2.666666667","1","-5903.471804","-9641.584613","-2165.358995","1","190.2708333","-1533.416667","606.3333333","1","-2.666666667","-2.666666667","-2.666666667","1","-209.6666667","-209.6666667","-209.6666667","1","0","0","0","0","-52.66666667","-52.66666667","-52.66666667","1","141.3333333","58.33333333","141.3333333","1","0","0","0","0","-197.6666667","-347.6666667","-47.66666667","1","-198.6666667","-203.6666667","-193.6666667","1","-279.1666667","-484.6666667","-73.66666667","1","-5936.214433","-9643.037924","-2229.390942","1","-10055.77604","-12268.66667","-3014.760417","1","-2.666666667","-2.666666667","-2.666666667","1","-484.6666667","-484.6666667","-484.6666667","1","0","0","0","0","-73.66666667","-73.66666667","-73.66666667","1","-124.6666667","-124.6666667","-90.66666667","1","0","0","0","0","82.43721034","992","1392.374437","3","5","10","15"
"2026-04-20","15:28:00","28","ghost_high_18005_18096","high","26804","18096","26679.5","-186.5","-217","-156","1","-143.5","-160","-127","1","-254","-343","-165","1","-5566.299642","-9357.689427","-1774.909857","1","285.4375","-22.125","560.625","1","10","10","10","1","-343","-343","-343","1","0","0","0","0","-206","-206","-206","1","-25","-25","-1","1","0","0","0","0","-232.5","-343","-122","1","-28","-73","17","1","369","145","593","1","-5577.783696","-9363.800688","-1791.766703","1","404.9375","-1318.75","821","1","10","10","10","1","145","145","145","1","0","0","0","0","145","145","145","1","-343","-343","-308","1","0","0","0","0","369","145","593","1","16","11","21","1","-64.5","-270","141","1","-5587.922814","-9355.889936","-1819.955692","1","-9841.109375","-12054","-2800.09375","1","10","10","10","1","-270","-270","-270","1","0","0","0","0","-270","-270","-270","1","435","413","435","1","0","0","0","0","80.73440783","1030","1549.017146","3","5","10","15"
"2026-04-20","17:53:00","53","ghost_high_18213_18241","high","26717.25","18241","26719","-24.5","-42","-7","1","-13","-15","-11","1","-51.5","-110","7","1","-5648.419993","-9468.814197","-1828.025789","1","-163.9375","-471.5","111.25","1","9","9","9","1","-110","-110","-110","1","0","0","0","0","-27","-27","-27","1","14","13","14","1","0","0","0","0","-198","-363","-33","1","-99.5","-105","-94","1","-417.5","-601","-234","1","-5648.469397","-9468.019218","-1828.919575","1","246.9375","-1357.875","663","1","9","9","9","1","-234","-234","-234","1","0","0","0","0","-13","-13","-13","1","-110","-110","-65","1","-234","-234","-234","1","-317","-601","-33","1","-23","-33","-13","1","3.5","-428","435","1","-5660.78288","-9460.454926","-1861.110833","1","-9999.109375","-12212","-2555.75","1","9","9","9","1","435","435","435","1","0","0","0","0","-428","-428","-428","1","-319","-319","-243","1","0","0","0","0","36.50472637","349","446.5694964","3","5","10","15"
"2026-04-20","18:32:00","32","ghost_high_18257_18280","high","26731.75","18280","26727.8333333333","43.16666667","28.66666667","57.66666667","1","21.66666667","15.66666667","27.66666667","1","18.16666667","-24.33333333","60.66666667","1","-5663.762877","-9492.17492","-1835.350833","1","-5.020833333","-247.8333333","237.7916667","1","18.66666667","18.66666667","18.66666667","1","60.66666667","60.66666667","60.66666667","1","0","0","0","0","-24.33333333","-24.33333333","-24.33333333","1","20.66666667","-2.333333333","20.66666667","1","0","0","0","0","-233.3333333","-398.3333333","-68.33333333","1","-134.8333333","-140.3333333","-129.3333333","1","-452.8333333","-636.3333333","-269.3333333","1","-5664.083359","-9491.546358","-1836.62036","1","211.6041667","-1393.208333","627.6666667","1","18.66666667","18.66666667","18.66666667","1","-269.3333333","-269.3333333","-269.3333333","1","0","0","0","0","-48.33333333","-48.33333333","-48.33333333","1","-36.33333333","-36.33333333","10.66666667","1","-269.3333333","-269.3333333","-269.3333333","1","-352.3333333","-636.3333333","-68.33333333","1","-58.33333333","-68.33333333","-48.33333333","1","-31.83333333","-463.3333333","399.6666667","1","-5668.467759","-9478.901941","-1858.033578","1","-10034.44271","-12247.33333","-2591.083333","1","18.66666667","18.66666667","18.66666667","1","399.6666667","399.6666667","399.6666667","1","0","0","0","0","-463.3333333","-463.3333333","-463.3333333","1","-269.3333333","-269.3333333","-193.3333333","1","0","0","0","0","39.69816808","578","796.9221849","3","5","10","15"
"2026-04-21","00:17:00","17","ghost_high_18512_18565","high","26804.75","18565","26815.3333333333","-47.83333333","-67.33333333","-28.33333333","1","-20.33333333","-33.33333333","-7.333333333","1","-26.33333333","-67.33333333","14.66666667","1","-5944.868854","-9801.205161","-2088.532548","1","-376.3489583","-610.9583333","-173.0208333","1","2.666666667","2.666666667","2.666666667","1","14.66666667","14.66666667","14.66666667","1","0","0","0","0","-26.33333333","-26.33333333","-26.33333333","1","-15.33333333","-15.33333333","-7.333333333","1","0","0","0","0","-69.83333333","-80.33333333","-59.33333333","1","-51.33333333","-52.33333333","-50.33333333","1","1.166666667","-6.333333333","8.666666667","1","-5944.508736","-9800.167857","-2088.849615","1","-138.3958333","-1743.208333","277.6666667","1","2.666666667","2.666666667","2.666666667","1","-6.333333333","-6.333333333","-6.333333333","1","-6.333333333","-6.333333333","-6.333333333","1","-6.333333333","-6.333333333","-6.333333333","1","-75.33333333","-75.33333333","-74.33333333","1","-6.333333333","-6.333333333","-6.333333333","1","-702.3333333","-986.3333333","-418.3333333","1","-244.3333333","-253.3333333","-235.3333333","1","-468.3333333","-986.3333333","49.66666667","1","-5933.519383","-9778.484984","-2088.553781","1","-10384.44271","-12597.33333","-2941.083333","1","2.666666667","2.666666667","2.666666667","1","-986.3333333","-986.3333333","-986.3333333","1","0","0","0","0","-813.3333333","-813.3333333","-813.3333333","1","-11.33333333","-19.33333333","-11.33333333","1","0","0","0","0","21.97825963","106","91.76102253","3","5","10","15"
"2026-04-21","01:51:00","51","ghost_low_18596_18659","low","26801","18659","26822.5833333333","2.166666667","-16.33333333","20.66666667","1","-2.333333333","-3.333333333","-1.333333333","1","2.666666667","-18.33333333","23.66666667","1","-5965.854124","-9825.759716","-2105.948533","1","-392.4583333","-537.0833333","-270.0833333","1","-20.33333333","-20.33333333","-20.33333333","1","23.66666667","23.66666667","23.66666667","1","0","0","0","0","6.666666667","6.666666667","6.666666667","1","-9.333333333","-9.333333333","-9.333333333","1","0","0","0","0","-37.33333333","-138.3333333","63.66666667","1","-55.33333333","-84.33333333","-26.33333333","1","-43.33333333","-150.3333333","63.66666667","1","-5964.973233","-9824.4319","-2105.514566","1","-167.3958333","-1772.208333","248.6666667","1","-20.33333333","-20.33333333","-20.33333333","1","63.66666667","63.66666667","63.66666667","1","0","0","0","0","-124.3333333","-124.3333333","-124.3333333","1","23.66666667","17.66666667","23.66666667","1","0","0","0","0","-731.3333333","-1015.333333","-447.3333333","1","-273.3333333","-282.3333333","-264.3333333","1","-497.3333333","-1015.333333","20.66666667","1","-5955.841426","-9803.791537","-2107.891315","1","-10413.44271","-12626.33333","-2970.083333","1","-20.33333333","-20.33333333","-20.33333333","1","-1015.333333","-1015.333333","-1015.333333","1","0","0","0","0","-842.3333333","-842.3333333","-842.3333333","1","-150.3333333","-150.3333333","-103.3333333","1","0","0","0","0","16.88637374","53","53.66139182","3","5","10","15"
"2026-04-21","07:03:00","03","ghost_low_18935_18970","low","26841.5","18970","26833.25","55.5","45","66","1","47.5","47","48","1","53.5","36","71","1","-5995.403016","-9861.218601","-2129.587431","1","-53.015625","-129.78125","23.75","1","21","21","21","1","71","71","71","1","0","0","0","0","59","59","59","1","36","36","36","1","0","0","0","0","-22.5","-47","2","1","16.5","-21","54","1","19.5","-57","96","1","-5994.884549","-9860.088297","-2129.6808","1","-234.15625","-1554.625","206","1","21","21","21","1","96","96","96","1","0","0","0","0","-104","-104","-104","1","74","59","74","1","0","0","0","0","-119","-173","-65","1","-61","-65","-57","1","-518.5","-1058","21","1","-5982.738886","-9837.774822","-2127.702951","1","-10456.10938","-12669","-3012.75","1","21","21","21","1","21","21","21","1","0","0","0","0","21","21","21","1","-40","-40","-27","1","0","0","0","0","18.77452759","236","93.61734395","3","5","10","15"
"2026-04-21","08:11:00","11","ghost_low_19002_19038","low","26806.5","19038","26808.75","-19.5","-32","-7","1","-5.5","-11","0","1","-24.5","-46","-3","1","-5892.555287","-9760.511739","-2024.598835","1","44.984375","-22.75","112.71875","1","-9","-9","-9","1","-46","-46","-46","1","-46","-46","-46","1","37","37","37","1","10","2","10","1","-46","-46","-46","1","75.5","51","100","1","103","72","134","1","117.5","41","194","1","-5891.700585","-9759.197499","-2024.203671","1","-136.15625","-1456.625","304","1","-9","-9","-9","1","194","194","194","1","0","0","0","0","-6","-6","-6","1","38","18","38","1","0","0","0","0","72.5","-9","154","1","37","33","41","1","-420.5","-960","119","1","-5880.425447","-9737.381214","-2023.469679","1","-10358.10938","-12571","-2914.75","1","-9","-9","-9","1","119","119","119","1","0","0","0","0","119","119","119","1","154","150","154","1","0","0","0","0","25.43231056","80","92.98575302","3","5","10","15"
"2026-04-21","12:53:00","53","ghost_low_19288_19320","low","26828","19320","26825.25","-8","-33","17","1","-0.5","-3","2","1","17","-33","67","1","-5925.091823","-9808.442135","-2041.741512","1","-0.96875","-112","136.1875","1","10","10","10","1","67","67","67","1","0","0","0","0","-4","-4","-4","1","15","-6","15","1","0","0","0","0","9.5","-15","34","1","142.5","142","143","1","182.5","59","306","1","-5925.000494","-9807.519776","-2042.481211","1","-359.390625","-1416.1875","306","1","10","10","10","1","306","306","306","1","0","0","0","0","-72","-72","-72","1","78","27","78","1","0","0","0","0","6.5","-75","88","1","-29","-33","-25","1","8","-112","128","1","-5925.265064","-9792.044181","-2058.485948","1","-10412.42188","-12637","-2929.75","1","10","10","10","1","-112","-112","-112","1","0","0","0","0","53","53","53","1","306","186","306","1","0","0","0","0","44.02159729","155","322.767404","3","5","10","15"
"2026-04-21","13:51:00","51","ghost_low_19358_19378","low","26772","19378","26766.4166666667","-63.66666667","-114.6666667","-12.66666667","1","7.833333333","-18.66666667","34.33333333","1","-73.66666667","-151.6666667","4.333333333","1","-5648.136287","-9547.677826","-1748.594748","1","-38.35416667","-158.6666667","300.7083333","1","-57.66666667","-57.66666667","-57.66666667","1","-151.6666667","-151.6666667","-151.6666667","1","0","0","0","0","160.3333333","160.3333333","160.3333333","1","42.33333333","18.33333333","42.33333333","1","0","0","0","0","244.8333333","220.3333333","269.3333333","1","111.3333333","94.33333333","128.3333333","1","417.8333333","294.3333333","541.3333333","1","-5648.382317","-9547.076631","-1749.688002","1","32.50520833","-1180.854167","541.3333333","1","-57.66666667","-57.66666667","-57.66666667","1","541.3333333","541.3333333","541.3333333","1","0","0","0","0","163.3333333","163.3333333","163.3333333","1","-134.6666667","-134.6666667","-97.66666667","1","0","0","0","0","241.8333333","160.3333333","323.3333333","1","206.3333333","202.3333333","210.3333333","1","243.3333333","123.3333333","363.3333333","1","-5675.714842","-9548.846194","-1802.583489","1","-10177.08854","-12401.66667","-2289.947917","1","-57.66666667","-57.66666667","-57.66666667","1","123.3333333","123.3333333","123.3333333","1","0","0","0","0","288.3333333","288.3333333","288.3333333","1","455.3333333","420.3333333","455.3333333","1","0","0","0","0","79.76262495","1463","1551.565839","3","5","10","15"
"2026-04-21","18:37:00","37","ghost_low_19644_19664","low","26659.5","19664","26696.25","-92","-108","-76","1","-14.5","-31","2","1","-65.5","-108","-23","1","-5111.505437","-9093.59095","-1129.419925","1","86.484375","-234.125","407.09375","1","-57","-57","-57","1","-108","-108","-108","1","0","0","0","0","-23","-23","-23","1","18","3","18","1","0","0","0","0","525.5","501","550","1","-0.5","-12","11","1","-53.5","-385","278","1","-5112.972913","-9094.205293","-1131.740532","1","156.609375","-430.5","743.71875","1","-57","-57","-57","1","278","278","278","1","0","0","0","0","444","444","444","1","-12","-63","-12","1","0","0","0","0","346.5","122","571","1","573","571","575","1","613","404","822","1","-5120.067648","-9084.692188","-1155.443108","1","-9896.421875","-12121","-1604.8125","1","-57","-57","-57","1","822","822","822","1","0","0","0","0","404","404","404","1","-385","-385","-102","1","0","0","0","0","50.38279697","298","472.7885003","3","5","10","15"
"2026-04-21","19:11:00","11","ghost_low_19644_19698","low","26659.5","19698","26745.0833333333","-1.833333333","-17.33333333","13.66666667","1","-97.33333333","-106.3333333","-88.33333333","1","11.16666667","4.666666667","17.66666667","1","-5288.24959","-9275.22484","-1301.27434","1","-108.8489583","-429.4583333","174.0416667","1","27.66666667","27.66666667","27.66666667","1","17.66666667","17.66666667","17.66666667","1","17.66666667","17.66666667","17.66666667","1","17.66666667","17.66666667","17.66666667","1","-25.33333333","-25.33333333","-8.333333333","1","17.66666667","17.66666667","17.66666667","1","330.1666667","305.6666667","354.6666667","1","-140.3333333","-191.3333333","-89.33333333","1","-129.8333333","-342.3333333","82.66666667","1","-5287.409674","-9274.114309","-1300.705039","1","-38.72395833","-625.8333333","548.3854167","1","27.66666667","27.66666667","27.66666667","1","-342.3333333","-342.3333333","-342.3333333","1","0","0","0","0","248.6666667","248.6666667","248.6666667","1","-89.33333333","-89.33333333","-83.33333333","1","0","0","0","0","151.1666667","-73.33333333","375.6666667","1","377.6666667","375.6666667","379.6666667","1","417.6666667","208.6666667","626.6666667","1","-5282.350654","-9255.736082","-1308.965226","1","19.96354167","-7462.708333","626.6666667","1","27.66666667","27.66666667","27.66666667","1","626.6666667","626.6666667","626.6666667","1","0","0","0","0","208.6666667","208.6666667","208.6666667","1","-342.3333333","-342.3333333","-184.3333333","1","0","0","0","0","57.94157587","341","571.2872504","3","5","10","15"
"2026-04-21","19:11:00","11","ghost_high_19644_19698","high","26730.5","19698","26745.0833333333","-1.833333333","-17.33333333","13.66666667","1","-97.33333333","-106.3333333","-88.33333333","1","11.16666667","4.666666667","17.66666667","1","-5288.24959","-9275.22484","-1301.27434","1","-108.8489583","-429.4583333","174.0416667","1","27.66666667","27.66666667","27.66666667","1","17.66666667","17.66666667","17.66666667","1","17.66666667","17.66666667","17.66666667","1","17.66666667","17.66666667","17.66666667","1","-25.33333333","-25.33333333","-8.333333333","1","17.66666667","17.66666667","17.66666667","1","330.1666667","305.6666667","354.6666667","1","-140.3333333","-191.3333333","-89.33333333","1","-129.8333333","-342.3333333","82.66666667","1","-5287.409674","-9274.114309","-1300.705039","1","-38.72395833","-625.8333333","548.3854167","1","27.66666667","27.66666667","27.66666667","1","-342.3333333","-342.3333333","-342.3333333","1","0","0","0","0","248.6666667","248.6666667","248.6666667","1","-89.33333333","-89.33333333","-83.33333333","1","0","0","0","0","151.1666667","-73.33333333","375.6666667","1","377.6666667","375.6666667","379.6666667","1","417.6666667","208.6666667","626.6666667","1","-5282.350654","-9255.736082","-1308.965226","1","19.96354167","-7462.708333","626.6666667","1","27.66666667","27.66666667","27.66666667","1","626.6666667","626.6666667","626.6666667","1","0","0","0","0","208.6666667","208.6666667","208.6666667","1","-342.3333333","-342.3333333","-184.3333333","1","0","0","0","0","57.94157587","341","571.2872504","3","5","10","15"
"2026-04-21","20:05:00","05","ghost_high_19719_19752","high","26786.5","19752","26611.4166666667","657.3333333","632.3333333","682.3333333","1","24.83333333","17.33333333","32.33333333","1","26.83333333","-103.6666667","157.3333333","1","-4695.677725","-8695.259255","-696.0961955","1","427.3489583","62.11458333","749.6145833","1","2.333333333","2.333333333","2.333333333","1","157.3333333","157.3333333","157.3333333","1","0","0","0","0","645.3333333","645.3333333","645.3333333","1","40.33333333","34.33333333","40.33333333","1","0","0","0","0","24.83333333","-103.6666667","153.3333333","1","250.8333333","153.3333333","348.3333333","1","202.8333333","192.3333333","213.3333333","1","-4698.03405","-8697.009762","-699.0583392","1","495.9427083","-12.88541667","1004.770833","1","2.333333333","2.333333333","2.333333333","1","213.3333333","213.3333333","213.3333333","1","213.3333333","213.3333333","213.3333333","1","783.3333333","783.3333333","783.3333333","1","-103.6666667","-103.6666667","-7.666666667","1","213.3333333","213.3333333","213.3333333","1","685.8333333","461.3333333","910.3333333","1","912.3333333","910.3333333","914.3333333","1","952.3333333","743.3333333","1161.333333","1","-4688.790073","-8674.677663","-702.9024839","1","554.6302083","-6523.572917","1161.333333","1","2.333333333","2.333333333","2.333333333","1","1161.333333","1161.333333","1161.333333","1","0","0","0","0","743.3333333","743.3333333","743.3333333","1","700.3333333","451.3333333","700.3333333","1","0","0","0","0","87.63925935","370","1608.399158","3","5","10","15"
"2026-04-21","23:56:00","56","ghost_high_19886_19923","high","26754","19923","26772","-99","-105","-93","1","4.5","1","8","1","-55.5","-132","21","1","-5314.570382","-9320.295822","-1308.844941","1","-130.859375","-380.90625","80.71875","1","52","52","52","1","21","21","21","1","0","0","0","0","-124","-124","-124","1","6","-1","6","1","0","0","0","0","-617.5","-746","-489","1","-75","-76","-74","1","-99.5","-153","-46","1","-5313.445544","-9319.335959","-1307.55513","1","-146.390625","-655.21875","362.4375","1","52","52","52","1","-153","-153","-153","1","0","0","0","0","141","141","141","1","-74","-74","-71","1","0","0","0","0","43.5","-181","268","1","270","268","272","1","310","101","519","1","-5306.964866","-9298.725776","-1315.203956","1","-87.703125","-7165.90625","519","1","52","52","52","1","519","519","519","1","0","0","0","0","101","101","101","1","-177","-177","-170","1","0","0","0","0","16.7727394","58","86.01587295","3","5","10","15"
"2026-04-22","02:50:00","50","ghost_low_20034_20097","low","26808.5","20097","26817.8333333333","33.16666667","20.66666667","45.66666667","1","17.16666667","16.66666667","17.66666667","1","22.66666667","13.66666667","31.66666667","1","-5486.545993","-9495.839708","-1477.252279","1","-402.9583333","-671.0833333","-134.8333333","1","-1.333333333","-1.333333333","-1.333333333","1","13.66666667","13.66666667","13.66666667","1","13.66666667","13.66666667","13.66666667","1","57.66666667","57.66666667","57.66666667","1","-5.333333333","-5.333333333","-1.333333333","1","13.66666667","13.66666667","13.66666667","1","11.16666667","-37.33333333","59.66666667","1","-38.83333333","-40.33333333","-37.33333333","1","-25.83333333","-111.3333333","59.66666667","1","-5485.040009","-9494.608076","-1475.471942","1","-329.7239583","-838.5520833","179.1041667","1","-1.333333333","-1.333333333","-1.333333333","1","59.66666667","59.66666667","59.66666667","1","0","0","0","0","59.66666667","59.66666667","59.66666667","1","20.66666667","14.66666667","20.66666667","1","0","0","0","0","-139.8333333","-364.3333333","84.66666667","1","-131.3333333","-162.3333333","-100.3333333","1","-364.3333333","-1064.333333","335.6666667","1","-5478.485149","-9473.8409","-1483.129397","1","-271.0364583","-7349.239583","335.6666667","1","-1.333333333","-1.333333333","-1.333333333","1","-1064.333333","-1064.333333","-1064.333333","1","0","0","0","0","-82.33333333","-82.33333333","-82.33333333","1","-100.3333333","-100.3333333","-82.33333333","1","0","0","0","0","13.3592011","21","31.33641861","3","5","10","15"
"2026-04-22","03:26:00","26","ghost_low_20108_20133","low","26813","20133","26809.1666666667","-11.66666667","-20.66666667","-2.666666667","1","5.333333333","-4.666666667","15.33333333","1","-19.16666667","-20.66666667","-17.66666667","1","-5450.583027","-9460.286104","-1440.87995","1","-368.2916667","-743.6666667","-28.66666667","1","-10.66666667","-10.66666667","-10.66666667","1","-20.66666667","-20.66666667","-20.66666667","1","-20.66666667","-20.66666667","-20.66666667","1","-17.66666667","-17.66666667","-17.66666667","1","6.333333333","4.333333333","6.333333333","1","-20.66666667","-20.66666667","-20.66666667","1","45.83333333","-2.666666667","94.33333333","1","-4.166666667","-5.666666667","-2.666666667","1","104.3333333","94.33333333","114.3333333","1","-5449.283981","-9459.196766","-1439.371196","1","-295.0572917","-803.8854167","213.7708333","1","-10.66666667","-10.66666667","-10.66666667","1","114.3333333","114.3333333","114.3333333","1","114.3333333","114.3333333","114.3333333","1","94.33333333","94.33333333","94.33333333","1","47.33333333","45.33333333","47.33333333","1","114.3333333","114.3333333","114.3333333","1","-105.1666667","-329.6666667","119.3333333","1","-96.66666667","-127.6666667","-65.66666667","1","-329.6666667","-1029.666667","370.3333333","1","-5441.317635","-9437.486379","-1445.148892","1","-236.3697917","-7314.572917","370.3333333","1","-10.66666667","-10.66666667","-10.66666667","1","-1029.666667","-1029.666667","-1029.666667","1","0","0","0","0","-47.66666667","-47.66666667","-47.66666667","1","114.3333333","48.33333333","114.3333333","1","0","0","0","0","12.80959242","55","49.23593774","3","5","10","15"
"2026-04-22","07:38:00","38","ghost_low_20318_20385","low","26821","20385","26850.5833333333","-41.83333333","-50.33333333","-33.33333333","1","-40.83333333","-44.33333333","-37.33333333","1","-55.33333333","-99.33333333","-11.33333333","1","-5600.567411","-9615.285339","-1585.849483","1","-129.8802083","-225.5520833","-48.92708333","1","26.66666667","26.66666667","26.66666667","1","-99.33333333","-99.33333333","-99.33333333","1","0","0","0","0","-15.33333333","-15.33333333","-15.33333333","1","10.66666667","2.666666667","10.66666667","1","0","0","0","0","-36.83333333","-98.33333333","24.66666667","1","-94.33333333","-114.3333333","-74.33333333","1","-84.83333333","-194.3333333","24.66666667","1","-5599.450342","-9614.301333","-1584.599351","1","-444.5989583","-888.8333333","-68.70833333","1","26.66666667","26.66666667","26.66666667","1","-194.3333333","-194.3333333","-194.3333333","1","0","0","0","0","-186.3333333","-186.3333333","-186.3333333","1","-83.33333333","-83.33333333","-79.33333333","1","0","0","0","0","-270.8333333","-495.3333333","-46.33333333","1","-262.3333333","-293.3333333","-231.3333333","1","-495.3333333","-1195.333333","204.6666667","1","-5592.885799","-9593.502863","-1592.268735","1","-402.0364583","-7480.239583","204.6666667","1","26.66666667","26.66666667","26.66666667","1","-1195.333333","-1195.333333","-1195.333333","1","0","0","0","0","-213.3333333","-213.3333333","-213.3333333","1","-194.3333333","-194.3333333","-70.33333333","1","0","0","0","0","20.12381615","60","70.21161356","3","5","10","15"
"2026-04-22","07:38:00","38","ghost_high_20362_20385","high","26847.75","20385","26850.5833333333","-41.83333333","-50.33333333","-33.33333333","1","-40.83333333","-44.33333333","-37.33333333","1","-55.33333333","-99.33333333","-11.33333333","1","-5600.567411","-9615.285339","-1585.849483","1","-129.8802083","-225.5520833","-48.92708333","1","26.66666667","26.66666667","26.66666667","1","-99.33333333","-99.33333333","-99.33333333","1","0","0","0","0","-15.33333333","-15.33333333","-15.33333333","1","10.66666667","2.666666667","10.66666667","1","0","0","0","0","-36.83333333","-98.33333333","24.66666667","1","-94.33333333","-114.3333333","-74.33333333","1","-84.83333333","-194.3333333","24.66666667","1","-5599.450342","-9614.301333","-1584.599351","1","-444.5989583","-888.8333333","-68.70833333","1","26.66666667","26.66666667","26.66666667","1","-194.3333333","-194.3333333","-194.3333333","1","0","0","0","0","-186.3333333","-186.3333333","-186.3333333","1","-83.33333333","-83.33333333","-79.33333333","1","0","0","0","0","-270.8333333","-495.3333333","-46.33333333","1","-262.3333333","-293.3333333","-231.3333333","1","-495.3333333","-1195.333333","204.6666667","1","-5592.885799","-9593.502863","-1592.268735","1","-402.0364583","-7480.239583","204.6666667","1","26.66666667","26.66666667","26.66666667","1","-1195.333333","-1195.333333","-1195.333333","1","0","0","0","0","-213.3333333","-213.3333333","-213.3333333","1","-194.3333333","-194.3333333","-70.33333333","1","0","0","0","0","20.12381615","60","70.21161356","3","5","10","15"
"2026-04-22","11:25:00","25","ghost_low_20592_20612","low","26814.25","20612","26815.5833333333","34.66666667","-5.333333333","74.66666667","1","31.16666667","25.66666667","36.66666667","1","27.16666667","-6.333333333","60.66666667","1","-5439.066925","-9460.653447","-1417.480403","1","65.72916667","-14.70833333","133.7916667","1","7.666666667","7.666666667","7.666666667","1","60.66666667","60.66666667","60.66666667","1","0","0","0","0","69.66666667","69.66666667","69.66666667","1","25.66666667","23.66666667","25.66666667","1","0","0","0","0","103.1666667","41.66666667","164.6666667","1","50.66666667","48.66666667","52.66666667","1","49.16666667","-38.33333333","136.6666667","1","-5437.989544","-9459.690872","-1416.288215","1","-319.0989583","-694.2708333","56.07291667","1","7.666666667","7.666666667","7.666666667","1","136.6666667","136.6666667","136.6666667","1","0","0","0","0","-46.33333333","-46.33333333","-46.33333333","1","-6.333333333","-6.333333333","31.66666667","1","0","0","0","0","-130.8333333","-355.3333333","93.66666667","1","-122.3333333","-153.3333333","-91.33333333","1","-2.333333333","-200.3333333","195.6666667","1","-5430.935154","-9438.62416","-1423.246148","1","-262.0364583","-7340.239583","344.6666667","1","7.666666667","7.666666667","7.666666667","1","195.6666667","195.6666667","195.6666667","1","0","0","0","0","-73.33333333","-73.33333333","-73.33333333","1","136.6666667","41.66666667","136.6666667","1","0","0","0","0","25.3811358","153","113.1587441","3","5","10","15"
"2026-04-22","17:19:00","19","ghost_high_20930_20966","high","26991.25","20966","27013.6666666667","-79.16666667","-93.66666667","-64.66666667","1","36.83333333","24.33333333","49.33333333","1","-2.666666667","-94.66666667","89.33333333","1","-6015.983032","-10115.82292","-1916.143139","1","-155.0416667","-600.6666667","89.33333333","1","-19.66666667","-19.66666667","-19.66666667","1","89.33333333","89.33333333","89.33333333","1","0","0","0","0","-193.6666667","-193.6666667","-193.6666667","1","23.33333333","21.33333333","23.33333333","1","0","0","0","0","-204.1666667","-293.6666667","-114.6666667","1","-357.6666667","-422.6666667","-292.6666667","1","-156.6666667","-293.6666667","-19.66666667","1","-6021.495264","-10118.93624","-1924.054284","1","-695.0572917","-1299.354167","-161.8541667","1","-19.66666667","-19.66666667","-19.66666667","1","-19.66666667","-19.66666667","-19.66666667","1","0","0","0","0","-29.66666667","-29.66666667","-29.66666667","1","-191.6666667","-191.6666667","-188.6666667","1","0","0","0","0","-130.1666667","-225.6666667","-34.66666667","1","-388.6666667","-483.6666667","-293.6666667","1","-794.6666667","-992.6666667","-596.6666667","1","-6020.258447","-10101.31515","-1939.201744","1","-1064.276042","-8376.541667","-19.66666667","1","-19.66666667","-19.66666667","-19.66666667","1","-596.6666667","-596.6666667","-596.6666667","1","0","0","0","0","-596.6666667","-596.6666667","-596.6666667","1","-34.66666667","-132.6666667","-34.66666667","1","0","0","0","0","44.57252178","510","726.6496018","3","5","10","15"
"2026-04-22","22:21:00","21","ghost_high_21164_21208","high","27112.25","21208","27093.3333333333","-18.83333333","-33.33333333","-4.333333333","1","-11.83333333","-13.33333333","-10.33333333","1","-13.33333333","-45.33333333","18.66666667","1","-6224.738227","-10368.92036","-2080.556094","1","-498.6145833","-883.9583333","-153.8333333","1","-1.333333333","-1.333333333","-1.333333333","1","18.66666667","18.66666667","18.66666667","1","0","0","0","0","-41.33333333","-41.33333333","-41.33333333","1","8.666666667","8.666666667","8.666666667","1","0","0","0","0","-365.8333333","-461.3333333","-270.3333333","1","-103.3333333","-109.3333333","-97.33333333","1","-145.3333333","-461.3333333","170.6666667","1","-6223.140973","-10367.7083","-2078.573647","1","-1484.395833","-1951.208333","-1017.583333","1","-1.333333333","-1.333333333","-1.333333333","1","170.6666667","170.6666667","170.6666667","1","0","0","0","0","-403.3333333","-403.3333333","-403.3333333","1","-45.33333333","-45.33333333","-15.33333333","1","0","0","0","0","-306.3333333","-403.3333333","-209.3333333","1","-153.3333333","-209.3333333","-97.33333333","1","-1113.333333","-1311.333333","-915.3333333","1","-6217.203225","-10347.15011","-2087.256339","1","-1347.458333","-8504.333333","170.6666667","1","-1.333333333","-1.333333333","-1.333333333","1","-915.3333333","-915.3333333","-915.3333333","1","0","0","0","0","-915.3333333","-915.3333333","-915.3333333","1","-97.33333333","-97.33333333","-54.33333333","1","0","0","0","0","24.2539951","31","65.33937784","3","5","10","15"
"2026-04-22","22:51:00","51","ghost_high_21205_21238","high","27098","21238","27087.8333333333","3.166666667","-11.33333333","17.66666667","1","-9.833333333","-16.33333333","-3.333333333","1","-13.83333333","-32.33333333","4.666666667","1","-6201.754352","-10346.34217","-2057.166538","1","-476.6145833","-821.3958333","-131.8333333","1","20.66666667","20.66666667","20.66666667","1","-32.33333333","-32.33333333","-32.33333333","1","0","0","0","0","-19.33333333","-19.33333333","-19.33333333","1","-3.333333333","-3.333333333","-3.333333333","1","0","0","0","0","-343.8333333","-439.3333333","-248.3333333","1","-81.33333333","-87.33333333","-75.33333333","1","52.66666667","-87.33333333","192.6666667","1","-6200.165515","-10345.13431","-2055.19672","1","-1433.755208","-1892.489583","-975.0208333","1","20.66666667","20.66666667","20.66666667","1","-87.33333333","-87.33333333","-87.33333333","1","0","0","0","0","-381.3333333","-381.3333333","-381.3333333","1","-32.33333333","-32.33333333","-15.33333333","1","0","0","0","0","-284.3333333","-381.3333333","-187.3333333","1","-131.3333333","-187.3333333","-75.33333333","1","-1091.333333","-1289.333333","-893.3333333","1","-6195.203225","-10325.15011","-2065.256339","1","-1325.458333","-8482.333333","192.6666667","1","20.66666667","20.66666667","20.66666667","1","-893.3333333","-893.3333333","-893.3333333","1","0","0","0","0","-893.3333333","-893.3333333","-893.3333333","1","-75.33333333","-75.33333333","-32.33333333","1","0","0","0","0","15.41054068","41","29.86948686","3","5","10","15"
"2026-04-23","00:10:00","10","ghost_low_21280_21317","low","27087","21317","27056.5833333333","101.6666667","93.66666667","109.6666667","1","108.6666667","105.6666667","111.6666667","1","105.6666667","72.66666667","138.6666667","1","-6074.019365","-10219.7273","-1928.311425","1","-257.3489583","-465.3333333","-49.36458333","1","37.66666667","37.66666667","37.66666667","1","72.66666667","72.66666667","72.66666667","1","0","0","0","0","143.6666667","143.6666667","143.6666667","1","100.6666667","100.6666667","100.6666667","1","0","0","0","0","-218.8333333","-314.3333333","-123.3333333","1","131.6666667","126.6666667","136.6666667","1","105.1666667","37.66666667","172.6666667","1","-6072.407916","-10218.49569","-1926.320138","1","-1297.989583","-1731.458333","-864.5208333","1","37.66666667","37.66666667","37.66666667","1","172.6666667","172.6666667","172.6666667","1","0","0","0","0","-256.3333333","-256.3333333","-256.3333333","1","165.6666667","155.6666667","165.6666667","1","0","0","0","0","-159.3333333","-256.3333333","-62.33333333","1","-6.333333333","-62.33333333","49.66666667","1","-966.3333333","-1164.333333","-768.3333333","1","-6066.080075","-10197.73862","-1934.421533","1","-1200.458333","-8357.333333","317.6666667","1","37.66666667","37.66666667","37.66666667","1","-768.3333333","-768.3333333","-768.3333333","1","0","0","0","0","-768.3333333","-768.3333333","-768.3333333","1","101.6666667","101.6666667","125.6666667","1","0","0","0","0","29.95264816","752","221.7315396","3","5","10","15"
"2026-04-23","04:01:00","01","ghost_high_21450_21548","high","26992.5","21548","26904.5","-113","-131","-95","1","-3.5","-6","-1","1","-13.5","-47","20","1","-5432.464695","-9588.98367","-1275.94572","1","728","422","926","1","-11","-11","-11","1","-47","-47","-47","1","0","0","0","0","-98","-98","-98","1","14","7","14","1","0","0","0","0","389.5","294","485","1","-40","-43","-37","1","277.5","-226","781","1","-5430.726592","-9587.845516","-1273.607669","1","-689.1875","-1177.5","-200.875","1","-11","-11","-11","1","-226","-226","-226","1","0","0","0","0","352","352","352","1","-64","-64","-43","1","0","0","0","0","449","352","546","1","292","230","354","1","350","-226","926","1","-5423.137473","-9566.334509","-1279.940437","1","-592.125","-7749","926","1","-11","-11","-11","1","-226","-226","-226","1","0","0","0","0","-160","-160","-160","1","230","192","230","1","0","0","0","0","31.21034231","77","98.99560534","3","5","10","15"
"2026-04-23","06:49:00","49","ghost_low_21634_21716","low","26939","21716","26991.9166666667","16.83333333","10.33333333","23.33333333","1","4.333333333","-9.666666667","18.33333333","1","23.83333333","1.333333333","46.33333333","1","-5772.588271","-9932.083194","-1613.093348","1","-150.8385417","-418.3229167","116.6458333","1","67.33333333","67.33333333","67.33333333","1","1.333333333","1.333333333","1.333333333","1","0","0","0","0","-40.66666667","-40.66666667","-40.66666667","1","15.33333333","3.333333333","15.33333333","1","0","0","0","0","32.83333333","7.333333333","58.33333333","1","-89.66666667","-119.6666667","-59.66666667","1","-304.1666667","-507.6666667","-100.6666667","1","-5771.077109","-9931.092296","-1611.061922","1","-1038.854167","-1527.166667","-550.5416667","1","67.33333333","67.33333333","67.33333333","1","-100.6666667","-100.6666667","-100.6666667","1","0","0","0","0","2.333333333","2.333333333","2.333333333","1","58.33333333","33.33333333","58.33333333","1","0","0","0","0","99.33333333","2.333333333","196.3333333","1","-57.66666667","-119.6666667","4.333333333","1","0.3333333333","-575.6666667","576.3333333","1","-5766.326462","-9911.518788","-1621.134136","1","-941.7916667","-8098.666667","576.3333333","1","67.33333333","67.33333333","67.33333333","1","-575.6666667","-575.6666667","-575.6666667","1","0","0","0","0","-509.6666667","-509.6666667","-509.6666667","1","-211.6666667","-211.6666667","-143.6666667","1","0","0","0","0","20.42565443","66","47.60283087","3","5","10","15"
"2026-04-23","11:31:00","31","ghost_low_21958_21998","low","26946.75","21998","26965.9166666667","37.33333333","21.33333333","53.33333333","1","25.83333333","24.33333333","27.33333333","1","9.833333333","9.333333333","10.33333333","1","-5645.716627","-9812.238214","-1479.19504","1","-78.82291667","-255.1666667","97.52083333","1","-34.66666667","-34.66666667","-34.66666667","1","9.333333333","9.333333333","9.333333333","1","9.333333333","9.333333333","9.333333333","1","10.33333333","10.33333333","10.33333333","1","27.33333333","16.33333333","27.33333333","1","9.333333333","9.333333333","9.333333333","1","-123.6666667","-160.6666667","-86.66666667","1","15.83333333","-3.666666667","35.33333333","1","-108.1666667","-198.6666667","-17.66666667","1","-5644.050372","-9811.13758","-1476.963163","1","-934.8541667","-1423.166667","-446.5416667","1","-34.66666667","-34.66666667","-34.66666667","1","-198.6666667","-198.6666667","-198.6666667","1","0","0","0","0","-17.66666667","-17.66666667","-17.66666667","1","64.33333333","41.33333333","64.33333333","1","0","0","0","0","203.3333333","106.3333333","300.3333333","1","-0.1666666667","-17.66666667","17.33333333","1","-140.6666667","-471.6666667","190.3333333","1","-5639.419689","-9791.762745","-1487.076634","1","-837.7916667","-7994.666667","680.3333333","1","-34.66666667","-34.66666667","-34.66666667","1","190.3333333","190.3333333","190.3333333","1","0","0","0","0","-405.6666667","-405.6666667","-405.6666667","1","-198.6666667","-198.6666667","-96.66666667","1","0","0","0","0","32.60104216","170","149.1264035","3","5","10","15"
"2026-04-23","13:07:00","07","ghost_high_22060_22094","high","27049.5","22094","27024.75","59","49","69","1","-80","-86","-74","1","-65","-111","-19","1","-5859.2124","-10033.29567","-1685.129129","1","-147.640625","-349.25","30.25","1","-45","-45","-45","1","-111","-111","-111","1","0","0","0","0","95","95","95","1","15","1","15","1","0","0","0","0","-359","-396","-322","1","-10.5","-19","-2","1","-56","-332","220","1","-5858.894908","-10033.05995","-1684.729866","1","-1125.171875","-1599.875","-650.46875","1","-45","-45","-45","1","220","220","220","1","0","0","0","0","-253","-253","-253","1","-116","-116","-105","1","0","0","0","0","-259","-427","-91","1","-235.5","-253","-218","1","-292","-539","-45","1","-5851.363006","-10011.70105","-1691.024962","1","-1073.125","-8230","445","1","-45","-45","-45","1","-539","-539","-539","1","0","0","0","0","-641","-641","-641","1","220","31","220","1","0","0","0","0","42.14195218","161","256.2674966","3","5","10","15"
"2026-04-23","17:56:00","56","ghost_low_22359_22383","low","26852","22383","26857.3333333333","-515.3333333","-577.3333333","-453.3333333","1","-344.3333333","-453.3333333","-235.3333333","1","-522.3333333","-702.3333333","-342.3333333","1","-4940.645336","-9187.972764","-693.3179068","1","630.7916667","245.6666667","1015.916667","1","23.66666667","23.66666667","23.66666667","1","-342.3333333","-342.3333333","-342.3333333","1","0","0","0","0","-21.33333333","-21.33333333","-21.33333333","1","-146.3333333","-146.3333333","-99.33333333","1","0","0","0","0","1015.666667","898.6666667","1132.666667","1","339.6666667","307.6666667","371.6666667","1","886.1666667","725.6666667","1046.666667","1","-4949.216409","-9195.490826","-702.9419916","1","-505.0833333","-1222.333333","514.1666667","1","23.66666667","23.66666667","23.66666667","1","1046.666667","1046.666667","1046.666667","1","0","0","0","0","981.6666667","981.6666667","981.6666667","1","26.66666667","13.66666667","26.66666667","1","0","0","0","0","410.6666667","242.6666667","578.6666667","1","434.1666667","416.6666667","451.6666667","1","377.6666667","130.6666667","624.6666667","1","-5013.309913","-9233.30931","-793.3105151","1","-333.0989583","-7530.708333","1193.666667","1","23.66666667","23.66666667","23.66666667","1","130.6666667","130.6666667","130.6666667","1","0","0","0","0","28.66666667","28.66666667","28.66666667","1","1046.666667","943.6666667","1046.666667","1","0","0","0","0","184.405785","2196","3031.34406","3","5","10","15"
"2026-04-23","22:20:00","20","ghost_low_22525_22587","low","26919.25","22587","27041.1666666667","-54.16666667","-76.66666667","-31.66666667","1","-17.16666667","-22.66666667","-11.66666667","1","-30.16666667","-76.66666667","16.33333333","1","-5587.524105","-9851.630084","-1323.418126","1","-460.0416667","-1022.916667","43.58333333","1","29.33333333","29.33333333","29.33333333","1","16.33333333","16.33333333","16.33333333","1","0","0","0","0","-36.66666667","-36.66666667","-36.66666667","1","-14.66666667","-14.66666667","-12.66666667","1","0","0","0","0","-392.6666667","-433.6666667","-351.6666667","1","-214.1666667","-351.6666667","-76.66666667","1","-507.1666667","-803.6666667","-210.6666667","1","-5586.293838","-9850.204548","-1322.383128","1","-1240.416667","-1957.666667","-296.6666667","1","29.33333333","29.33333333","29.33333333","1","-210.6666667","-210.6666667","-210.6666667","1","0","0","0","0","-795.6666667","-795.6666667","-795.6666667","1","-76.66666667","-76.66666667","-41.66666667","1","0","0","0","0","-12.16666667","-284.6666667","260.3333333","1","-122.6666667","-235.6666667","-9.666666667","1","-489.6666667","-1437.666667","458.3333333","1","-5580.851933","-9831.698278","-1330.005589","1","-1068.432292","-8266.041667","458.3333333","1","29.33333333","29.33333333","29.33333333","1","-1437.666667","-1437.666667","-1437.666667","1","0","0","0","0","-706.6666667","-706.6666667","-706.6666667","1","-527.6666667","-527.6666667","-460.6666667","1","0","0","0","0","36.5087701","33","103.0588354","3","5","10","15"
"2026-04-23","22:20:00","20","ghost_high_22513_22587","high","26988.5","22587","27041.1666666667","-54.16666667","-76.66666667","-31.66666667","1","-17.16666667","-22.66666667","-11.66666667","1","-30.16666667","-76.66666667","16.33333333","1","-5587.524105","-9851.630084","-1323.418126","1","-460.0416667","-1022.916667","43.58333333","1","29.33333333","29.33333333","29.33333333","1","16.33333333","16.33333333","16.33333333","1","0","0","0","0","-36.66666667","-36.66666667","-36.66666667","1","-14.66666667","-14.66666667","-12.66666667","1","0","0","0","0","-392.6666667","-433.6666667","-351.6666667","1","-214.1666667","-351.6666667","-76.66666667","1","-507.1666667","-803.6666667","-210.6666667","1","-5586.293838","-9850.204548","-1322.383128","1","-1240.416667","-1957.666667","-296.6666667","1","29.33333333","29.33333333","29.33333333","1","-210.6666667","-210.6666667","-210.6666667","1","0","0","0","0","-795.6666667","-795.6666667","-795.6666667","1","-76.66666667","-76.66666667","-41.66666667","1","0","0","0","0","-12.16666667","-284.6666667","260.3333333","1","-122.6666667","-235.6666667","-9.666666667","1","-489.6666667","-1437.666667","458.3333333","1","-5580.851933","-9831.698278","-1330.005589","1","-1068.432292","-8266.041667","458.3333333","1","29.33333333","29.33333333","29.33333333","1","-1437.666667","-1437.666667","-1437.666667","1","0","0","0","0","-706.6666667","-706.6666667","-706.6666667","1","-527.6666667","-527.6666667","-460.6666667","1","0","0","0","0","36.5087701","33","103.0588354","3","5","10","15"
"2026-04-24","02:47:00","47","ghost_high_22796_22854","high","27126.25","22854","27080","52","41","63","1","13.5","13","14","1","-23.5","-30","-17","1","-5725.367444","-9994.860747","-1455.874141","1","-656.625","-1025.5","-344.5","1","2","2","2","1","-17","-17","-17","1","-17","-17","-17","1","80","80","80","1","13","9","13","1","-17","-17","-17","1","17.5","-17","52","1","75.5","66","85","1","136","78","194","1","-5724.341326","-9993.58033","-1455.102322","1","-1395.75","-2113","-376.5","1","2","2","2","1","78","78","78","1","0","0","0","0","-951","-951","-951","1","-17","-17","-8","1","0","0","0","0","-167.5","-440","105","1","40","2","78","1","-645","-1593","303","1","-5718.920146","-9974.991203","-1462.849088","1","-1223.765625","-8421.375","303","1","2","2","2","1","-1593","-1593","-1593","1","0","0","0","0","-862","-862","-862","1","194","159","194","1","0","0","0","0","21.3215862","50","52.03796717","3","5","10","15"
"2026-04-24","03:53:00","53","ghost_high_22839_22920","high","27093","22920","27047.0833333333","107.1666667","98.66666667","115.6666667","1","-39.83333333","-54.33333333","-25.33333333","1","-88.33333333","-95.33333333","-81.33333333","1","-5590.126815","-9860.606096","-1319.647535","1","-513.3645833","-753.4583333","-273.2708333","1","5.666666667","5.666666667","5.666666667","1","-81.33333333","-81.33333333","-81.33333333","1","-81.33333333","-81.33333333","-81.33333333","1","104.6666667","104.6666667","104.6666667","1","-13.33333333","-13.33333333","-13.33333333","1","-81.33333333","-81.33333333","-81.33333333","1","-49.33333333","-81.33333333","-17.33333333","1","4.666666667","-19.33333333","28.66666667","1","267.6666667","209.6666667","325.6666667","1","-5589.033086","-9859.28111","-1318.785063","1","-1264.083333","-1981.333333","-244.8333333","1","5.666666667","5.666666667","5.666666667","1","209.6666667","209.6666667","209.6666667","1","0","0","0","0","-819.3333333","-819.3333333","-819.3333333","1","-81.33333333","-81.33333333","-42.33333333","1","0","0","0","0","-35.83333333","-308.3333333","236.6666667","1","171.6666667","133.6666667","209.6666667","1","-513.3333333","-1461.333333","434.6666667","1","-5583.780418","-9840.900058","-1326.660777","1","-1092.098958","-8289.708333","434.6666667","1","5.666666667","5.666666667","5.666666667","1","-1461.333333","-1461.333333","-1461.333333","1","0","0","0","0","-730.3333333","-730.3333333","-730.3333333","1","295.6666667","283.6666667","295.6666667","1","0","0","0","0","23.877821","89","68.30297251","3","5","10","15"
"2026-04-24","08:25:00","25","ghost_high_23167_23192","high","27111.25","23192","27134.1666666667","-21.16666667","-45.66666667","3.333333333","1","-7.166666667","-7.666666667","-6.666666667","1","-37.66666667","-153.6666667","78.33333333","1","-5923.342748","-10198.2852","-1648.400296","1","-50.57291667","-248.2291667","78.33333333","1","6.333333333","6.333333333","6.333333333","1","78.33333333","78.33333333","78.33333333","1","0","0","0","0","-140.6666667","-140.6666667","-140.6666667","1","20.33333333","-7.666666667","20.33333333","1","78.33333333","78.33333333","78.33333333","1","-168.1666667","-243.6666667","-92.66666667","1","-201.1666667","-223.6666667","-178.6666667","1","-173.6666667","-269.6666667","-77.66666667","1","-5922.982944","-10197.44594","-1648.519947","1","-1612.416667","-2329.666667","-593.1666667","1","6.333333333","6.333333333","6.333333333","1","-77.66666667","-77.66666667","-77.66666667","1","0","0","0","0","-1167.666667","-1167.666667","-1167.666667","1","-207.6666667","-207.6666667","-193.6666667","1","0","0","0","0","-384.1666667","-656.6666667","-111.6666667","1","-288.6666667","-307.6666667","-269.6666667","1","-232.6666667","-471.6666667","6.333333333","1","-5917.975891","-10179.1739","-1656.777886","1","-1440.432292","-8638.041667","86.33333333","1","6.333333333","6.333333333","6.333333333","1","-471.6666667","-471.6666667","-471.6666667","1","0","0","0","0","-1078.666667","-1078.666667","-1078.666667","1","-251.6666667","-251.6666667","-239.6666667","1","0","0","0","0","41.32738713","128","239.4210253","3","5","10","15"
"2026-04-24","09:37:00","37","ghost_low_23230_23264","low","27080.25","23264","27098.1666666667","-26.16666667","-35.66666667","-16.66666667","1","-5.166666667","-7.666666667","-2.666666667","1","-9.166666667","-35.66666667","17.33333333","1","-5773.921752","-10050.51176","-1497.331742","1","-9.697916667","-121.4166667","102.0208333","1","-0.6666666667","-0.6666666667","-0.6666666667","1","-35.66666667","-35.66666667","-35.66666667","1","0","0","0","0","17.33333333","17.33333333","17.33333333","1","11.33333333","6.333333333","11.33333333","1","0","0","0","0","120.3333333","18.33333333","222.3333333","1","-57.16666667","-79.66666667","-34.66666667","1","61.33333333","-99.66666667","222.3333333","1","-5773.003046","-10049.30611","-1496.699978","1","-1468.416667","-2185.666667","-373.6666667","1","-0.6666666667","-0.6666666667","-0.6666666667","1","222.3333333","222.3333333","222.3333333","1","0","0","0","0","66.33333333","66.33333333","66.33333333","1","23.33333333","9.333333333","23.33333333","1","0","0","0","0","-240.1666667","-512.6666667","32.33333333","1","-144.6666667","-163.6666667","-125.6666667","1","-88.66666667","-327.6666667","150.3333333","1","-5767.248985","-10030.56024","-1503.937728","1","-1296.432292","-8494.041667","230.3333333","1","-0.6666666667","-0.6666666667","-0.6666666667","1","-327.6666667","-327.6666667","-327.6666667","1","0","0","0","0","-934.6666667","-934.6666667","-934.6666667","1","222.3333333","45.33333333","222.3333333","1","0","0","0","0","31.57626878","55","79.47205974","3","5","10","15"
"2026-04-24","11:51:00","51","ghost_low_23333_23398","low","27169.5","23398","27284.5833333333","-47.83333333","-72.33333333","-23.33333333","1","53.66666667","51.66666667","55.66666667","1","149.1666667","-18.33333333","316.6666667","1","-6487.137567","-10777.0391","-2197.236032","1","-790.9895833","-1073.333333","12.60416667","1","-515.3333333","-515.3333333","-515.3333333","1","-18.33333333","-18.33333333","-18.33333333","1","0","0","0","0","78.66666667","78.66666667","78.66666667","1","-15.33333333","-15.33333333","-6.333333333","1","0","0","0","0","-625.3333333","-727.3333333","-523.3333333","1","-244.8333333","-411.3333333","-78.33333333","1","-701.8333333","-880.3333333","-523.3333333","1","-6486.077354","-10775.73364","-2196.421065","1","-1561.083333","-2220.833333","-901.3333333","1","-515.3333333","-515.3333333","-515.3333333","1","-880.3333333","-880.3333333","-880.3333333","1","0","0","0","0","-679.3333333","-679.3333333","-679.3333333","1","111.6666667","80.66666667","111.6666667","1","0","0","0","0","-985.8333333","-1258.333333","-713.3333333","1","-890.3333333","-909.3333333","-871.3333333","1","-834.3333333","-1073.333333","-595.3333333","1","-6502.179497","-10769.06662","-2235.292373","1","-2351.130208","-9184.208333","-367.3333333","1","-515.3333333","-515.3333333","-515.3333333","1","-1073.333333","-1073.333333","-1073.333333","1","0","0","0","0","-1680.333333","-1680.333333","-1680.333333","1","-706.3333333","-706.3333333","-701.3333333","1","0","0","0","0","52.09165177","257","296.3974959","3","5","10","15"
"2026-04-24","13:51:00","51","ghost_high_23479_23518","high","27266.75","23518","27231.8333333333","65.66666667","18.66666667","112.6666667","1","-20.83333333","-60.33333333","18.66666667","1","-9.333333333","-131.3333333","112.6666667","1","-6218.479472","-10530.5852","-1906.373747","1","-54.06770833","-373.0833333","264.9479167","1","-304.3333333","-304.3333333","-304.3333333","1","-131.3333333","-131.3333333","-131.3333333","1","0","0","0","0","53.66666667","53.66666667","53.66666667","1","92.66666667","32.66666667","92.66666667","1","0","0","0","0","-61.33333333","-222.3333333","99.66666667","1","268.1666667","252.6666667","283.6666667","1","206.1666667","-115.3333333","527.6666667","1","-6218.375116","-10530.08817","-1906.662057","1","-1350.083333","-2111.333333","-690.3333333","1","-304.3333333","-304.3333333","-304.3333333","1","-115.3333333","-115.3333333","-115.3333333","1","0","0","0","0","-115.3333333","-115.3333333","-115.3333333","1","112.6666667","59.66666667","112.6666667","1","0","0","0","0","-774.8333333","-1047.333333","-502.3333333","1","-135.8333333","-156.3333333","-115.3333333","1","-765.8333333","-862.3333333","-669.3333333","1","-6249.612806","-10533.6856","-1965.540011","1","-2014.536458","-9178.927083","527.6666667","1","-304.3333333","-304.3333333","-304.3333333","1","-669.3333333","-669.3333333","-669.3333333","1","0","0","0","0","-1469.333333","-1469.333333","-1469.333333","1","321.6666667","180.6666667","321.6666667","1","-669.3333333","-669.3333333","-669.3333333","1","92.75740109","1879","1698.552128","3","5","10","15"
"2026-04-24","16:29:00","29","ghost_low_23634_23676","low","27341.5","23676","27402.6666666667","-12.16666667","-29.66666667","5.333333333","1","-21.66666667","-27.66666667","-15.66666667","1","-59.16666667","-142.6666667","24.33333333","1","-6772.095689","-11135.35001","-2408.841366","1","-801.1041667","-1220.291667","-381.9166667","1","59.33333333","59.33333333","59.33333333","1","24.33333333","24.33333333","24.33333333","1","0","0","0","0","-123.6666667","-123.6666667","-123.6666667","1","-10.66666667","-10.66666667","-8.666666667","1","0","0","0","0","-811.1666667","-976.6666667","-645.6666667","1","-177.1666667","-231.6666667","-122.6666667","1","-515.1666667","-1089.666667","59.33333333","1","-6773.452759","-11135.74546","-2411.160062","1","-1618.057292","-2646.135417","-698.1979167","1","59.33333333","59.33333333","59.33333333","1","59.33333333","59.33333333","59.33333333","1","0","0","0","0","-798.6666667","-798.6666667","-798.6666667","1","-158.6666667","-158.6666667","-131.6666667","1","0","0","0","0","-816.6666667","-1089.666667","-543.6666667","1","-504.6666667","-543.6666667","-465.6666667","1","-754.1666667","-1352.666667","-155.6666667","1","-6777.11222","-11122.35676","-2431.867683","1","-2519.822917","-9788.354167","59.33333333","1","59.33333333","59.33333333","59.33333333","1","-155.6666667","-155.6666667","-155.6666667","1","0","0","0","0","-2152.666667","-2152.666667","-2152.666667","1","-465.6666667","-465.6666667","-448.6666667","1","0","0","0","0","45.49953896","357","453.9017586","3","5","10","15"
"2026-04-24","16:29:00","29","ghost_high_23633_23676","high","27417.5","23676","27402.6666666667","-12.16666667","-29.66666667","5.333333333","1","-21.66666667","-27.66666667","-15.66666667","1","-59.16666667","-142.6666667","24.33333333","1","-6772.095689","-11135.35001","-2408.841366","1","-801.1041667","-1220.291667","-381.9166667","1","59.33333333","59.33333333","59.33333333","1","24.33333333","24.33333333","24.33333333","1","0","0","0","0","-123.6666667","-123.6666667","-123.6666667","1","-10.66666667","-10.66666667","-8.666666667","1","0","0","0","0","-811.1666667","-976.6666667","-645.6666667","1","-177.1666667","-231.6666667","-122.6666667","1","-515.1666667","-1089.666667","59.33333333","1","-6773.452759","-11135.74546","-2411.160062","1","-1618.057292","-2646.135417","-698.1979167","1","59.33333333","59.33333333","59.33333333","1","59.33333333","59.33333333","59.33333333","1","0","0","0","0","-798.6666667","-798.6666667","-798.6666667","1","-158.6666667","-158.6666667","-131.6666667","1","0","0","0","0","-816.6666667","-1089.666667","-543.6666667","1","-504.6666667","-543.6666667","-465.6666667","1","-754.1666667","-1352.666667","-155.6666667","1","-6777.11222","-11122.35676","-2431.867683","1","-2519.822917","-9788.354167","59.33333333","1","59.33333333","59.33333333","59.33333333","1","-155.6666667","-155.6666667","-155.6666667","1","0","0","0","0","-2152.666667","-2152.666667","-2152.666667","1","-465.6666667","-465.6666667","-448.6666667","1","0","0","0","0","45.49953896","357","453.9017586","3","5","10","15"
"2026-04-26","22:20:00","20","ghost_low_23895_23967","low","27409","23967","27369.5","-37","-54","-20","1","-54.5","-62","-47","1","-57.5","-101","-14","1","-6512.678996","-10932.23443","-2093.123561","1","185.109375","-500.15625","372","1","-23","-23","-23","1","-14","-14","-14","1","0","0","0","0","-14","-14","-14","1","-18","-18","-18","1","0","0","0","0","-43","-98","12","1","125","12","238","1","239","138","340","1","-6511.095351","-10930.90422","-2091.286487","1","-1506.421875","-2587.9375","-538.75","1","-23","-23","-23","1","138","138","138","1","0","0","0","0","192","192","192","1","-98","-98","-49","1","0","0","0","0","175.5","57","294","1","-163.5","-289","-38","1","174.5","-23","372","1","-6507.301093","-10914.32074","-2100.281449","1","-2712.65625","-9593.8125","372","1","-23","-23","-23","1","372","372","372","1","0","0","0","0","-2020","-2020","-2020","1","158","158","258","1","372","372","372","1","37.86695379","156","176.8851984","3","5","10","15"
"2026-04-26","23:52:00","52","ghost_high_24026_24059","high","27395","24059","27378.4166666667","-10.66666667","-28.66666667","7.333333333","1","11.83333333","8.333333333","15.33333333","1","-15.66666667","-42.66666667","11.33333333","1","-6542.586429","-10964.4696","-2120.703261","1","133.6927083","-32.10416667","299.4895833","1","-58.66666667","-58.66666667","-58.66666667","1","-42.66666667","-42.66666667","-42.66666667","1","0","0","0","0","78.33333333","78.33333333","78.33333333","1","-10.66666667","-10.66666667","-9.666666667","1","0","0","0","0","-78.66666667","-133.6666667","-23.66666667","1","0.8333333333","-4.666666667","6.333333333","1","-25.66666667","-136.6666667","85.33333333","1","-6541.202977","-10963.25881","-2119.14714","1","-1542.088542","-2623.604167","-574.4166667","1","-58.66666667","-58.66666667","-58.66666667","1","85.33333333","85.33333333","85.33333333","1","0","0","0","0","156.3333333","156.3333333","156.3333333","1","-42.66666667","-42.66666667","-17.66666667","1","0","0","0","0","139.8333333","21.33333333","258.3333333","1","-199.1666667","-324.6666667","-73.66666667","1","138.8333333","-58.66666667","336.3333333","1","-6536.200197","-10945.99742","-2126.402974","1","-2748.322917","-9629.479167","336.3333333","1","-58.66666667","-58.66666667","-58.66666667","1","336.3333333","336.3333333","336.3333333","1","0","0","0","0","-2055.666667","-2055.666667","-2055.666667","1","173.3333333","99.33333333","173.3333333","1","336.3333333","336.3333333","336.3333333","1","22.66890508","61","91.69108085","3","5","10","15"
"2026-04-27","02:21:00","21","ghost_low_24144_24208","low","27456","24208","27518.0833333333","58.66666667","49.66666667","67.66666667","1","36.66666667","29.66666667","43.66666667","1","34.16666667","14.66666667","53.66666667","1","-7084.214394","-11513.87401","-2654.554775","1","-410.3489583","-521.8645833","-323.6145833","1","-222.3333333","-222.3333333","-222.3333333","1","14.66666667","14.66666667","14.66666667","1","0","0","0","0","-224.3333333","-224.3333333","-224.3333333","1","29.66666667","29.66666667","29.66666667","1","0","0","0","0","-637.3333333","-692.3333333","-582.3333333","1","-58.83333333","-87.33333333","-30.33333333","1","-539.3333333","-605.3333333","-473.3333333","1","-7082.891283","-11512.66366","-2653.118907","1","-3060.348958","-3865.333333","-1759.989583","1","-222.3333333","-222.3333333","-222.3333333","1","-605.3333333","-605.3333333","-605.3333333","1","0","0","0","0","-402.3333333","-402.3333333","-402.3333333","1","79.66666667","42.66666667","79.66666667","1","0","0","0","0","-542.8333333","-605.3333333","-480.3333333","1","-364.3333333","-480.3333333","-248.3333333","1","-458.8333333","-695.3333333","-222.3333333","1","-7076.177244","-11494.45658","-2657.897907","1","-3059.958333","-10081.58333","87.66666667","1","-222.3333333","-222.3333333","-222.3333333","1","-695.3333333","-695.3333333","-695.3333333","1","0","0","0","0","-222.3333333","-222.3333333","-222.3333333","1","-248.3333333","-248.3333333","-248.3333333","1","0","0","0","0","26.06011251","320","138.2138449","3","5","10","15"
"2026-04-27","06:45:00","45","ghost_high_24415_24472","high","27465","24472","27438.25","-48.5","-68","-29","1","-22","-29","-15","1","-32.5","-68","3","1","-6748.533234","-11185.81391","-2311.252553","1","361.140625","-29.875","417","1","25","25","25","1","-68","-68","-68","1","0","0","0","0","-42","-42","-42","1","-13","-13","-7","1","0","0","0","0","357","339","375","1","21.5","20","23","1","343","279","407","1","-6747.361304","-11184.6962","-2310.026402","1","-1750.265625","-2802.9375","-697.59375","1","25","25","25","1","407","407","407","1","0","0","0","0","298","298","298","1","50","47","50","1","0","0","0","0","-223.5","-286","-161","1","218","145","291","1","20.5","-376","417","1","-6742.457706","-11167.6203","-2317.295113","1","-2732.65625","-9758.8125","417","1","25","25","25","1","417","417","417","1","0","0","0","0","97","97","97","1","328","322","328","1","0","0","0","0","26.94934766","71","97.3285455","3","5","10","15"
"2026-04-27","06:45:00","45","ghost_low_24443_24472","low","27428","24472","27438.25","-48.5","-68","-29","1","-22","-29","-15","1","-32.5","-68","3","1","-6748.533234","-11185.81391","-2311.252553","1","361.140625","-29.875","417","1","25","25","25","1","-68","-68","-68","1","0","0","0","0","-42","-42","-42","1","-13","-13","-7","1","0","0","0","0","357","339","375","1","21.5","20","23","1","343","279","407","1","-6747.361304","-11184.6962","-2310.026402","1","-1750.265625","-2802.9375","-697.59375","1","25","25","25","1","407","407","407","1","0","0","0","0","298","298","298","1","50","47","50","1","0","0","0","0","-223.5","-286","-161","1","218","145","291","1","20.5","-376","417","1","-6742.457706","-11167.6203","-2317.295113","1","-2732.65625","-9758.8125","417","1","25","25","25","1","417","417","417","1","0","0","0","0","97","97","97","1","328","322","328","1","0","0","0","0","26.94934766","71","97.3285455","3","5","10","15"
"2026-04-27","07:58:00","58","ghost_high_24511_24545","high","27435.75","24545","27429.6666666667","-13.66666667","-22.66666667","-4.666666667","1","-27.16666667","-32.66666667","-21.66666667","1","-27.16666667","-55.66666667","1.333333333","1","-6709.245481","-11148.62039","-2269.870569","1","374.8802083","14.45833333","451.3333333","1","-31.66666667","-31.66666667","-31.66666667","1","1.333333333","1.333333333","1.333333333","1","0","0","0","0","1.333333333","1.333333333","1.333333333","1","-11.66666667","-11.66666667","-9.666666667","1","0","0","0","0","391.3333333","373.3333333","409.3333333","1","0.3333333333","-0.6666666667","1.333333333","1","377.3333333","313.3333333","441.3333333","1","-6708.112754","-11147.52374","-2268.701768","1","-1715.932292","-2768.604167","-663.2604167","1","-31.66666667","-31.66666667","-31.66666667","1","441.3333333","441.3333333","441.3333333","1","0","0","0","0","332.3333333","332.3333333","332.3333333","1","1.333333333","-33.66666667","1.333333333","1","0","0","0","0","-189.1666667","-251.6666667","-126.6666667","1","209.3333333","105.3333333","313.3333333","1","54.83333333","-341.6666667","451.3333333","1","-6703.733043","-11130.79415","-2276.671939","1","-2698.322917","-9724.479167","451.3333333","1","-31.66666667","-31.66666667","-31.66666667","1","451.3333333","451.3333333","451.3333333","1","0","0","0","0","131.3333333","131.3333333","131.3333333","1","105.3333333","78.33333333","105.3333333","1","0","0","0","0","23.11054714","77","66.4203705","3","5","10","15"
"2026-04-27","17:18:00","18","ghost_high_25070_25105","high","27406.5","25105","27395.75","64.5","54","75","1","37","17","57","1","-38","-67","-9","1","-6380.320793","-10890.91946","-1869.722123","1","-124.203125","-262.90625","14.5","1","-31","-31","-31","1","-9","-9","-9","1","0","0","0","0","-9","-9","-9","1","17","12","17","1","-9","-9","-9","1","-278","-353","-203","1","-19","-26","-12","1","-325","-353","-297","1","-6381.796712","-10891.6629","-1871.930523","1","-112.359375","-1672.46875","587","1","-31","-31","-31","1","-353","-353","-353","1","0","0","0","0","-297","-297","-297","1","-19","-19","-19","1","-353","-353","-353","1","367.5","317","418","1","237","157","317","1","14.5","-389","418","1","-6376.49983","-10874.59913","-1878.400529","1","-2562.65625","-9588.8125","587","1","-31","-31","-31","1","-389","-389","-389","1","0","0","0","0","-31","-31","-31","1","-192","-192","-115","1","0","0","0","0","33.50592507","499","578.0869987","3","5","10","15"
"2026-04-27","17:39:00","39","ghost_high_25103_25126","high","27418.25","25126","27427.9166666667","-5.666666667","-20.66666667","9.333333333","1","5.333333333","1.333333333","9.333333333","1","7.333333333","-28.66666667","43.33333333","1","-6498.122408","-11012.66516","-1983.579659","1","-252.8697917","-391.5729167","-114.1666667","1","-24.66666667","-24.66666667","-24.66666667","1","43.33333333","43.33333333","43.33333333","1","0","0","0","0","-28.66666667","-28.66666667","-28.66666667","1","21.33333333","-0.6666666667","21.33333333","1","43.33333333","43.33333333","43.33333333","1","-406.6666667","-481.6666667","-331.6666667","1","-147.6666667","-154.6666667","-140.6666667","1","-453.6666667","-481.6666667","-425.6666667","1","-6500.947297","-11014.2071","-1987.68749","1","-241.0260417","-1801.135417","458.3333333","1","-24.66666667","-24.66666667","-24.66666667","1","-481.6666667","-481.6666667","-481.6666667","1","0","0","0","0","-425.6666667","-425.6666667","-425.6666667","1","-183.6666667","-183.6666667","-144.6666667","1","-481.6666667","-481.6666667","-481.6666667","1","238.8333333","188.3333333","289.3333333","1","108.3333333","28.33333333","188.3333333","1","-114.1666667","-517.6666667","289.3333333","1","-6505.166496","-11003.2658","-2007.067196","1","-2691.322917","-9717.479167","458.3333333","1","-24.66666667","-24.66666667","-24.66666667","1","-517.6666667","-517.6666667","-517.6666667","1","0","0","0","0","-159.6666667","-159.6666667","-159.6666667","1","-320.6666667","-320.6666667","-243.6666667","1","0","0","0","0","36.85374155","320","631.6251271","3","5","10","15"
"2026-04-27","19:58:00","58","ghost_high_25241_25265","high","27436.25","25265","27442.5833333333","17.66666667","-2.333333333","37.66666667","1","-44.83333333","-47.33333333","-42.33333333","1","29.16666667","9.666666667","48.66666667","1","-6517.30331","-11046.2496","-1988.357021","1","-321.7083333","-503.5833333","-139.8333333","1","7.666666667","7.666666667","7.666666667","1","48.66666667","48.66666667","48.66666667","1","48.66666667","48.66666667","48.66666667","1","9.666666667","9.666666667","9.666666667","1","-26.33333333","-26.33333333","-15.33333333","1","48.66666667","48.66666667","48.66666667","1","-465.3333333","-540.3333333","-390.3333333","1","-119.3333333","-140.3333333","-98.33333333","1","-109.8333333","-208.3333333","-11.33333333","1","-6520.796917","-11048.19797","-1993.395867","1","-299.6927083","-1859.802083","399.6666667","1","7.666666667","7.666666667","7.666666667","1","-208.3333333","-208.3333333","-208.3333333","1","0","0","0","0","-484.3333333","-484.3333333","-484.3333333","1","-104.3333333","-104.3333333","-64.33333333","1","0","0","0","0","180.1666667","129.6666667","230.6666667","1","49.66666667","-30.33333333","129.6666667","1","-172.8333333","-576.3333333","230.6666667","1","-6528.492024","-11039.43429","-2017.549759","1","-2749.989583","-9776.145833","399.6666667","1","7.666666667","7.666666667","7.666666667","1","-576.3333333","-576.3333333","-576.3333333","1","0","0","0","0","-218.3333333","-218.3333333","-218.3333333","1","-21.33333333","-56.33333333","-21.33333333","1","0","0","0","0","34.87918826","936","841.2545208","3","5","10","15"
"2026-04-28","00:32:00","32","ghost_low_25452_25479","low","27480.75","25479","27463.5833333333","-3.333333333","-14.33333333","7.666666667","1","5.166666667","-5.333333333","15.66666667","1","6.166666667","-53.33333333","65.66666667","1","-6578.988893","-11116.37774","-2041.600047","1","-151.4270833","-368.7083333","40.29166667","1","-4.333333333","-4.333333333","-4.333333333","1","-53.33333333","-53.33333333","-53.33333333","1","0","0","0","0","112.6666667","112.6666667","112.6666667","1","-29.33333333","-29.33333333","-14.33333333","1","-53.33333333","-53.33333333","-53.33333333","1","127.6666667","68.66666667","186.6666667","1","102.1666667","101.6666667","102.6666667","1","98.16666667","44.66666667","151.6666667","1","-6577.437766","-11115.16304","-2039.712489","1","-383.6927083","-1943.802083","315.6666667","1","-4.333333333","-4.333333333","-4.333333333","1","44.66666667","44.66666667","44.66666667","1","0","0","0","0","-568.3333333","-568.3333333","-568.3333333","1","103.6666667","81.66666667","103.6666667","1","0","0","0","0","96.16666667","45.66666667","146.6666667","1","-12.83333333","-70.33333333","44.66666667","1","-256.8333333","-660.3333333","146.6666667","1","-6572.873142","-11098.47247","-2047.27381","1","-2833.989583","-9375.583333","315.6666667","1","-4.333333333","-4.333333333","-4.333333333","1","-660.3333333","-660.3333333","-660.3333333","1","0","0","0","0","-302.3333333","-302.3333333","-302.3333333","1","44.66666667","44.66666667","84.66666667","1","0","0","0","0","33.28339775","143","155.5101565","3","5","10","15"
"2026-04-28","01:30:00","30","ghost_high_25493_25537","high","27481.5","25537","27470","-28","-38","-18","1","-21.5","-25","-18","1","-45.5","-67","-24","1","-6601.554466","-11140.12463","-2062.984299","1","-187.265625","-305.6875","-87.0625","1","-30","-30","-30","1","-67","-67","-67","1","0","0","0","0","-24","-24","-24","1","3","0","3","1","0","0","0","0","21.5","-3","46","1","-16.5","-22","-11","1","44.5","-79","168","1","-6599.843908","-11138.80981","-2060.878002","1","-409.359375","-1969.46875","290","1","-30","-30","-30","1","-79","-79","-79","1","0","0","0","0","-79","-79","-79","1","-67","-67","-51","1","0","0","0","0","70.5","20","121","1","-38.5","-96","19","1","-282.5","-686","121","1","-6594.121205","-11121.44295","-2066.799458","1","-2859.65625","-9401.25","290","1","-30","-30","-30","1","-686","-686","-686","1","0","0","0","0","-328","-328","-328","1","168","81","168","1","0","0","0","0","19.94875762","11","61.70443775","3","5","10","15"
"2026-04-28","05:59:00","59","ghost_high_25775_25806","high","27398","25806","27366","7.5","-7","22","1","-4.5","-16","7","1","-16.5","-56","23","1","-6170.416843","-10714.21309","-1626.6206","1","513.125","199.25","584","1","52","52","52","1","-56","-56","-56","1","0","0","0","0","-19","-19","-19","1","20","19","20","1","0","0","0","0","266.5","244","289","1","61.5","52","71","1","224.5","155","294","1","-6169.177113","-10713.20521","-1625.149018","1","6.640625","-1445.875","706","1","52","52","52","1","294","294","294","1","0","0","0","0","253","253","253","1","52","6","52","1","0","0","0","0","486.5","436","537","1","311","285","337","1","157","-270","584","1","-6165.350805","-10697.16926","-1633.532346","1","-2443.65625","-8985.25","706","1","52","52","52","1","584","584","584","1","0","0","0","0","88","88","88","1","155","155","187","1","0","0","0","0","27.04895409","140","84.17790181","3","5","10","15"
"2026-04-28","06:31:00","31","ghost_high_25789_25838","high","27379","25838","27370.5833333333","-36.33333333","-52.33333333","-20.33333333","1","-17.83333333","-22.33333333","-13.33333333","1","-26.33333333","-54.33333333","1.666666667","1","-6187.185701","-10731.46786","-1642.903541","1","494.7916667","160.6666667","565.6666667","1","33.66666667","33.66666667","33.66666667","1","-54.33333333","-54.33333333","-54.33333333","1","0","0","0","0","1.666666667","1.666666667","1.666666667","1","-10.33333333","-10.33333333","-9.333333333","1","0","0","0","0","248.1666667","225.6666667","270.6666667","1","43.16666667","33.66666667","52.66666667","1","96.66666667","-82.33333333","275.6666667","1","-6185.545493","-10730.18416","-1640.906826","1","-11.69270833","-1464.208333","687.6666667","1","33.66666667","33.66666667","33.66666667","1","-82.33333333","-82.33333333","-82.33333333","1","0","0","0","0","234.6666667","234.6666667","234.6666667","1","-54.33333333","-54.33333333","-11.33333333","1","0","0","0","0","468.1666667","417.6666667","518.6666667","1","292.6666667","266.6666667","318.6666667","1","138.6666667","-288.3333333","565.6666667","1","-6179.500851","-10712.66218","-1646.339523","1","-2461.989583","-9003.583333","687.6666667","1","33.66666667","33.66666667","33.66666667","1","565.6666667","565.6666667","565.6666667","1","0","0","0","0","69.66666667","69.66666667","69.66666667","1","209.6666667","188.6666667","209.6666667","1","0","0","0","0","23.82213819","87","71.52374131","3","5","10","15"
"2026-04-28","06:31:00","31","ghost_low_25786_25838","low","27350","25838","27370.5833333333","-36.33333333","-52.33333333","-20.33333333","1","-17.83333333","-22.33333333","-13.33333333","1","-26.33333333","-54.33333333","1.666666667","1","-6187.185701","-10731.46786","-1642.903541","1","494.7916667","160.6666667","565.6666667","1","33.66666667","33.66666667","33.66666667","1","-54.33333333","-54.33333333","-54.33333333","1","0","0","0","0","1.666666667","1.666666667","1.666666667","1","-10.33333333","-10.33333333","-9.333333333","1","0","0","0","0","248.1666667","225.6666667","270.6666667","1","43.16666667","33.66666667","52.66666667","1","96.66666667","-82.33333333","275.6666667","1","-6185.545493","-10730.18416","-1640.906826","1","-11.69270833","-1464.208333","687.6666667","1","33.66666667","33.66666667","33.66666667","1","-82.33333333","-82.33333333","-82.33333333","1","0","0","0","0","234.6666667","234.6666667","234.6666667","1","-54.33333333","-54.33333333","-11.33333333","1","0","0","0","0","468.1666667","417.6666667","518.6666667","1","292.6666667","266.6666667","318.6666667","1","138.6666667","-288.3333333","565.6666667","1","-6179.500851","-10712.66218","-1646.339523","1","-2461.989583","-9003.583333","687.6666667","1","33.66666667","33.66666667","33.66666667","1","565.6666667","565.6666667","565.6666667","1","0","0","0","0","69.66666667","69.66666667","69.66666667","1","209.6666667","188.6666667","209.6666667","1","0","0","0","0","23.82213819","87","71.52374131","3","5","10","15"
"2026-04-28","06:52:00","52","ghost_low_25834_25859","low","27357","25859","27328.5","132","116","148","1","22.5","15","30","1","148.5","111","186","1","-6016.768887","-10561.66523","-1471.872548","1","650.875","282.75","734","1","63","63","63","1","111","111","111","1","0","0","0","0","170","170","170","1","20","14","20","1","111","111","111","1","145.5","114","177","1","112.5","111","114","1","265","86","444","1","-6015.292159","-10560.49668","-1470.087638","1","156.640625","-1295.875","856","1","63","63","63","1","86","86","86","1","0","0","0","0","86","86","86","1","111","95","111","1","0","0","0","0","636.5","586","687","1","461","435","487","1","307","-120","734","1","-6011.167518","-10544.32885","-1478.00619","1","-2293.65625","-8835.25","856","1","63","63","63","1","734","734","734","1","0","0","0","0","238","238","238","1","378","357","378","1","0","0","0","0","31.53024856","262","177.7919501","3","5","10","15"
"2026-04-28","09:22:00","22","ghost_low_25978_26009","low","27333.75","26009","27328.5833333333","69.66666667","48.66666667","90.66666667","1","14.66666667","5.666666667","23.66666667","1","73.66666667","66.66666667","80.66666667","1","-6005.468421","-10553.70141","-1457.23543","1","20.79166667","-104.3333333","350.6666667","1","-34.33333333","-34.33333333","-34.33333333","1","66.66666667","66.66666667","66.66666667","1","66.66666667","66.66666667","66.66666667","1","80.66666667","80.66666667","80.66666667","1","5.666666667","5.666666667","5.666666667","1","66.66666667","66.66666667","66.66666667","1","-26.83333333","-104.3333333","50.66666667","1","57.16666667","48.66666667","65.66666667","1","10.66666667","-104.3333333","125.6666667","1","-6003.895504","-10552.47427","-1455.316735","1","156.3072917","-1188.614583","855.6666667","1","-34.33333333","-34.33333333","-34.33333333","1","125.6666667","125.6666667","125.6666667","1","0","0","0","0","85.66666667","85.66666667","85.66666667","1","80.66666667","48.66666667","80.66666667","1","0","0","0","0","636.1666667","585.6666667","686.6666667","1","251.6666667","198.6666667","304.6666667","1","306.6666667","-120.3333333","733.6666667","1","-5997.875655","-10535.01837","-1460.732936","1","-2293.989583","-8835.583333","855.6666667","1","-34.33333333","-34.33333333","-34.33333333","1","733.6666667","733.6666667","733.6666667","1","0","0","0","0","237.6666667","237.6666667","237.6666667","1","-104.3333333","-104.3333333","37.66666667","1","0","0","0","0","28.93117081","129","111.2060748","3","5","10","15"
"2026-04-28","11:23:00","23","ghost_high_26069_26130","high","27284.25","26130","27167","381.5","354","409","1","28","22","34","1","368","325","411","1","-5343.697938","-9895.439177","-791.9566981","1","687.5","390","985","1","526","526","526","1","411","411","411","1","0","0","0","0","379","379","379","1","22","-5","22","1","0","0","0","0","619.5","542","697","1","245.5","166","325","1","657","542","772","1","-5342.753632","-9894.715501","-790.7917636","1","802.640625","-542.28125","1502","1","526","526","526","1","772","772","772","1","0","0","0","0","732","732","732","1","166","139","166","1","0","0","0","0","1282.5","1232","1333","1","538.5","535","542","1","953","526","1380","1","-5339.25767","-9879.465341","-799.0499987","1","-1647.65625","-8189.25","1502","1","526","526","526","1","1380","1380","1380","1","0","0","0","0","884","884","884","1","535","471","535","1","0","0","0","0","46.71533521","418","406.5773237","3","5","10","15"
"2026-04-28","11:23:00","23","ghost_low_26096_26130","low","27238.75","26130","27167","381.5","354","409","1","28","22","34","1","368","325","411","1","-5343.697938","-9895.439177","-791.9566981","1","687.5","390","985","1","526","526","526","1","411","411","411","1","0","0","0","0","379","379","379","1","22","-5","22","1","0","0","0","0","619.5","542","697","1","245.5","166","325","1","657","542","772","1","-5342.753632","-9894.715501","-790.7917636","1","802.640625","-542.28125","1502","1","526","526","526","1","772","772","772","1","0","0","0","0","732","732","732","1","166","139","166","1","0","0","0","0","1282.5","1232","1333","1","538.5","535","542","1","953","526","1380","1","-5339.25767","-9879.465341","-799.0499987","1","-1647.65625","-8189.25","1502","1","526","526","526","1","1380","1380","1380","1","0","0","0","0","884","884","884","1","535","471","535","1","0","0","0","0","46.71533521","418","406.5773237","3","5","10","15"
"2026-04-28","12:41:00","41","ghost_low_26179_26208","low","27063","26208","27094.75","-204","-233","-175","1","-85.5","-94","-77","1","-222","-233","-211","1","-5031.346606","-9585.557336","-477.1358764","1","-6.3125","-233","875.25","1","-57","-57","-57","1","-233","-233","-233","1","-233","-233","-233","1","-211","-211","-211","1","-31","-31","-27","1","-233","-233","-233","1","908.5","831","986","1","282","244","320","1","946","831","1061","1","-5030.125908","-9584.561126","-475.6906894","1","1091.640625","-253.28125","1791","1","-57","-57","-57","1","1061","1061","1061","1","0","0","0","0","1021","1021","1021","1","-233","-233","-158","1","0","0","0","0","1571.5","1521","1622","1","827.5","824","831","1","1242","815","1669","1","-5035.433583","-9577.816128","-493.0510372","1","-1358.65625","-7900.25","1791","1","-57","-57","-57","1","1669","1669","1669","1","0","0","0","0","1173","1173","1173","1","700","666","700","1","0","0","0","0","61.20880226","737","502.2202501","3","5","10","15"
"2026-04-28","15:16:00","16","ghost_high_26295_26363","high","27235","26363","27082.5","-185.5","-280","-91","1","-32.5","-51","-14","1","-27.5","-204","149","1","-4864.638658","-9432.935591","-296.3417244","1","45.78125","-280","458.4375","1","-8","-8","-8","1","-204","-204","-204","1","0","0","0","0","-279","-279","-279","1","63","52","63","1","0","0","0","0","957.5","880","1035","1","194.5","124","265","1","310.5","-57","678","1","-4867.135518","-9435.402448","-298.8685881","1","1140.640625","-96.6875","1840","1","-8","-8","-8","1","678","678","678","1","0","0","0","0","1070","1070","1070","1","149","35","149","1","0","0","0","0","1620.5","1570","1671","1","454.5","284","625","1","1291","864","1718","1","-4867.640637","-9424.735932","-310.5453414","1","-1309.65625","-7851.25","1840","1","-8","-8","-8","1","1718","1718","1718","1","0","0","0","0","1222","1222","1222","1","610","477","610","1","0","0","0","0","97.86229154","1148","1430.513119","3","5","10","15"
"2026-04-28","18:44:00","44","ghost_low_26474_26571","low","27047.5","26571","27168.25","32","14","50","1","-31.5","-34","-29","1","-10","-70","50","1","-5132.612362","-9705.161863","-560.0628605","1","-314.671875","-601.28125","-28.0625","1","335","335","335","1","-70","-70","-70","1","0","0","0","0","-110","-110","-110","1","-11","-11","-2","1","0","0","0","0","-366.5","-472","-261","1","-66.5","-81","-52","1","-598","-635","-561","1","-5131.974363","-9704.674685","-559.2740401","1","-385.890625","-1623.21875","851.4375","1","335","335","335","1","-561","-561","-561","1","0","0","0","0","-623","-623","-623","1","50","30","50","1","-561","-561","-561","1","1277.5","1227","1328","1","111.5","-59","282","1","948","521","1375","1","-5138.516776","-9699.409098","-577.6244531","1","-1652.65625","-8194.25","1497","1","335","335","335","1","1375","1375","1375","1","0","0","0","0","879","879","879","1","-483","-483","-335","1","0","0","0","0","35.24781404","319","523.1396198","3","5","10","15"
"2026-04-28","19:32:00","32","ghost_low_26564_26619","low","27150.75","26619","27189","118","97","139","1","-19.5","-22","-17","1","-15","-42","12","1","-5199.886408","-9774.545558","-625.227258","1","-399.71875","-718","-81.4375","1","252","252","252","1","-42","-42","-42","1","0","0","0","0","136","136","136","1","-15","-15","-9","1","0","0","0","0","-449.5","-555","-344","1","-15.5","-25","-6","1","-681","-718","-644","1","-5198.773395","-9773.625706","-623.9210847","1","-468.890625","-1706.21875","768.4375","1","252","252","252","1","-644","-644","-644","1","0","0","0","0","-706","-706","-706","1","-61","-61","-15","1","-644","-644","-644","1","1194.5","1144","1245","1","-323","-373","-273","1","287","-718","1292","1","-5201.722888","-9764.963446","-638.4823296","1","-1735.65625","-8277.25","1414","1","252","252","252","1","-718","-718","-718","1","0","0","0","0","796","796","796","1","-273","-273","-190","1","0","0","0","0","33.45974473","523","483.851005","3","5","10","15"
"2026-04-28","22:46:00","46","ghost_high_26711_26753","high","27233","26753","27218.8333333333","-100.8333333","-109.3333333","-92.33333333","1","8.166666667","4.666666667","11.66666667","1","6.166666667","-38.33333333","50.66666667","1","-5293.295375","-9871.02312","-715.5676294","1","-185.6145833","-594.8333333","132.6666667","1","22.66666667","22.66666667","22.66666667","1","-38.33333333","-38.33333333","-38.33333333","1","0","0","0","0","-104.3333333","-104.3333333","-104.3333333","1","6.666666667","5.666666667","6.666666667","1","0","0","0","0","22.16666667","-6.333333333","50.66666667","1","-52.83333333","-99.33333333","-6.333333333","1","-38.83333333","-134.3333333","56.66666667","1","-5291.728852","-9869.715439","-713.7422655","1","-588.2239583","-1825.552083","649.1041667","1","22.66666667","22.66666667","22.66666667","1","56.66666667","56.66666667","56.66666667","1","0","0","0","0","-825.3333333","-825.3333333","-825.3333333","1","-15.33333333","-15.33333333","-15.33333333","1","0","0","0","0","1075.166667","1024.666667","1125.666667","1","-277.8333333","-298.3333333","-257.3333333","1","167.6666667","-837.3333333","1172.666667","1","-5285.956823","-9853.494645","-718.4189998","1","-1854.989583","-8396.583333","1294.666667","1","22.66666667","22.66666667","22.66666667","1","-837.3333333","-837.3333333","-837.3333333","1","0","0","0","0","676.6666667","676.6666667","676.6666667","1","-286.3333333","-286.3333333","-198.3333333","1","0","0","0","0","15.71632848","23","43.63080486","3","5","10","15"
"2026-04-29","02:40:00","40","ghost_low_26941_26987","low","27240.25","26987","27255.25","-12.5","-28","3","1","5","3","7","1","-11.5","-29","6","1","-5425.236659","-10005.2671","-845.2062201","1","-345.15625","-542.1875","-148.125","1","-13","-13","-13","1","-29","-29","-29","1","-29","-29","-29","1","66","66","66","1","-8","-8","-5","1","-29","-29","-29","1","-127","-139","-115","1","21.5","5","38","1","-49.5","-254","155","1","-5423.603294","-10003.88204","-843.3245492","1","-733.890625","-1971.21875","503.4375","1","-13","-13","-13","1","-254","-254","-254","1","0","0","0","0","-971","-971","-971","1","46","46","46","1","0","0","0","0","929.5","879","980","1","-62.5","-89","-36","1","22","-983","1027","1","-5418.453439","-9988.133272","-848.7736048","1","-2000.65625","-8542.25","1149","1","-13","-13","-13","1","-983","-983","-983","1","0","0","0","0","531","531","531","1","59","33","59","1","0","0","0","0","22.56693089","42","95.96376226","3","5","10","15"
"2026-04-29","07:02:00","02","ghost_low_27226_27249","low","27278.25","27249","27272.5833333333","-4.833333333","-19.33333333","9.666666667","1","-21.83333333","-24.33333333","-19.33333333","1","68.16666667","28.66666667","107.6666667","1","-5486.211892","-10067.85687","-904.566912","1","-17.42708333","-135.0833333","100.2291667","1","-82.33333333","-82.33333333","-82.33333333","1","28.66666667","28.66666667","28.66666667","1","0","0","0","0","28.66666667","28.66666667","28.66666667","1","-19.33333333","-19.33333333","1.666666667","1","0","0","0","0","37.66666667","21.66666667","53.66666667","1","94.16666667","92.66666667","95.66666667","1","96.66666667","14.66666667","178.6666667","1","-5484.756737","-10066.61642","-902.8970531","1","380.3072917","-749.4270833","1079.666667","1","-82.33333333","-82.33333333","-82.33333333","1","178.6666667","178.6666667","178.6666667","1","0","0","0","0","-1040.333333","-1040.333333","-1040.333333","1","49.66666667","49.66666667","49.66666667","1","0","0","0","0","860.1666667","809.6666667","910.6666667","1","36.66666667","35.66666667","37.66666667","1","-118.8333333","-323.3333333","85.66666667","1","-5477.025353","-10048.73238","-905.3183272","1","-2069.989583","-8611.583333","1079.666667","1","-82.33333333","-82.33333333","-82.33333333","1","-323.3333333","-323.3333333","-323.3333333","1","0","0","0","0","461.6666667","461.6666667","461.6666667","1","178.6666667","98.66666667","178.6666667","1","0","0","0","0","24.43960059","122","120.3657402","3","5","10","15"
"2026-04-29","10:22:00","22","ghost_high_27386_27449","high","27270","27449","27263.4166666667","-151.6666667","-167.6666667","-135.6666667","1","-7.166666667","-8.666666667","-5.666666667","1","-182.1666667","-205.6666667","-158.6666667","1","-5437.055936","-10020.64005","-853.4718227","1","14.09895833","-112.6041667","140.8020833","1","-45.66666667","-45.66666667","-45.66666667","1","-158.6666667","-158.6666667","-158.6666667","1","-158.6666667","-158.6666667","-158.6666667","1","-164.6666667","-164.6666667","-164.6666667","1","-12.66666667","-12.66666667","3.333333333","1","-158.6666667","-158.6666667","-158.6666667","1","74.33333333","58.33333333","90.33333333","1","-75.66666667","-91.66666667","-59.66666667","1","-117.6666667","-261.6666667","26.33333333","1","-5435.516526","-10019.33192","-851.7011317","1","633.5364583","-375.9479167","1116.333333","1","-45.66666667","-45.66666667","-45.66666667","1","26.33333333","26.33333333","26.33333333","1","0","0","0","0","-1003.666667","-1003.666667","-1003.666667","1","-121.6666667","-121.6666667","-107.6666667","1","0","0","0","0","896.8333333","846.3333333","947.3333333","1","73.33333333","72.33333333","74.33333333","1","-35.66666667","-286.6666667","215.3333333","1","-5428.856932","-10002.35227","-855.3615908","1","-2033.322917","-8574.916667","1116.333333","1","-45.66666667","-45.66666667","-45.66666667","1","215.3333333","215.3333333","215.3333333","1","0","0","0","0","498.3333333","498.3333333","498.3333333","1","26.33333333","-89.66666667","26.33333333","1","0","0","0","0","27.46096675","91","98.70177176","3","5","10","15"
"2026-04-29","11:59:00","59","ghost_low_27483_27546","low","27254.25","27546","27254.75","99","78","120","1","2.5","1","4","1","-25","-79","29","1","-5396.910197","-9981.439841","-812.3805532","1","-55.578125","-197.1875","86.03125","1","-11","-11","-11","1","29","29","29","1","0","0","0","0","15","15","15","1","14","11","14","1","0","0","0","0","65","30","100","1","67.5","59","76","1","66.5","-2","135","1","-5395.730818","-9980.426027","-811.0356089","1","579.359375","-297.15625","1151","1","-11","-11","-11","1","-2","-2","-2","1","0","0","0","0","-969","-969","-969","1","28","19","28","1","0","0","0","0","931.5","881","982","1","108","107","109","1","-1","-252","250","1","-5391.116179","-9965.12032","-817.1120385","1","-1998.65625","-8540.25","1151","1","-11","-11","-11","1","250","250","250","1","0","0","0","0","533","533","533","1","-171","-171","-111","1","0","0","0","0","30.8937828","34","91.67693604","3","5","10","15"
"2026-04-29","12:48:00","48","ghost_low_27570_27595","low","27217.75","27595","27236.6666666667","18.83333333","6.333333333","31.33333333","1","-10.16666667","-19.66666667","-0.6666666667","1","-67.16666667","-179.6666667","45.33333333","1","-5319.53925","-9904.797751","-734.2807503","1","16.42708333","-116.9166667","134.0833333","1","44.33333333","44.33333333","44.33333333","1","45.33333333","45.33333333","45.33333333","1","0","0","0","0","51.33333333","51.33333333","51.33333333","1","17.33333333","7.333333333","17.33333333","1","0","0","0","0","62.83333333","24.33333333","101.3333333","1","139.8333333","131.3333333","148.3333333","1","131.8333333","70.33333333","193.3333333","1","-5318.705899","-9904.08115","-733.330647","1","657.0208333","-175.7916667","1223.333333","1","44.33333333","44.33333333","44.33333333","1","193.3333333","193.3333333","193.3333333","1","0","0","0","0","-896.6666667","-896.6666667","-896.6666667","1","-18.66666667","-18.66666667","-18.66666667","1","0","0","0","0","1003.833333","953.3333333","1054.333333","1","180.3333333","179.3333333","181.3333333","1","83.83333333","-154.6666667","322.3333333","1","-5315.240829","-9889.834574","-740.6470849","1","-1926.322917","-8467.916667","1223.333333","1","44.33333333","44.33333333","44.33333333","1","-154.6666667","-154.6666667","-154.6666667","1","0","0","0","0","605.3333333","605.3333333","605.3333333","1","193.3333333","102.3333333","193.3333333","1","0","0","0","0","37.59769219","78","180.9900902","3","5","10","15"
"2026-04-29","14:58:00","58","ghost_low_27676_27725","low","27177.75","27725","27301.8333333333","-341.3333333","-372.3333333","-310.3333333","1","-24.83333333","-27.33333333","-22.33333333","1","-28.83333333","-79.33333333","21.66666667","1","-5520.716635","-10113.78673","-927.6465372","1","-363.6927083","-590.8020833","-160.4895833","1","-13.33333333","-13.33333333","-13.33333333","1","21.66666667","21.66666667","21.66666667","1","0","0","0","0","-208.3333333","-208.3333333","-208.3333333","1","-36.33333333","-36.33333333","-29.33333333","1","0","0","0","0","-197.8333333","-236.3333333","-159.3333333","1","-94.83333333","-99.33333333","-90.33333333","1","-456.3333333","-710.3333333","-202.3333333","1","-5521.518409","-10114.47058","-928.566235","1","396.3541667","-436.4583333","962.6666667","1","-13.33333333","-13.33333333","-13.33333333","1","-710.3333333","-710.3333333","-710.3333333","1","0","0","0","0","-1157.333333","-1157.333333","-1157.333333","1","40.66666667","4.666666667","40.66666667","1","0","0","0","0","-206.3333333","-359.3333333","-53.33333333","1","-80.33333333","-81.33333333","-79.33333333","1","-176.8333333","-415.3333333","61.66666667","1","-5541.439473","-10120.19199","-962.6869539","1","-2186.989583","-8728.583333","962.6666667","1","-13.33333333","-13.33333333","-13.33333333","1","-415.3333333","-415.3333333","-415.3333333","1","0","0","0","0","-415.3333333","-415.3333333","-415.3333333","1","-202.3333333","-304.3333333","-202.3333333","1","0","0","0","0","53.32656479","509","618.0323113","3","5","10","15"
"2026-04-29","16:55:00","55","ghost_high_27799_27842","high","27273.5","27842","27203.9166666667","-13.16666667","-35.66666667","9.333333333","1","26.83333333","24.33333333","29.33333333","1","-8.166666667","-40.66666667","24.33333333","1","-5074.41548","-9674.733498","-474.0974625","1","51.88020833","-175.2291667","255.0833333","1","-23.66666667","-23.66666667","-23.66666667","1","-40.66666667","-40.66666667","-40.66666667","1","0","0","0","0","413.3333333","413.3333333","413.3333333","1","-23.66666667","-23.66666667","-12.66666667","1","0","0","0","0","-20.16666667","-64.66666667","24.33333333","1","2.833333333","-7.666666667","13.33333333","1","178.8333333","-18.66666667","376.3333333","1","-5074.088923","-9674.601935","-473.5759113","1","788.0208333","-44.79166667","1354.333333","1","-23.66666667","-23.66666667","-23.66666667","1","-18.66666667","-18.66666667","-18.66666667","1","0","0","0","0","-18.66666667","-18.66666667","-18.66666667","1","-64.66666667","-64.66666667","-59.66666667","1","0","0","0","0","170.8333333","-104.6666667","446.3333333","1","311.3333333","310.3333333","312.3333333","1","214.8333333","-23.66666667","453.3333333","1","-5086.516467","-9674.86412","-498.1688142","1","-1795.322917","-8336.916667","1354.333333","1","-23.66666667","-23.66666667","-23.66666667","1","-23.66666667","-23.66666667","-23.66666667","1","0","0","0","0","-23.66666667","-23.66666667","-23.66666667","1","422.3333333","396.3333333","422.3333333","1","0","0","0","0","51.8263639","548","587.7027298","3","5","10","15"
"2026-04-29","19:06:00","06","ghost_high_27944_27973","high","27267","27973","27272.6666666667","-217.6666667","-287.6666667","-147.6666667","1","89.83333333","88.33333333","91.33333333","1","24.83333333","-88.66666667","138.3333333","1","-5304.992591","-9910.115548","-699.8696345","1","-223.1197917","-426.3229167","-19.91666667","1","63.33333333","63.33333333","63.33333333","1","138.3333333","138.3333333","138.3333333","1","0","0","0","0","-279.6666667","-279.6666667","-279.6666667","1","47.33333333","46.33333333","47.33333333","1","0","0","0","0","-295.1666667","-339.6666667","-250.6666667","1","-272.1666667","-282.6666667","-261.6666667","1","-467.6666667","-476.6666667","-458.6666667","1","-5306.226191","-9911.267666","-701.1847166","1","-219.8541667","-852.7916667","413.0833333","1","63.33333333","63.33333333","63.33333333","1","-458.6666667","-458.6666667","-458.6666667","1","-458.6666667","-458.6666667","-458.6666667","1","-293.6666667","-293.6666667","-293.6666667","1","-131.6666667","-131.6666667","-131.6666667","1","-458.6666667","-458.6666667","-458.6666667","1","-104.1666667","-379.6666667","171.3333333","1","36.33333333","35.33333333","37.33333333","1","-211.1666667","-593.6666667","171.3333333","1","-5298.069033","-9893.786902","-702.3511629","1","-2070.322917","-8611.916667","1079.333333","1","63.33333333","63.33333333","63.33333333","1","171.3333333","171.3333333","171.3333333","1","0","0","0","0","-298.6666667","-298.6666667","-298.6666667","1","-458.6666667","-458.6666667","-92.66666667","1","0","0","0","0","65.09701708","1308","932.2653064","3","5","10","15"
"2026-04-29","20:24:00","24","ghost_low_28029_28051","low","27234","28051","27220.5833333333","401.6666667","134.6666667","668.6666667","1","-81.33333333","-118.3333333","-44.33333333","1","133.6666667","-506.3333333","773.6666667","1","-5050.729426","-9662.359362","-439.0994904","1","-6.333333333","-266.3333333","253.6666667","1","15.66666667","15.66666667","15.66666667","1","-506.3333333","-506.3333333","-506.3333333","1","0","0","0","0","166.6666667","166.6666667","166.6666667","1","-50.33333333","-50.33333333","7.666666667","1","0","0","0","0","413.6666667","53.66666667","773.6666667","1","306.6666667","304.6666667","308.6666667","1","114.1666667","-250.3333333","478.6666667","1","-5050.783086","-9662.684921","-438.8812498","1","-11.52083333","-644.4583333","621.4166667","1","15.66666667","15.66666667","15.66666667","1","478.6666667","478.6666667","478.6666667","1","0","0","0","0","478.6666667","478.6666667","478.6666667","1","299.6666667","267.6666667","299.6666667","1","0","0","0","0","-28.33333333","-268.3333333","211.6666667","1","150.1666667","133.6666667","166.6666667","1","-2.833333333","-385.3333333","379.6666667","1","-5060.100557","-9660.854487","-459.3466271","1","-1861.989583","-8403.583333","1287.666667","1","15.66666667","15.66666667","15.66666667","1","379.6666667","379.6666667","379.6666667","1","0","0","0","0","-90.33333333","-90.33333333","-90.33333333","1","166.6666667","166.6666667","299.6666667","1","0","0","0","0","141.7871123","514","1178.711725","3","5","10","15"
"2026-04-30","01:54:00","54","ghost_low_28285_28321","low","27564.5","28321","27573.25","-51","-65","-37","1","-28","-37","-19","1","-19","-60","22","1","-6422.247988","-11043.72437","-1800.771603","1","-1421.296875","-1850.90625","-991.6875","1","-63","-63","-63","1","-60","-60","-60","1","0","0","0","0","-60","-60","-60","1","-19","-19","-16","1","0","0","0","0","-420","-458","-382","1","41","18","64","1","-143.5","-485","198","1","-6420.541985","-11042.49912","-1798.584852","1","-1450.109375","-2101.6875","-798.53125","1","-63","-63","-63","1","198","198","198","1","0","0","0","0","-932","-932","-932","1","22","-29","22","1","0","0","0","0","-1277","-1917","-637","1","-190.5","-293","-88","1","-1474","-1917","-1031","1","-6417.113796","-11027.74735","-1806.480237","1","-3511.453125","-9693.875","198","1","-63","-63","-63","1","-1917","-1917","-1917","1","0","0","0","0","-1031","-1031","-1031","1","-88","-88","-86","1","0","0","0","0","31.86162431","178","102.4323191","3","5","10","15"
"2026-04-30","03:26:00","26","ghost_high_28365_28413","high","27469.25","28413","27415.3333333333","113.1666667","96.66666667","129.6666667","1","2.166666667","-9.333333333","13.66666667","1","4.666666667","-30.33333333","39.66666667","1","-5778.687776","-10403.20811","-1154.167439","1","-525.2552083","-1087.052083","36.54166667","1","-300.3333333","-300.3333333","-300.3333333","1","-30.33333333","-30.33333333","-30.33333333","1","0","0","0","0","52.66666667","52.66666667","52.66666667","1","25.66666667","12.66666667","25.66666667","1","0","0","0","0","3.166666667","-79.33333333","85.66666667","1","286.6666667","183.6666667","389.6666667","1","223.6666667","-115.3333333","562.6666667","1","-5777.104432","-10402.11699","-1152.091869","1","-818.4427083","-1470.020833","-166.8645833","1","-300.3333333","-300.3333333","-300.3333333","1","-115.3333333","-115.3333333","-115.3333333","1","0","0","0","0","-300.3333333","-300.3333333","-300.3333333","1","141.6666667","102.6666667","141.6666667","1","-115.3333333","-115.3333333","-115.3333333","1","-645.3333333","-1285.333333","-5.333333333","1","441.1666667","338.6666667","543.6666667","1","-842.3333333","-1285.333333","-399.3333333","1","-5771.39767","-10386.0925","-1156.70284","1","-2879.786458","-9062.208333","829.6666667","1","-300.3333333","-300.3333333","-300.3333333","1","-1285.333333","-1285.333333","-1285.333333","1","0","0","0","0","-399.3333333","-399.3333333","-399.3333333","1","692.6666667","663.6666667","692.6666667","1","0","0","0","0","43.06524481","127","128.2611909","3","5","10","15"
"2026-04-30","03:26:00","26","ghost_low_28359_28413","low","27386.5","28413","27415.3333333333","113.1666667","96.66666667","129.6666667","1","2.166666667","-9.333333333","13.66666667","1","4.666666667","-30.33333333","39.66666667","1","-5778.687776","-10403.20811","-1154.167439","1","-525.2552083","-1087.052083","36.54166667","1","-300.3333333","-300.3333333","-300.3333333","1","-30.33333333","-30.33333333","-30.33333333","1","0","0","0","0","52.66666667","52.66666667","52.66666667","1","25.66666667","12.66666667","25.66666667","1","0","0","0","0","3.166666667","-79.33333333","85.66666667","1","286.6666667","183.6666667","389.6666667","1","223.6666667","-115.3333333","562.6666667","1","-5777.104432","-10402.11699","-1152.091869","1","-818.4427083","-1470.020833","-166.8645833","1","-300.3333333","-300.3333333","-300.3333333","1","-115.3333333","-115.3333333","-115.3333333","1","0","0","0","0","-300.3333333","-300.3333333","-300.3333333","1","141.6666667","102.6666667","141.6666667","1","-115.3333333","-115.3333333","-115.3333333","1","-645.3333333","-1285.333333","-5.333333333","1","441.1666667","338.6666667","543.6666667","1","-842.3333333","-1285.333333","-399.3333333","1","-5771.39767","-10386.0925","-1156.70284","1","-2879.786458","-9062.208333","829.6666667","1","-300.3333333","-300.3333333","-300.3333333","1","-1285.333333","-1285.333333","-1285.333333","1","0","0","0","0","-399.3333333","-399.3333333","-399.3333333","1","692.6666667","663.6666667","692.6666667","1","0","0","0","0","43.06524481","127","128.2611909","3","5","10","15"
"2026-04-30","05:20:00","20","ghost_high_28494_28527","high","27279","28527","27287","-190","-222","-158","1","28","27","29","1","-27","-141","87","1","-5254.180695","-9880.34763","-628.0137608","1","-11.921875","-772","748.15625","1","6","6","6","1","87","87","87","1","0","0","0","0","-62","-62","-62","1","14","3","14","1","0","0","0","0","29","-29","87","1","-45.5","-62","-29","1","737","398","1076","1","-5252.223341","-9878.948528","-625.4981533","1","-305.109375","-1033.34375","346.46875","1","6","6","6","1","398","398","398","1","0","0","0","0","213","213","213","1","-29","-29","-12","1","398","398","398","1","-132","-772","508","1","871","666","1076","1","285.5","-772","1343","1","-5246.825763","-9863.365333","-630.2861933","1","-2366.453125","-8548.875","1343","1","6","6","6","1","1343","1343","1343","1","0","0","0","0","114","114","114","1","494","493","494","1","0","0","0","0","41.57593834","63","137.8066305","3","5","10","15"
"2026-04-30","06:32:00","32","ghost_high_28548_28599","high","27296.75","28599","27251.8333333333","-203.8333333","-229.3333333","-178.3333333","1","-43.83333333","-47.33333333","-40.33333333","1","-152.8333333","-203.3333333","-102.3333333","1","-5108.049164","-9734.703298","-481.39503","1","1292.260417","499.2916667","1483.666667","1","-16.33333333","-16.33333333","-16.33333333","1","-203.3333333","-203.3333333","-203.3333333","1","0","0","0","0","53.66666667","53.66666667","53.66666667","1","-40.33333333","-40.33333333","-35.33333333","1","0","0","0","0","169.6666667","111.6666667","227.6666667","1","-16.33333333","-86.33333333","53.66666667","1","73.16666667","-81.33333333","227.6666667","1","-5106.323093","-9733.506719","-479.1394666","1","448.8072917","-279.4270833","1100.385417","1","-16.33333333","-16.33333333","-16.33333333","1","227.6666667","227.6666667","227.6666667","1","0","0","0","0","353.6666667","353.6666667","353.6666667","1","-203.3333333","-203.3333333","-141.3333333","1","0","0","0","0","8.666666667","-631.3333333","648.6666667","1","415.1666667","227.6666667","602.6666667","1","426.1666667","-631.3333333","1483.666667","1","-5101.758829","-9718.739145","-484.7785138","1","-2225.786458","-8408.208333","1483.666667","1","-16.33333333","-16.33333333","-16.33333333","1","1483.666667","1483.666667","1483.666667","1","0","0","0","0","254.6666667","254.6666667","254.6666667","1","227.6666667","-73.33333333","227.6666667","1","0","0","0","0","48.96489025","198","195.4082294","3","5","10","15"
"2026-04-30","07:54:00","54","ghost_low_28616_28681","low","27252","28681","27352.5","-325.5","-346","-305","1","-27","-40","-14","1","-6.5","-71","58","1","-5502.48805","-10130.35129","-874.6248104","1","889.59375","-231.5","1081","1","-49","-49","-49","1","-71","-71","-71","1","0","0","0","0","-349","-349","-349","1","-50","-50","-50","1","0","0","0","0","-233","-291","-175","1","-23","-44","-2","1","-422","-669","-175","1","-5500.881881","-10129.23747","-872.5262889","1","276.109375","-682.09375","1081","1","-49","-49","-49","1","-669","-669","-669","1","0","0","0","0","-49","-49","-49","1","86","59","86","1","0","0","0","0","-394","-1034","246","1","12.5","-175","200","1","23.5","-1034","1081","1","-5498.485613","-10116.08841","-880.8828159","1","-2628.453125","-8810.875","1081","1","-49","-49","-49","1","1081","1081","1081","1","0","0","0","0","-148","-148","-148","1","-669","-669","-516","1","0","0","0","0","43.26167581","143","150.426575","3","5","10","15"
"2026-04-30","09:52:00","52","ghost_low_28768_28799","low","27330.75","28799","27369.9166666667","52.83333333","30.33333333","75.33333333","1","43.33333333","33.33333333","53.33333333","1","96.33333333","8.333333333","184.3333333","1","-5562.650841","-10192.29451","-933.0071697","1","163.1302083","-377.9479167","652.6770833","1","66.33333333","66.33333333","66.33333333","1","8.333333333","8.333333333","8.333333333","1","0","0","0","0","22.33333333","22.33333333","22.33333333","1","33.33333333","33.33333333","33.33333333","1","0","0","0","0","81.33333333","8.333333333","154.3333333","1","50.83333333","11.33333333","90.33333333","1","-36.66666667","-180.6666667","107.3333333","1","-5560.83906","-10191.01773","-930.6603871","1","-23.52604167","-751.7604167","628.0520833","1","66.33333333","66.33333333","66.33333333","1","107.3333333","107.3333333","107.3333333","1","0","0","0","0","107.3333333","107.3333333","107.3333333","1","154.3333333","149.3333333","154.3333333","1","0","0","0","0","-463.6666667","-1103.666667","176.3333333","1","-215.1666667","-249.6666667","-180.6666667","1","-46.16666667","-1103.666667","1011.333333","1","-5557.812653","-10177.1638","-938.4615069","1","-2698.119792","-8880.541667","1011.333333","1","66.33333333","66.33333333","66.33333333","1","1011.333333","1011.333333","1011.333333","1","0","0","0","0","-217.6666667","-217.6666667","-217.6666667","1","-180.6666667","-180.6666667","-73.66666667","1","0","0","0","0","46.60196158","181","153.3175138","3","5","10","15"
"2026-04-30","15:00:00","00","ghost_high_29080_29107","high","27275.75","29107","27364.75","-616","-650","-582","1","-64","-65","-63","1","-570.5","-774","-367","1","-5421.524691","-10068.01819","-775.0311896","1","-298.390625","-709.3125","64.1875","1","87","87","87","1","-367","-367","-367","1","0","0","0","0","-647","-647","-647","1","45","20","45","1","-367","-367","-367","1","340","279","401","1","238.5","2","475","1","-32.5","-806","741","1","-5419.861047","-10066.54606","-773.1760342","1","-2.859375","-731.09375","648.71875","1","87","87","87","1","-806","-806","-806","1","0","0","0","0","309","309","309","1","-367","-367","-327","1","0","0","0","0","-380.5","-806","45","1","169","45","293","1","157","-718","1032","1","-5410.958864","-10049.43858","-772.4791501","1","-2677.453125","-8859.875","1032","1","87","87","87","1","-718","-718","-718","1","0","0","0","0","-718","-718","-718","1","-806","-806","-470","1","0","0","0","0","93.21744062","1292","1427.021702","3","5","10","15"
"2026-04-30","20:51:00","51","ghost_high_29434_29458","high","27615","29458","27598.0833333333","45.66666667","37.66666667","53.66666667","1","-23.33333333","-25.33333333","-21.33333333","1","-33.83333333","-60.33333333","-7.333333333","1","-6199.602286","-10881.64826","-1517.55631","1","-47.69270833","-1051.208333","95.66666667","1","95.66666667","95.66666667","95.66666667","1","-60.33333333","-60.33333333","-60.33333333","1","0","0","0","0","22.66666667","22.66666667","22.66666667","1","15.66666667","-0.3333333333","15.66666667","1","0","0","0","0","-1.333333333","-44.33333333","41.66666667","1","-74.83333333","-75.33333333","-74.33333333","1","-34.33333333","-164.3333333","95.66666667","1","-6198.120485","-10880.23578","-1516.00519","1","-936.1927083","-1664.427083","-284.6145833","1","95.66666667","95.66666667","95.66666667","1","-164.3333333","-164.3333333","-164.3333333","1","0","0","0","0","-624.3333333","-624.3333333","-624.3333333","1","-63.33333333","-63.33333333","-23.33333333","1","0","0","0","0","-1313.833333","-1739.333333","-888.3333333","1","-438.3333333","-652.3333333","-224.3333333","1","-965.8333333","-1739.333333","-192.3333333","1","-6203.672192","-10873.29701","-1534.047377","1","-3610.786458","-9793.208333","98.66666667","1","95.66666667","95.66666667","95.66666667","1","-1739.333333","-1739.333333","-1739.333333","1","0","0","0","0","-1651.333333","-1651.333333","-1651.333333","1","-224.3333333","-224.3333333","-187.3333333","1","0","0","0","0","34.81770206","224","189.4810004","3","5","9","9"
"2026-04-30","22:29:00","29","ghost_low_29446_29496","low","27579.25","29496","27616.5","1","-11","13","1","18.5","16","21","1","22.5","-11","56","1","-6269.513275","-10952.68238","-1586.344168","1","-91.421875","-1148.53125","120","1","22","22","22","1","-11","-11","-11","1","0","0","0","0","-58","-58","-58","1","7","0","7","1","-11","-11","-11","1","-75","-118","-32","1","-17","-38","4","1","-108","-238","22","1","-6268.221521","-10951.40266","-1585.040385","1","-1591.9375","-2348.375","-915.125","1","22","22","22","1","-238","-238","-238","1","0","0","0","0","-698","-698","-698","1","116","113","116","1","0","0","0","0","-1387.5","-1813","-962","1","-512","-726","-298","1","-1039.5","-1813","-266","1","-6262.334155","-10936.18135","-1588.486958","1","-3684.453125","-9866.875","25","1","22","22","22","1","-1813","-1813","-1813","1","0","0","0","0","-1725","-1725","-1725","1","-238","-238","-152","1","0","0","0","0","29.13439117","32","66.01903096","3","5","10","15"
"2026-05-01","05:22:00","22","ghost_high_29831_29909","high","27638.75","29909","27627.5833333333","11.16666667","2.666666667","19.66666667","1","-5.833333333","-6.333333333","-5.333333333","1","46.66666667","40.66666667","52.66666667","1","-6296.97622","-10985.19252","-1608.759916","1","-144.9114583","-285.3333333","10.29166667","1","-19.33333333","-19.33333333","-19.33333333","1","40.66666667","40.66666667","40.66666667","1","40.66666667","40.66666667","40.66666667","1","97.66666667","97.66666667","97.66666667","1","-5.333333333","-5.333333333","-5.333333333","1","40.66666667","40.66666667","40.66666667","1","9.666666667","-33.33333333","52.66666667","1","39.66666667","33.66666667","45.66666667","1","82.16666667","-23.33333333","187.6666667","1","-6295.420753","-10983.71739","-1607.124112","1","-1682.645833","-2389.208333","-976.0833333","1","-19.33333333","-19.33333333","-19.33333333","1","-23.33333333","-23.33333333","-23.33333333","1","0","0","0","0","-23.33333333","-23.33333333","-23.33333333","1","40.66666667","29.66666667","40.66666667","1","0","0","0","0","-1431.833333","-1857.333333","-1006.333333","1","-556.3333333","-770.3333333","-342.3333333","1","-1083.833333","-1857.333333","-310.3333333","1","-6287.733673","-10967.19326","-1608.274087","1","-3570.302083","-9833.583333","187.6666667","1","-19.33333333","-19.33333333","-19.33333333","1","-1857.333333","-1857.333333","-1857.333333","1","0","0","0","0","-1769.333333","-1769.333333","-1769.333333","1","63.66666667","63.66666667","63.66666667","1","0","0","0","0","16.09104933","14","44.6798392","3","5","10","15"
"2026-05-01","05:50:00","50","ghost_low_29907_29937","low","27621.25","29937","27625.6666666667","-14.66666667","-21.66666667","-7.666666667","1","-6.666666667","-7.666666667","-5.666666667","1","-6.166666667","-21.66666667","9.333333333","1","-6288.817731","-10977.18183","-1600.453636","1","10.56770833","-115.0729167","121.4270833","1","-11.66666667","-11.66666667","-11.66666667","1","-21.66666667","-21.66666667","-21.66666667","1","0","0","0","0","33.33333333","33.33333333","33.33333333","1","7.333333333","1.333333333","7.333333333","1","0","0","0","0","17.33333333","-25.66666667","60.33333333","1","47.33333333","41.33333333","53.33333333","1","22.33333333","-15.66666667","60.33333333","1","-6287.221312","-10975.67781","-1598.764814","1","-1674.979167","-2381.541667","-968.4166667","1","-11.66666667","-11.66666667","-11.66666667","1","60.33333333","60.33333333","60.33333333","1","0","0","0","0","-15.66666667","-15.66666667","-15.66666667","1","9.333333333","3.333333333","9.333333333","1","0","0","0","0","-1424.166667","-1849.666667","-998.6666667","1","-548.6666667","-762.6666667","-334.6666667","1","-1076.166667","-1849.666667","-302.6666667","1","-6280.067006","-10959.52659","-1600.607421","1","-3562.635417","-9825.916667","195.3333333","1","-11.66666667","-11.66666667","-11.66666667","1","-1849.666667","-1849.666667","-1849.666667","1","0","0","0","0","-1761.666667","-1761.666667","-1761.666667","1","71.33333333","71.33333333","71.33333333","1","0","0","0","0","14.26115701","22","21.36629106","3","5","10","15"
"2026-05-01","08:14:00","14","ghost_low_30048_30081","low","27582","30081","27592.5","-12","-18","-6","1","-33","-48","-18","1","-41","-68","-14","1","-6150.190777","-10840.23055","-1460.151006","1","155.03125","46.125","251.125","1","-6","-6","-6","1","-68","-68","-68","1","0","0","0","0","-14","-14","-14","1","-16","-16","-16","1","0","0","0","0","-11.5","-42","19","1","30","19","41","1","64.5","-4","133","1","-6148.742473","-10838.83265","-1458.652299","1","-1542.3125","-2332","-752.625","1","-6","-6","-6","1","133","133","133","1","0","0","0","0","-4","-4","-4","1","-10","-48","-10","1","0","0","0","0","-1291.5","-1717","-866","1","-416","-630","-202","1","-694.5","-1717","328","1","-6140.90857","-10822.20357","-1459.613573","1","-3429.96875","-9693.25","328","1","-6","-6","-6","1","328","328","328","1","0","0","0","0","-1629","-1629","-1629","1","133","13","133","1","0","0","0","0","25.98466154","92","67.86575747","3","5","10","15"
"2026-05-01","10:15:00","15","ghost_low_30132_30202","low","27545.5","30202","27567.75","-20.5","-29","-12","1","-15.5","-17","-14","1","-14.5","-39","10","1","-6047.717825","-10738.64952","-1356.786125","1","241.5625","72.25","394.75","1","17","17","17","1","-39","-39","-39","1","0","0","0","0","85","85","85","1","-14","-14","-14","1","0","0","0","0","-23.5","-52","5","1","27","8","46","1","-36","-89","17","1","-6046.234009","-10737.22544","-1355.242574","1","-1443.3125","-2149.875","-736.75","1","17","17","17","1","-89","-89","-89","1","0","0","0","0","95","95","95","1","21","10","21","1","-89","-89","-89","1","-1192.5","-1618","-767","1","-317","-531","-103","1","-595.5","-1618","427","1","-6038.145418","-10720.41233","-1355.878511","1","-3330.96875","-9594.25","427","1","17","17","17","1","427","427","427","1","0","0","0","0","-1530","-1530","-1530","1","-89","-89","-7","1","0","0","0","0","16.33561794","51","39.87457317","3","5","10","15"
"2026-05-01","12:33:00","33","ghost_high_30320_30340","high","27588","30340","27605.3333333333","62.16666667","42.66666667","81.66666667","1","28.66666667","22.66666667","34.66666667","1","75.66666667","69.66666667","81.66666667","1","-6188.320557","-10881.78727","-1494.853849","1","-152.2395833","-276.3333333","-2.020833333","1","-30.33333333","-30.33333333","-30.33333333","1","81.66666667","81.66666667","81.66666667","1","81.66666667","81.66666667","81.66666667","1","69.66666667","69.66666667","69.66666667","1","14.66666667","1.666666667","14.66666667","1","81.66666667","81.66666667","81.66666667","1","-226.3333333","-276.3333333","-176.3333333","1","-91.83333333","-121.3333333","-62.33333333","1","-196.8333333","-272.3333333","-121.3333333","1","-6187.146593","-10880.58282","-1493.71037","1","-1593.645833","-2300.208333","-970.2083333","1","-30.33333333","-30.33333333","-30.33333333","1","-272.3333333","-272.3333333","-272.3333333","1","0","0","0","0","-239.3333333","-239.3333333","-239.3333333","1","-62.33333333","-62.33333333","-12.33333333","1","0","0","0","0","-1342.833333","-1768.333333","-917.3333333","1","-467.3333333","-681.3333333","-253.3333333","1","-745.8333333","-1768.333333","276.6666667","1","-6183.705493","-10867.17237","-1500.238617","1","-3481.302083","-9744.583333","276.6666667","1","-30.33333333","-30.33333333","-30.33333333","1","276.6666667","276.6666667","276.6666667","1","0","0","0","0","-1680.333333","-1680.333333","-1680.333333","1","-121.3333333","-140.3333333","-121.3333333","1","0","0","0","0","40.88181329","200","243.8846232","3","5","10","15"
"2026-05-01","15:23:00","23","ghost_high_30484_30510","high","27844.75","30510","27856.1666666667","1.333333333","-18.66666667","21.33333333","1","-8.166666667","-14.66666667","-1.666666667","1","-271.6666667","-348.6666667","-194.6666667","1","-7068.982119","-11810.03109","-2327.933146","1","-137.3541667","-487.0416667","165.7083333","1","-726.6666667","-726.6666667","-726.6666667","1","-194.6666667","-194.6666667","-194.6666667","1","0","0","0","0","-182.6666667","-182.6666667","-182.6666667","1","21.33333333","19.33333333","21.33333333","1","0","0","0","0","-176.1666667","-420.6666667","68.33333333","1","-15.16666667","-77.66666667","47.33333333","1","-104.1666667","-420.6666667","212.3333333","1","-7068.854328","-11809.62611","-2328.082543","1","-2543.151042","-3386.666667","-1812.104167","1","-726.6666667","-726.6666667","-726.6666667","1","-420.6666667","-420.6666667","-420.6666667","1","0","0","0","0","-1242.666667","-1242.666667","-1242.666667","1","-269.6666667","-269.6666667","-220.6666667","1","0","0","0","0","-2346.166667","-2771.666667","-1920.666667","1","-671.1666667","-921.6666667","-420.6666667","1","-1003.166667","-1279.666667","-726.6666667","1","-7074.108311","-11800.99302","-2347.223602","1","-4296.119792","-10395.79167","212.3333333","1","-726.6666667","-726.6666667","-726.6666667","1","-1279.666667","-1279.666667","-1279.666667","1","0","0","0","0","-2683.666667","-2683.666667","-2683.666667","1","212.3333333","69.33333333","212.3333333","1","0","0","0","0","67.58570274","632","941.795496","3","5","10","15"
"2026-05-01","18:14:00","14","ghost_low_30645_30681","low","27864","30681","27862.6666666667","73.33333333","55.33333333","91.33333333","1","15.33333333","13.33333333","17.33333333","1","26.83333333","-24.66666667","78.33333333","1","-7022.077801","-11792.70655","-2251.449049","1","50.75520833","-306.1979167","217.3333333","1","217.3333333","217.3333333","217.3333333","1","78.33333333","78.33333333","78.33333333","1","0","0","0","0","107.3333333","107.3333333","107.3333333","1","13.33333333","13.33333333","13.33333333","1","0","0","0","0","-202.1666667","-446.6666667","42.33333333","1","-8.666666667","-42.66666667","25.33333333","1","-5.666666667","-228.6666667","217.3333333","1","-7021.447199","-11792.01957","-2250.874831","1","-2561.885417","-3412.666667","-1597.666667","1","217.3333333","217.3333333","217.3333333","1","-228.6666667","-228.6666667","-228.6666667","1","0","0","0","0","-1268.666667","-1268.666667","-1268.666667","1","110.3333333","82.33333333","110.3333333","1","0","0","0","0","-2372.166667","-2797.666667","-1946.666667","1","-697.1666667","-947.6666667","-446.6666667","1","-1029.166667","-1305.666667","-752.6666667","1","-7016.953212","-11777.46631","-2256.440118","1","-4299.354167","-10410.16667","217.3333333","1","217.3333333","217.3333333","217.3333333","1","-1305.666667","-1305.666667","-1305.666667","1","0","0","0","0","-2709.666667","-2709.666667","-2709.666667","1","-136.6666667","-136.6666667","-126.6666667","1","0","0","0","0","34.38168712","330","530.7608118","3","5","10","15"
"2026-05-03","23:49:00","49","ghost_high_30903_30956","high","27858.5","30956","27826.5833333333","6.166666667","-25.33333333","37.66666667","1","1.666666667","-2.333333333","5.666666667","1","-3.833333333","-42.33333333","34.66666667","1","-6807.534343","-11604.62476","-2010.443928","1","36.72916667","-127.3333333","200.7916667","1","43.66666667","43.66666667","43.66666667","1","-42.33333333","-42.33333333","-42.33333333","1","0","0","0","0","18.66666667","18.66666667","18.66666667","1","11.66666667","9.666666667","11.66666667","1","0","0","0","0","258.6666667","119.6666667","397.6666667","1","29.16666667","3.666666667","54.66666667","1","57.16666667","-283.3333333","397.6666667","1","-6806.255247","-11603.59716","-2008.913331","1","-2409.114583","-3268.333333","-1091.645833","1","43.66666667","43.66666667","43.66666667","1","397.6666667","397.6666667","397.6666667","1","0","0","0","0","296.6666667","296.6666667","296.6666667","1","37.66666667","-22.33333333","37.66666667","1","0","0","0","0","217.6666667","37.66666667","397.6666667","1","-552.8333333","-803.3333333","-302.3333333","1","-399.8333333","-1161.333333","361.6666667","1","-6800.535506","-11588.08789","-2012.983125","1","-1998.583333","-10252.33333","397.6666667","1","43.66666667","43.66666667","43.66666667","1","361.6666667","361.6666667","361.6666667","1","0","0","0","0","361.6666667","361.6666667","361.6666667","1","397.6666667","253.6666667","397.6666667","1","0","0","0","0","28.99842647","30","103.0671425","3","5","10","15"
"2026-05-04","01:21:00","21","ghost_low_30989_31048","low","27807.75","31048","27881.5","-8.5","-28","11","1","0.5","-9","10","1","-23","-92","46","1","-7017.533506","-11818.22907","-2216.837941","1","-194.421875","-354.03125","-34.8125","1","80","80","80","1","46","46","46","1","0","0","0","0","-148","-148","-148","1","20","1","20","1","0","0","0","0","-9","-86","68","1","-74.5","-87","-62","1","-162.5","-266","-59","1","-7015.724823","-11816.86376","-2214.585888","1","-2628.78125","-3488","-1196.75","1","80","80","80","1","-59","-59","-59","1","0","0","0","0","-266","-266","-266","1","-92","-92","-46","1","0","0","0","0","-2","-182","178","1","-772.5","-1023","-522","1","-180.5","-503","142","1","-7009.716737","-11801.19787","-2218.235608","1","-2218.25","-10472","178","1","80","80","80","1","-503","-503","-503","1","0","0","0","0","142","142","142","1","-325","-325","-233","1","0","0","0","0","31.99593323","134","123.8605785","3","5","10","15"
"2026-05-04","04:56:00","56","ghost_low_31184_31263","low","27918.75","31263","27938.75","30.5","25","36","1","7","5","9","1","26.5","17","36","1","-7234.628886","-12040.19364","-2429.06413","1","-423.40625","-608.5625","-238.25","1","25","25","25","1","36","36","36","1","0","0","0","0","20","20","20","1","4","4","4","1","0","0","0","0","18","-7","43","1","-65.5","-83","-48","1","-108.5","-242","25","1","-7232.879277","-12038.85416","-2426.90439","1","-2950.203125","-3717","-1357.625","1","25","25","25","1","25","25","25","1","0","0","0","0","25","25","25","1","43","39","43","1","0","0","0","0","-410","-495","-325","1","-323","-325","-321","1","-391.5","-732","-51","1","-7226.916412","-12023.20249","-2430.630337","1","-5056.3125","-10672.5","25","1","25","25","25","1","-51","-51","-51","1","0","0","0","0","-87","-87","-87","1","-80","-80","-38","1","0","0","0","0","14.76953917","56","40.78848637","3","5","10","15"
"2026-05-04","08:07:00","07","ghost_low_31425_31454","low","27922.25","31454","27868.3333333333","256.1666667","234.6666667","277.6666667","1","42.66666667","28.66666667","56.66666667","1","286.6666667","241.6666667","331.6666667","1","-6940.750517","-11751.28934","-2130.211691","1","275.8854167","58.66666667","389.6666667","1","15.66666667","15.66666667","15.66666667","1","241.6666667","241.6666667","241.6666667","1","0","0","0","0","259.6666667","259.6666667","259.6666667","1","28.66666667","18.66666667","28.66666667","1","241.6666667","241.6666667","241.6666667","1","314.6666667","251.6666667","377.6666667","1","224.6666667","198.6666667","250.6666667","1","202.6666667","15.66666667","389.6666667","1","-6940.142895","-11750.65065","-2129.63514","1","-2599.411458","-3361.333333","-1016.958333","1","15.66666667","15.66666667","15.66666667","1","15.66666667","15.66666667","15.66666667","1","0","0","0","0","339.6666667","339.6666667","339.6666667","1","277.6666667","273.6666667","277.6666667","1","0","0","0","0","151.6666667","15.66666667","287.6666667","1","-41.33333333","-43.33333333","-39.33333333","1","-109.8333333","-450.3333333","230.6666667","1","-6932.400681","-11733.94624","-2130.855119","1","-2028.942708","-10359.70833","389.6666667","1","15.66666667","15.66666667","15.66666667","1","230.6666667","230.6666667","230.6666667","1","0","0","0","0","230.6666667","230.6666667","230.6666667","1","51.66666667","51.66666667","112.6666667","1","0","0","0","0","41.032222","273","274.1864358","3","5","10","15"
"2026-05-04","11:25:00","25","ghost_low_31600_31652","low","27764.25","31652","27826.6666666667","-52.16666667","-93.66666667","-10.66666667","1","-31.16666667","-47.66666667","-14.66666667","1","78.83333333","73.33333333","84.33333333","1","-6745.850588","-11565.5822","-1926.118979","1","461.4895833","-88.60416667","556.3333333","1","43.33333333","43.33333333","43.33333333","1","73.33333333","73.33333333","73.33333333","1","73.33333333","73.33333333","73.33333333","1","-75.66666667","-75.66666667","-75.66666667","1","20.33333333","14.33333333","20.33333333","1","73.33333333","73.33333333","73.33333333","1","349.8333333","316.3333333","383.3333333","1","-153.1666667","-237.6666667","-68.66666667","1","-132.6666667","-657.6666667","392.3333333","1","-6744.257237","-11564.31955","-1924.194924","1","-2440.307292","-2930.666667","-751.2916667","1","43.33333333","43.33333333","43.33333333","1","-657.6666667","-657.6666667","-657.6666667","1","0","0","0","0","182.3333333","182.3333333","182.3333333","1","-29.66666667","-29.66666667","-4.666666667","1","0","0","0","0","318.3333333","182.3333333","454.3333333","1","125.3333333","123.3333333","127.3333333","1","476.8333333","397.3333333","556.3333333","1","-6739.400336","-11549.93443","-1928.866242","1","-1862.276042","-10193.04167","556.3333333","1","43.33333333","43.33333333","43.33333333","1","556.3333333","556.3333333","556.3333333","1","0","0","0","0","397.3333333","397.3333333","397.3333333","1","281.3333333","257.3333333","281.3333333","1","556.3333333","556.3333333","556.3333333","1","48.43589733","93","114.2981747","3","5","10","15"
"2026-05-04","11:25:00","25","ghost_high_31600_31652","high","27854.25","31652","27826.6666666667","-52.16666667","-93.66666667","-10.66666667","1","-31.16666667","-47.66666667","-14.66666667","1","78.83333333","73.33333333","84.33333333","1","-6745.850588","-11565.5822","-1926.118979","1","461.4895833","-88.60416667","556.3333333","1","43.33333333","43.33333333","43.33333333","1","73.33333333","73.33333333","73.33333333","1","73.33333333","73.33333333","73.33333333","1","-75.66666667","-75.66666667","-75.66666667","1","20.33333333","14.33333333","20.33333333","1","73.33333333","73.33333333","73.33333333","1","349.8333333","316.3333333","383.3333333","1","-153.1666667","-237.6666667","-68.66666667","1","-132.6666667","-657.6666667","392.3333333","1","-6744.257237","-11564.31955","-1924.194924","1","-2440.307292","-2930.666667","-751.2916667","1","43.33333333","43.33333333","43.33333333","1","-657.6666667","-657.6666667","-657.6666667","1","0","0","0","0","182.3333333","182.3333333","182.3333333","1","-29.66666667","-29.66666667","-4.666666667","1","0","0","0","0","318.3333333","182.3333333","454.3333333","1","125.3333333","123.3333333","127.3333333","1","476.8333333","397.3333333","556.3333333","1","-6739.400336","-11549.93443","-1928.866242","1","-1862.276042","-10193.04167","556.3333333","1","43.33333333","43.33333333","43.33333333","1","556.3333333","556.3333333","556.3333333","1","0","0","0","0","397.3333333","397.3333333","397.3333333","1","281.3333333","257.3333333","281.3333333","1","556.3333333","556.3333333","556.3333333","1","48.43589733","93","114.2981747","3","5","10","15"
"2026-05-04","15:07:00","07","ghost_low_31838_31874","low","27864","31874","27891.25","-16","-39","7","1","114","78","150","1","-41.5","-175","92","1","-6913.884482","-11766.12257","-2061.646396","1","5.1875","-229.625","203.875","1","41","41","41","1","92","92","92","1","0","0","0","0","-15","-15","-15","1","35","32","35","1","0","0","0","0","91.5","58","125","1","-411.5","-496","-327","1","-227","-415","-39","1","-6918.011343","-11768.36029","-2067.662394","1","-83.390625","-2426.21875","298","1","41","41","41","1","-415","-415","-415","1","0","0","0","0","-76","-76","-76","1","198","158","198","1","0","0","0","0","60","-76","196","1","-102.5","-174","-31","1","-309","-916","298","1","-6909.911099","-11751.97533","-2067.846872","1","-4578.765625","-9968.875","298","1","41","41","41","1","-916","-916","-916","1","0","0","0","0","139","139","139","1","199","16","199","1","0","0","0","0","71.82370182","777","1261.60627","3","5","10","15"
"2026-05-04","16:29:00","29","ghost_high_31923_31956","high","27771.5","31956","27712.3333333333","61.66666667","28.66666667","94.66666667","1","42.66666667","19.66666667","65.66666667","1","-114.8333333","-331.3333333","101.6666667","1","-6131.965869","-11001.39584","-1262.535893","1","566.1666667","135.6666667","914.6666667","1","-60.33333333","-60.33333333","-60.33333333","1","101.6666667","101.6666667","101.6666667","1","0","0","0","0","101.6666667","101.6666667","101.6666667","1","-29.33333333","-29.33333333","-4.333333333","1","0","0","0","0","807.1666667","773.6666667","840.6666667","1","432.1666667","323.6666667","540.6666667","1","607.6666667","300.6666667","914.6666667","1","-6135.542783","-11003.76746","-1267.318104","1","632.2760417","-1601.583333","1013.666667","1","-60.33333333","-60.33333333","-60.33333333","1","914.6666667","914.6666667","914.6666667","1","0","0","0","0","639.6666667","639.6666667","639.6666667","1","-331.3333333","-331.3333333","-190.3333333","1","0","0","0","0","775.6666667","639.6666667","911.6666667","1","613.1666667","541.6666667","684.6666667","1","406.6666667","-200.3333333","1013.666667","1","-6144.313515","-11000.80011","-1287.826922","1","-3765.130208","-8543.927083","1013.666667","1","-60.33333333","-60.33333333","-60.33333333","1","-200.3333333","-200.3333333","-200.3333333","1","0","0","0","0","854.6666667","854.6666667","854.6666667","1","807.6666667","678.6666667","807.6666667","1","0","0","0","0","100.9559541","651","1131.107757","3","5","10","15"
"2026-05-04","18:27:00","27","ghost_low_32025_32074","low","27753.5","32074","27748","57","44","70","1","37","30","44","1","230","177","283","1","-6233.161989","-11113.23643","-1353.08755","1","-27.5","-499","444","1","31","31","31","1","177","177","177","1","0","0","0","0","177","177","177","1","30","12","30","1","0","0","0","0","111.5","22","201","1","154.5","134","175","1","-7","-237","223","1","-6233.974032","-11113.46344","-1354.48462","1","489.609375","-1744.25","871","1","31","31","31","1","223","223","223","1","0","0","0","0","223","223","223","1","223","197","223","1","0","0","0","0","380.5","158","603","1","191.5","-1","384","1","214.5","-343","772","1","-6231.856465","-11101.34734","-1362.365593","1","-3907.796875","-8686.59375","871","1","31","31","31","1","772","772","772","1","0","0","0","0","-343","-343","-343","1","-176","-176","-171","1","0","0","0","0","41.54021128","726","678.1655926","3","5","10","15"
"2026-05-04","19:27:00","27","ghost_low_32093_32134","low","27718","32134","27764.9166666667","-52.16666667","-73.66666667","-30.66666667","1","-20.16666667","-38.66666667","-1.666666667","1","87.33333333","77.33333333","97.33333333","1","-6281.578159","-11166.47912","-1396.677199","1","-95.16666667","-566.6666667","376.3333333","1","-36.66666667","-36.66666667","-36.66666667","1","77.33333333","77.33333333","77.33333333","1","77.33333333","77.33333333","77.33333333","1","-49.66666667","-49.66666667","-49.66666667","1","-31.66666667","-31.66666667","-2.666666667","1","77.33333333","77.33333333","77.33333333","1","43.83333333","-45.66666667","133.3333333","1","81.33333333","55.33333333","107.3333333","1","13.83333333","-187.6666667","215.3333333","1","-6282.008619","-11166.45257","-1397.564666","1","421.9427083","-1811.916667","803.3333333","1","-36.66666667","-36.66666667","-36.66666667","1","-187.6666667","-187.6666667","-187.6666667","1","0","0","0","0","155.3333333","155.3333333","155.3333333","1","77.33333333","23.33333333","77.33333333","1","0","0","0","0","312.8333333","90.33333333","535.3333333","1","123.8333333","-68.66666667","316.3333333","1","146.8333333","-410.6666667","704.3333333","1","-6281.166252","-11155.40625","-1406.926258","1","-3975.463542","-8754.260417","803.3333333","1","-36.66666667","-36.66666667","-36.66666667","1","704.3333333","704.3333333","704.3333333","1","0","0","0","0","-410.6666667","-410.6666667","-410.6666667","1","215.3333333","109.3333333","215.3333333","1","0","0","0","0","43.96736625","657","608.0445716","3","5","10","15"
"2026-05-04","20:11:00","11","ghost_low_32133_32178","low","27749","32178","27746.3333333333","75.16666667","55.66666667","94.66666667","1","25.16666667","15.66666667","34.66666667","1","75.66666667","30.66666667","120.6666667","1","-6191.710547","-11080.58684","-1302.834256","1","102.1666667","-287.3333333","450.6666667","1","37.66666667","37.66666667","37.66666667","1","120.6666667","120.6666667","120.6666667","1","0","0","0","0","24.66666667","24.66666667","24.66666667","1","15.66666667","14.66666667","15.66666667","1","0","0","0","0","118.1666667","28.66666667","207.6666667","1","155.6666667","129.6666667","181.6666667","1","88.16666667","-113.3333333","289.6666667","1","-6190.209489","-11079.15763","-1301.261346","1","496.2760417","-1737.583333","877.6666667","1","37.66666667","37.66666667","37.66666667","1","-113.3333333","-113.3333333","-113.3333333","1","0","0","0","0","229.6666667","229.6666667","229.6666667","1","138.6666667","133.6666667","138.6666667","1","0","0","0","0","387.1666667","164.6666667","609.6666667","1","198.1666667","5.666666667","390.6666667","1","122.6666667","-533.3333333","778.6666667","1","-6184.71829","-11064.6663","-1304.770277","1","-3901.130208","-8679.927083","877.6666667","1","37.66666667","37.66666667","37.66666667","1","-533.3333333","-533.3333333","-533.3333333","1","0","0","0","0","-336.3333333","-336.3333333","-336.3333333","1","-26.33333333","-26.33333333","50.66666667","1","0","0","0","0","38.89576056","316","435.8863658","3","5","10","15"
"2026-05-05","03:00:00","00","ghost_low_32451_32527","low","27801.25","32527","27813.5","79","67","91","1","8","7","9","1","-38","-50","-26","1","-6445.985436","-11338.57723","-1553.393641","1","-159.0625","-259","-74.5","1","6","6","6","1","-26","-26","-26","1","-26","-26","-26","1","45","45","45","1","-17","-17","-4","1","-26","-26","-26","1","29.5","-50","109","1","50","37","63","1","-5","-89","79","1","-6444.331281","-11337.02531","-1551.637249","1","227.609375","-1897.28125","609","1","6","6","6","1","79","79","79","1","0","0","0","0","79","79","79","1","-26","-26","-5","1","79","79","79","1","118.5","-104","341","1","-66","-82","-50","1","-564.5","-802","-327","1","-6436.543308","-11320.81185","-1552.27477","1","-4169.796875","-8948.59375","609","1","6","6","6","1","-327","-327","-327","1","0","0","0","0","-605","-605","-605","1","110","8","110","1","-327","-327","-327","1","25.19270032","36","70.10787257","3","5","10","15"
"2026-05-05","04:25:00","25","ghost_low_32560_32612","low","27835.25","32612","27843.1666666667","-7.166666667","-14.66666667","0.3333333333","1","-7.166666667","-11.66666667","-2.666666667","1","-4.166666667","-20.66666667","12.33333333","1","-6562.536485","-11455.75349","-1669.31948","1","-260.9479167","-365.3541667","-172.6041667","1","21.33333333","21.33333333","21.33333333","1","-20.66666667","-20.66666667","-20.66666667","1","-20.66666667","-20.66666667","-20.66666667","1","12.33333333","12.33333333","12.33333333","1","3.333333333","3.333333333","3.333333333","1","-20.66666667","-20.66666667","-20.66666667","1","5.333333333","-19.66666667","30.33333333","1","-34.66666667","-37.66666667","-31.66666667","1","-73.66666667","-168.6666667","21.33333333","1","-6560.930028","-11454.23444","-1667.625612","1","108.9427083","-2015.947917","490.3333333","1","21.33333333","21.33333333","21.33333333","1","21.33333333","21.33333333","21.33333333","1","0","0","0","0","21.33333333","21.33333333","21.33333333","1","30.33333333","16.33333333","30.33333333","1","0","0","0","0","-0.1666666667","-222.6666667","222.3333333","1","-184.6666667","-200.6666667","-168.6666667","1","-683.1666667","-920.6666667","-445.6666667","1","-6553.799127","-11438.47996","-1669.118293","1","-4288.463542","-9067.260417","490.3333333","1","21.33333333","21.33333333","21.33333333","1","-445.6666667","-445.6666667","-445.6666667","1","0","0","0","0","-723.6666667","-723.6666667","-723.6666667","1","-127.6666667","-127.6666667","-108.6666667","1","-445.6666667","-445.6666667","-445.6666667","1","13.2027913","10","22.89380848","3","5","10","15"
"2026-05-05","05:53:00","53","ghost_high_32672_32700","high","27846","32700","27849.9166666667","-17.66666667","-27.66666667","-7.666666667","1","-7.666666667","-8.666666667","-6.666666667","1","-10.66666667","-30.66666667","9.333333333","1","-6587.247823","-11481.13957","-1693.356076","1","-416.4479167","-472.6666667","-103.2291667","1","-5.666666667","-5.666666667","-5.666666667","1","9.333333333","9.333333333","9.333333333","1","0","0","0","0","12.33333333","12.33333333","12.33333333","1","8.333333333","3.333333333","8.333333333","1","0","0","0","0","-21.66666667","-46.66666667","3.333333333","1","-61.66666667","-64.66666667","-58.66666667","1","-61.16666667","-124.6666667","2.333333333","1","-6585.688461","-11479.65248","-1691.724443","1","81.94270833","-1933.979167","463.3333333","1","-5.666666667","-5.666666667","-5.666666667","1","-124.6666667","-124.6666667","-124.6666667","1","0","0","0","0","-5.666666667","-5.666666667","-5.666666667","1","-30.66666667","-30.66666667","-11.66666667","1","0","0","0","0","-27.16666667","-249.6666667","195.3333333","1","-211.6666667","-227.6666667","-195.6666667","1","-710.1666667","-947.6666667","-472.6666667","1","-6579.368881","-11464.47164","-1694.266118","1","-4315.463542","-9094.260417","463.3333333","1","-5.666666667","-5.666666667","-5.666666667","1","-472.6666667","-472.6666667","-472.6666667","1","0","0","0","0","-750.6666667","-750.6666667","-750.6666667","1","41.33333333","-39.66666667","41.33333333","1","-472.6666667","-472.6666667","-472.6666667","1","20.71506378","32","52.34449161","3","5","10","15"
"2026-05-05","08:54:00","54","ghost_high_32853_32881","high","27935","32881","27928.5","-149","-168","-130","1","-12","-19","-5","1","37.5","20","55","1","-6890.91188","-11788.29117","-1993.532587","1","-387.265625","-638.28125","-136.25","1","-7","-7","-7","1","20","20","20","1","20","20","20","1","-156","-156","-156","1","14","9","14","1","20","20","20","1","-316","-338","-294","1","-53","-67","-39","1","-328","-441","-215","1","-6889.355165","-11786.79076","-1991.919568","1","-232.390625","-2030.375","149","1","-7","-7","-7","1","-215","-215","-215","1","0","0","0","0","-439","-439","-439","1","-43","-43","-5","1","-215","-215","-215","1","-341.5","-564","-119","1","-254.5","-294","-215","1","-1024.5","-1262","-787","1","-6884.842215","-11772.74309","-1996.941338","1","-4629.796875","-9408.59375","149","1","-7","-7","-7","1","-787","-787","-787","1","0","0","0","0","-1065","-1065","-1065","1","-215","-215","-194","1","-787","-787","-787","1","27.54900415","36","64.48652813","3","5","10","15"
"2026-05-05","12:23:00","23","ghost_low_33026_33090","low","27900","33090","27989.5","-181","-190","-172","1","-3","-8","2","1","-89","-244","66","1","-7119.287906","-12022.22459","-2216.351225","1","-227.359375","-426.84375","-27.875","1","-95","-95","-95","1","66","66","66","1","0","0","0","0","-186","-186","-186","1","28","7","28","1","0","0","0","0","-232.5","-260","-205","1","-146.5","-172","-121","1","-240","-358","-122","1","-7118.116772","-12020.95916","-2215.274387","1","-408.046875","-1724.84375","66","1","-95","-95","-95","1","-358","-358","-358","1","0","0","0","0","-124","-124","-124","1","-121","-121","-110","1","0","0","0","0","-585.5","-808","-363","1","-498.5","-538","-459","1","-1268.5","-1506","-1031","1","-7114.372176","-12007.31689","-2221.427457","1","-4873.796875","-9652.59375","-95","1","-95","-95","-95","1","-1031","-1031","-1031","1","0","0","0","0","-1309","-1309","-1309","1","-358","-358","-222","1","-1031","-1031","-1031","1","41.54637415","245","317.0220838","3","5","10","15"
"2026-05-05","12:23:00","23","ghost_high_32982_33090","high","27959","33090","27989.5","-181","-190","-172","1","-3","-8","2","1","-89","-244","66","1","-7119.287906","-12022.22459","-2216.351225","1","-227.359375","-426.84375","-27.875","1","-95","-95","-95","1","66","66","66","1","0","0","0","0","-186","-186","-186","1","28","7","28","1","0","0","0","0","-232.5","-260","-205","1","-146.5","-172","-121","1","-240","-358","-122","1","-7118.116772","-12020.95916","-2215.274387","1","-408.046875","-1724.84375","66","1","-95","-95","-95","1","-358","-358","-358","1","0","0","0","0","-124","-124","-124","1","-121","-121","-110","1","0","0","0","0","-585.5","-808","-363","1","-498.5","-538","-459","1","-1268.5","-1506","-1031","1","-7114.372176","-12007.31689","-2221.427457","1","-4873.796875","-9652.59375","-95","1","-95","-95","-95","1","-1031","-1031","-1031","1","0","0","0","0","-1309","-1309","-1309","1","-358","-358","-222","1","-1031","-1031","-1031","1","41.54637415","245","317.0220838","3","5","10","15"
"2026-05-05","23:48:00","48","ghost_low_33660_33715","low","28298.25","33715","28370.3333333333","-40.33333333","-53.33333333","-27.33333333","1","-23.83333333","-27.33333333","-20.33333333","1","-28.33333333","-53.33333333","-3.333333333","1","-8411.331251","-13414.7538","-3407.908701","1","-977.5520833","-1128.270833","-826.8333333","1","-728.3333333","-728.3333333","-728.3333333","1","-53.33333333","-53.33333333","-53.33333333","1","0","0","0","0","-3.333333333","-3.333333333","-3.333333333","1","-19.33333333","-19.33333333","-18.33333333","1","0","0","0","0","-20.33333333","-99.33333333","58.66666667","1","-188.3333333","-277.3333333","-99.33333333","1","-143.3333333","-493.3333333","206.6666667","1","-8410.461236","-13413.46618","-3407.456289","1","-2074.817708","-3254.895833","-894.7395833","1","-728.3333333","-728.3333333","-728.3333333","1","206.6666667","206.6666667","206.6666667","1","0","0","0","0","-864.3333333","-864.3333333","-864.3333333","1","-86.33333333","-86.33333333","-76.33333333","1","206.6666667","206.6666667","206.6666667","1","-2108.833333","-2331.333333","-1886.333333","1","-618.8333333","-728.3333333","-509.3333333","1","-2791.833333","-3029.333333","-2554.333333","1","-8407.450672","-13399.91951","-3414.981833","1","-3993.802083","-9874.458333","206.6666667","1","-728.3333333","-728.3333333","-728.3333333","1","-2554.333333","-2554.333333","-2554.333333","1","0","0","0","0","-2832.333333","-2832.333333","-2832.333333","1","-509.3333333","-509.3333333","-481.3333333","1","-2554.333333","-2554.333333","-2554.333333","1","29.27210693","185","130.4497142","3","5","10","15"
"2026-05-05","23:48:00","48","ghost_high_33660_33715","high","28422","33715","28370.3333333333","-40.33333333","-53.33333333","-27.33333333","1","-23.83333333","-27.33333333","-20.33333333","1","-28.33333333","-53.33333333","-3.333333333","1","-8411.331251","-13414.7538","-3407.908701","1","-977.5520833","-1128.270833","-826.8333333","1","-728.3333333","-728.3333333","-728.3333333","1","-53.33333333","-53.33333333","-53.33333333","1","0","0","0","0","-3.333333333","-3.333333333","-3.333333333","1","-19.33333333","-19.33333333","-18.33333333","1","0","0","0","0","-20.33333333","-99.33333333","58.66666667","1","-188.3333333","-277.3333333","-99.33333333","1","-143.3333333","-493.3333333","206.6666667","1","-8410.461236","-13413.46618","-3407.456289","1","-2074.817708","-3254.895833","-894.7395833","1","-728.3333333","-728.3333333","-728.3333333","1","206.6666667","206.6666667","206.6666667","1","0","0","0","0","-864.3333333","-864.3333333","-864.3333333","1","-86.33333333","-86.33333333","-76.33333333","1","206.6666667","206.6666667","206.6666667","1","-2108.833333","-2331.333333","-1886.333333","1","-618.8333333","-728.3333333","-509.3333333","1","-2791.833333","-3029.333333","-2554.333333","1","-8407.450672","-13399.91951","-3414.981833","1","-3993.802083","-9874.458333","206.6666667","1","-728.3333333","-728.3333333","-728.3333333","1","-2554.333333","-2554.333333","-2554.333333","1","0","0","0","0","-2832.333333","-2832.333333","-2832.333333","1","-509.3333333","-509.3333333","-481.3333333","1","-2554.333333","-2554.333333","-2554.333333","1","29.27210693","185","130.4497142","3","5","10","15"
"2026-05-06","05:02:00","02","ghost_high_34000_34029","high","28332.25","34029","28332.3333333333","41.66666667","34.66666667","48.66666667","1","32.66666667","30.66666667","34.66666667","1","47.66666667","46.66666667","48.66666667","1","-8234.33773","-13250.30263","-3218.372829","1","-796.4427083","-894.3333333","-150.3645833","1","161.6666667","161.6666667","161.6666667","1","48.66666667","48.66666667","48.66666667","1","48.66666667","48.66666667","48.66666667","1","46.66666667","46.66666667","46.66666667","1","23.66666667","18.66666667","23.66666667","1","48.66666667","48.66666667","48.66666667","1","29.66666667","10.66666667","48.66666667","1","5.166666667","-0.3333333333","10.66666667","1","-137.3333333","-283.3333333","8.666666667","1","-8232.937554","-13248.76254","-3217.11257","1","-1922.817708","-3102.895833","-742.7395833","1","161.6666667","161.6666667","161.6666667","1","8.666666667","8.666666667","8.666666667","1","0","0","0","0","-712.3333333","-712.3333333","-712.3333333","1","48.66666667","28.66666667","48.66666667","1","0","0","0","0","-1956.833333","-2179.333333","-1734.333333","1","-115.8333333","-143.3333333","-88.33333333","1","-1021.833333","-2402.333333","358.6666667","1","-8225.127809","-13233.07002","-3217.185601","1","-3841.802083","-9722.458333","358.6666667","1","161.6666667","161.6666667","161.6666667","1","358.6666667","358.6666667","358.6666667","1","0","0","0","0","-2680.333333","-2680.333333","-2680.333333","1","-88.33333333","-88.33333333","-75.33333333","1","0","0","0","0","20.20032929","160","93.44195634","3","5","10","15"
"2026-05-06","08:43:00","43","ghost_high_34217_34250","high","28364.5","34250","28363.1666666667","0.8333333333","-5.666666667","7.333333333","1","-11.16666667","-13.66666667","-8.666666667","1","-54.66666667","-113.6666667","4.333333333","1","-8341.153594","-13365.66943","-3316.637756","1","-286.7291667","-460.6666667","-97.66666667","1","23.33333333","23.33333333","23.33333333","1","4.333333333","4.333333333","4.333333333","1","0","0","0","0","4.333333333","4.333333333","4.333333333","1","7.333333333","1.333333333","7.333333333","1","0","0","0","0","-93.66666667","-112.6666667","-74.66666667","1","-84.66666667","-92.66666667","-76.66666667","1","-131.1666667","-220.6666667","-41.66666667","1","-8339.801857","-13364.15082","-3315.452899","1","-1938.494792","-2870.135417","-1006.854167","1","23.33333333","23.33333333","23.33333333","1","-220.6666667","-220.6666667","-220.6666667","1","0","0","0","0","-835.6666667","-835.6666667","-835.6666667","1","-113.6666667","-113.6666667","-95.66666667","1","0","0","0","0","-2080.166667","-2302.666667","-1857.666667","1","-239.1666667","-266.6666667","-211.6666667","1","-1145.166667","-2525.666667","235.3333333","1","-8336.583124","-13350.68483","-3322.481416","1","-3965.135417","-9845.791667","235.3333333","1","23.33333333","23.33333333","23.33333333","1","235.3333333","235.3333333","235.3333333","1","0","0","0","0","-2803.666667","-2803.666667","-2803.666667","1","-220.6666667","-220.6666667","-111.6666667","1","0","0","0","0","26.56494512","147","121.256586","3","5","10","15"
"2026-05-06","11:31:00","31","ghost_low_34273_34418","low","28415","34418","28586.3333333333","35.66666667","4.666666667","66.66666667","1","108.1666667","95.66666667","120.6666667","1","108.6666667","38.66666667","178.6666667","1","-9191.950018","-14241.94214","-4141.957895","1","-993.4114583","-1187.333333","-239.2708333","1","-657.3333333","-657.3333333","-657.3333333","1","38.66666667","38.66666667","38.66666667","1","0","0","0","0","38.66666667","38.66666667","38.66666667","1","54.66666667","43.66666667","54.66666667","1","0","0","0","0","64.16666667","-3.333333333","131.6666667","1","-109.8333333","-116.3333333","-103.3333333","1","-662.3333333","-1050.333333","-274.3333333","1","-9190.67739","-14240.44133","-4140.913449","1","-3033.708333","-4063.083333","-2141.583333","1","-657.3333333","-657.3333333","-657.3333333","1","-274.3333333","-274.3333333","-274.3333333","1","0","0","0","0","-274.3333333","-274.3333333","-274.3333333","1","131.6666667","123.6666667","131.6666667","1","0","0","0","0","-1007.333333","-1145.333333","-869.3333333","1","-809.8333333","-934.3333333","-685.3333333","1","-2037.833333","-3418.333333","-657.3333333","1","-9190.650024","-14227.83766","-4153.46239","1","-7188.895833","-12153.95833","-2807.958333","1","-657.3333333","-657.3333333","-657.3333333","1","-657.3333333","-657.3333333","-657.3333333","1","0","0","0","0","-3696.333333","-3696.333333","-3696.333333","1","-339.3333333","-339.3333333","-314.3333333","1","0","0","0","0","50.02632215","416","326.7923315","3","5","10","15"
"2026-05-06","13:51:00","51","ghost_high_34470_34558","high","28513.75","34558","28441.75","-311","-423","-199","1","64.5","60","69","1","26","-185","237","1","-8536.092829","-13629.02681","-3443.15885","1","-2.953125","-358.09375","352.1875","1","-79","-79","-79","1","237","237","237","1","0","0","0","0","-247","-247","-247","1","112","108","112","1","0","0","0","0","81","-75","237","1","-98","-121","-75","1","354","-62","770","1","-8536.650105","-13628.39975","-3444.900458","1","-2455.375","-3622","-1288.75","1","-79","-79","-79","1","-62","-62","-62","1","0","0","0","0","-62","-62","-62","1","-75","-75","-49","1","0","0","0","0","166","-62","394","1","-231.5","-356","-107","1","-1459.5","-2840","-79","1","-8578.537238","-13635.88881","-3521.18567","1","-4802.640625","-9788.6875","-403.1875","1","-79","-79","-79","1","-79","-79","-79","1","0","0","0","0","-3118","-3118","-3118","1","394","390","394","1","0","0","0","0","109.9744945","3265","2468.491734","3","5","10","15"
"2026-05-06","15:34:00","34","ghost_high_34635_34661","high","28558.25","34661","28576","-15.5","-29","-2","1","-66.5","-80","-53","1","-12","-43","19","1","-8979.065201","-14124.02197","-3834.108437","1","-521.453125","-868.09375","-174.8125","1","233","233","233","1","-43","-43","-43","1","0","0","0","0","19","19","19","1","21","20","21","1","0","0","0","0","-496","-686","-306","1","-57","-71","-43","1","-620","-960","-280","1","-8980.1671","-14123.45498","-3836.879217","1","-2992.375","-4159","-1688.5","1","233","233","233","1","-280","-280","-280","1","0","0","0","0","-599","-599","-599","1","-43","-43","-9","1","0","0","0","0","-371","-599","-143","1","-268","-280","-256","1","-191.5","-616","233","1","-8989.582295","-14116.10139","-3863.063195","1","-5339.640625","-10325.6875","-940.1875","1","233","233","233","1","233","233","233","1","0","0","0","0","-3655","-3655","-3655","1","-764","-764","-431","1","233","233","233","1","42.73154815","1143","865.9973431","3","5","10","15"
"2026-05-06","18:58:00","58","ghost_low_34788_34865","low","28586.25","34865","28647.75","-70","-86","-54","1","-11.5","-19","-4","1","-18.5","-56","19","1","-9185.984454","-14377.5434","-3994.425512","1","-278.359375","-752.375","72","1","-54","-54","-54","1","19","19","19","1","0","0","0","0","-182","-182","-182","1","14","11","14","1","0","0","0","0","-250","-314","-186","1","-107","-116","-98","1","-364","-542","-186","1","-9187.446549","-14377.01433","-3997.878769","1","-3104.71875","-4304.8125","-1904.625","1","-54","-54","-54","1","-542","-542","-542","1","0","0","0","0","-244","-244","-244","1","59","36","59","1","0","0","0","0","-658","-886","-430","1","-543","-567","-519","1","-650.5","-1247","-54","1","-9199.301066","-14370.11343","-4028.488702","1","-5626.640625","-10612.6875","-640.59375","1","-54","-54","-54","1","-1247","-1247","-1247","1","0","0","0","0","-3942","-3942","-3942","1","-477","-477","-433","1","0","0","0","0","30.40768936","310","498.8025839","3","5","10","15"
"2026-05-06","19:50:00","50","ghost_low_34859_34917","low","28633.75","34917","28670","101.5","84","119","1","16.5","10","23","1","17","-13","47","1","-9251.529499","-14457.45754","-4045.601456","1","-904.046875","-1336","-381.15625","1","-143","-143","-143","1","47","47","47","1","0","0","0","0","49","49","49","1","10","8","10","1","0","0","0","0","-339","-403","-275","1","7.5","-6","21","1","-453","-631","-275","1","-9250.068425","-14455.77185","-4044.365004","1","-3153.34375","-4389.5625","-1917.125","1","-143","-143","-143","1","-631","-631","-631","1","0","0","0","0","-333","-333","-333","1","85","69","85","1","0","0","0","0","-747","-975","-519","1","-632","-656","-608","1","-739.5","-1336","-143","1","-9264.778663","-14449.64986","-4079.907466","1","-5627.046875","-10646.5625","-607.53125","1","-143","-143","-143","1","-1336","-1336","-1336","1","0","0","0","0","-4031","-4031","-4031","1","-313","-313","-282","1","0","0","0","0","31.4818502","765","668.6435498","3","5","10","15"
"2026-05-06","22:51:00","51","ghost_high_34990_35038","high","28702","35038","28677.6666666667","43.33333333","37.33333333","49.33333333","1","-63.66666667","-66.66666667","-60.66666667","1","-42.16666667","-65.66666667","-18.66666667","1","-9235.046044","-14470.43192","-3999.660169","1","-392.2291667","-932.5416667","91.20833333","1","-173.6666667","-173.6666667","-173.6666667","1","-65.66666667","-65.66666667","-65.66666667","1","0","0","0","0","188.3333333","188.3333333","188.3333333","1","15.33333333","-0.6666666667","15.33333333","1","0","0","0","0","-369.6666667","-433.6666667","-305.6666667","1","-12.16666667","-18.66666667","-5.666666667","1","189.3333333","-110.6666667","489.3333333","1","-9233.644275","-14468.81469","-3998.473864","1","-3222.932292","-4565.666667","-1722.229167","1","-173.6666667","-173.6666667","-173.6666667","1","-110.6666667","-110.6666667","-110.6666667","1","0","0","0","0","-363.6666667","-363.6666667","-363.6666667","1","-65.66666667","-65.66666667","-64.66666667","1","0","0","0","0","-777.6666667","-1005.666667","-549.6666667","1","9.833333333","-47.66666667","67.33333333","1","-770.1666667","-1366.666667","-173.6666667","1","-9229.832474","-14455.55587","-4004.109078","1","-7709.385417","-12871.54167","-2547.229167","1","-173.6666667","-173.6666667","-173.6666667","1","-1366.666667","-1366.666667","-1366.666667","1","0","0","0","0","-4061.666667","-4061.666667","-4061.666667","1","67.33333333","67.33333333","130.3333333","1","0","0","0","0","22.7006486","138","87.54462278","3","5","10","15"
"2026-05-07","03:18:00","18","ghost_high_35258_35305","high","28691.75","35305","28687.3333333333","-111.8333333","-129.3333333","-94.33333333","1","-21.83333333","-27.33333333","-16.33333333","1","-18.33333333","-41.33333333","4.666666667","1","-9257.096966","-14502.34294","-4011.850997","1","-4.880208333","-174.0833333","138.2916667","1","-149.3333333","-149.3333333","-149.3333333","1","-41.33333333","-41.33333333","-41.33333333","1","0","0","0","0","57.66666667","57.66666667","57.66666667","1","-8.333333333","-8.333333333","-7.333333333","1","0","0","0","0","-39.83333333","-110.3333333","30.66666667","1","0.1666666667","-5.333333333","5.666666667","1","-12.33333333","-139.3333333","114.6666667","1","-9255.825842","-14500.77864","-4010.873046","1","-3230.020833","-4561.333333","-1585.458333","1","-149.3333333","-149.3333333","-149.3333333","1","-139.3333333","-139.3333333","-139.3333333","1","0","0","0","0","28.66666667","28.66666667","28.66666667","1","4.666666667","-3.333333333","4.666666667","1","0","0","0","0","-816.3333333","-1044.333333","-588.3333333","1","-28.83333333","-86.33333333","28.66666667","1","-477.3333333","-1405.333333","450.6666667","1","-9248.055211","-14485.96904","-4010.141383","1","-7748.052083","-12910.20833","-2585.895833","1","-149.3333333","-149.3333333","-149.3333333","1","450.6666667","450.6666667","450.6666667","1","0","0","0","0","-4100.333333","-4100.333333","-4100.333333","1","77.66666667","44.66666667","77.66666667","1","0","0","0","0","19.96261789","21","41.40203239","3","5","10","15"
"2026-05-07","03:18:00","18","ghost_low_35242_35305","low","28652.5","35305","28687.3333333333","-111.8333333","-129.3333333","-94.33333333","1","-21.83333333","-27.33333333","-16.33333333","1","-18.33333333","-41.33333333","4.666666667","1","-9257.096966","-14502.34294","-4011.850997","1","-4.880208333","-174.0833333","138.2916667","1","-149.3333333","-149.3333333","-149.3333333","1","-41.33333333","-41.33333333","-41.33333333","1","0","0","0","0","57.66666667","57.66666667","57.66666667","1","-8.333333333","-8.333333333","-7.333333333","1","0","0","0","0","-39.83333333","-110.3333333","30.66666667","1","0.1666666667","-5.333333333","5.666666667","1","-12.33333333","-139.3333333","114.6666667","1","-9255.825842","-14500.77864","-4010.873046","1","-3230.020833","-4561.333333","-1585.458333","1","-149.3333333","-149.3333333","-149.3333333","1","-139.3333333","-139.3333333","-139.3333333","1","0","0","0","0","28.66666667","28.66666667","28.66666667","1","4.666666667","-3.333333333","4.666666667","1","0","0","0","0","-816.3333333","-1044.333333","-588.3333333","1","-28.83333333","-86.33333333","28.66666667","1","-477.3333333","-1405.333333","450.6666667","1","-9248.055211","-14485.96904","-4010.141383","1","-7748.052083","-12910.20833","-2585.895833","1","-149.3333333","-149.3333333","-149.3333333","1","450.6666667","450.6666667","450.6666667","1","0","0","0","0","-4100.333333","-4100.333333","-4100.333333","1","77.66666667","44.66666667","77.66666667","1","0","0","0","0","19.96261789","21","41.40203239","3","5","10","15"
"2026-05-07","04:21:00","21","ghost_low_35292_35368","low","28673.75","35368","28708.3333333333","-51.83333333","-56.33333333","-47.33333333","1","-50.83333333","-57.33333333","-44.33333333","1","-56.33333333","-89.33333333","-23.33333333","1","-9339.095419","-14585.54596","-4092.644877","1","-91.77083333","-224.2083333","20.29166667","1","30.66666667","30.66666667","30.66666667","1","-89.33333333","-89.33333333","-89.33333333","1","0","0","0","0","-57.33333333","-57.33333333","-57.33333333","1","4.666666667","0.6666666667","4.666666667","1","0","0","0","0","-123.8333333","-194.3333333","-53.33333333","1","-83.83333333","-89.33333333","-78.33333333","1","-96.33333333","-223.3333333","30.66666667","1","-9337.610159","-14583.89524","-4091.325074","1","-3535.630208","-4530.333333","-1622.739583","1","30.66666667","30.66666667","30.66666667","1","-223.3333333","-223.3333333","-223.3333333","1","0","0","0","0","-55.33333333","-55.33333333","-55.33333333","1","-60.33333333","-60.33333333","-60.33333333","1","0","0","0","0","-900.3333333","-1128.333333","-672.3333333","1","-112.8333333","-170.3333333","-55.33333333","1","40.66666667","-285.3333333","366.6666667","1","-9330.117982","-14569.19486","-4091.041106","1","-7832.052083","-12994.20833","-2669.895833","1","30.66666667","30.66666667","30.66666667","1","-285.3333333","-285.3333333","-285.3333333","1","0","0","0","0","-4184.333333","-4184.333333","-4184.333333","1","-138.3333333","-138.3333333","-87.33333333","1","0","0","0","0","16.06227682","16","46.92967845","3","5","10","15"
"2026-05-07","04:21:00","21","ghost_high_35342_35368","high","28702.5","35368","28708.3333333333","-51.83333333","-56.33333333","-47.33333333","1","-50.83333333","-57.33333333","-44.33333333","1","-56.33333333","-89.33333333","-23.33333333","1","-9339.095419","-14585.54596","-4092.644877","1","-91.77083333","-224.2083333","20.29166667","1","30.66666667","30.66666667","30.66666667","1","-89.33333333","-89.33333333","-89.33333333","1","0","0","0","0","-57.33333333","-57.33333333","-57.33333333","1","4.666666667","0.6666666667","4.666666667","1","0","0","0","0","-123.8333333","-194.3333333","-53.33333333","1","-83.83333333","-89.33333333","-78.33333333","1","-96.33333333","-223.3333333","30.66666667","1","-9337.610159","-14583.89524","-4091.325074","1","-3535.630208","-4530.333333","-1622.739583","1","30.66666667","30.66666667","30.66666667","1","-223.3333333","-223.3333333","-223.3333333","1","0","0","0","0","-55.33333333","-55.33333333","-55.33333333","1","-60.33333333","-60.33333333","-60.33333333","1","0","0","0","0","-900.3333333","-1128.333333","-672.3333333","1","-112.8333333","-170.3333333","-55.33333333","1","40.66666667","-285.3333333","366.6666667","1","-9330.117982","-14569.19486","-4091.041106","1","-7832.052083","-12994.20833","-2669.895833","1","30.66666667","30.66666667","30.66666667","1","-285.3333333","-285.3333333","-285.3333333","1","0","0","0","0","-4184.333333","-4184.333333","-4184.333333","1","-138.3333333","-138.3333333","-87.33333333","1","0","0","0","0","16.06227682","16","46.92967845","3","5","10","15"
"2026-05-07","04:57:00","57","ghost_high_35380_35404","high","28713.5","35404","28708.25","-23.5","-32","-15","1","7.5","5","10","1","1","-19","21","1","-9337.803035","-14584.83681","-4090.769264","1","-91.4375","-223.875","41","1","31","31","31","1","-19","-19","-19","1","0","0","0","0","-57","-57","-57","1","6","1","6","1","0","0","0","0","-123.5","-194","-53","1","-35","-52","-18","1","-156","-223","-89","1","-9336.444859","-14583.2357","-4089.654013","1","-3416.5625","-4381","-1561.875","1","31","31","31","1","-89","-89","-89","1","0","0","0","0","-55","-55","-55","1","-34","-34","-34","1","-89","-89","-89","1","-900","-1128","-672","1","-112.5","-170","-55","1","41","-285","367","1","-9329.784649","-14568.86152","-4090.707773","1","-7831.71875","-12993.875","-2669.5625","1","31","31","31","1","-285","-285","-285","1","0","0","0","0","-4184","-4184","-4184","1","-138","-138","-87","1","0","0","0","0","14.56354931","22","30.39663745","3","5","10","15"
"2026-05-07","05:30:00","30","ghost_high_35412_35437","high","28714.5","35437","28704.5","27.5","15","40","1","-6","-7","-5","1","8","-24","40","1","-9321.532338","-14569.33755","-4073.727124","1","-117.1875","-270","35.625","1","46","46","46","1","-24","-24","-24","1","0","0","0","0","21","21","21","1","-3","-3","-3","1","0","0","0","0","-108.5","-179","-38","1","-20","-37","-3","1","-141","-208","-74","1","-9320.037358","-14567.68149","-4072.393221","1","-3401.5625","-4366","-1398.5","1","46","46","46","1","-74","-74","-74","1","0","0","0","0","-40","-40","-40","1","10","-2","10","1","-74","-74","-74","1","-885","-1113","-657","1","-97.5","-155","-40","1","-112","-270","46","1","-9313.134547","-14553.21143","-4073.057668","1","-7816.71875","-12978.875","-2654.5625","1","46","46","46","1","46","46","46","1","0","0","0","0","-4169","-4169","-4169","1","-74","-74","-52","1","0","0","0","0","16.46196667","34","32.91800675","3","5","10","15"
"2026-05-07","07:36:00","36","ghost_low_35517_35563","low","28713.5","35563","28788.4166666667","-18.66666667","-37.66666667","0.3333333333","1","-30.16666667","-42.66666667","-17.66666667","1","-125.6666667","-144.6666667","-106.6666667","1","-9645.962738","-14900.81432","-4391.111153","1","-426.9010417","-584.6354167","-269.1666667","1","46.33333333","46.33333333","46.33333333","1","-106.6666667","-106.6666667","-106.6666667","1","-106.6666667","-106.6666667","-106.6666667","1","-183.6666667","-183.6666667","-183.6666667","1","-15.66666667","-15.66666667","-0.6666666667","1","-106.6666667","-106.6666667","-106.6666667","1","-444.1666667","-514.6666667","-373.6666667","1","-164.1666667","-183.6666667","-144.6666667","1","-300.6666667","-373.6666667","-227.6666667","1","-9644.972776","-14899.32537","-4390.620183","1","-3732.963542","-4701.666667","-1422.979167","1","46.33333333","46.33333333","46.33333333","1","-373.6666667","-373.6666667","-373.6666667","1","0","0","0","0","-375.6666667","-375.6666667","-375.6666667","1","-116.6666667","-116.6666667","-113.6666667","1","0","0","0","0","-435.1666667","-543.6666667","-326.6666667","1","-433.1666667","-490.6666667","-375.6666667","1","-447.6666667","-605.6666667","-289.6666667","1","-9642.439909","-14886.43109","-4398.448724","1","-8152.385417","-13314.54167","-2990.229167","1","46.33333333","46.33333333","46.33333333","1","-289.6666667","-289.6666667","-289.6666667","1","0","0","0","0","-4504.666667","-4504.666667","-4504.666667","1","-373.6666667","-373.6666667","-273.6666667","1","0","0","0","0","36.81472312","70","134.0661481","3","5","10","15"
"2026-05-07","08:02:00","02","ghost_low_35547_35589","low","28752.25","35589","28785.4166666667","-27.66666667","-41.66666667","-13.66666667","1","-33.66666667","-34.66666667","-32.66666667","1","-42.66666667","-77.66666667","-7.666666667","1","-9631.769159","-14888.03082","-4375.507499","1","-499.0260417","-593.6666667","-236.1354167","1","58.33333333","58.33333333","58.33333333","1","-77.66666667","-77.66666667","-77.66666667","1","0","0","0","0","-71.66666667","-71.66666667","-71.66666667","1","-9.666666667","-9.666666667","-6.666666667","1","0","0","0","0","-432.1666667","-502.6666667","-361.6666667","1","-152.1666667","-171.6666667","-132.6666667","1","-141.1666667","-361.6666667","79.33333333","1","-9630.482867","-14886.43261","-4374.533121","1","-3720.963542","-4689.666667","-1410.979167","1","58.33333333","58.33333333","58.33333333","1","79.33333333","79.33333333","79.33333333","1","0","0","0","0","-363.6666667","-363.6666667","-363.6666667","1","-77.66666667","-77.66666667","-48.66666667","1","0","0","0","0","-423.1666667","-531.6666667","-314.6666667","1","-229.1666667","-230.6666667","-227.6666667","1","-435.6666667","-593.6666667","-277.6666667","1","-9622.38316","-14871.51025","-4373.25607","1","-8128.244792","-13295.97917","-3568.479167","1","58.33333333","58.33333333","58.33333333","1","-277.6666667","-277.6666667","-277.6666667","1","0","0","0","0","-4492.666667","-4492.666667","-4492.666667","1","-227.6666667","-227.6666667","-192.6666667","1","0","0","0","0","31.43724926","140","98.80430918","3","5","10","15"
"2026-05-07","08:26:00","26","ghost_low_35582_35613","low","28766","35613","28748.5","120","106","134","1","25.5","24","27","1","11.5","-49","72","1","-9480.519931","-14739.06219","-4221.977668","1","75.40625","-268.5","264","1","-91","-91","-91","1","72","72","72","1","0","0","0","0","76","76","76","1","60","58","60","1","0","0","0","0","138.5","76","201","1","-4.5","-24","15","1","6.5","-214","227","1","-9479.827153","-14737.68542","-4221.968889","1","-3565.78125","-4542","-1237.875","1","-91","-91","-91","1","227","227","227","1","0","0","0","0","227","227","227","1","173","172","173","1","0","0","0","0","-275.5","-384","-167","1","-81.5","-83","-80","1","-288","-446","-130","1","-9474.716494","-14723.84358","-4225.589403","1","-7980.578125","-13148.3125","-3420.8125","1","-91","-91","-91","1","-130","-130","-130","1","0","0","0","0","-4345","-4345","-4345","1","-80","-80","-45","1","0","0","0","0","46.6804236","492","225.0024132","3","5","10","15"
"2026-05-07","09:27:00","27","ghost_high_35625_35674","high","28764","35674","28744.5","-75.5","-91","-60","1","13","12","14","1","-102","-134","-70","1","-9459.770873","-14721.25798","-4198.28377","1","95.390625","-176.09375","280","1","-75","-75","-75","1","-70","-70","-70","1","0","0","0","0","-62","-62","-62","1","12","11","12","1","-70","-70","-70","1","154.5","92","217","1","113","88","138","1","261.5","243","280","1","-9458.823399","-14719.78587","-4197.860926","1","-3549.78125","-4526","-1221.875","1","-75","-75","-75","1","280","280","280","1","280","280","280","1","243","243","243","1","-76","-76","-58","1","280","280","280","1","108.5","-63","280","1","-65.5","-67","-64","1","-272","-430","-114","1","-9452.564139","-14705.56966","-4199.558615","1","-7943.1875","-13120.75","-3374.75","1","-75","-75","-75","1","-114","-114","-114","1","0","0","0","0","-4329","-4329","-4329","1","280","140","280","1","0","0","0","0","31.75411955","83","107.5082643","3","5","10","15"
"2026-05-07","12:33:00","33","ghost_low_35816_35860","low","28712.5","35860","28734.6666666667","-88.66666667","-108.6666667","-68.66666667","1","-6.166666667","-13.66666667","1.333333333","1","-24.66666667","-64.66666667","15.33333333","1","-9404.890678","-14675.88241","-4133.89895","1","0.9427083333","-115.5416667","101.8958333","1","-35.66666667","-35.66666667","-35.66666667","1","-64.66666667","-64.66666667","-64.66666667","1","0","0","0","0","-74.66666667","-74.66666667","-74.66666667","1","14.33333333","-0.6666666667","14.33333333","1","0","0","0","0","-67.16666667","-120.6666667","-13.66666667","1","-10.16666667","-13.66666667","-6.666666667","1","-26.16666667","-117.6666667","65.33333333","1","-9403.800555","-14674.35975","-4133.241356","1","-3961.010417","-4486.666667","-1032.354167","1","-35.66666667","-35.66666667","-35.66666667","1","-117.6666667","-117.6666667","-117.6666667","1","0","0","0","0","-94.66666667","-94.66666667","-94.66666667","1","-64.66666667","-64.66666667","-23.66666667","1","0","0","0","0","-72.16666667","-177.6666667","33.33333333","1","-26.16666667","-27.66666667","-24.66666667","1","122.3333333","-74.66666667","319.3333333","1","-9399.390956","-14660.86661","-4137.915307","1","-7675.619792","-12117.26042","-3233.979167","1","-35.66666667","-35.66666667","-35.66666667","1","319.3333333","319.3333333","319.3333333","1","0","0","0","0","-4289.666667","-4289.666667","-4289.666667","1","-117.6666667","-117.6666667","-26.66666667","1","319.3333333","319.3333333","319.3333333","1","29.88099761","70","147.5083486","3","5","10","15"
"2026-05-07","13:07:00","07","ghost_low_35852_35894","low","28718.5","35894","28732.75","-81","-101","-61","1","62.5","55","70","1","99.5","92","107","1","-9392.546011","-14666.42383","-4118.668189","1","24.140625","-76.8125","109.5625","1","-28","-28","-28","1","92","92","92","1","92","92","92","1","-67","-67","-67","1","20","19","20","1","92","92","92","1","-59.5","-113","-6","1","39.5","34","45","1","-18.5","-110","73","1","-9392.587731","-14665.34303","-4119.832436","1","-3953.34375","-4479","-1024.6875","1","-28","-28","-28","1","-110","-110","-110","1","0","0","0","0","-87","-87","-87","1","107","104","107","1","0","0","0","0","-64.5","-170","41","1","-18.5","-20","-17","1","130","-67","327","1","-9384.514801","-14650.44028","-4118.589319","1","-7656.984375","-12092.53125","-3221.4375","1","-28","-28","-28","1","327","327","327","1","0","0","0","0","-4282","-4282","-4282","1","-63","-63","-2","1","327","327","327","1","32.62139745","222","255.2136216","3","5","10","15"
"2026-05-07","14:07:00","07","ghost_high_35928_35954","high","28782.5","35954","28824.25","-347","-414","-280","1","-45","-57","-33","1","-150","-215","-85","1","-9700.23661","-15010.03592","-4390.437302","1","-403.578125","-536","-218.1875","1","-39","-39","-39","1","-215","-215","-215","1","0","0","0","0","-388","-388","-388","1","-33","-33","-28","1","0","0","0","0","-316","-465","-167","1","-326.5","-332","-321","1","-365","-476","-254","1","-9707.617906","-15011.67763","-4403.558184","1","-4319.34375","-4845","-1390.6875","1","-39","-39","-39","1","-254","-254","-254","1","0","0","0","0","-254","-254","-254","1","-397","-397","-367","1","0","0","0","0","-430.5","-536","-325","1","-384.5","-386","-383","1","-287.5","-536","-39","1","-9699.380496","-14996.97944","-4401.781551","1","-8138.609375","-12886.65625","-3390.5625","1","-39","-39","-39","1","-536","-536","-536","1","0","0","0","0","-4648","-4648","-4648","1","-465","-465","-276","1","0","0","0","0","73.2554867","2282","1908.227434","3","5","10","15"
"2026-05-07","16:36:00","36","ghost_high_36045_36103","high","28896.5","36103","28759.8333333333","-5.833333333","-32.33333333","20.66666667","1","-29.83333333","-60.33333333","0.6666666667","1","-247.8333333","-449.3333333","-46.33333333","1","-9297.611294","-14697.24437","-3897.978222","1","-87.41145833","-491.3333333","393.4479167","1","-136.3333333","-136.3333333","-136.3333333","1","-46.33333333","-46.33333333","-46.33333333","1","0","0","0","0","459.6666667","459.6666667","459.6666667","1","20.66666667","12.66666667","20.66666667","1","0","0","0","0","-58.33333333","-207.3333333","90.66666667","1","2.166666667","-47.33333333","51.66666667","1","266.1666667","-207.3333333","739.6666667","1","-9301.371594","-14697.81344","-3904.929745","1","-4004.692708","-4587.333333","-758.5520833","1","-136.3333333","-136.3333333","-136.3333333","1","739.6666667","739.6666667","739.6666667","1","0","0","0","0","3.666666667","3.666666667","3.666666667","1","-449.3333333","-449.3333333","-403.3333333","1","0","0","0","0","-172.8333333","-278.3333333","-67.33333333","1","40.16666667","3.666666667","76.66666667","1","-29.83333333","-278.3333333","218.6666667","1","-9331.582917","-14700.16255","-3963.003288","1","-8098.380208","-12896.17708","-3300.583333","1","-136.3333333","-136.3333333","-136.3333333","1","-278.3333333","-278.3333333","-278.3333333","1","0","0","0","0","-4390.333333","-4390.333333","-4390.333333","1","682.6666667","674.6666667","682.6666667","1","0","0","0","0","77.97306917","1237","1405.257162","3","5","10","15"
"2026-05-08","01:43:00","43","ghost_low_36507_36590","low","28693","36590","28769.5","-29.5","-48","-11","1","11","7","15","1","6","-19","31","1","-9155.159036","-14645.53489","-3664.783182","1","-416.421875","-642.59375","-220.40625","1","-13","-13","-13","1","31","31","31","1","0","0","0","0","-5","-5","-5","1","-7","-7","-3","1","0","0","0","0","-542","-716","-368","1","-70.5","-88","-53","1","-532","-669","-395","1","-9153.858047","-14643.81648","-3663.899618","1","-381.046875","-2794.84375","701","1","-13","-13","-13","1","-669","-669","-669","1","0","0","0","0","-530","-530","-530","1","-19","-19","12","1","0","0","0","0","-654.5","-914","-395","1","-377","-395","-359","1","-441.5","-870","-13","1","-9149.030634","-14630.58641","-3667.474859","1","-8137.046875","-13439.875","-3339.25","1","-13","-13","-13","1","-13","-13","-13","1","0","0","0","0","-870","-870","-870","1","-359","-359","-359","1","0","0","0","0","24.64887248","20","47.40857862","3","5","10","15"
"2026-05-08","02:09:00","09","ghost_low_36583_36616","low","28764.75","36616","28756.75","20","9","31","1","-7.5","-10","-5","1","-2.5","-28","23","1","-9103.134847","-14594.05376","-3612.215932","1","-365.421875","-561.4375","-199.5625","1","38","38","38","1","23","23","23","1","0","0","0","0","46","46","46","1","-6","-6","-3","1","0","0","0","0","-491","-665","-317","1","-19.5","-37","-2","1","-258","-618","102","1","-9102.183033","-14592.50137","-3611.864695","1","-330.046875","-2743.84375","752","1","38","38","38","1","102","102","102","1","0","0","0","0","-479","-479","-479","1","77","72","77","1","0","0","0","0","-603.5","-863","-344","1","-179.5","-308","-51","1","-412.5","-863","38","1","-9094.423778","-14577.89457","-3610.952983","1","-8086.046875","-13388.875","-3288.25","1","38","38","38","1","-863","-863","-863","1","0","0","0","0","-819","-819","-819","1","-51","-51","-48","1","0","0","0","0","20.89896607","22","58.27143707","3","5","10","15"
"2026-05-08","05:03:00","03","ghost_high_36747_36790","high","28780.5","36790","28791.1666666667","-112.1666667","-117.6666667","-106.6666667","1","-19.66666667","-29.66666667","-9.666666667","1","-16.16666667","-51.66666667","19.33333333","1","-9233.797449","-14728.40005","-3739.194851","1","-474.7291667","-713.7916667","-235.6666667","1","-11.66666667","-11.66666667","-11.66666667","1","-51.66666667","-51.66666667","-51.66666667","1","0","0","0","0","-157.6666667","-157.6666667","-157.6666667","1","-11.66666667","-11.66666667","-1.666666667","1","0","0","0","0","-73.66666667","-94.66666667","-52.66666667","1","-114.1666667","-118.6666667","-109.6666667","1","-105.6666667","-189.6666667","-21.66666667","1","-9232.567993","-14726.71322","-3738.422762","1","-467.7135417","-2715.041667","614.3333333","1","-11.66666667","-11.66666667","-11.66666667","1","-21.66666667","-21.66666667","-21.66666667","1","0","0","0","0","-21.66666667","-21.66666667","-21.66666667","1","-72.66666667","-72.66666667","-65.66666667","1","0","0","0","0","-741.1666667","-1000.666667","-481.6666667","1","-317.1666667","-445.6666667","-188.6666667","1","-550.1666667","-1000.666667","-99.66666667","1","-9224.809886","-14712.1159","-3737.503871","1","-8223.713542","-13526.54167","-3425.916667","1","-11.66666667","-11.66666667","-11.66666667","1","-1000.666667","-1000.666667","-1000.666667","1","0","0","0","0","-956.6666667","-956.6666667","-956.6666667","1","-131.6666667","-131.6666667","-69.66666667","1","0","0","0","0","22.25137708","55","65.35724165","3","5","10","15"
"2026-05-08","05:51:00","51","ghost_low_36787_36838","low","28778.25","36838","28805.5833333333","-39.33333333","-49.33333333","-29.33333333","1","9.166666667","6.666666667","11.66666667","1","10.16666667","-19.33333333","39.66666667","1","-9289.113181","-14785.00668","-3793.21968","1","-643.6145833","-1058.333333","-192.8333333","1","-1.333333333","-1.333333333","-1.333333333","1","39.66666667","39.66666667","39.66666667","1","0","0","0","0","-215.3333333","-215.3333333","-215.3333333","1","6.666666667","6.666666667","6.666666667","1","0","0","0","0","-131.3333333","-152.3333333","-110.3333333","1","-20.83333333","-22.33333333","-19.33333333","1","-134.3333333","-189.3333333","-79.33333333","1","-9287.768671","-14783.26427","-3792.273068","1","-525.3802083","-2772.708333","556.6666667","1","-1.333333333","-1.333333333","-1.333333333","1","-189.3333333","-189.3333333","-189.3333333","1","0","0","0","0","-79.33333333","-79.33333333","-79.33333333","1","-19.33333333","-19.33333333","-1.333333333","1","0","0","0","0","-798.8333333","-1058.333333","-539.3333333","1","-374.8333333","-503.3333333","-246.3333333","1","-607.8333333","-1058.333333","-157.3333333","1","-9282.476552","-14769.78257","-3795.170538","1","-8281.380208","-13584.20833","-3483.583333","1","-1.333333333","-1.333333333","-1.333333333","1","-1058.333333","-1058.333333","-1058.333333","1","0","0","0","0","-1014.333333","-1014.333333","-1014.333333","1","-189.3333333","-189.3333333","-127.3333333","1","0","0","0","0","22.08587148","24","47.23563283","3","5","10","15"
"2026-05-08","07:20:00","20","ghost_low_36883_36927","low","28810.25","36927","28824.8333333333","-18.33333333","-85.33333333","48.66666667","1","16.16666667","-7.333333333","39.66666667","1","31.16666667","13.66666667","48.66666667","1","-9361.074782","-14859.76385","-3862.385712","1","-46.28645833","-349.1458333","54.66666667","1","-41.33333333","-41.33333333","-41.33333333","1","48.66666667","48.66666667","48.66666667","1","48.66666667","48.66666667","48.66666667","1","13.66666667","13.66666667","13.66666667","1","-11.33333333","-11.33333333","-3.333333333","1","48.66666667","48.66666667","48.66666667","1","-27.33333333","-51.33333333","-3.333333333","1","-97.83333333","-99.33333333","-96.33333333","1","-73.33333333","-165.3333333","18.66666667","1","-9359.711092","-14858.01707","-3861.405118","1","-602.3802083","-2683.239583","479.6666667","1","-41.33333333","-41.33333333","-41.33333333","1","-165.3333333","-165.3333333","-165.3333333","1","0","0","0","0","18.66666667","18.66666667","18.66666667","1","48.66666667","3.666666667","48.66666667","1","0","0","0","0","-875.8333333","-1135.333333","-616.3333333","1","-187.3333333","-192.3333333","-182.3333333","1","-684.8333333","-1135.333333","-234.3333333","1","-9353.680199","-14844.1912","-3863.169198","1","-8358.380208","-13661.20833","-3560.583333","1","-41.33333333","-41.33333333","-41.33333333","1","-1135.333333","-1135.333333","-1135.333333","1","0","0","0","0","-1091.333333","-1091.333333","-1091.333333","1","-165.3333333","-165.3333333","-84.33333333","1","0","0","0","0","34.80640417","67","114.9247857","3","5","10","15"
"2026-05-08","14:46:00","46","ghost_low_37339_37373","low","29075.5","37373","29131.5","-78","-118","-38","1","-27.5","-43","-12","1","-135","-232","-38","1","-10451.02958","-16035.37043","-4866.688733","1","-111.21875","-904.1875","138","1","-747","-747","-747","1","-232","-232","-232","1","0","0","0","0","-214","-214","-214","1","32","23","32","1","0","0","0","0","-1015","-1072","-958","1","-213.5","-226","-201","1","-855","-1088","-622","1","-10454.07159","-16035.21739","-4872.925776","1","-1733.953125","-3249.34375","-396.84375","1","-747","-747","-747","1","-1088","-1088","-1088","1","0","0","0","0","-622","-622","-622","1","-232","-232","-82","1","0","0","0","0","-2102.5","-2362","-1843","1","-1414","-1419","-1409","1","-1911.5","-2362","-1461","1","-10489.68037","-16036.09842","-4943.262308","1","-9809.109375","-14804.625","-4813.59375","1","-747","-747","-747","1","-2362","-2362","-2362","1","0","0","0","0","-2318","-2318","-2318","1","-1088","-1088","-880","1","0","0","0","0","73.05664977","1053","1078.500245","3","5","10","15"
"2026-05-08","16:49:00","49","ghost_low_37440_37496","low","29184.75","37496","29218.4166666667","50.83333333","26.33333333","75.33333333","1","-55.16666667","-68.66666667","-41.66666667","1","-7.666666667","-91.66666667","76.33333333","1","-10719.82481","-16358.14245","-5081.507163","1","-437.0572917","-979.4479167","105.3333333","1","-2.666666667","-2.666666667","-2.666666667","1","-91.66666667","-91.66666667","-91.66666667","1","0","0","0","0","51.33333333","51.33333333","51.33333333","1","-62.66666667","-62.66666667","-59.66666667","1","0","0","0","0","-1362.666667","-1419.666667","-1305.666667","1","-243.6666667","-248.6666667","-238.6666667","1","-1007.666667","-1435.666667","-579.6666667","1","-10724.00549","-16358.25118","-5089.759803","1","-2150.526042","-3864.979167","-616.5416667","1","-2.666666667","-2.666666667","-2.666666667","1","-579.6666667","-579.6666667","-579.6666667","1","0","0","0","0","-969.6666667","-969.6666667","-969.6666667","1","100.3333333","92.33333333","100.3333333","1","-579.6666667","-579.6666667","-579.6666667","1","-2450.166667","-2709.666667","-2190.666667","1","-401.6666667","-428.6666667","-374.6666667","1","-2259.166667","-2709.666667","-1808.666667","1","-10734.82775","-16350.79218","-5118.86332","1","-9977.057292","-15099.04167","-5394.229167","1","-2.666666667","-2.666666667","-2.666666667","1","-2709.666667","-2709.666667","-2709.666667","1","0","0","0","0","-2665.666667","-2665.666667","-2665.666667","1","-374.6666667","-374.6666667","-224.6666667","1","0","0","0","0","48.70598731","1450","826.9997733","3","5","10","15"
"2026-05-08","19:38:00","38","ghost_low_37623_37665","low","29237.75","37665","29284.0833333333","57.66666667","35.66666667","79.66666667","1","-48.83333333","-51.33333333","-46.33333333","1","-33.83333333","-64.33333333","-3.333333333","1","-10895.56943","-16595.02603","-5196.112821","1","-9.458333333","-782.3333333","133.6666667","1","-265.3333333","-265.3333333","-265.3333333","1","-64.33333333","-64.33333333","-64.33333333","1","0","0","0","0","76.66666667","76.66666667","76.66666667","1","-11.33333333","-11.33333333","-11.33333333","1","0","0","0","0","-52.83333333","-182.3333333","76.66666667","1","4.166666667","-13.33333333","21.66666667","1","-151.3333333","-185.3333333","-117.3333333","1","-10898.27332","-16594.59359","-5201.953038","1","-2396.317708","-4176.677083","-615.9583333","1","-265.3333333","-265.3333333","-265.3333333","1","-185.3333333","-185.3333333","-185.3333333","1","0","0","0","0","-117.3333333","-117.3333333","-117.3333333","1","84.66666667","72.66666667","84.66666667","1","-185.3333333","-185.3333333","-185.3333333","1","-2712.833333","-2972.333333","-2453.333333","1","-230.8333333","-265.3333333","-196.3333333","1","-2521.833333","-2972.333333","-2071.333333","1","-10904.0343","-16585.21806","-5222.850536","1","-10071.39583","-15311.83333","-5382.583333","1","-265.3333333","-265.3333333","-265.3333333","1","-2972.333333","-2972.333333","-2972.333333","1","0","0","0","0","-2928.333333","-2928.333333","-2928.333333","1","85.66666667","-79.33333333","85.66666667","1","0","0","0","0","40.62453753","679","640.7105964","3","5","10","15"
"2026-05-10","22:09:00","09","ghost_low_37708_37756","low","29331.5","37756","29272.5","115.5","41","190","1","-13.5","-18","-9","1","84.5","-90","259","1","-10798.89429","-16533.93458","-5063.85399","1","28.609375","-663.40625","457","1","-219","-219","-219","1","-90","-90","-90","1","0","0","0","0","288","288","288","1","-68","-68","-7","1","0","0","0","0","-6.5","-136","123","1","204","165","243","1","159","-139","457","1","-10800.31215","-16533.18025","-5067.444052","1","-2315.671875","-4323.46875","-307.875","1","-219","-219","-219","1","457","457","457","1","0","0","0","0","-71","-71","-71","1","288","283","288","1","0","0","0","0","-2666.5","-2926","-2407","1","181.5","132","231","1","-2475.5","-2926","-2025","1","-10791.83355","-16519.50955","-5064.157549","1","-9908.203125","-15230.875","-5145.8125","1","-219","-219","-219","1","-2926","-2926","-2926","1","0","0","0","0","-2882","-2882","-2882","1","457","268","457","1","0","0","0","0","55.42592345","380","324.5773","3","5","10","15"
"2026-05-11","02:25:00","25","ghost_low_37959_38012","low","29303","38012","29337","-24","-38","-10","1","-6.5","-8","-5","1","-9.5","-26","7","1","-11016.94634","-16779.62126","-5254.271414","1","-216.625","-401.5","-31.75","1","16","16","16","1","-26","-26","-26","1","0","0","0","0","-289","-289","-289","1","-12","-12","1","1","0","0","0","0","-82.5","-289","124","1","-127.5","-164","-91","1","-58.5","-368","251","1","-11015.60871","-16778.0164","-5253.201029","1","-2654.765625","-4810.65625","-686.34375","1","16","16","16","1","-368","-368","-368","1","0","0","0","0","37","37","37","1","-58","-58","-47","1","0","0","0","0","-2924.5","-3184","-2665","1","-76.5","-126","-27","1","-1814.5","-3184","-445","1","-11009.99858","-16765.06638","-5254.930779","1","-7896.640625","-13234.75","-3120.4375","1","16","16","16","1","-445","-445","-445","1","0","0","0","0","-3140","-3140","-3140","1","-368","-368","-168","1","-445","-445","-445","1","27.59786656","37","52.8559377","3","5","10","15"
"2026-05-11","03:16:00","16","ghost_low_38022_38063","low","29326.75","38063","29323.5833333333","-20.33333333","-51.33333333","10.66666667","1","28.16666667","24.66666667","31.66666667","1","-5.333333333","-51.33333333","40.66666667","1","-10959.27378","-16724.73066","-5193.816896","1","54.54166667","-173.8333333","261.1666667","1","26.66666667","26.66666667","26.66666667","1","40.66666667","40.66666667","40.66666667","1","0","0","0","0","-24.33333333","-24.33333333","-24.33333333","1","-15.33333333","-15.33333333","-2.333333333","1","0","0","0","0","-28.83333333","-235.3333333","177.6666667","1","68.16666667","67.66666667","68.66666667","1","72.66666667","-4.333333333","149.6666667","1","-10958.1454","-16723.19052","-5193.100289","1","-2545.880208","-4660.802083","-614.8645833","1","26.66666667","26.66666667","26.66666667","1","149.6666667","149.6666667","149.6666667","1","0","0","0","0","90.66666667","90.66666667","90.66666667","1","67.66666667","55.66666667","67.66666667","1","0","0","0","0","-2870.833333","-3130.333333","-2611.333333","1","-22.83333333","-72.33333333","26.66666667","1","-1760.833333","-3130.333333","-391.3333333","1","-10951.08823","-16709.80539","-5192.371066","1","-7842.973958","-13181.08333","-3066.770833","1","26.66666667","26.66666667","26.66666667","1","-391.3333333","-391.3333333","-391.3333333","1","0","0","0","0","-3086.333333","-3086.333333","-3086.333333","1","149.6666667","60.66666667","149.6666667","1","-391.3333333","-391.3333333","-391.3333333","1","30.94537873","64","94.57962842","3","5","10","15"
"2026-05-11","05:37:00","37","ghost_high_38172_38204","high","29347.5","38204","29346.9166666667","-55.66666667","-70.66666667","-40.66666667","1","1.333333333","-0.6666666667","3.333333333","1","-12.16666667","-61.66666667","37.33333333","1","-11044.36434","-16815.5084","-5273.220286","1","-17.04166667","-201.9166667","146.0833333","1","-2.666666667","-2.666666667","-2.666666667","1","-61.66666667","-61.66666667","-61.66666667","1","0","0","0","0","-6.666666667","-6.666666667","-6.666666667","1","19.33333333","16.33333333","19.33333333","1","0","0","0","0","-122.1666667","-328.6666667","84.33333333","1","-82.66666667","-89.66666667","-75.66666667","1","-105.1666667","-215.6666667","5.333333333","1","-11043.33049","-16813.99323","-5272.667751","1","-2610.166667","-4405.666667","-814.6666667","1","-2.666666667","-2.666666667","-2.666666667","1","-215.6666667","-215.6666667","-215.6666667","1","0","0","0","0","-2.666666667","-2.666666667","-2.666666667","1","-61.66666667","-61.66666667","-20.66666667","1","0","0","0","0","-2964.166667","-3223.666667","-2704.666667","1","-116.1666667","-165.6666667","-66.66666667","1","-136.6666667","-484.6666667","211.3333333","1","-11036.93108","-16800.80647","-5273.055685","1","-7936.307292","-12712.51042","-3160.104167","1","-2.666666667","-2.666666667","-2.666666667","1","211.3333333","211.3333333","211.3333333","1","0","0","0","0","-3179.666667","-3179.666667","-3179.666667","1","-215.6666667","-215.6666667","-90.66666667","1","0","0","0","0","25.15539833","240","108.7847443","3","5","10","15"
"2026-05-11","07:21:00","21","ghost_low_38279_38308","low","29300.25","38308","29296.0833333333","31.16666667","20.66666667","41.66666667","1","10.16666667","9.666666667","10.66666667","1","34.16666667","11.66666667","56.66666667","1","-10833.44985","-16609.77815","-5057.12155","1","172.8697917","27.79166667","298.6041667","1","136.6666667","136.6666667","136.6666667","1","56.66666667","56.66666667","56.66666667","1","0","0","0","0","56.66666667","56.66666667","56.66666667","1","-17.33333333","-17.33333333","-9.333333333","1","0","0","0","0","180.6666667","129.6666667","231.6666667","1","119.1666667","108.6666667","129.6666667","1","158.6666667","85.66666667","231.6666667","1","-10832.04349","-16608.14342","-5055.943559","1","-2449.864583","-4168.583333","-731.1458333","1","136.6666667","136.6666667","136.6666667","1","231.6666667","231.6666667","231.6666667","1","0","0","0","0","85.66666667","85.66666667","85.66666667","1","56.66666667","25.66666667","56.66666667","1","0","0","0","0","-2760.833333","-3020.333333","-2501.333333","1","87.16666667","37.66666667","136.6666667","1","66.66666667","-281.3333333","414.6666667","1","-10825.74116","-16595.01459","-5056.467728","1","-7732.973958","-12509.17708","-2956.770833","1","136.6666667","136.6666667","136.6666667","1","414.6666667","414.6666667","414.6666667","1","0","0","0","0","-2976.333333","-2976.333333","-2976.333333","1","231.6666667","101.6666667","231.6666667","1","0","0","0","0","31.33576579","76","115.5844717","3","5","10","15"
"2026-05-11","08:26:00","26","ghost_low_38351_38373","low","29306","38373","29306.6666666667","77.83333333","59.33333333","96.33333333","1","-69.16666667","-85.66666667","-52.66666667","1","-27.66666667","-151.6666667","96.33333333","1","-10870.17854","-16650.28716","-5090.069926","1","130.5364583","-14.54166667","256.2708333","1","-76.66666667","-76.66666667","-76.66666667","1","-151.6666667","-151.6666667","-151.6666667","1","0","0","0","0","90.33333333","90.33333333","90.33333333","1","20.33333333","-3.666666667","20.33333333","1","0","0","0","0","-78.66666667","-151.6666667","-5.666666667","1","4.833333333","-5.666666667","15.33333333","1","56.33333333","-76.66666667","189.3333333","1","-10869.20982","-16648.79205","-5089.627585","1","-2453.916667","-4149.666667","-919.6666667","1","-76.66666667","-76.66666667","-76.66666667","1","-76.66666667","-76.66666667","-76.66666667","1","0","0","0","0","-76.66666667","-76.66666667","-76.66666667","1","-151.6666667","-151.6666667","-110.6666667","1","0","0","0","0","-2803.166667","-3062.666667","-2543.666667","1","44.83333333","-4.666666667","94.33333333","1","24.33333333","-323.6666667","372.3333333","1","-10863.45991","-16635.86594","-5091.053885","1","-7775.307292","-12551.51042","-2999.104167","1","-76.66666667","-76.66666667","-76.66666667","1","372.3333333","372.3333333","372.3333333","1","0","0","0","0","-3018.666667","-3018.666667","-3018.666667","1","-76.66666667","-76.66666667","61.33333333","1","0","0","0","0","39.92962156","76","118.19217","3","5","10","15"
"2026-05-11","13:08:00","08","ghost_high_38621_38655","high","29315","38655","29300","-96","-125","-67","1","-7","-14","0","1","-19","-60","22","1","-10807.59248","-16611.89729","-5003.287677","1","23.515625","-98.125","145.15625","1","-50","-50","-50","1","22","22","22","1","0","0","0","0","168","168","168","1","20","13","20","1","0","0","0","0","-52","-125","21","1","83.5","70","97","1","156.5","-43","356","1","-10807.94542","-16610.84163","-5005.049218","1","-2408.390625","-3776.09375","-1040.6875","1","-50","-50","-50","1","356","356","356","1","0","0","0","0","-50","-50","-50","1","-91","-91","-79","1","0","0","0","0","179.5","3","356","1","71.5","22","121","1","126","-147","399","1","-10799.64877","-16597.115","-5002.182543","1","-7748.640625","-12524.84375","-2972.4375","1","-50","-50","-50","1","-147","-147","-147","1","0","0","0","0","-147","-147","-147","1","213","196","213","1","0","0","0","0","41.86607483","236","251.7439549","3","5","10","15"
"2026-05-11","13:51:00","51","ghost_high_38678_38698","high","29346","38698","29364.5833333333","-284.3333333","-331.3333333","-237.3333333","1","93.66666667","74.66666667","112.6666667","1","75.66666667","-129.3333333","280.6666667","1","-11020.09188","-16855.89116","-5184.292599","1","-169.0520833","-377.4583333","17.41666667","1","-33.33333333","-33.33333333","-33.33333333","1","-129.3333333","-129.3333333","-129.3333333","1","0","0","0","0","-236.3333333","-236.3333333","-236.3333333","1","74.66666667","2.666666667","74.66666667","1","0","0","0","0","-310.3333333","-383.3333333","-237.3333333","1","-134.8333333","-219.3333333","-50.33333333","1","-161.8333333","-421.3333333","97.66666667","1","-11020.06011","-16854.50164","-5185.618574","1","-2760.380208","-4317.989583","-1202.770833","1","-33.33333333","-33.33333333","-33.33333333","1","-421.3333333","-421.3333333","-421.3333333","1","0","0","0","0","-308.3333333","-308.3333333","-308.3333333","1","197.6666667","33.66666667","197.6666667","1","0","0","0","0","-78.83333333","-255.3333333","97.66666667","1","-186.8333333","-236.3333333","-137.3333333","1","-132.3333333","-405.3333333","140.6666667","1","-11057.98211","-16855.44834","-5260.515876","1","-8006.973958","-12783.17708","-3230.770833","1","-33.33333333","-33.33333333","-33.33333333","1","-405.3333333","-405.3333333","-405.3333333","1","0","0","0","0","-405.3333333","-405.3333333","-405.3333333","1","-45.33333333","-62.33333333","-45.33333333","1","0","0","0","0","104.1290282","1706","1902.224933","3","5","10","15"
"2026-05-11","15:16:00","16","ghost_low_38739_38783","low","29246.75","38783","29372.3333333333","18.16666667","-11.33333333","47.66666667","1","28.66666667","25.66666667","31.66666667","1","89.16666667","33.66666667","144.6666667","1","-10971.98651","-16860.4276","-5083.545412","1","-185.0833333","-408.3333333","14.66666667","1","57.66666667","57.66666667","57.66666667","1","144.6666667","144.6666667","144.6666667","1","0","0","0","0","50.66666667","50.66666667","50.66666667","1","-50.33333333","-50.33333333","-8.333333333","1","0","0","0","0","-341.3333333","-414.3333333","-268.3333333","1","-30.33333333","-49.33333333","-11.33333333","1","-160.3333333","-502.3333333","181.6666667","1","-10974.97536","-16860.02452","-5089.926191","1","-2774.083333","-4470.333333","-930.3333333","1","57.66666667","57.66666667","57.66666667","1","-502.3333333","-502.3333333","-502.3333333","1","0","0","0","0","-339.3333333","-339.3333333","-339.3333333","1","11.66666667","11.66666667","73.66666667","1","0","0","0","0","-160.3333333","-502.3333333","181.6666667","1","-217.8333333","-267.3333333","-168.3333333","1","-163.3333333","-436.3333333","109.6666667","1","-10972.15568","-16847.81138","-5096.499978","1","-7961.411458","-12774.80208","-3148.020833","1","57.66666667","57.66666667","57.66666667","1","-436.3333333","-436.3333333","-436.3333333","1","0","0","0","0","-436.3333333","-436.3333333","-436.3333333","1","-502.3333333","-502.3333333","-244.3333333","1","0","0","0","0","61.42190395","1569","999.6567278","3","5","10","15"
"2026-05-11","19:26:00","26","ghost_high_38957_39033","high","29475","39033","29384.8333333333","45.16666667","33.66666667","56.66666667","1","29.16666667","24.66666667","33.66666667","1","116.6666667","34.66666667","198.6666667","1","-10894.75938","-16868.97371","-4920.545058","1","45.36979167","-231.6145833","322.3541667","1","7.666666667","7.666666667","7.666666667","1","34.66666667","34.66666667","34.66666667","1","0","0","0","0","34.66666667","34.66666667","34.66666667","1","24.66666667","7.666666667","24.66666667","1","0","0","0","0","-391.3333333","-464.3333333","-318.3333333","1","178.6666667","169.6666667","187.6666667","1","151.6666667","-63.33333333","366.6666667","1","-10896.30784","-16868.11346","-4924.502214","1","-2790.583333","-4339.333333","-504.3333333","1","7.666666667","7.666666667","7.666666667","1","366.6666667","366.6666667","366.6666667","1","0","0","0","0","-389.3333333","-389.3333333","-389.3333333","1","198.6666667","158.6666667","198.6666667","1","0","0","0","0","-210.3333333","-552.3333333","131.6666667","1","-267.8333333","-317.3333333","-218.3333333","1","-519.3333333","-552.3333333","-486.3333333","1","-10901.52073","-16858.51083","-4944.530629","1","-10200.17708","-15633.58333","-5338.708333","1","7.666666667","7.666666667","7.666666667","1","-552.3333333","-552.3333333","-552.3333333","1","0","0","0","0","-486.3333333","-486.3333333","-486.3333333","1","360.6666667","228.6666667","360.6666667","1","-552.3333333","-552.3333333","-552.3333333","1","54.60134038","650","664.3931056","3","5","10","15"
"2026-05-11","19:48:00","48","ghost_high_39020_39055","high","29434.5","39055","29392.75","-16","-35","3","1","-15.5","-16","-15","1","-26.5","-77","24","1","-10913.1678","-16895.82876","-4930.506831","1","13.703125","-263.28125","261.53125","1","-15","-15","-15","1","-77","-77","-77","1","0","0","0","0","3","3","3","1","30","-4","30","1","0","0","0","0","-423","-496","-350","1","147","138","156","1","120","-95","335","1","-10915.84292","-16895.39777","-4936.288063","1","-2822.25","-4371","-536","1","-15","-15","-15","1","335","335","335","1","0","0","0","0","-421","-421","-421","1","-85","-85","-44","1","0","0","0","0","-242","-584","100","1","-299.5","-349","-250","1","-551","-584","-518","1","-10933.1874","-16890.1775","-4976.197296","1","-10231.84375","-15665.25","-5370.375","1","-15","-15","-15","1","-584","-584","-584","1","0","0","0","0","-518","-518","-518","1","329","197","329","1","-584","-584","-584","1","52.70779658","925","721.7769485","3","5","10","15"
"2026-05-12","01:22:00","22","ghost_high_39282_39329","high","29401.5","39329","29341.5","150","127","173","1","16.5","11","22","1","73","-27","173","1","-10664.07304","-16674.92652","-4653.219566","1","192.515625","-45.03125","430.0625","1","-2","-2","-2","1","-27","-27","-27","1","0","0","0","0","171","171","171","1","11","11","11","1","0","0","0","0","151.5","101","202","1","279","251","307","1","248.5","47","450","1","-10663.03283","-16673.13221","-4652.933447","1","-2663.5","-4022","-161","1","-2","-2","-2","1","47","47","47","1","0","0","0","0","322","322","322","1","173","157","173","1","0","0","0","0","-37","-379","305","1","-94.5","-144","-45","1","223.5","-107","554","1","-10657.17651","-16659.78997","-4654.563048","1","-10026.84375","-15460.25","-5165.375","1","-2","-2","-2","1","-107","-107","-107","1","0","0","0","0","-313","-313","-313","1","347","347","347","1","0","0","0","0","34.4628072","102","153.8023261","3","5","10","15"
"2026-05-12","01:22:00","22","ghost_low_39271_39329","low","29353.25","39329","29341.5","150","127","173","1","16.5","11","22","1","73","-27","173","1","-10664.07304","-16674.92652","-4653.219566","1","192.515625","-45.03125","430.0625","1","-2","-2","-2","1","-27","-27","-27","1","0","0","0","0","171","171","171","1","11","11","11","1","0","0","0","0","151.5","101","202","1","279","251","307","1","248.5","47","450","1","-10663.03283","-16673.13221","-4652.933447","1","-2663.5","-4022","-161","1","-2","-2","-2","1","47","47","47","1","0","0","0","0","322","322","322","1","173","157","173","1","0","0","0","0","-37","-379","305","1","-94.5","-144","-45","1","223.5","-107","554","1","-10657.17651","-16659.78997","-4654.563048","1","-10026.84375","-15460.25","-5165.375","1","-2","-2","-2","1","-107","-107","-107","1","0","0","0","0","-313","-313","-313","1","347","347","347","1","0","0","0","0","34.4628072","102","153.8023261","3","5","10","15"
"2026-05-12","04:34:00","34","ghost_high_39445_39521","high","29347","39521","29326.8333333333","-12.83333333","-22.33333333","-3.333333333","1","-1.833333333","-3.333333333","-0.3333333333","1","-3.333333333","-20.33333333","13.66666667","1","-10584.02983","-16607.45871","-4560.600955","1","386.9947917","172.5416667","515.6666667","1","13.66666667","13.66666667","13.66666667","1","13.66666667","13.66666667","13.66666667","1","0","0","0","0","-20.33333333","-20.33333333","-20.33333333","1","-6.333333333","-6.333333333","-6.333333333","1","0","0","0","0","64.66666667","-19.33333333","148.6666667","1","29.66666667","26.66666667","32.66666667","1","111.6666667","69.66666667","153.6666667","1","-10582.89916","-16605.64048","-4560.157834","1","-2604.833333","-3963.333333","-102.3333333","1","13.66666667","13.66666667","13.66666667","1","153.6666667","153.6666667","153.6666667","1","0","0","0","0","69.66666667","69.66666667","69.66666667","1","36.66666667","22.66666667","36.66666667","1","153.6666667","153.6666667","153.6666667","1","-56.83333333","-267.3333333","153.6666667","1","313.1666667","260.6666667","365.6666667","1","282.1666667","-48.33333333","612.6666667","1","-10576.84438","-16592.2681","-4561.420657","1","-9968.177083","-15401.58333","-5106.708333","1","13.66666667","13.66666667","13.66666667","1","-48.33333333","-48.33333333","-48.33333333","1","0","0","0","0","-48.33333333","-48.33333333","-48.33333333","1","148.6666667","138.6666667","148.6666667","1","0","0","0","0","19.64133257","26","36.99176447","3","5","10","15"
"2026-05-12","08:36:00","36","ghost_high_39690_39763","high","29254.5","39763","29215.8333333333","-116.8333333","-147.3333333","-86.33333333","1","-18.83333333","-34.33333333","-3.333333333","1","-35.83333333","-105.3333333","33.66666667","1","-10120.2409","-16154.6343","-4085.847506","1","451.4635417","120.4791667","753.6666667","1","39.66666667","39.66666667","39.66666667","1","33.66666667","33.66666667","33.66666667","1","0","0","0","0","78.66666667","78.66666667","78.66666667","1","-13.33333333","-13.33333333","-9.333333333","1","0","0","0","0","106.1666667","67.66666667","144.6666667","1","21.66666667","-35.33333333","78.66666667","1","118.6666667","-159.3333333","396.6666667","1","-10119.55556","-16153.02317","-4086.087947","1","293.7291667","-1877.708333","1056.666667","1","39.66666667","39.66666667","39.66666667","1","-159.3333333","-159.3333333","-159.3333333","1","0","0","0","0","-159.3333333","-159.3333333","-159.3333333","1","-105.3333333","-105.3333333","-86.33333333","1","-159.3333333","-159.3333333","-159.3333333","1","-2.333333333","-159.3333333","154.6666667","1","187.6666667","154.6666667","220.6666667","1","220.1666667","44.66666667","395.6666667","1","-10116.03808","-16140.878","-4091.198168","1","-9524.177083","-14957.58333","-4662.708333","1","39.66666667","39.66666667","39.66666667","1","44.66666667","44.66666667","44.66666667","1","0","0","0","0","44.66666667","44.66666667","44.66666667","1","-159.3333333","-159.3333333","13.66666667","1","44.66666667","44.66666667","44.66666667","1","38.12070264","77","138.5600286","3","5","10","15"
"2026-05-12","10:32:00","32","ghost_low_39835_39879","low","29210","39879","29219.5833333333","0.1666666667","-10.33333333","10.66666667","1","33.66666667","31.66666667","35.66666667","1","-9.833333333","-14.33333333","-5.333333333","1","-10125.35786","-16165.07803","-4085.637692","1","-3.036458333","-182.3333333","295.7916667","1","24.66666667","24.66666667","24.66666667","1","-14.33333333","-14.33333333","-14.33333333","1","-14.33333333","-14.33333333","-14.33333333","1","-5.333333333","-5.333333333","-5.333333333","1","-6.333333333","-6.333333333","-6.333333333","1","-14.33333333","-14.33333333","-14.33333333","1","64.66666667","6.666666667","122.6666667","1","6.666666667","-50.33333333","63.66666667","1","-34.83333333","-177.3333333","107.6666667","1","-10124.25211","-16163.27115","-4085.233069","1","278.7291667","-1892.708333","1041.666667","1","24.66666667","24.66666667","24.66666667","1","107.6666667","107.6666667","107.6666667","1","0","0","0","0","107.6666667","107.6666667","107.6666667","1","-14.33333333","-14.33333333","19.66666667","1","0","0","0","0","-34.83333333","-177.3333333","107.6666667","1","172.6666667","139.6666667","205.6666667","1","205.1666667","29.66666667","380.6666667","1","-10118.73885","-16150.20753","-4087.27017","1","-9539.177083","-14400.64583","-4677.708333","1","24.66666667","24.66666667","24.66666667","1","29.66666667","29.66666667","29.66666667","1","0","0","0","0","29.66666667","29.66666667","29.66666667","1","-177.3333333","-177.3333333","-23.33333333","1","29.66666667","29.66666667","29.66666667","1","26.2140866","56","65.18738614","3","5","10","15"
"2026-05-12","11:21:00","21","ghost_low_39891_39928","low","29184.5","39928","29143.25","155.5","136","175","1","59","57","61","1","116","7","225","1","-9812.787957","-15856.27354","-3769.302378","1","291.0625","74.5","507.625","1","131","131","131","1","225","225","225","1","0","0","0","0","291","291","291","1","-28","-28","-4","1","0","0","0","0","370","312","428","1","273","255","291","1","420.5","413","428","1","-9811.729014","-15854.49961","-3768.958415","1","584.0625","-1470","1347","1","131","131","131","1","428","428","428","1","428","428","428","1","413","413","413","1","225","136","225","1","428","428","428","1","270.5","128","413","1","478","445","511","1","510.5","335","686","1","-9808.882985","-15842.78422","-3774.981749","1","-9233.84375","-14095.3125","-4372.375","1","131","131","131","1","335","335","335","1","0","0","0","0","335","335","335","1","428","313","428","1","335","335","335","1","51.33514483","236","284.6242806","3","5","10","15"
"2026-05-12","12:53:00","53","ghost_high_39982_40020","high","29168.75","40020","29227.5","-89.5","-102","-77","1","-42.5","-54","-31","1","-73.5","-115","-32","1","-10132.16498","-16184.72213","-4079.607833","1","-58.34375","-265.0625","120.8125","1","-2","-2","-2","1","-32","-32","-32","1","0","0","0","0","-241","-241","-241","1","-31","-31","-26","1","0","0","0","0","-238","-458","-18","1","-195","-275","-115","1","-143.5","-378","91","1","-10131.53766","-16183.19297","-4079.882352","1","247.0625","-1689.625","1010","1","-2","-2","-2","1","-378","-378","-378","1","0","0","0","0","-378","-378","-378","1","5","-36","5","1","0","0","0","0","-66.5","-209","76","1","141","108","174","1","173.5","-2","349","1","-10137.33496","-16175.65958","-4099.01033","1","-9570.84375","-14432.3125","-4709.375","1","-2","-2","-2","1","-2","-2","-2","1","0","0","0","0","-2","-2","-2","1","-42","-80","-42","1","-2","-2","-2","1","57.67523491","455","383.0722649","3","5","10","15"
"2026-05-12","13:56:00","56","ghost_high_40029_40083","high","29237","40083","29198.5833333333","-48.33333333","-211.3333333","114.6666667","1","139.1666667","118.6666667","159.6666667","1","83.66666667","-222.3333333","389.6666667","1","-9958.283393","-16041.45584","-3875.110943","1","132.3697917","-64.45833333","329.1979167","1","-90.33333333","-90.33333333","-90.33333333","1","389.6666667","389.6666667","389.6666667","1","0","0","0","0","45.66666667","45.66666667","45.66666667","1","121.6666667","104.6666667","121.6666667","1","0","0","0","0","202.1666667","14.66666667","389.6666667","1","-79.33333333","-159.3333333","0.6666666667","1","-94.33333333","-342.3333333","153.6666667","1","-9966.376245","-16044.21753","-3888.534964","1","362.7291667","-1456.583333","1125.666667","1","-90.33333333","-90.33333333","-90.33333333","1","153.6666667","153.6666667","153.6666667","1","0","0","0","0","153.6666667","153.6666667","153.6666667","1","389.6666667","111.6666667","389.6666667","1","0","0","0","0","-103.8333333","-342.3333333","134.6666667","1","256.6666667","223.6666667","289.6666667","1","289.1666667","113.6666667","464.6666667","1","-10006.57198","-16052.79185","-3960.352123","1","-9455.177083","-14316.64583","-4593.708333","1","-90.33333333","-90.33333333","-90.33333333","1","113.6666667","113.6666667","113.6666667","1","0","0","0","0","113.6666667","113.6666667","113.6666667","1","-342.3333333","-342.3333333","-131.3333333","1","113.6666667","113.6666667","113.6666667","1","130.2836549","3032","2537.78137","3","5","10","15"
"2026-05-12","15:49:00","49","ghost_high_40131_40196","high","29127","40196","28910.9166666667","761.3333333","706.3333333","816.3333333","1","48.33333333","44.33333333","52.33333333","1","35.33333333","-48.66666667","119.3333333","1","-8688.556879","-14823.04232","-2554.07144","1","1073.364583","551.4583333","1540.333333","1","888.3333333","888.3333333","888.3333333","1","119.3333333","119.3333333","119.3333333","1","0","0","0","0","603.3333333","603.3333333","603.3333333","1","37.33333333","23.33333333","37.33333333","1","0","0","0","0","1079.333333","795.3333333","1363.333333","1","183.8333333","143.3333333","224.3333333","1","1422.333333","1304.333333","1540.333333","1","-8691.891319","-14824.26438","-2559.518254","1","1513.395833","-188.5416667","2276.333333","1","888.3333333","888.3333333","888.3333333","1","1540.333333","1540.333333","1540.333333","1","0","0","0","0","1304.333333","1304.333333","1304.333333","1","-167.6666667","-167.6666667","-140.6666667","1","1540.333333","1540.333333","1540.333333","1","1046.833333","808.3333333","1285.333333","1","1407.333333","1374.333333","1440.333333","1","1439.833333","1264.333333","1615.333333","1","-8723.201081","-14833.04872","-2613.353438","1","-8304.510417","-13737.91667","-3443.041667","1","888.3333333","888.3333333","888.3333333","1","1264.333333","1264.333333","1264.333333","1","0","0","0","0","1264.333333","1264.333333","1264.333333","1","1269.333333","872.3333333","1269.333333","1","1264.333333","1264.333333","1264.333333","1","86.89126987","873","947.6810096","3","5","10","15"
"2026-05-12","16:21:00","21","ghost_high_40187_40228","high","28945.25","40228","28874.6666666667","906.3333333","851.3333333","961.3333333","1","42.83333333","36.33333333","49.33333333","1","40.83333333","-73.66666667","155.3333333","1","-8523.88572","-14664.96552","-2382.805922","1","1351.895833","594.0833333","1685.333333","1","-184.6666667","-184.6666667","-184.6666667","1","155.3333333","155.3333333","155.3333333","1","0","0","0","0","748.3333333","748.3333333","748.3333333","1","-47.66666667","-47.66666667","-19.66666667","1","0","0","0","0","1224.333333","940.3333333","1508.333333","1","91.83333333","87.33333333","96.33333333","1","1567.333333","1449.333333","1685.333333","1","-8523.136518","-14663.50988","-2382.763157","1","1658.395833","-43.54166667","2421.333333","1","-184.6666667","-184.6666667","-184.6666667","1","1685.333333","1685.333333","1685.333333","1","0","0","0","0","1449.333333","1449.333333","1449.333333","1","-68.66666667","-68.66666667","-31.66666667","1","1685.333333","1685.333333","1685.333333","1","1191.833333","953.3333333","1430.333333","1","782.8333333","625.3333333","940.3333333","1","1584.833333","1409.333333","1760.333333","1","-8529.804751","-14656.77228","-2402.837225","1","-8119.041667","-13531.66667","-3276.166667","1","-184.6666667","-184.6666667","-184.6666667","1","1409.333333","1409.333333","1409.333333","1","0","0","0","0","1409.333333","1409.333333","1409.333333","1","625.3333333","556.3333333","625.3333333","1","1409.333333","1409.333333","1409.333333","1","79.25017409","960","875.0535971","3","5","10","15"
"2026-05-12","18:52:00","52","ghost_low_40296_40379","low","28864","40379","28973.0833333333","-22.83333333","-54.33333333","8.666666667","1","-29.33333333","-36.33333333","-22.33333333","1","-37.83333333","-102.3333333","26.66666667","1","-8838.846166","-15005.85297","-2671.839365","1","-335.7083333","-924.3333333","737.6666667","1","-578.3333333","-578.3333333","-578.3333333","1","-102.3333333","-102.3333333","-102.3333333","1","0","0","0","0","-243.3333333","-243.3333333","-243.3333333","1","-23.33333333","-23.33333333","-23.33333333","1","-102.3333333","-102.3333333","-102.3333333","1","-0.3333333333","-102.3333333","101.6666667","1","-23.33333333","-44.33333333","-2.333333333","1","-548.8333333","-924.3333333","-173.3333333","1","-8838.216977","-15004.485","-2671.94895","1","1264.729167","-437.2083333","2027.666667","1","-578.3333333","-578.3333333","-578.3333333","1","-173.3333333","-173.3333333","-173.3333333","1","0","0","0","0","-173.3333333","-173.3333333","-173.3333333","1","101.6666667","39.66666667","101.6666667","1","0","0","0","0","798.1666667","559.6666667","1036.666667","1","-65.33333333","-238.3333333","107.6666667","1","1153.666667","1015.666667","1291.666667","1","-8858.544556","-15005.64162","-2711.447491","1","-8771.677083","-14032.89583","-3510.458333","1","-578.3333333","-578.3333333","-578.3333333","1","1291.666667","1291.666667","1291.666667","1","0","0","0","0","1015.666667","1015.666667","1015.666667","1","-896.3333333","-896.3333333","-894.3333333","1","0","0","0","0","56.93944508","558","796.4392961","3","5","10","15"
"2026-05-13","02:12:00","12","ghost_low_40660_40759","low","29094.25","40759","29217","108.5","58","159","1","0.5","-1","2","1","17.5","-59","94","1","-9732.558099","-15934.54869","-3530.56751","1","-183.296875","-1187.40625","173","1","40","40","40","1","-59","-59","-59","1","0","0","0","0","83","83","83","1","-36","-36","-22","1","0","0","0","0","17.5","-59","94","1","-47.5","-55","-40","1","-443","-646","-240","1","-9731.571046","-15932.85806","-3530.284035","1","289.0625","-1412.875","1052","1","40","40","40","1","-240","-240","-240","1","0","0","0","0","-1149","-1149","-1149","1","94","-9","94","1","0","0","0","0","-395.5","-558","-233","1","-647.5","-839","-456","1","-1007.5","-1900","-115","1","-9727.702263","-15918.7414","-3536.663124","1","-9688.84375","-15472.375","-4456.125","1","40","40","40","1","-115","-115","-115","1","0","0","0","0","40","40","40","1","-299","-299","-292","1","0","0","0","0","41.55751758","252","167.2212126","3","5","10","15"
"2026-05-13","05:23:00","23","ghost_high_40924_40950","high","29295.25","40950","29298.9166666667","-45.66666667","-51.66666667","-39.66666667","1","-17.16666667","-19.66666667","-14.66666667","1","-24.66666667","-93.66666667","44.33333333","1","-10049.87068","-16256.85933","-3842.88203","1","-671.4479167","-973.6666667","-305.6041667","1","-11.66666667","-11.66666667","-11.66666667","1","44.33333333","44.33333333","44.33333333","1","0","0","0","0","-48.66666667","-48.66666667","-48.66666667","1","-14.66666667","-14.66666667","-7.666666667","1","0","0","0","0","-1.666666667","-47.66666667","44.33333333","1","-175.6666667","-177.6666667","-173.6666667","1","-193.6666667","-382.6666667","-4.666666667","1","-10048.85195","-16255.14284","-3842.561054","1","-38.60416667","-1623.166667","724.3333333","1","-11.66666667","-11.66666667","-11.66666667","1","-4.666666667","-4.666666667","-4.666666667","1","0","0","0","0","-4.666666667","-4.666666667","-4.666666667","1","44.33333333","-19.66666667","44.33333333","1","0","0","0","0","-723.1666667","-885.6666667","-560.6666667","1","-226.6666667","-233.6666667","-219.6666667","1","-708.1666667","-973.6666667","-442.6666667","1","-10045.37679","-16241.20475","-3849.548833","1","-10016.51042","-15800.04167","-4783.791667","1","-11.66666667","-11.66666667","-11.66666667","1","-973.6666667","-973.6666667","-973.6666667","1","0","0","0","0","-287.6666667","-287.6666667","-287.6666667","1","-219.6666667","-219.6666667","-200.6666667","1","0","0","0","0","24.65490849","86","112.6402336","3","5","10","15"
"2026-05-13","06:12:00","12","ghost_low_40948_40999","low","29284.75","40999","29305.5833333333","-42.33333333","-51.33333333","-33.33333333","1","-27.33333333","-33.33333333","-21.33333333","1","-23.33333333","-59.33333333","12.66666667","1","-10074.6871","-16282.60091","-3866.773284","1","-316.3645833","-650.3958333","17.66666667","1","36.66666667","36.66666667","36.66666667","1","12.66666667","12.66666667","12.66666667","1","0","0","0","0","-71.33333333","-71.33333333","-71.33333333","1","-11.33333333","-11.33333333","4.666666667","1","0","0","0","0","-29.83333333","-53.33333333","-6.333333333","1","-202.3333333","-204.3333333","-200.3333333","1","-6.833333333","-31.33333333","17.66666667","1","-10073.51526","-16280.80687","-3866.223652","1","-65.27083333","-1649.833333","697.6666667","1","36.66666667","36.66666667","36.66666667","1","17.66666667","17.66666667","17.66666667","1","17.66666667","17.66666667","17.66666667","1","-31.33333333","-31.33333333","-31.33333333","1","-59.33333333","-59.33333333","-37.33333333","1","17.66666667","17.66666667","17.66666667","1","-749.8333333","-912.3333333","-587.3333333","1","-141.8333333","-163.3333333","-120.3333333","1","-734.8333333","-1000.333333","-469.3333333","1","-10068.92174","-16266.31004","-3871.533453","1","-10043.17708","-15275.89583","-4810.458333","1","36.66666667","36.66666667","36.66666667","1","-1000.333333","-1000.333333","-1000.333333","1","0","0","0","0","-314.3333333","-314.3333333","-314.3333333","1","-120.3333333","-120.3333333","-74.33333333","1","0","0","0","0","20.18710677","46","55.92801602","3","5","10","15"
"2026-05-13","06:12:00","12","ghost_high_40940_40999","high","29310","40999","29305.5833333333","-42.33333333","-51.33333333","-33.33333333","1","-27.33333333","-33.33333333","-21.33333333","1","-23.33333333","-59.33333333","12.66666667","1","-10074.6871","-16282.60091","-3866.773284","1","-316.3645833","-650.3958333","17.66666667","1","36.66666667","36.66666667","36.66666667","1","12.66666667","12.66666667","12.66666667","1","0","0","0","0","-71.33333333","-71.33333333","-71.33333333","1","-11.33333333","-11.33333333","4.666666667","1","0","0","0","0","-29.83333333","-53.33333333","-6.333333333","1","-202.3333333","-204.3333333","-200.3333333","1","-6.833333333","-31.33333333","17.66666667","1","-10073.51526","-16280.80687","-3866.223652","1","-65.27083333","-1649.833333","697.6666667","1","36.66666667","36.66666667","36.66666667","1","17.66666667","17.66666667","17.66666667","1","17.66666667","17.66666667","17.66666667","1","-31.33333333","-31.33333333","-31.33333333","1","-59.33333333","-59.33333333","-37.33333333","1","17.66666667","17.66666667","17.66666667","1","-749.8333333","-912.3333333","-587.3333333","1","-141.8333333","-163.3333333","-120.3333333","1","-734.8333333","-1000.333333","-469.3333333","1","-10068.92174","-16266.31004","-3871.533453","1","-10043.17708","-15275.89583","-4810.458333","1","36.66666667","36.66666667","36.66666667","1","-1000.333333","-1000.333333","-1000.333333","1","0","0","0","0","-314.3333333","-314.3333333","-314.3333333","1","-120.3333333","-120.3333333","-74.33333333","1","0","0","0","0","20.18710677","46","55.92801602","3","5","10","15"
"2026-05-13","07:24:00","24","ghost_low_41041_41071","low","29290.5","41071","29315.5","-49.5","-81","-18","1","-55","-66","-44","1","-10.5","-34","13","1","-10108.50148","-16319.38983","-3897.613131","1","-354.34375","-743.5","-2.25","1","-3","-3","-3","1","-34","-34","-34","1","0","0","0","0","-56","-56","-56","1","-8","-8","-5","1","0","0","0","0","49","-17","115","1","-22","-27","-17","1","62","-22","146","1","-10107.43444","-16317.64887","-3897.22","1","-104.9375","-1572.125","658","1","-3","-3","-3","1","146","146","146","1","0","0","0","0","-71","-71","-71","1","-104","-104","-57","1","146","146","146","1","-789.5","-952","-627","1","-181.5","-203","-160","1","-774.5","-1040","-509","1","-10103.94188","-16303.69655","-3904.187201","1","-9880.53125","-15014.6875","-4746.375","1","-3","-3","-3","1","-1040","-1040","-1040","1","0","0","0","0","-354","-354","-354","1","-100","-100","-77","1","0","0","0","0","29.81768255","71","77.83918987","3","5","10","15"
"2026-05-13","09:42:00","42","ghost_high_41130_41209","high","29447","41209","29407.1666666667","99.83333333","67.33333333","132.3333333","1","15.83333333","11.33333333","20.33333333","1","-143.1666667","-161.6666667","-124.6666667","1","-10461.61186","-16679.82735","-4243.396365","1","-373.4791667","-768.7916667","-12.54166667","1","84.33333333","84.33333333","84.33333333","1","-124.6666667","-124.6666667","-124.6666667","1","-124.6666667","-124.6666667","-124.6666667","1","99.33333333","99.33333333","99.33333333","1","11.33333333","9.333333333","11.33333333","1","-124.6666667","-124.6666667","-124.6666667","1","-317.6666667","-383.6666667","-251.6666667","1","-36.16666667","-50.66666667","-21.66666667","1","-345.6666667","-470.6666667","-220.6666667","1","-10460.58476","-16678.09582","-4243.073711","1","-471.6041667","-1469.291667","291.3333333","1","84.33333333","84.33333333","84.33333333","1","-470.6666667","-470.6666667","-470.6666667","1","0","0","0","0","-437.6666667","-437.6666667","-437.6666667","1","-124.6666667","-124.6666667","-79.66666667","1","0","0","0","0","-1156.166667","-1318.666667","-993.6666667","1","-185.6666667","-220.6666667","-150.6666667","1","-1141.166667","-1406.666667","-875.6666667","1","-10459.14573","-16665.06003","-4253.231426","1","-10464.76042","-15973.97917","-4955.541667","1","84.33333333","84.33333333","84.33333333","1","-1406.666667","-1406.666667","-1406.666667","1","0","0","0","0","-720.6666667","-720.6666667","-720.6666667","1","-150.6666667","-150.6666667","-143.6666667","1","0","0","0","0","31.60542592","76","130.5193761","3","5","10","15"
"2026-05-13","18:21:00","21","ghost_high_41675_41728","high","29493.25","41728","29553.75","-65","-90","-40","1","-93.5","-121","-66","1","-233","-449","-17","1","-10813.71817","-17143.81753","-4483.618799","1","-1271.21875","-1853.6875","-688.75","1","-295","-295","-295","1","-17","-17","-17","1","0","0","0","0","-247","-247","-247","1","-49","-49","-36","1","0","0","0","0","-353.5","-445","-262","1","-335.5","-361","-310","1","-523.5","-817","-230","1","-10814.17056","-17142.41936","-4485.921758","1","-1581.53125","-2540.4375","-622.625","1","-295","-295","-295","1","-230","-230","-230","1","0","0","0","0","-817","-817","-817","1","-269","-269","-266","1","-230","-230","-230","1","-1742.5","-1905","-1580","1","-556.5","-668","-445","1","-1171","-1915","-427","1","-10821.58378","-17133.84587","-4509.321692","1","-11288.04688","-15957","-5636.15625","1","-295","-295","-295","1","-1915","-1915","-1915","1","0","0","0","0","-1307","-1307","-1307","1","-230","-423","-230","1","0","0","0","0","47.57278973","2010","1325.851476","3","5","10","15"
"2026-05-13","20:09:00","09","ghost_high_41786_41836","high","29540","41836","29499.1666666667","149.3333333","137.3333333","161.3333333","1","-63.66666667","-92.66666667","-34.66666667","1","-123.1666667","-201.6666667","-44.66666667","1","-10539.68579","-16899.57176","-4179.799828","1","-71.88541667","-1022.229167","265.3333333","1","-208.6666667","-208.6666667","-208.6666667","1","-201.6666667","-201.6666667","-201.6666667","1","0","0","0","0","146.3333333","146.3333333","146.3333333","1","-34.66666667","-34.66666667","-28.66666667","1","0","0","0","0","128.8333333","96.33333333","161.3333333","1","157.3333333","145.3333333","169.3333333","1","67.83333333","-129.6666667","265.3333333","1","-10544.02589","-16900.17877","-4187.873007","1","-712.5729167","-1484.604167","-43.47916667","1","-208.6666667","-208.6666667","-208.6666667","1","-129.6666667","-129.6666667","-129.6666667","1","0","0","0","0","-129.6666667","-129.6666667","-129.6666667","1","126.3333333","126.3333333","126.3333333","1","0","0","0","0","-1524.166667","-1686.666667","-1361.666667","1","-338.1666667","-449.6666667","-226.6666667","1","-952.6666667","-1696.666667","-208.6666667","1","-10539.38062","-16885.62876","-4193.132485","1","-10987.47917","-15738.66667","-5236.041667","1","-208.6666667","-208.6666667","-208.6666667","1","-1696.666667","-1696.666667","-1696.666667","1","0","0","0","0","-1088.666667","-1088.666667","-1088.666667","1","-198.6666667","-198.6666667","-106.6666667","1","0","0","0","0","61.22882917","961","1019.862996","3","5","10","15"
"2026-05-13","20:09:00","09","ghost_low_41767_41836","low","29466.75","41836","29499.1666666667","149.3333333","137.3333333","161.3333333","1","-63.66666667","-92.66666667","-34.66666667","1","-123.1666667","-201.6666667","-44.66666667","1","-10539.68579","-16899.57176","-4179.799828","1","-71.88541667","-1022.229167","265.3333333","1","-208.6666667","-208.6666667","-208.6666667","1","-201.6666667","-201.6666667","-201.6666667","1","0","0","0","0","146.3333333","146.3333333","146.3333333","1","-34.66666667","-34.66666667","-28.66666667","1","0","0","0","0","128.8333333","96.33333333","161.3333333","1","157.3333333","145.3333333","169.3333333","1","67.83333333","-129.6666667","265.3333333","1","-10544.02589","-16900.17877","-4187.873007","1","-712.5729167","-1484.604167","-43.47916667","1","-208.6666667","-208.6666667","-208.6666667","1","-129.6666667","-129.6666667","-129.6666667","1","0","0","0","0","-129.6666667","-129.6666667","-129.6666667","1","126.3333333","126.3333333","126.3333333","1","0","0","0","0","-1524.166667","-1686.666667","-1361.666667","1","-338.1666667","-449.6666667","-226.6666667","1","-952.6666667","-1696.666667","-208.6666667","1","-10539.38062","-16885.62876","-4193.132485","1","-10987.47917","-15738.66667","-5236.041667","1","-208.6666667","-208.6666667","-208.6666667","1","-1696.666667","-1696.666667","-1696.666667","1","0","0","0","0","-1088.666667","-1088.666667","-1088.666667","1","-198.6666667","-198.6666667","-106.6666667","1","0","0","0","0","61.22882917","961","1019.862996","3","5","10","15"
"2026-05-13","23:35:00","35","ghost_low_41912_41982","low","29546.75","41982","29607.9166666667","63.83333333","44.33333333","83.33333333","1","35.83333333","27.33333333","44.33333333","1","57.33333333","31.33333333","83.33333333","1","-10959.51541","-17327.82246","-4591.208352","1","-492.6041667","-1147.541667","99.95833333","1","-169.6666667","-169.6666667","-169.6666667","1","83.33333333","83.33333333","83.33333333","1","0","0","0","0","-268.6666667","-268.6666667","-268.6666667","1","-27.66666667","-27.66666667","-0.6666666667","1","0","0","0","0","-515.1666667","-636.6666667","-393.6666667","1","36.83333333","5.333333333","68.33333333","1","-600.6666667","-636.6666667","-564.6666667","1","-10959.09809","-17326.12862","-4592.067562","1","-1140.760417","-1990.604167","-404.2291667","1","-169.6666667","-169.6666667","-169.6666667","1","-636.6666667","-636.6666667","-636.6666667","1","0","0","0","0","-564.6666667","-564.6666667","-564.6666667","1","114.3333333","106.3333333","114.3333333","1","-636.6666667","-636.6666667","-636.6666667","1","-1959.166667","-2121.666667","-1796.666667","1","-773.1666667","-884.6666667","-661.6666667","1","-1387.666667","-2131.666667","-643.6666667","1","-10958.27532","-17313.24811","-4603.302531","1","-11370.52604","-16173.66667","-5556.197917","1","-169.6666667","-169.6666667","-169.6666667","1","-2131.666667","-2131.666667","-2131.666667","1","0","0","0","0","-1523.666667","-1523.666667","-1523.666667","1","-319.6666667","-319.6666667","-283.6666667","1","0","0","0","0","31.89037299","128","151.1986864","3","5","10","15"
"2026-05-14","00:24:00","24","ghost_high_42008_42031","high","29634","42031","29634.1666666667","-36.66666667","-72.66666667","-0.6666666667","1","30.83333333","24.33333333","37.33333333","1","-2.666666667","-98.66666667","93.33333333","1","-11059.08518","-17430.51287","-4687.657489","1","-635.1666667","-987.6666667","-282.6666667","1","57.33333333","57.33333333","57.33333333","1","93.33333333","93.33333333","93.33333333","1","0","0","0","0","-7.666666667","-7.666666667","-7.666666667","1","16.33333333","6.333333333","16.33333333","1","0","0","0","0","-87.66666667","-174.6666667","-0.6666666667","1","-68.16666667","-99.66666667","-36.66666667","1","-342.1666667","-741.6666667","57.33333333","1","-11058.84801","-17428.89132","-4688.804707","1","-1222.697917","-2080.979167","-478.8541667","1","57.33333333","57.33333333","57.33333333","1","57.33333333","57.33333333","57.33333333","1","0","0","0","0","57.33333333","57.33333333","57.33333333","1","-98.66666667","-98.66666667","-71.66666667","1","0","0","0","0","-2064.166667","-2226.666667","-1901.666667","1","-262.1666667","-348.6666667","-175.6666667","1","-1492.666667","-2236.666667","-748.6666667","1","-11057.03494","-17415.61491","-4698.454968","1","-11428.91667","-16278.66667","-5558.166667","1","57.33333333","57.33333333","57.33333333","1","-2236.666667","-2236.666667","-2236.666667","1","0","0","0","0","-1628.666667","-1628.666667","-1628.666667","1","-175.6666667","-175.6666667","-175.6666667","1","0","0","0","0","43.25469838","211","238.9910722","3","5","10","15"
"2026-05-14","06:04:00","04","ghost_high_42342_42371","high","29575.5","42371","29614.75","-250.5","-274","-227","1","-25.5","-41","-10","1","-63","-95","-31","1","-10952.13846","-17340.15987","-4564.117041","1","10.9375","-201.625","223.5","1","135","135","135","1","-95","-95","-95","1","0","0","0","0","-191","-191","-191","1","-24","-24","-24","1","0","0","0","0","-120.5","-171","-70","1","-139.5","-157","-122","1","-191","-318","-64","1","-10951.62734","-17338.42509","-4564.829592","1","-1172.9375","-1945.625","-519.125","1","135","135","135","1","-318","-318","-318","1","0","0","0","0","135","135","135","1","-122","-122","-122","1","0","0","0","0","-1986.5","-2149","-1824","1","-184.5","-271","-98","1","-923","-2159","313","1","-10947.01112","-17323.94759","-4570.074651","1","-11558.17188","-15852","-5243.71875","1","135","135","135","1","313","313","313","1","0","0","0","0","-1551","-1551","-1551","1","-318","-318","-187","1","0","0","0","0","44.23113446","70","130.4410012","3","5","10","15"
"2026-05-14","12:22:00","22","ghost_high_42717_42749","high","29565","42749","29562.9166666667","-60.66666667","-104.6666667","-16.66666667","1","-25.16666667","-39.66666667","-10.66666667","1","-4.666666667","-43.66666667","34.33333333","1","-10712.17454","-17117.92959","-4306.41949","1","-19.18229167","-169.4166667","131.0520833","1","10.33333333","10.33333333","10.33333333","1","34.33333333","34.33333333","34.33333333","1","0","0","0","0","-44.66666667","-44.66666667","-44.66666667","1","12.33333333","3.333333333","12.33333333","1","0","0","0","0","-14.66666667","-82.66666667","53.33333333","1","-38.66666667","-44.66666667","-32.66666667","1","-80.66666667","-218.6666667","57.33333333","1","-10711.49199","-17116.11945","-4306.864521","1","-965.6041667","-1738.291667","-192.9166667","1","10.33333333","10.33333333","10.33333333","1","-218.6666667","-218.6666667","-218.6666667","1","0","0","0","0","-193.6666667","-193.6666667","-193.6666667","1","34.33333333","-8.666666667","34.33333333","1","0","0","0","0","-1779.166667","-1941.666667","-1616.666667","1","151.3333333","143.3333333","159.3333333","1","57.83333333","-195.6666667","311.3333333","1","-10708.48053","-17102.38168","-4314.579375","1","-8763.494792","-13762.47917","-3764.510417","1","10.33333333","10.33333333","10.33333333","1","311.3333333","311.3333333","311.3333333","1","0","0","0","0","-1343.666667","-1343.666667","-1343.666667","1","57.33333333","-75.66666667","57.33333333","1","0","0","0","0","31.34852487","147","140.1902633","3","5","10","15"
"2026-05-14","17:06:00","06","ghost_high_42980_43033","high","29782","43033","29735.5833333333","-55.33333333","-99.33333333","-11.33333333","1","-12.33333333","-29.33333333","4.666666667","1","-79.83333333","-158.3333333","-1.333333333","1","-11203.15276","-17719.5582","-4686.747327","1","-711.2864583","-1149.333333","-64.64583333","1","152.6666667","152.6666667","152.6666667","1","-158.3333333","-158.3333333","-158.3333333","1","0","0","0","0","-123.3333333","-123.3333333","-123.3333333","1","35.66666667","33.66666667","35.66666667","1","0","0","0","0","50.66666667","-84.33333333","185.6666667","1","39.16666667","30.66666667","47.66666667","1","-25.33333333","-203.3333333","152.6666667","1","-11206.21257","-17719.22822","-4693.196919","1","-1309.333333","-2414.333333","-334.3333333","1","152.6666667","152.6666667","152.6666667","1","152.6666667","152.6666667","152.6666667","1","0","0","0","0","152.6666667","152.6666667","152.6666667","1","-1.333333333","-15.33333333","-1.333333333","1","152.6666667","152.6666667","152.6666667","1","-839.3333333","-1036.333333","-642.3333333","1","-539.3333333","-547.3333333","-531.3333333","1","-764.3333333","-1149.333333","-379.3333333","1","-11201.96393","-17704.86977","-4699.058091","1","-11599.59896","-15207.33333","-4624.645833","1","152.6666667","152.6666667","152.6666667","1","-1149.333333","-1149.333333","-1149.333333","1","0","0","0","0","-379.3333333","-379.3333333","-379.3333333","1","185.6666667","81.66666667","185.6666667","1","0","0","0","0","57.30577788","907","902.7505384","3","5","10","15"
"2026-05-14","19:02:00","02","ghost_high_43104_43149","high","29708","43149","29724.75","3","-23","29","1","-39","-55","-23","1","-151","-274","-28","1","-11086.66883","-17642.39043","-4530.947241","1","-125.609375","-480.21875","187.28125","1","-127","-127","-127","1","-28","-28","-28","1","0","0","0","0","-200","-200","-200","1","29","0","29","1","0","0","0","0","94","-41","229","1","-40","-67","-13","1","-203.5","-518","111","1","-11087.23075","-17641.00767","-4533.453829","1","-1266","-2371","-291","1","-127","-127","-127","1","111","111","111","1","0","0","0","0","196","196","196","1","-162","-162","-159","1","0","0","0","0","-796","-993","-599","1","-496","-504","-488","1","-721","-1106","-336","1","-11082.60645","-17627.02616","-4538.186733","1","-11556.26562","-15164","-4581.3125","1","-127","-127","-127","1","-1106","-1106","-1106","1","0","0","0","0","-336","-336","-336","1","24","24","24","1","0","0","0","0","48.02226181","1103","836.2078507","3","5","10","15"
"2026-05-14","22:39:00","39","ghost_high_43271_43306","high","29718","43306","29705.25","-40.5","-50","-31","1","1.5","0","3","1","5","-14","24","1","-10961.77463","-17542.67727","-4380.871984","1","-43.09375","-310.8125","224.625","1","-49","-49","-49","1","-14","-14","-14","1","0","0","0","0","-70","-70","-70","1","10","8","10","1","0","0","0","0","172","37","307","1","-129.5","-135","-124","1","-78","-286","130","1","-10961.42384","-17540.86755","-4381.980136","1","-1188","-2293","-83","1","-49","-49","-49","1","-286","-286","-286","1","0","0","0","0","274","274","274","1","-107","-107","-89","1","0","0","0","0","-718","-915","-521","1","-418","-426","-410","1","-360.5","-1028","307","1","-10959.32829","-17527.99282","-4390.663769","1","-11478.26562","-15086","-4022.28125","1","-49","-49","-49","1","307","307","307","1","0","0","0","0","-258","-258","-258","1","-286","-286","-74","1","0","0","0","0","23.48864188","40","57.87119758","3","5","10","15"
"2026-05-14","23:59:00","59","ghost_low_43326_43386","low","29705.5","43386","29682.1666666667","189.3333333","179.3333333","199.3333333","1","17.33333333","5.333333333","29.33333333","1","148.8333333","90.33333333","207.3333333","1","-10865.81426","-17448.65563","-4282.972885","1","130.8802083","-44.19791667","282.6145833","1","43.33333333","43.33333333","43.33333333","1","90.33333333","90.33333333","90.33333333","1","0","0","0","0","140.3333333","140.3333333","140.3333333","1","-8.666666667","-8.666666667","-2.666666667","1","90.33333333","90.33333333","90.33333333","1","111.3333333","42.33333333","180.3333333","1","157.3333333","151.3333333","163.3333333","1","-25.16666667","-193.6666667","143.3333333","1","-10865.72297","-17446.97033","-4284.475611","1","-1095.666667","-2200.666667","9.333333333","1","43.33333333","43.33333333","43.33333333","1","143.3333333","143.3333333","143.3333333","1","0","0","0","0","143.3333333","143.3333333","143.3333333","1","180.3333333","177.3333333","180.3333333","1","0","0","0","0","-625.6666667","-822.6666667","-428.6666667","1","-325.6666667","-333.6666667","-317.6666667","1","-268.1666667","-935.6666667","399.3333333","1","-10863.54932","-17434.04651","-4293.052123","1","-11385.93229","-14993.66667","-3929.947917","1","43.33333333","43.33333333","43.33333333","1","399.3333333","399.3333333","399.3333333","1","0","0","0","0","-165.6666667","-165.6666667","-165.6666667","1","-48.66666667","-48.66666667","31.33333333","1","0","0","0","0","28.33877704","65","131.471595","3","5","10","15"
"2026-05-15","01:04:00","04","ghost_high_43416_43451","high","29727","43451","29681.5","-5","-20","10","1","-7","-16","2","1","7","-26","40","1","-10856.868","-17442.99576","-4270.740236","1","133.546875","-41.53125","285.28125","1","46","46","46","1","40","40","40","1","0","0","0","0","26","26","26","1","28","17","28","1","0","0","0","0","156","130","182","1","74.5","19","130","1","39.5","-103","182","1","-10856.42604","-17441.15005","-4271.702029","1","-1093","-2198","12","1","46","46","46","1","182","182","182","1","0","0","0","0","-103","-103","-103","1","-106","-106","-19","1","0","0","0","0","-623","-820","-426","1","-323","-331","-315","1","-265.5","-933","402","1","-10851.96589","-17427.15184","-4276.779932","1","-11383.26562","-14991","-3927.28125","1","46","46","46","1","402","402","402","1","0","0","0","0","-163","-163","-163","1","182","22","182","1","0","0","0","0","38.82031613","135","113.7724267","3","5","10","15"
"2026-05-15","06:46:00","46","ghost_high_43764_43793","high","29355.25","43793","29408.6666666667","-521.1666667","-578.6666667","-463.6666667","1","-34.16666667","-39.66666667","-28.66666667","1","-557.1666667","-579.6666667","-534.6666667","1","-9722.449183","-16326.87414","-3118.024229","1","481.2083333","-278.1666667","1179.833333","1","158.3333333","158.3333333","158.3333333","1","-579.6666667","-579.6666667","-579.6666667","1","-579.6666667","-579.6666667","-579.6666667","1","-534.6666667","-534.6666667","-534.6666667","1","-28.66666667","-28.66666667","-28.66666667","1","-579.6666667","-579.6666667","-579.6666667","1","-439.1666667","-642.6666667","-235.6666667","1","-171.1666667","-193.6666667","-148.6666667","1","-76.16666667","-642.6666667","490.3333333","1","-9722.730483","-16325.48228","-3119.978691","1","-1.666666667","-1236.666667","1103.333333","1","158.3333333","158.3333333","158.3333333","1","-642.6666667","-642.6666667","-642.6666667","1","0","0","0","0","490.3333333","490.3333333","490.3333333","1","-441.6666667","-441.6666667","-404.6666667","1","-642.6666667","-642.6666667","-642.6666667","1","468.3333333","271.3333333","665.3333333","1","355.8333333","221.3333333","490.3333333","1","825.8333333","158.3333333","1493.333333","1","-9727.314757","-16317.16774","-3137.461779","1","-10687.69792","-13792.66667","-2805.854167","1","158.3333333","158.3333333","158.3333333","1","1493.333333","1493.333333","1493.333333","1","0","0","0","0","928.3333333","928.3333333","928.3333333","1","221.3333333","213.3333333","221.3333333","1","0","0","0","0","66.59068571","341","286.3133542","3","5","10","15"
"2026-05-15","09:43:00","43","ghost_high_43913_43970","high","29301","43970","29218.9166666667","140.8333333","115.3333333","166.3333333","1","44.33333333","24.33333333","64.33333333","1","96.83333333","18.33333333","175.3333333","1","-8936.429272","-15550.41566","-2322.442888","1","1244.864583","319.8333333","1665.333333","1","116.3333333","116.3333333","116.3333333","1","175.3333333","175.3333333","175.3333333","1","0","0","0","0","134.3333333","134.3333333","134.3333333","1","19.33333333","1.333333333","19.33333333","1","0","0","0","0","319.8333333","116.3333333","523.3333333","1","237.3333333","224.3333333","250.3333333","1","436.3333333","-128.6666667","1001.333333","1","-8935.939299","-15548.58497","-2323.29363","1","-282.6666667","-1907.666667","1342.333333","1","116.3333333","116.3333333","116.3333333","1","-128.6666667","-128.6666667","-128.6666667","1","0","0","0","0","1249.333333","1249.333333","1249.333333","1","175.3333333","133.3333333","175.3333333","1","0","0","0","0","1227.333333","1030.333333","1424.333333","1","844.8333333","782.3333333","907.3333333","1","1584.833333","917.3333333","2252.333333","1","-8937.135256","-15538.45886","-2335.811655","1","-9936.838542","-12466.66667","-1887.385417","1","116.3333333","116.3333333","116.3333333","1","2252.333333","2252.333333","2252.333333","1","0","0","0","0","1687.333333","1687.333333","1687.333333","1","776.3333333","749.3333333","776.3333333","1","0","0","0","0","69.83049677","142","230.1527613","3","5","10","15"
"2026-05-15","17:15:00","15","ghost_high_44394_44422","high","29351","44422","29357","-25","-61","11","1","-73.5","-80","-67","1","-39.5","-72","-7","1","-9272.481762","-15953.29163","-2591.671891","1","-208.3125","-556.25","103","1","103","103","103","1","-7","-7","-7","1","0","0","0","0","-7","-7","-7","1","-46","-46","-36","1","-7","-7","-7","1","-432.5","-580","-285","1","-198.5","-234","-163","1","-240","-580","100","1","-9273.50327","-15952.27934","-2594.727204","1","-575","-1940","790","1","103","103","103","1","-580","-580","-580","1","0","0","0","0","-466","-466","-466","1","-180","-180","-135","1","0","0","0","0","675","478","872","1","-96.5","-271","78","1","315.5","-1069","1700","1","-9273.71831","-15940.45998","-2606.976639","1","-272.40625","-9257.8125","1700","1","103","103","103","1","-1069","-1069","-1069","1","0","0","0","0","1135","1135","1135","1","-422","-422","-300","1","0","0","0","0","64.02901326","526","594.9602321","3","5","10","15"
"2026-05-15","18:29:00","29","ghost_low_44450_44496","low","29404.75","44496","29383.5","373.5","340","407","1","38.5","36","41","1","125.5","17","234","1","-9346.62832","-16038.98432","-2654.272318","1","-157.6875","-629.125","264.125","1","-3","-3","-3","1","234","234","234","1","0","0","0","0","186","186","186","1","36","17","36","1","0","0","0","0","-538.5","-686","-391","1","246.5","240","253","1","-346","-686","-6","1","-9350.991138","-16040.06851","-2661.91377","1","-681","-2046","684","1","-3","-3","-3","1","-686","-686","-686","1","0","0","0","0","-572","-572","-572","1","408","341","408","1","0","0","0","0","569","372","766","1","-202.5","-377","-28","1","209.5","-1175","1594","1","-9358.163325","-16032.571","-2683.755652","1","-378.40625","-9363.8125","1594","1","-3","-3","-3","1","-1175","-1175","-1175","1","0","0","0","0","1029","1029","1029","1","-286","-286","-241","1","0","0","0","0","72.41928476","881","998.698617","3","5","10","15"
"2026-05-15","20:01:00","01","ghost_low_44556_44588","low","29283.75","44588","29195.0833333333","147.6666667","98.66666667","196.6666667","1","191.6666667","170.6666667","212.6666667","1","250.1666667","52.66666667","447.6666667","1","-8545.078931","-15251.76255","-1838.395309","1","447.1041667","74.91666667","769.6666667","1","52.66666667","52.66666667","52.66666667","1","52.66666667","52.66666667","52.66666667","1","0","0","0","0","515.6666667","515.6666667","515.6666667","1","154.6666667","141.6666667","154.6666667","1","0","0","0","0","460.1666667","369.6666667","550.6666667","1","511.1666667","506.6666667","515.6666667","1","825.1666667","483.6666667","1166.666667","1","-8546.275151","-15251.03114","-1841.519157","1","462.6666667","-772.3333333","1567.666667","1","52.66666667","52.66666667","52.66666667","1","483.6666667","483.6666667","483.6666667","1","0","0","0","0","483.6666667","483.6666667","483.6666667","1","420.6666667","418.6666667","420.6666667","1","0","0","0","0","1322.666667","1125.666667","1519.666667","1","551.1666667","376.6666667","725.6666667","1","963.1666667","-421.3333333","2347.666667","1","-8543.300207","-15237.05215","-1849.548259","1","375.2604167","-8171.833333","2347.666667","1","52.66666667","52.66666667","52.66666667","1","-421.3333333","-421.3333333","-421.3333333","1","0","0","0","0","1782.666667","1782.666667","1782.666667","1","812.6666667","777.6666667","812.6666667","1","0","0","0","0","95.83425752","3572","3601.858965","3","5","10","15"
"2026-05-17","22:21:00","21","ghost_high_44648_44668","high","29222","44668","29247.75","76.5","26","127","1","-17.5","-33","-2","1","20.5","-103","144","1","-8739.505354","-15449.99349","-2029.017218","1","286.0625","-135.75","658.25","1","1","1","1","1","144","144","144","1","0","0","0","0","-290","-290","-290","1","26","11","26","1","144","144","144","1","-203.5","-551","144","1","-136.5","-196","-77","1","-88.5","-547","370","1","-8739.05734","-15448.01733","-2030.097353","1","252","-983","1357","1","1","1","1","1","-547","-547","-547","1","0","0","0","0","-547","-547","-547","1","126","90","126","1","0","0","0","0","1112","915","1309","1","108.5","-56","273","1","752.5","-632","2137","1","-8739.622752","-15436.73662","-2042.50888","1","164.59375","-8382.5","2137","1","1","1","1","1","-632","-632","-632","1","0","0","0","0","1572","1572","1572","1","-56","-69","-56","1","0","0","0","0","68.5012306","153","264.8075078","3","5","10","15"
"2026-05-18","00:31:00","31","ghost_high_44760_44798","high","29158.5","44798","29005.8333333333","22.66666667","-23.33333333","68.66666667","1","50.16666667","41.66666667","58.66666667","1","59.16666667","-8.333333333","126.6666667","1","-7750.021317","-14464.8657","-1035.176932","1","1340.088542","893.8229167","1717.697917","1","23.66666667","23.66666667","23.66666667","1","126.6666667","126.6666667","126.6666667","1","0","0","0","0","-8.333333333","-8.333333333","-8.333333333","1","26.66666667","22.66666667","26.66666667","1","0","0","0","0","764.1666667","416.6666667","1111.666667","1","226.6666667","124.6666667","328.6666667","1","766.1666667","420.6666667","1111.666667","1","-7749.615167","-14462.93757","-1036.292769","1","1219.666667","-15.33333333","2324.666667","1","23.66666667","23.66666667","23.66666667","1","1111.666667","1111.666667","1111.666667","1","0","0","0","0","420.6666667","420.6666667","420.6666667","1","-40.33333333","-40.33333333","-39.33333333","1","0","0","0","0","2079.666667","1882.666667","2276.666667","1","1076.166667","911.6666667","1240.666667","1","1129.666667","335.6666667","1923.666667","1","-7754.394605","-14455.49871","-1053.2905","1","1132.260417","-7414.833333","3104.666667","1","23.66666667","23.66666667","23.66666667","1","1923.666667","1923.666667","1923.666667","1","0","0","0","0","2539.666667","2539.666667","2539.666667","1","970.6666667","908.6666667","970.6666667","1","0","0","0","0","104.3124238","268","322.9642431","3","5","10","15"
"2026-05-18","01:06:00","06","ghost_high_44789_44833","high","29043","44833","28989.8333333333","-16.83333333","-57.33333333","23.66666667","1","23.16666667","22.66666667","23.66666667","1","93.66666667","-57.33333333","244.6666667","1","-7681.098483","-14396.62252","-965.5744505","1","1335.432292","820.5104167","1850.354167","1","87.66666667","87.66666667","87.66666667","1","244.6666667","244.6666667","244.6666667","1","0","0","0","0","-130.3333333","-130.3333333","-130.3333333","1","-36.33333333","-36.33333333","3.666666667","1","0","0","0","0","828.1666667","480.6666667","1175.666667","1","290.6666667","188.6666667","392.6666667","1","483.1666667","-209.3333333","1175.666667","1","-7681.392713","-14395.296","-967.4894276","1","1283.666667","48.66666667","2388.666667","1","87.66666667","87.66666667","87.66666667","1","-209.3333333","-209.3333333","-209.3333333","1","0","0","0","0","484.6666667","484.6666667","484.6666667","1","-57.33333333","-57.33333333","9.666666667","1","0","0","0","0","2143.666667","1946.666667","2340.666667","1","1140.166667","975.6666667","1304.666667","1","1193.666667","399.6666667","1987.666667","1","-7678.325035","-14381.3919","-975.2581702","1","1196.260417","-7350.833333","3168.666667","1","87.66666667","87.66666667","87.66666667","1","1987.666667","1987.666667","1987.666667","1","0","0","0","0","2603.666667","2603.666667","2603.666667","1","620.6666667","507.6666667","620.6666667","1","0","0","0","0","83.42996196","212","286.4425494","3","5","10","15"
"2026-05-18","04:37:00","37","ghost_low_45000_45044","low","29041","45044","29040.5","-24.5","-53","4","1","-33.5","-37","-30","1","36.5","-82","155","1","-7866.695199","-14584.79409","-1148.596304","1","758.859375","8.03125","1199","1","-115","-115","-115","1","-82","-82","-82","1","0","0","0","0","-119","-119","-119","1","-35","-35","-25","1","-82","-82","-82","1","625.5","278","973","1","133.5","112","155","1","-161.5","-176","-147","1","-7866.577628","-14583.11439","-1150.040862","1","1081","-154","2186","1","-115","-115","-115","1","-147","-147","-147","1","-147","-147","-147","1","282","282","282","1","239","239","239","1","-147","-147","-147","1","1941","1744","2138","1","937.5","773","1102","1","991","197","1785","1","-7865.644691","-14571.02323","-1160.266152","1","993.59375","-7553.5","2966","1","-115","-115","-115","1","1785","1785","1785","1","0","0","0","0","2401","2401","2401","1","-147","-147","-115","1","0","0","0","0","50.93962187","192","137.1521408","3","5","10","15"
"2026-05-18","05:31:00","31","ghost_low_45064_45098","low","29032","45098","29068.3333333333","-162.8333333","-188.3333333","-137.3333333","1","-81.83333333","-88.33333333","-75.33333333","1","-184.8333333","-188.3333333","-181.3333333","1","-7975.085375","-14693.67407","-1256.49668","1","-189.2239583","-569.3333333","325.0416667","1","85.66666667","85.66666667","85.66666667","1","-188.3333333","-188.3333333","-188.3333333","1","-188.3333333","-188.3333333","-188.3333333","1","-181.3333333","-181.3333333","-181.3333333","1","-14.33333333","-14.33333333","-14.33333333","1","-188.3333333","-188.3333333","-188.3333333","1","514.1666667","166.6666667","861.6666667","1","-21.83333333","-87.33333333","43.66666667","1","-0.3333333333","-193.3333333","192.6666667","1","-7974.6475","-14691.72352","-1257.571479","1","969.6666667","-265.3333333","2204.666667","1","85.66666667","85.66666667","85.66666667","1","-193.3333333","-193.3333333","-193.3333333","1","0","0","0","0","170.6666667","170.6666667","170.6666667","1","-188.3333333","-188.3333333","-163.3333333","1","0","0","0","0","1829.666667","1632.666667","2026.666667","1","826.1666667","661.6666667","990.6666667","1","552.1666667","-569.3333333","1673.666667","1","-7973.172542","-14679.2028","-1267.142281","1","882.2604167","-7664.833333","2854.666667","1","85.66666667","85.66666667","85.66666667","1","-569.3333333","-569.3333333","-569.3333333","1","0","0","0","0","2289.666667","2289.666667","2289.666667","1","192.6666667","-49.33333333","192.6666667","1","0","0","0","0","46.50857209","195","118.2369698","3","5","10","15"
"2026-05-18","09:04:00","04","ghost_low_45231_45311","low","29069","45311","29225.5","-69.5","-90","-49","1","33.5","18","49","1","40.5","-14","95","1","-8581.992042","-15304.86001","-1859.124072","1","-733.328125","-1076.78125","-430.28125","1","33","33","33","1","95","95","95","1","0","0","0","0","-123","-123","-123","1","18","6","18","1","0","0","0","0","-840.5","-940","-741","1","-149.5","-176","-123","1","-801","-940","-662","1","-8581.884566","-15303.15139","-1860.617738","1","360.984375","-712.8125","1434.78125","1","33","33","33","1","-662","-662","-662","1","0","0","0","0","-817","-817","-817","1","-74","-74","-73","1","-662","-662","-662","1","1201","1004","1398","1","-432.5","-450","-415","1","-76.5","-1198","1045","1","-8578.691614","-15289.33618","-1868.047051","1","298.3125","-8483.375","2226","1","33","33","33","1","-1198","-1198","-1198","1","0","0","0","0","1661","1661","1661","1","-415","-415","-415","1","0","0","0","0","45.61169241","139","183.1367671","3","5","10","15"
"2026-05-18","09:04:00","04","ghost_high_45281_45311","high","29241.5","45311","29225.5","-69.5","-90","-49","1","33.5","18","49","1","40.5","-14","95","1","-8581.992042","-15304.86001","-1859.124072","1","-733.328125","-1076.78125","-430.28125","1","33","33","33","1","95","95","95","1","0","0","0","0","-123","-123","-123","1","18","6","18","1","0","0","0","0","-840.5","-940","-741","1","-149.5","-176","-123","1","-801","-940","-662","1","-8581.884566","-15303.15139","-1860.617738","1","360.984375","-712.8125","1434.78125","1","33","33","33","1","-662","-662","-662","1","0","0","0","0","-817","-817","-817","1","-74","-74","-73","1","-662","-662","-662","1","1201","1004","1398","1","-432.5","-450","-415","1","-76.5","-1198","1045","1","-8578.691614","-15289.33618","-1868.047051","1","298.3125","-8483.375","2226","1","33","33","33","1","-1198","-1198","-1198","1","0","0","0","0","1661","1661","1661","1","-415","-415","-415","1","0","0","0","0","45.61169241","139","183.1367671","3","5","10","15"
"2026-05-18","10:30:00","30","ghost_high_45356_45397","high","29213.25","45397","29132.75","59","47","71","1","19","9","29","1","70.5","70","71","1","-8204.954989","-14929.16852","-1480.741463","1","-358.765625","-569","77.875","1","49","49","49","1","71","71","71","1","71","71","71","1","70","70","70","1","-19","-19","-13","1","71","71","71","1","-469.5","-569","-370","1","109.5","74","145","1","87.5","-291","466","1","-8204.434504","-14927.14993","-1481.719082","1","724.5","-292","1741","1","49","49","49","1","466","466","466","1","0","0","0","0","-446","-446","-446","1","71","31","71","1","0","0","0","0","1572","1375","1769","1","-61.5","-79","-44","1","-698","-827","-569","1","-8203.357164","-14915.0272","-1491.687129","1","669.3125","-8112.375","2597","1","49","49","49","1","-569","-569","-569","1","0","0","0","0","2032","2032","2032","1","466","432","466","1","-569","-569","-569","1","43.56511328","88","130.2773594","3","5","10","15"
"2026-05-18","11:00:00","00","ghost_high_45380_45427","high","29151.25","45427","29120.1666666667","67.33333333","45.33333333","89.33333333","1","24.33333333","23.33333333","25.33333333","1","39.83333333","-17.66666667","97.33333333","1","-8152.564751","-14877.16732","-1427.962184","1","338.4427083","-259.9166667","516.3333333","1","-36.66666667","-36.66666667","-36.66666667","1","97.33333333","97.33333333","97.33333333","1","0","0","0","0","120.3333333","120.3333333","120.3333333","1","18.33333333","6.333333333","18.33333333","1","97.33333333","97.33333333","97.33333333","1","-419.1666667","-518.6666667","-319.6666667","1","159.8333333","124.3333333","195.3333333","1","137.8333333","-240.6666667","516.3333333","1","-8152.040202","-14875.14999","-1428.930415","1","774.8333333","-241.6666667","1791.333333","1","-36.66666667","-36.66666667","-36.66666667","1","516.3333333","516.3333333","516.3333333","1","0","0","0","0","-395.6666667","-395.6666667","-395.6666667","1","89.33333333","84.33333333","89.33333333","1","0","0","0","0","1622.333333","1425.333333","1819.333333","1","-11.16666667","-28.66666667","6.333333333","1","-647.6666667","-776.6666667","-518.6666667","1","-8148.837596","-14861.35052","-1436.32467","1","719.6458333","-8062.041667","2647.333333","1","-36.66666667","-36.66666667","-36.66666667","1","-518.6666667","-518.6666667","-518.6666667","1","0","0","0","0","2082.333333","2082.333333","2082.333333","1","302.3333333","279.3333333","302.3333333","1","-518.6666667","-518.6666667","-518.6666667","1","38.35994533","107","90.86872644","3","5","10","15"
"2026-05-18","12:32:00","32","ghost_low_45486_45519","low","29158","45519","29195.4166666667","-74.16666667","-140.6666667","-7.666666667","1","36.33333333","22.33333333","50.33333333","1","37.33333333","-23.66666667","98.33333333","1","-8438.74107","-15166.60894","-1710.873197","1","13.84895833","-429.5104167","315.3333333","1","51.33333333","51.33333333","51.33333333","1","98.33333333","98.33333333","98.33333333","1","0","0","0","0","-6.666666667","-6.666666667","-6.666666667","1","-33.66666667","-33.66666667","-14.66666667","1","0","0","0","0","-720.1666667","-819.6666667","-620.6666667","1","-150.1666667","-261.6666667","-38.66666667","1","-129.1666667","-573.6666667","315.3333333","1","-8438.428944","-15164.77311","-1712.084776","1","473.8333333","-542.6666667","1490.333333","1","51.33333333","51.33333333","51.33333333","1","315.3333333","315.3333333","315.3333333","1","0","0","0","0","-696.6666667","-696.6666667","-696.6666667","1","-23.66666667","-23.66666667","-21.66666667","1","0","0","0","0","1321.333333","1124.333333","1518.333333","1","-312.1666667","-329.6666667","-294.6666667","1","-948.6666667","-1077.666667","-819.6666667","1","-8438.863329","-15153.7678","-1723.95886","1","418.6458333","-8363.041667","2346.333333","1","51.33333333","51.33333333","51.33333333","1","-819.6666667","-819.6666667","-819.6666667","1","0","0","0","0","1781.333333","1781.333333","1781.333333","1","-573.6666667","-573.6666667","-300.6666667","1","-819.6666667","-819.6666667","-819.6666667","1","57.27385956","246","195.0891191","3","5","10","15"
"2026-05-18","13:20:00","20","ghost_low_45504_45567","low","29186.25","45567","29363.1666666667","77.33333333","48.33333333","106.3333333","1","31.33333333","14.33333333","48.33333333","1","31.83333333","-42.66666667","106.3333333","1","-9090.112259","-15823.93595","-2356.288569","1","-658.9947917","-1222.385417","-149.2604167","1","78.33333333","78.33333333","78.33333333","1","-42.66666667","-42.66666667","-42.66666667","1","0","0","0","0","-677.6666667","-677.6666667","-677.6666667","1","20.33333333","11.33333333","20.33333333","1","0","0","0","0","31.83333333","-42.66666667","106.3333333","1","-132.6666667","-300.6666667","35.33333333","1","-800.1666667","-1244.666667","-355.6666667","1","-9089.549944","-15821.93479","-2357.165097","1","-197.1666667","-1213.666667","819.3333333","1","78.33333333","78.33333333","78.33333333","1","-355.6666667","-355.6666667","-355.6666667","1","0","0","0","0","-355.6666667","-355.6666667","-355.6666667","1","106.3333333","53.33333333","106.3333333","1","0","0","0","0","650.3333333","453.3333333","847.3333333","1","-983.1666667","-1000.666667","-965.6666667","1","-1619.666667","-1748.666667","-1490.666667","1","-9092.955708","-15812.84044","-2373.07098","1","-207.7760417","-8786.385417","1675.333333","1","78.33333333","78.33333333","78.33333333","1","-1490.666667","-1490.666667","-1490.666667","1","0","0","0","0","1110.333333","1110.333333","1110.333333","1","-765.6666667","-765.6666667","-737.6666667","1","-1490.666667","-1490.666667","-1490.666667","1","66.80974368","411","432.5161395","3","5","10","15"
"2026-05-18","14:17:00","17","ghost_low_45595_45624","low","29135","45624","29277.6666666667","6.333333333","-72.66666667","85.33333333","1","-329.1666667","-375.6666667","-282.6666667","1","-308.6666667","-594.6666667","-22.66666667","1","-8684.824812","-15434.11088","-1935.538747","1","-316.9947917","-773.0729167","85.42708333","1","-13.66666667","-13.66666667","-13.66666667","1","-22.66666667","-22.66666667","-22.66666667","1","0","0","0","0","314.3333333","314.3333333","314.3333333","1","85.33333333","43.33333333","85.33333333","1","0","0","0","0","373.8333333","299.3333333","448.3333333","1","122.3333333","20.33333333","224.3333333","1","277.3333333","-13.66666667","568.3333333","1","-8690.643691","-15436.82016","-1944.467221","1","144.8333333","-871.6666667","1161.333333","1","-13.66666667","-13.66666667","-13.66666667","1","568.3333333","568.3333333","568.3333333","1","0","0","0","0","-13.66666667","-13.66666667","-13.66666667","1","-594.6666667","-594.6666667","-140.6666667","1","568.3333333","568.3333333","568.3333333","1","992.3333333","795.3333333","1189.333333","1","-641.1666667","-658.6666667","-623.6666667","1","-1277.666667","-1406.666667","-1148.666667","1","-8699.183193","-15432.39906","-1965.967326","1","137.4583333","-8426.416667","2017.333333","1","-13.66666667","-13.66666667","-13.66666667","1","-1148.666667","-1148.666667","-1148.666667","1","0","0","0","0","1452.333333","1452.333333","1452.333333","1","565.3333333","522.3333333","565.3333333","1","-1148.666667","-1148.666667","-1148.666667","1","165.498751","1850","1981.258031","3","5","10","15"
"2026-05-18","14:57:00","57","ghost_high_45624_45664","high","29299","45664","29063.25","-4","-66","58","1","33","28","38","1","-30","-243","183","1","-7790.960948","-14546.22176","-1035.700138","1","724.4375","191.25","1257.625","1","-45","-45","-45","1","183","183","183","1","0","0","0","0","567","567","567","1","-52","-52","-34","1","0","0","0","0","1231.5","1157","1306","1","265","234","296","1","1135","844","1426","1","-7795.589965","-14548.49359","-1042.686338","1","1002.5","-14","2019","1","-45","-45","-45","1","1426","1426","1426","1","0","0","0","0","844","844","844","1","234","-16","234","1","1426","1426","1426","1","1850","1653","2047","1","216.5","199","234","1","-420","-549","-291","1","-7841.516526","-14574.73239","-1108.300659","1","995.125","-7568.75","2875","1","-45","-45","-45","1","-291","-291","-291","1","0","0","0","0","2310","2310","2310","1","1423","1380","1423","1","-291","-291","-291","1","156.1339942","1324","1674.938984","3","5","10","15"
"2026-05-18","19:11:00","11","ghost_high_45880_45918","high","28915","45918","28970.5833333333","-384.3333333","-415.3333333","-353.3333333","1","-67.83333333","-86.33333333","-49.33333333","1","94.66666667","-209.3333333","398.6666667","1","-7301.048165","-14066.68811","-535.40822","1","95.10416667","-623.3333333","889.1666667","1","79.66666667","79.66666667","79.66666667","1","-209.3333333","-209.3333333","-209.3333333","1","0","0","0","0","202.6666667","202.6666667","202.6666667","1","-49.33333333","-49.33333333","-12.33333333","1","0","0","0","0","-66.33333333","-531.3333333","398.6666667","1","-227.3333333","-302.3333333","-152.3333333","1","-49.33333333","-512.3333333","413.6666667","1","-7301.716572","-14065.18322","-538.2499209","1","1371.619792","223.0104167","2520.229167","1","79.66666667","79.66666667","79.66666667","1","-512.3333333","-512.3333333","-512.3333333","1","0","0","0","0","-512.3333333","-512.3333333","-512.3333333","1","-531.3333333","-531.3333333","-513.3333333","1","0","0","0","0","1300.666667","804.6666667","1796.666667","1","640.1666667","622.6666667","657.6666667","1","938.1666667","79.66666667","1796.666667","1","-7311.408495","-14063.71392","-559.103068","1","1365.791667","-7198.083333","3245.666667","1","79.66666667","79.66666667","79.66666667","1","1796.666667","1796.666667","1796.666667","1","0","0","0","0","79.66666667","79.66666667","79.66666667","1","199.6666667","174.6666667","199.6666667","1","0","0","0","0","154.0576587","1537","2341.021588","3","5","10","15"
"2026-05-18","20:51:00","51","ghost_low_45973_46018","low","29068.5","46018","29086.5","8.5","1","16","1","-19.5","-27","-12","1","-0.5","-22","21","1","-7733.456991","-14502.39696","-964.5170198","1","-217.3125","-935.75","425.5","1","13","13","13","1","21","21","21","1","21","21","21","1","19","19","19","1","16","13","16","1","21","21","21","1","-16","-50","18","1","-200","-285","-115","1","22.5","-65","110","1","-7733.534892","-14500.38123","-966.6885578","1","907.953125","-240.65625","2056.5625","1","13","13","13","1","110","110","110","1","0","0","0","0","-976","-976","-976","1","-52","-52","-30","1","110","110","110","1","837","341","1333","1","176.5","159","194","1","474.5","-384","1333","1","-7735.187216","-14491.5511","-978.823337","1","902.125","-7661.75","2782","1","13","13","13","1","1333","1333","1333","1","0","0","0","0","-384","-384","-384","1","-995","-995","-977","1","0","0","0","0","26.12728366","103","84.49687518","3","5","9","9"
"2026-05-19","00:27:00","27","ghost_high_46114_46174","high","29169.5","46174","29141","48.5","34","63","1","16.5","6","27","1","-2.5","-195","190","1","-7941.443477","-14711.99071","-1170.896243","1","-534.140625","-884.53125","-183.75","1","16","16","16","1","190","190","190","1","0","0","0","0","48","48","48","1","-28","-28","-4","1","0","0","0","0","84","12","156","1","18","9","27","1","34","-108","176","1","-7942.326884","-14710.65462","-1173.999143","1","206.328125","-1063.1875","1354.9375","1","16","16","16","1","176","176","176","1","0","0","0","0","-1194","-1194","-1194","1","29","-22","29","1","176","176","176","1","619","123","1115","1","-115.5","-124","-107","1","-95","-1305","1115","1","-7940.805653","-14699.02663","-1182.584675","1","687.921875","-7858.65625","2564","1","16","16","16","1","-1305","-1305","-1305","1","0","0","0","0","-602","-602","-602","1","176","68","176","1","0","0","0","0","75.97240059","118","223.8567142","3","5","10","15"
"2026-05-19","05:21:00","21","ghost_low_46438_46468","low","28926.5","46468","28944.25","74","50","98","1","12","0","24","1","33","-49","115","1","-7137.735991","-13909.77032","-365.7016623","1","569.46875","197.375","941.5625","1","-11","-11","-11","1","-49","-49","-49","1","0","0","0","0","112","112","112","1","19","-9","19","1","0","0","0","0","130.5","79","182","1","123","96","150","1","109","-157","375","1","-7137.812326","-13907.76268","-367.8619711","1","993.328125","-276.1875","2262.84375","1","-11","-11","-11","1","-157","-157","-157","1","0","0","0","0","963","963","963","1","115","79","115","1","0","0","0","0","1406","910","1902","1","404.5","281","528","1","229.5","-518","977","1","-7135.12354","-13895.19521","-375.0518704","1","1109.578125","-6837.28125","3351","1","-11","-11","-11","1","977","977","977","1","0","0","0","0","185","185","185","1","187","187","187","1","0","0","0","0","44.98732909","102","100.4507636","3","5","10","15"
"2026-05-19","11:24:00","24","ghost_low_46792_46831","low","28840","46831","28909.8333333333","-159.8333333","-231.3333333","-88.33333333","1","43.66666667","30.66666667","56.66666667","1","18.66666667","-46.33333333","83.66666667","1","-6974.914295","-13748.43248","-201.3961083","1","48.15104167","-259.1770833","355.4791667","1","64.66666667","64.66666667","64.66666667","1","83.66666667","83.66666667","83.66666667","1","0","0","0","0","-216.3333333","-216.3333333","-216.3333333","1","-16.33333333","-16.33333333","-7.333333333","1","0","0","0","0","-34.83333333","-151.3333333","81.66666667","1","-11.83333333","-57.33333333","33.66666667","1","-287.3333333","-295.3333333","-279.3333333","1","-6975.124325","-13746.6018","-203.6468459","1","1130.994792","-138.5208333","2400.510417","1","64.66666667","64.66666667","64.66666667","1","-279.3333333","-279.3333333","-279.3333333","1","-279.3333333","-279.3333333","-279.3333333","1","-19.33333333","-19.33333333","-19.33333333","1","117.6666667","117.6666667","117.6666667","1","-279.3333333","-279.3333333","-279.3333333","1","622.6666667","383.6666667","861.6666667","1","170.1666667","84.66666667","255.6666667","1","381.1666667","-99.33333333","861.6666667","1","-6972.947744","-13734.62845","-211.2670424","1","1256.354167","-6658.208333","3488.666667","1","64.66666667","64.66666667","64.66666667","1","861.6666667","861.6666667","861.6666667","1","0","0","0","0","-99.33333333","-99.33333333","-99.33333333","1","-279.3333333","-279.3333333","18.66666667","1","0","0","0","0","54.73826242","98","154.2477588","3","5","10","15"
"2026-05-19","11:53:00","53","ghost_low_46836_46860","low","28894.5","46860","28889.75","-79.5","-151","-8","1","-7.5","-14","-1","1","116.5","24","209","1","-6892.780046","-13666.34528","-119.2148146","1","128.484375","-178.84375","435.8125","1","-19","-19","-19","1","24","24","24","1","0","0","0","0","-136","-136","-136","1","-37","-37","-21","1","24","24","24","1","45.5","-71","162","1","68.5","23","114","1","22.5","-199","244","1","-6893.068714","-13664.59581","-121.5416179","1","1211.328125","-58.1875","2359.9375","1","-19","-19","-19","1","244","244","244","1","0","0","0","0","61","61","61","1","94","69","94","1","0","0","0","0","703","464","942","1","250.5","165","336","1","461.5","-19","942","1","-6892.614411","-13654.29511","-130.933709","1","1336.6875","-6577.875","3569","1","-19","-19","-19","1","942","942","942","1","0","0","0","0","-19","-19","-19","1","-199","-199","99","1","0","0","0","0","48.79419095","158","195.3996642","3","5","10","15"
"2026-05-19","12:47:00","47","ghost_high_46880_46914","high","28889.25","46914","28914.8333333333","-185.3333333","-223.3333333","-147.3333333","1","9.666666667","-13.33333333","32.66666667","1","88.16666667","84.66666667","91.66666667","1","-6987.637346","-13761.26925","-214.0054399","1","-169.8177083","-335.3333333","216.3854167","1","44.66666667","44.66666667","44.66666667","1","84.66666667","84.66666667","84.66666667","1","84.66666667","84.66666667","84.66666667","1","-207.3333333","-207.3333333","-207.3333333","1","23.66666667","5.666666667","23.66666667","1","84.66666667","84.66666667","84.66666667","1","-54.83333333","-171.3333333","61.66666667","1","-144.8333333","-147.3333333","-142.3333333","1","-95.83333333","-335.3333333","143.6666667","1","-6988.514474","-13760.07994","-216.9490068","1","1110.994792","-158.5208333","2259.604167","1","44.66666667","44.66666667","44.66666667","1","-335.3333333","-335.3333333","-335.3333333","1","0","0","0","0","-39.33333333","-39.33333333","-39.33333333","1","-228.3333333","-228.3333333","-192.3333333","1","0","0","0","0","602.6666667","363.6666667","841.6666667","1","150.1666667","64.66666667","235.6666667","1","361.1666667","-119.3333333","841.6666667","1","-6989.10881","-13750.85387","-227.363746","1","1236.354167","-6678.208333","3468.666667","1","44.66666667","44.66666667","44.66666667","1","841.6666667","841.6666667","841.6666667","1","0","0","0","0","-119.3333333","-119.3333333","-119.3333333","1","143.6666667","33.66666667","143.6666667","1","0","0","0","0","55.29580098","209","302.5237212","3","5","10","15"
"2026-05-19","13:48:00","48","ghost_high_46905_46975","high","28937.75","46975","28930.3333333333","-299.3333333","-339.3333333","-259.3333333","1","170.6666667","140.6666667","200.6666667","1","20.16666667","-510.3333333","550.6666667","1","-7016.358261","-13791.33093","-241.3855906","1","-6.427083333","-308.7708333","295.9166667","1","-2.333333333","-2.333333333","-2.333333333","1","550.6666667","550.6666667","550.6666667","1","0","0","0","0","-269.3333333","-269.3333333","-269.3333333","1","-246.3333333","-246.3333333","-226.3333333","1","0","0","0","0","-402.3333333","-510.3333333","-294.3333333","1","-145.3333333","-203.3333333","-87.33333333","1","-157.8333333","-397.3333333","81.66666667","1","-7025.916724","-13798.57063","-253.2628193","1","1019.744792","-265.5208333","2182.604167","1","-2.333333333","-2.333333333","-2.333333333","1","-397.3333333","-397.3333333","-397.3333333","1","0","0","0","0","-397.3333333","-397.3333333","-397.3333333","1","-320.3333333","-320.3333333","-320.3333333","1","0","0","0","0","540.6666667","301.6666667","779.6666667","1","88.16666667","2.666666667","173.6666667","1","299.1666667","-181.3333333","779.6666667","1","-7045.097146","-13806.96567","-283.2286182","1","1174.354167","-6740.208333","3406.666667","1","-2.333333333","-2.333333333","-2.333333333","1","779.6666667","779.6666667","779.6666667","1","0","0","0","0","-181.3333333","-181.3333333","-181.3333333","1","-397.3333333","-397.3333333","-303.3333333","1","0","0","0","0","174.2687286","4111","3275.925796","3","5","10","15"
"2026-05-19","15:09:00","09","ghost_high_47030_47056","high","28801","47056","28766.0833333333","934.6666667","821.6666667","1047.666667","1","170.1666667","158.6666667","181.6666667","1","-44.33333333","-364.3333333","275.6666667","1","-6298.870239","-13071.0089","473.2684238","1","-210.0989583","-412.3333333","685.5104167","1","194.6666667","194.6666667","194.6666667","1","275.6666667","275.6666667","275.6666667","1","0","0","0","0","972.6666667","972.6666667","972.6666667","1","64.66666667","5.666666667","64.66666667","1","0","0","0","0","254.6666667","146.6666667","362.6666667","1","-17.33333333","-44.33333333","9.666666667","1","397.6666667","-412.3333333","1207.666667","1","-6303.288769","-13073.67229","467.0947478","1","1755.729167","287.0416667","3084.541667","1","194.6666667","194.6666667","194.6666667","1","-412.3333333","-412.3333333","-412.3333333","1","0","0","0","0","259.6666667","259.6666667","259.6666667","1","-284.3333333","-284.3333333","-230.3333333","1","0","0","0","0","1197.666667","958.6666667","1436.666667","1","745.1666667","659.6666667","830.6666667","1","956.1666667","475.6666667","1436.666667","1","-6298.656767","-13060.28811","462.9745787","1","1831.354167","-6083.208333","4063.666667","1","194.6666667","194.6666667","194.6666667","1","1436.666667","1436.666667","1436.666667","1","0","0","0","0","475.6666667","475.6666667","475.6666667","1","711.6666667","687.6666667","711.6666667","1","0","0","0","0","130.2811988","1015","1342.684767","3","5","10","15"
"2026-05-19","17:44:00","44","ghost_low_47120_47211","low","28791.5","47211","29092.9166666667","46.33333333","0.3333333333","92.33333333","1","0.8333333333","-5.666666667","7.333333333","1","14.83333333","-47.66666667","77.33333333","1","-7550.135933","-14323.47506","-776.7968116","1","-1169.260417","-1719.666667","-618.8541667","1","84.33333333","84.33333333","84.33333333","1","77.33333333","77.33333333","77.33333333","1","0","0","0","0","49.33333333","49.33333333","49.33333333","1","46.33333333","43.33333333","46.33333333","1","0","0","0","0","-1052.666667","-1160.666667","-944.6666667","1","-191.6666667","-232.6666667","-150.6666667","1","-909.6666667","-1719.666667","-99.66666667","1","-7551.20785","-14322.44516","-779.9705389","1","-390.8541667","-1719.666667","1077.833333","1","84.33333333","84.33333333","84.33333333","1","-1719.666667","-1719.666667","-1719.666667","1","0","0","0","0","-1047.666667","-1047.666667","-1047.666667","1","-57.66666667","-57.66666667","-42.66666667","1","0","0","0","0","-109.6666667","-348.6666667","129.3333333","1","-562.1666667","-647.6666667","-476.6666667","1","14.83333333","-99.66666667","129.3333333","1","-7561.772685","-14323.02222","-800.5231549","1","535.5364583","-7338.197917","2756.333333","1","84.33333333","84.33333333","84.33333333","1","-99.66666667","-99.66666667","-99.66666667","1","0","0","0","0","-831.6666667","-831.6666667","-831.6666667","1","-1205.666667","-1205.666667","-1099.666667","1","-99.66666667","-99.66666667","-99.66666667","1","68.35035921","497","680.7905894","3","5","10","15"
"2026-05-20","01:27:00","27","ghost_high_47582_47614","high","28971.5","47614","28929.75","31","-9","71","1","98.5","85","112","1","156.5","93","220","1","-6834.397431","-13610.08558","-58.70927776","1","-29.5625","-511.125","410.125","1","0","0","0","1","220","220","220","1","0","0","0","0","-107","-107","-107","1","56","50","56","1","0","0","0","0","21","-63","105","1","-135","-143","-127","1","-76","-530","378","1","-6834.773878","-13608.49055","-61.05720796","1","261.8125","-1067","1590.625","1","0","0","0","1","-530","-530","-530","1","0","0","0","0","-251","-251","-251","1","77","77","94","1","0","0","0","0","543","304","782","1","47.5","47","48","1","-140","-1067","787","1","-6831.536765","-13596.48694","-66.58659548","1","1188.203125","-6281.75","3409","1","0","0","0","1","787","787","787","1","0","0","0","0","-179","-179","-179","1","167","81","167","1","0","0","0","0","70.02889702","188","158.2943741","3","5","10","15"
"2026-05-20","02:45:00","45","ghost_low_47638_47692","low","28935.5","47692","28888.6666666667","382.8333333","342.3333333","423.3333333","1","132.8333333","112.3333333","153.3333333","1","52.83333333","-3.666666667","109.3333333","1","-6664.987079","-13440.73505","110.7608937","1","96.84895833","-365.6666667","559.3645833","1","-14.66666667","-14.66666667","-14.66666667","1","109.3333333","109.3333333","109.3333333","1","0","0","0","0","398.3333333","398.3333333","398.3333333","1","32.33333333","22.33333333","32.33333333","1","0","0","0","0","185.3333333","101.3333333","269.3333333","1","294.3333333","277.3333333","311.3333333","1","-243.6666667","-365.6666667","-121.6666667","1","-6665.210828","-13438.99832","108.5766656","1","426.1458333","-902.6666667","1754.958333","1","-14.66666667","-14.66666667","-14.66666667","1","-121.6666667","-121.6666667","-121.6666667","1","0","0","0","0","-86.66666667","-86.66666667","-86.66666667","1","277.3333333","270.3333333","277.3333333","1","-121.6666667","-121.6666667","-121.6666667","1","707.3333333","468.3333333","946.3333333","1","211.8333333","211.3333333","212.3333333","1","24.33333333","-902.6666667","951.3333333","1","-6663.036923","-13428.06568","101.9918314","1","1352.536458","-6117.416667","3573.333333","1","-14.66666667","-14.66666667","-14.66666667","1","951.3333333","951.3333333","951.3333333","1","0","0","0","0","-14.66666667","-14.66666667","-14.66666667","1","-121.6666667","-121.6666667","203.3333333","1","0","0","0","0","66.89959684","122","160.904947","3","5","10","15"
"2026-05-20","06:01:00","01","ghost_low_47844_47888","low","28888.5","47888","28964.6666666667","-36.16666667","-51.66666667","-20.66666667","1","-46.16666667","-49.66666667","-42.66666667","1","-102.1666667","-200.6666667","-3.666666667","1","-6962.433453","-13738.13596","-186.7309483","1","-173.1041667","-357.5416667","11.33333333","1","-92.66666667","-92.66666667","-92.66666667","1","-3.666666667","-3.666666667","-3.666666667","1","0","0","0","0","-306.6666667","-306.6666667","-306.6666667","1","-55.66666667","-55.66666667","-48.66666667","1","0","0","0","0","-118.6666667","-202.6666667","-34.66666667","1","-234.6666667","-254.6666667","-214.6666667","1","-218.6666667","-376.6666667","-60.66666667","1","-6962.488175","-13736.22947","-188.7468802","1","122.1458333","-1066.791667","1311.083333","1","-92.66666667","-92.66666667","-92.66666667","1","-376.6666667","-376.6666667","-376.6666667","1","0","0","0","0","-390.6666667","-390.6666667","-390.6666667","1","-200.6666667","-200.6666667","-163.6666667","1","0","0","0","0","403.3333333","164.3333333","642.3333333","1","-92.16666667","-92.66666667","-91.66666667","1","-11.16666667","-669.6666667","647.3333333","1","-6957.943758","-13722.96563","-192.9218848","1","1048.536458","-6421.416667","3269.333333","1","-92.66666667","-92.66666667","-92.66666667","1","-669.6666667","-669.6666667","-669.6666667","1","0","0","0","0","-318.6666667","-318.6666667","-318.6666667","1","-318.6666667","-318.6666667","-318.6666667","1","0","0","0","0","49.35992087","206","108.4795161","3","5","10","15"
"2026-05-20","10:23:00","23","ghost_low_48084_48150","low","29066.75","48150","29135.5","13.5","7","20","1","-17.5","-22","-13","1","-16.5","-58","25","1","-7634.467184","-14411.12834","-857.8060318","1","-928.640625","-1186","-275.34375","1","-36","-36","-36","1","-58","-58","-58","1","0","0","0","0","-17","-17","-17","1","15","11","15","1","0","0","0","0","-416","-485","-347","1","-72.5","-95","-50","1","-135","-275","5","1","-7634.579506","-14409.26786","-859.8911561","1","-748.078125","-1890","528.1875","1","-36","-36","-36","1","-275","-275","-275","1","0","0","0","0","-282","-282","-282","1","30","20","30","1","0","0","0","0","-280","-519","-41","1","-278.5","-282","-275","1","-694.5","-1353","-36","1","-7630.903279","-14396.78186","-865.0246956","1","365.203125","-7104.75","2586","1","-36","-36","-36","1","-1353","-1353","-1353","1","0","0","0","0","-1002","-1002","-1002","1","-275","-275","-159","1","0","0","0","0","33.19526285","58","94.50738942","3","5","10","15"
"2026-05-20","16:13:00","13","ghost_low_48446_48500","low","29275","48500","29295.1666666667","-8.166666667","-35.66666667","19.33333333","1","36.33333333","19.33333333","53.33333333","1","148.3333333","42.33333333","254.3333333","1","-8152.277087","-14945.27586","-1359.278308","1","-783.8541667","-1146.666667","-275.9166667","1","401.3333333","401.3333333","401.3333333","1","42.33333333","42.33333333","42.33333333","1","0","0","0","0","42.33333333","42.33333333","42.33333333","1","-35.66666667","-35.66666667","11.33333333","1","0","0","0","0","-696.1666667","-1146.666667","-245.6666667","1","-50.16666667","-54.66666667","-45.66666667","1","-372.6666667","-1146.666667","401.3333333","1","-8153.12095","-14943.93791","-1362.303988","1","-361.2760417","-1357.104167","517.3958333","1","401.3333333","401.3333333","401.3333333","1","401.3333333","401.3333333","401.3333333","1","0","0","0","0","-1087.666667","-1087.666667","-1087.666667","1","169.3333333","145.3333333","169.3333333","1","0","0","0","0","-918.6666667","-1157.666667","-679.6666667","1","-329.6666667","-401.6666667","-257.6666667","1","-1333.166667","-1991.666667","-674.6666667","1","-8150.396713","-14932.66664","-1368.126786","1","-273.4635417","-7743.416667","1947.333333","1","401.3333333","401.3333333","401.3333333","1","-1991.666667","-1991.666667","-1991.666667","1","0","0","0","0","-1640.666667","-1640.666667","-1640.666667","1","-257.6666667","-257.6666667","-134.6666667","1","0","0","0","0","65.58980188","759","599.9777409","3","5","10","15"
"2026-05-20","17:57:00","57","ghost_low_48546_48604","low","29224.5","48604","29294.5","-12.5","-35","10","1","28.5","28","29","1","10","-27","47","1","-8118.327214","-14916.52415","-1320.13028","1","-200.6875","-708.625","258.875","1","404","404","404","1","47","47","47","1","0","0","0","0","-27","-27","-27","1","-22","-22","-22","1","0","0","0","0","-693.5","-1144","-243","1","-43","-108","22","1","-40.5","-338","257","1","-8119.840579","-14915.73072","-1323.95044","1","-392.71875","-1257.5625","472.125","1","404","404","404","1","-338","-338","-338","1","0","0","0","0","-1085","-1085","-1085","1","65","46","65","1","0","0","0","0","-916","-1155","-677","1","-327","-399","-255","1","-1330.5","-1989","-672","1","-8126.856559","-14912.68451","-1341.02861","1","-270.796875","-7740.75","1950","1","404","404","404","1","-1989","-1989","-1989","1","0","0","0","0","-1638","-1638","-1638","1","172","148","172","1","0","0","0","0","52.89765241","486","475.3667929","3","5","10","15"
"2026-05-20","22:31:00","31","ghost_high_48757_48818","high","29379","48818","29174.4166666667","412.8333333","319.3333333","506.3333333","1","-51.16666667","-57.66666667","-44.66666667","1","-106.6666667","-223.6666667","10.33333333","1","-7588.016375","-14395.67579","-780.3569597","1","576.2708333","17.08333333","892.3333333","1","56.33333333","56.33333333","56.33333333","1","-223.6666667","-223.6666667","-223.6666667","1","0","0","0","0","454.3333333","454.3333333","454.3333333","1","-23.66666667","-23.66666667","-19.66666667","1","0","0","0","0","-112.6666667","-223.6666667","-1.666666667","1","160.8333333","10.33333333","311.3333333","1","591.8333333","291.3333333","892.3333333","1","-7588.146758","-14393.80089","-782.4926228","1","65.19270833","-810.0416667","837.4583333","1","56.33333333","56.33333333","56.33333333","1","291.3333333","291.3333333","291.3333333","1","0","0","0","0","682.3333333","682.3333333","682.3333333","1","-223.6666667","-223.6666667","-132.6666667","1","0","0","0","0","591.8333333","291.3333333","892.3333333","1","153.3333333","81.33333333","225.3333333","1","110.3333333","-663.6666667","884.3333333","1","-7586.181363","-14383.48806","-788.8746629","1","613.3177083","-7260.416667","2430.333333","1","56.33333333","56.33333333","56.33333333","1","884.3333333","884.3333333","884.3333333","1","0","0","0","0","884.3333333","884.3333333","884.3333333","1","892.3333333","887.3333333","892.3333333","1","0","0","0","0","70.85823608","191","142.7548041","3","5","10","15"
"2026-05-21","00:29:00","29","ghost_high_48912_48936","high","29210.75","48936","29182.4166666667","-14.66666667","-41.66666667","12.33333333","1","73.33333333","50.33333333","96.33333333","1","11.33333333","-19.66666667","42.33333333","1","-7615.705051","-14423.86861","-807.5414919","1","558.0520833","326.8958333","753.6458333","1","24.33333333","24.33333333","24.33333333","1","42.33333333","42.33333333","42.33333333","1","0","0","0","0","-19.66666667","-19.66666667","-19.66666667","1","-18.66666667","-18.66666667","2.333333333","1","0","0","0","0","-42.16666667","-100.6666667","16.33333333","1","128.8333333","-21.66666667","279.3333333","1","-53.66666667","-277.6666667","170.3333333","1","-7616.081759","-14422.21287","-809.950651","1","33.19270833","-842.0416667","805.4583333","1","24.33333333","24.33333333","24.33333333","1","170.3333333","170.3333333","170.3333333","1","0","0","0","0","650.3333333","650.3333333","650.3333333","1","150.3333333","79.33333333","150.3333333","1","0","0","0","0","559.8333333","259.3333333","860.3333333","1","214.8333333","170.3333333","259.3333333","1","78.33333333","-695.6666667","852.3333333","1","-7612.156509","-14410.18612","-814.1268963","1","581.3177083","-7292.416667","2398.333333","1","24.33333333","24.33333333","24.33333333","1","852.3333333","852.3333333","852.3333333","1","0","0","0","0","852.3333333","852.3333333","852.3333333","1","-73.66666667","-73.66666667","37.33333333","1","0","0","0","0","49.69570028","54","92.28800122","3","5","10","15"
"2026-05-21","02:15:00","15","ghost_low_48935_49042","low","29172","49042","29331.1666666667","-12.66666667","-25.66666667","0.3333333333","1","-13.66666667","-16.66666667","-10.66666667","1","5.333333333","-25.66666667","36.33333333","1","-8205.87214","-15014.79567","-1396.948612","1","-108.0729167","-339.2291667","123.0833333","1","257.3333333","257.3333333","257.3333333","1","36.33333333","36.33333333","36.33333333","1","0","0","0","0","14.33333333","14.33333333","14.33333333","1","-13.66666667","-13.66666667","-13.66666667","1","0","0","0","0","-637.1666667","-695.6666667","-578.6666667","1","-181.1666667","-205.6666667","-156.6666667","1","-532.6666667","-640.6666667","-424.6666667","1","-8206.105552","-15013.00412","-1399.206987","1","-561.8072917","-1437.041667","210.4583333","1","257.3333333","257.3333333","257.3333333","1","-640.6666667","-640.6666667","-640.6666667","1","0","0","0","0","55.33333333","55.33333333","55.33333333","1","-74.66666667","-74.66666667","-64.66666667","1","0","0","0","0","-35.16666667","-335.6666667","265.3333333","1","-380.1666667","-424.6666667","-335.6666667","1","-303.6666667","-872.6666667","265.3333333","1","-8201.57103","-15000.42913","-1402.712932","1","-13.68229167","-7887.416667","1803.333333","1","257.3333333","257.3333333","257.3333333","1","-872.6666667","-872.6666667","-872.6666667","1","0","0","0","0","257.3333333","257.3333333","257.3333333","1","-437.6666667","-437.6666667","-437.6666667","1","0","0","0","0","33.18407425","103","91.26418477","3","5","10","15"
"2026-05-21","02:15:00","15","ghost_high_49010_49042","high","29320.5","49042","29331.1666666667","-12.66666667","-25.66666667","0.3333333333","1","-13.66666667","-16.66666667","-10.66666667","1","5.333333333","-25.66666667","36.33333333","1","-8205.87214","-15014.79567","-1396.948612","1","-108.0729167","-339.2291667","123.0833333","1","257.3333333","257.3333333","257.3333333","1","36.33333333","36.33333333","36.33333333","1","0","0","0","0","14.33333333","14.33333333","14.33333333","1","-13.66666667","-13.66666667","-13.66666667","1","0","0","0","0","-637.1666667","-695.6666667","-578.6666667","1","-181.1666667","-205.6666667","-156.6666667","1","-532.6666667","-640.6666667","-424.6666667","1","-8206.105552","-15013.00412","-1399.206987","1","-561.8072917","-1437.041667","210.4583333","1","257.3333333","257.3333333","257.3333333","1","-640.6666667","-640.6666667","-640.6666667","1","0","0","0","0","55.33333333","55.33333333","55.33333333","1","-74.66666667","-74.66666667","-64.66666667","1","0","0","0","0","-35.16666667","-335.6666667","265.3333333","1","-380.1666667","-424.6666667","-335.6666667","1","-303.6666667","-872.6666667","265.3333333","1","-8201.57103","-15000.42913","-1402.712932","1","-13.68229167","-7887.416667","1803.333333","1","257.3333333","257.3333333","257.3333333","1","-872.6666667","-872.6666667","-872.6666667","1","0","0","0","0","257.3333333","257.3333333","257.3333333","1","-437.6666667","-437.6666667","-437.6666667","1","0","0","0","0","33.18407425","103","91.26418477","3","5","10","15"
"2026-05-21","04:48:00","48","ghost_low_49144_49195","low","29356","49195","29400.5833333333","33.16666667","16.66666667","49.66666667","1","-2.833333333","-3.333333333","-2.333333333","1","-11.83333333","-80.33333333","56.66666667","1","-8478.326255","-15288.30931","-1668.343197","1","-150.7864583","-471.3958333","56.66666667","1","-12.33333333","-12.33333333","-12.33333333","1","-80.33333333","-80.33333333","-80.33333333","1","0","0","0","0","-149.3333333","-149.3333333","-149.3333333","1","-18.33333333","-18.33333333","0.6666666667","1","0","0","0","0","-914.8333333","-973.3333333","-856.3333333","1","-228.3333333","-259.3333333","-197.3333333","1","-209.8333333","-326.3333333","-93.33333333","1","-8478.618191","-15286.56112","-1670.675263","1","-839.4739583","-1714.708333","-67.20833333","1","-12.33333333","-12.33333333","-12.33333333","1","-326.3333333","-326.3333333","-326.3333333","1","0","0","0","0","-222.3333333","-222.3333333","-222.3333333","1","33.66666667","25.66666667","33.66666667","1","0","0","0","0","-312.8333333","-613.3333333","-12.33333333","1","-310.8333333","-320.3333333","-301.3333333","1","-581.3333333","-1150.333333","-12.33333333","1","-8475.000141","-15274.68714","-1675.313142","1","-291.3489583","-8165.083333","1525.666667","1","-12.33333333","-12.33333333","-12.33333333","1","-1150.333333","-1150.333333","-1150.333333","1","0","0","0","0","-20.33333333","-20.33333333","-20.33333333","1","-301.3333333","-301.3333333","-283.3333333","1","0","0","0","0","25.15879843","148","80.83599884","3","5","10","15"
"2026-05-21","05:28:00","28","ghost_low_49185_49235","low","29380.5","49235","29398.6666666667","97.33333333","78.33333333","116.3333333","1","47.83333333","15.33333333","80.33333333","1","82.83333333","49.33333333","116.3333333","1","-8469.255275","-15279.55826","-1658.952288","1","-305.3697917","-693.3854167","82.64583333","1","-4.666666667","-4.666666667","-4.666666667","1","116.3333333","116.3333333","116.3333333","1","0","0","0","0","-141.6666667","-141.6666667","-141.6666667","1","15.33333333","1.333333333","15.33333333","1","0","0","0","0","-907.1666667","-965.6666667","-848.6666667","1","36.83333333","26.33333333","47.33333333","1","-202.1666667","-318.6666667","-85.66666667","1","-8469.591289","-15277.84365","-1661.33893","1","-419.9322917","-1707.041667","352.3333333","1","-4.666666667","-4.666666667","-4.666666667","1","-318.6666667","-318.6666667","-318.6666667","1","0","0","0","0","-214.6666667","-214.6666667","-214.6666667","1","35.33333333","35.33333333","55.33333333","1","0","0","0","0","-305.1666667","-605.6666667","-4.666666667","1","-303.1666667","-312.6666667","-293.6666667","1","-573.6666667","-1142.666667","-4.666666667","1","-8465.286247","-15265.4292","-1665.143296","1","-283.6822917","-8157.416667","1533.333333","1","-4.666666667","-4.666666667","-4.666666667","1","-1142.666667","-1142.666667","-1142.666667","1","0","0","0","0","-12.66666667","-12.66666667","-12.66666667","1","-154.6666667","-154.6666667","-143.6666667","1","0","0","0","0","33.56675514","72","96.89603703","3","5","10","15"
"2026-05-21","07:34:00","34","ghost_high_49289_49361","high","29389","49361","29268.6666666667","8.833333333","-26.66666667","44.33333333","1","-11.66666667","-17.66666667","-5.666666667","1","-100.1666667","-274.6666667","74.33333333","1","-7941.492565","-14753.1826","-1129.802534","1","391.3489583","-39.51041667","684.3333333","1","-234.6666667","-234.6666667","-234.6666667","1","-274.6666667","-274.6666667","-274.6666667","1","0","0","0","0","378.3333333","378.3333333","378.3333333","1","-26.66666667","-26.66666667","1.333333333","1","0","0","0","0","-87.16666667","-168.6666667","-5.666666667","1","23.83333333","2.333333333","45.33333333","1","400.8333333","117.3333333","684.3333333","1","-7941.73974","-14751.41241","-1132.067073","1","-1135.557292","-2113.760417","-157.3541667","1","-234.6666667","-234.6666667","-234.6666667","1","117.3333333","117.3333333","117.3333333","1","0","0","0","0","117.3333333","117.3333333","117.3333333","1","-168.6666667","-168.6666667","-162.6666667","1","0","0","0","0","214.8333333","-85.66666667","515.3333333","1","216.8333333","207.3333333","226.3333333","1","-53.66666667","-622.6666667","515.3333333","1","-7939.308745","-14740.61508","-1138.002405","1","236.3177083","-7637.416667","2053.333333","1","-234.6666667","-234.6666667","-234.6666667","1","-622.6666667","-622.6666667","-622.6666667","1","0","0","0","0","507.3333333","507.3333333","507.3333333","1","499.3333333","390.3333333","499.3333333","1","0","0","0","0","57.07098364","102","126.223659","3","5","10","15"
"2026-05-21","10:38:00","38","ghost_high_49499_49545","high","29395.75","49545","29287.3333333333","375.6666667","363.6666667","387.6666667","1","-116.8333333","-121.3333333","-112.3333333","1","106.6666667","-209.3333333","422.6666667","1","-8004.24506","-14818.29447","-1190.195652","1","328.4479167","113.5416667","543.3541667","1","-309.3333333","-309.3333333","-309.3333333","1","-209.3333333","-209.3333333","-209.3333333","1","0","0","0","0","404.6666667","404.6666667","404.6666667","1","-52.33333333","-52.33333333","-43.33333333","1","0","0","0","0","-72.83333333","-135.3333333","-10.33333333","1","238.1666667","183.6666667","292.6666667","1","408.6666667","247.6666667","569.6666667","1","-8005.146047","-14817.08241","-1193.209682","1","-844.2395833","-1695.833333","-92.83333333","1","-309.3333333","-309.3333333","-309.3333333","1","569.6666667","569.6666667","569.6666667","1","0","0","0","0","42.66666667","42.66666667","42.66666667","1","387.6666667","369.6666667","387.6666667","1","0","0","0","0","140.1666667","-160.3333333","440.6666667","1","251.1666667","183.6666667","318.6666667","1","-128.3333333","-697.3333333","440.6666667","1","-8002.616305","-14806.14053","-1199.092083","1","161.6510417","-7712.083333","1978.666667","1","-309.3333333","-309.3333333","-309.3333333","1","-697.3333333","-697.3333333","-697.3333333","1","0","0","0","0","432.6666667","432.6666667","432.6666667","1","318.6666667","318.6666667","346.6666667","1","0","0","0","0","82.05143775","167","262.3511346","3","5","10","15"
"2026-05-21","10:38:00","38","ghost_low_49515_49545","low","29355","49545","29287.3333333333","375.6666667","363.6666667","387.6666667","1","-116.8333333","-121.3333333","-112.3333333","1","106.6666667","-209.3333333","422.6666667","1","-8004.24506","-14818.29447","-1190.195652","1","328.4479167","113.5416667","543.3541667","1","-309.3333333","-309.3333333","-309.3333333","1","-209.3333333","-209.3333333","-209.3333333","1","0","0","0","0","404.6666667","404.6666667","404.6666667","1","-52.33333333","-52.33333333","-43.33333333","1","0","0","0","0","-72.83333333","-135.3333333","-10.33333333","1","238.1666667","183.6666667","292.6666667","1","408.6666667","247.6666667","569.6666667","1","-8005.146047","-14817.08241","-1193.209682","1","-844.2395833","-1695.833333","-92.83333333","1","-309.3333333","-309.3333333","-309.3333333","1","569.6666667","569.6666667","569.6666667","1","0","0","0","0","42.66666667","42.66666667","42.66666667","1","387.6666667","369.6666667","387.6666667","1","0","0","0","0","140.1666667","-160.3333333","440.6666667","1","251.1666667","183.6666667","318.6666667","1","-128.3333333","-697.3333333","440.6666667","1","-8002.616305","-14806.14053","-1199.092083","1","161.6510417","-7712.083333","1978.666667","1","-309.3333333","-309.3333333","-309.3333333","1","-697.3333333","-697.3333333","-697.3333333","1","0","0","0","0","432.6666667","432.6666667","432.6666667","1","318.6666667","318.6666667","346.6666667","1","0","0","0","0","82.05143775","167","262.3511346","3","5","10","15"
"2026-05-21","12:48:00","48","ghost_high_49621_49675","high","29277.75","49675","29227.1666666667","24.33333333","-5.666666667","54.33333333","1","20.33333333","12.33333333","28.33333333","1","-2.166666667","-24.66666667","20.33333333","1","-7752.474152","-14568.08016","-936.8681428","1","149.5989583","-139.6666667","609.0208333","1","-68.66666667","-68.66666667","-68.66666667","1","-24.66666667","-24.66666667","-24.66666667","1","-24.66666667","-24.66666667","-24.66666667","1","20.33333333","20.33333333","20.33333333","1","-24.66666667","-24.66666667","-1.666666667","1","-24.66666667","-24.66666667","-24.66666667","1","167.8333333","105.3333333","230.3333333","1","401.3333333","278.3333333","524.3333333","1","63.33333333","-139.6666667","266.3333333","1","-7753.701584","-14567.16851","-940.2346608","1","-603.5729167","-1354.979167","147.8333333","1","-68.66666667","-68.66666667","-68.66666667","1","266.3333333","266.3333333","266.3333333","1","0","0","0","0","283.3333333","283.3333333","283.3333333","1","-3.666666667","-3.666666667","68.33333333","1","0","0","0","0","380.8333333","80.33333333","681.3333333","1","412.8333333","266.3333333","559.3333333","1","246.3333333","-456.6666667","949.3333333","1","-7752.653612","-14557.58831","-947.7189182","1","402.3177083","-7067.635417","2219.333333","1","-68.66666667","-68.66666667","-68.66666667","1","949.3333333","949.3333333","949.3333333","1","0","0","0","0","673.3333333","673.3333333","673.3333333","1","-92.66666667","-92.66666667","80.33333333","1","0","0","0","0","67.50919417","241","344.6041706","3","5","10","15"
"2026-05-21","13:52:00","52","ghost_high_49718_49739","high","29250","49739","29219.5833333333","-88.33333333","-176.3333333","-0.3333333333","1","18.66666667","-3.333333333","40.66666667","1","-8.333333333","-146.3333333","129.6666667","1","-7693.93613","-14513.01832","-874.8539377","1","90.01041667","-73.39583333","253.4166667","1","-38.33333333","-38.33333333","-38.33333333","1","129.6666667","129.6666667","129.6666667","1","0","0","0","0","-157.3333333","-157.3333333","-157.3333333","1","-126.3333333","-126.3333333","14.66666667","1","0","0","0","0","198.1666667","135.6666667","260.6666667","1","431.6666667","308.6666667","554.6666667","1","294.6666667","292.6666667","296.6666667","1","-7695.87047","-14512.69133","-879.0496071","1","-573.2395833","-1324.645833","178.1666667","1","-38.33333333","-38.33333333","-38.33333333","1","292.6666667","292.6666667","292.6666667","1","292.6666667","292.6666667","292.6666667","1","313.6666667","313.6666667","313.6666667","1","179.6666667","-30.33333333","179.6666667","1","292.6666667","292.6666667","292.6666667","1","411.1666667","110.6666667","711.6666667","1","443.1666667","296.6666667","589.6666667","1","276.6666667","-426.3333333","979.6666667","1","-7715.590567","-14521.39103","-909.7901045","1","432.6510417","-7037.302083","2249.666667","1","-38.33333333","-38.33333333","-38.33333333","1","979.6666667","979.6666667","979.6666667","1","0","0","0","0","703.6666667","703.6666667","703.6666667","1","292.6666667","132.6666667","292.6666667","1","0","0","0","0","131.9768119","2871","2126.500981","3","5","10","15"
"2026-05-21","15:55:00","55","ghost_high_49831_49862","high","29263.5","49862","29289.3333333333","-164.8333333","-216.3333333","-113.3333333","1","-22.83333333","-24.33333333","-21.33333333","1","-61.33333333","-183.3333333","60.66666667","1","-7903.953743","-14731.52384","-1076.383648","1","-206.3645833","-396.2083333","-16.52083333","1","-317.3333333","-317.3333333","-317.3333333","1","60.66666667","60.66666667","60.66666667","1","0","0","0","0","-160.3333333","-160.3333333","-160.3333333","1","28.66666667","17.66666667","28.66666667","1","0","0","0","0","-508.3333333","-649.3333333","-367.3333333","1","-220.8333333","-367.3333333","-74.33333333","1","-625.3333333","-649.3333333","-601.3333333","1","-7905.306169","-14730.65939","-1079.952949","1","-852.2395833","-1603.645833","-100.8333333","1","-317.3333333","-317.3333333","-317.3333333","1","-601.3333333","-601.3333333","-601.3333333","1","-601.3333333","-601.3333333","-601.3333333","1","-461.3333333","-461.3333333","-461.3333333","1","-183.3333333","-183.3333333","-138.3333333","1","-601.3333333","-601.3333333","-601.3333333","1","132.1666667","-168.3333333","432.6666667","1","164.1666667","17.66666667","310.6666667","1","-2.333333333","-705.3333333","700.6666667","1","-7921.428014","-14737.04137","-1105.814657","1","-160.7552083","-6942.552083","1970.666667","1","-317.3333333","-317.3333333","-317.3333333","1","700.6666667","700.6666667","700.6666667","1","0","0","0","0","424.6666667","424.6666667","424.6666667","1","202.6666667","-7.333333333","202.6666667","1","0","0","0","0","74.97591652","501","680.1033613","3","5","10","15"
"2026-05-21","17:11:00","11","ghost_high_49903_49938","high","29273.75","49938","29330.6666666667","-172.1666667","-188.6666667","-155.6666667","1","-265.1666667","-287.6666667","-242.6666667","1","-322.1666667","-491.6666667","-152.6666667","1","-8051.181503","-14881.22132","-1221.141685","1","-455.1510417","-701.1354167","-247.0104167","1","37.33333333","37.33333333","37.33333333","1","-152.6666667","-152.6666667","-152.6666667","1","0","0","0","0","-288.6666667","-288.6666667","-288.6666667","1","-189.6666667","-189.6666667","-187.6666667","1","0","0","0","0","-673.6666667","-814.6666667","-532.6666667","1","-285.6666667","-297.6666667","-273.6666667","1","-423.6666667","-766.6666667","-80.66666667","1","-8053.005031","-14880.72439","-1225.285672","1","-1017.572917","-1768.979167","-266.1666667","1","37.33333333","37.33333333","37.33333333","1","-80.66666667","-80.66666667","-80.66666667","1","0","0","0","0","-626.6666667","-626.6666667","-626.6666667","1","-289.6666667","-289.6666667","-287.6666667","1","0","0","0","0","-33.16666667","-333.6666667","267.3333333","1","-1.166666667","-147.6666667","145.3333333","1","-167.6666667","-870.6666667","535.3333333","1","-8049.73848","-14869.97672","-1229.500236","1","-326.0885417","-7107.885417","1805.333333","1","37.33333333","37.33333333","37.33333333","1","535.3333333","535.3333333","535.3333333","1","0","0","0","0","259.3333333","259.3333333","259.3333333","1","-80.66666667","-254.6666667","-80.66666667","1","0","0","0","0","73.88379719","4266","1259.523302","3","5","10","15"
"2026-05-21","19:17:00","17","ghost_high_50009_50064","high","29478","50064","29417.1666666667","-250.1666667","-277.6666667","-222.6666667","1","-31.16666667","-36.66666667","-25.66666667","1","-219.6666667","-290.6666667","-148.6666667","1","-8343.963925","-15185.14209","-1502.785757","1","-706.9791667","-1053.916667","-413.4166667","1","-78.66666667","-78.66666667","-78.66666667","1","-148.6666667","-148.6666667","-148.6666667","1","0","0","0","0","102.3333333","102.3333333","102.3333333","1","30.33333333","16.33333333","30.33333333","1","-148.6666667","-148.6666667","-148.6666667","1","-688.1666667","-787.6666667","-588.6666667","1","63.83333333","56.33333333","71.33333333","1","-145.1666667","-837.6666667","547.3333333","1","-8346.047009","-15184.84408","-1507.249937","1","-844.8541667","-1791.541667","-9.541666667","1","-78.66666667","-78.66666667","-78.66666667","1","547.3333333","547.3333333","547.3333333","1","0","0","0","0","-972.6666667","-972.6666667","-972.6666667","1","-327.6666667","-327.6666667","-314.6666667","1","0","0","0","0","-379.1666667","-679.6666667","-78.66666667","1","-347.1666667","-493.6666667","-200.6666667","1","-485.6666667","-1160.666667","189.3333333","1","-8344.435557","-15175.11761","-1513.753502","1","-672.0885417","-7453.885417","1459.333333","1","-78.66666667","-78.66666667","-78.66666667","1","-1160.666667","-1160.666667","-1160.666667","1","0","0","0","0","-86.66666667","-86.66666667","-86.66666667","1","417.3333333","319.3333333","417.3333333","1","0","0","0","0","86.77436467","613","756.428391","3","5","10","15"
"2026-05-21","20:16:00","16","ghost_high_50098_50123","high","29449.5","50123","29452.5","13","-14","40","1","47.5","40","55","1","30","-14","74","1","-8466.03366","-15311.19671","-1620.870607","1","-848.3125","-1302","-287.875","1","48","48","48","1","74","74","74","1","0","0","0","0","54","54","54","1","33","19","33","1","0","0","0","0","-829.5","-929","-730","1","-194.5","-200","-189","1","-115.5","-637","406","1","-8466.623587","-15309.69684","-1623.550331","1","-986.1875","-1932.875","-39.5","1","48","48","48","1","-637","-637","-637","1","0","0","0","0","-1114","-1114","-1114","1","-75","-75","-25","1","0","0","0","0","-520.5","-821","-220","1","-488.5","-635","-342","1","-627","-1302","48","1","-8463.682861","-15298.76394","-1628.601781","1","-813.421875","-7595.21875","1318","1","48","48","48","1","-1302","-1302","-1302","1","0","0","0","0","-228","-228","-228","1","-469","-469","-456","1","0","0","0","0","50.2229961","265","315.5285725","3","5","10","15"
"2026-05-21","22:21:00","21","ghost_high_50168_50188","high","29476.75","50188","29504.25","-15","-40","10","1","10.5","10","11","1","17","-32","66","1","-8670.101964","-15515.91788","-1824.28605","1","-1162.0625","-1509","-388.125","1","-159","-159","-159","1","66","66","66","1","0","0","0","0","-32","-32","-32","1","16","5","16","1","0","0","0","0","13","-40","66","1","-101","-162","-40","1","-277","-421","-133","1","-8670.212108","-15514.0426","-1826.381621","1","-1193.1875","-2139.875","-246.5","1","-159","-159","-159","1","-133","-133","-133","1","0","0","0","0","-1321","-1321","-1321","1","66","3","66","1","0","0","0","0","-727.5","-1028","-427","1","-695.5","-842","-549","1","-655","-1509","199","1","-8666.245628","-15502.28271","-1830.208546","1","-1020.421875","-7802.21875","1111","1","-159","-159","-159","1","199","199","199","1","0","0","0","0","-435","-435","-435","1","-282","-282","-232","1","0","0","0","0","37.49174093","34","96.22231017","3","5","10","15"
"2026-05-21","23:35:00","35","ghost_low_50195_50262","low","29486.75","50262","29538.75","3.5","-4","11","1","7.5","3","12","1","17","9","25","1","-8805.70948","-15652.11944","-1959.29952","1","-339.3125","-1220","61","1","61","61","61","1","9","9","9","1","9","9","9","1","-178","-178","-178","1","-12","-12","-3","1","9","9","9","1","-125","-178","-72","1","-80.5","-103","-58","1","-325","-379","-271","1","-8805.89002","-15650.29565","-1961.48439","1","-1331.1875","-2277.875","-384.5","1","61","61","61","1","-379","-379","-379","1","0","0","0","0","-1459","-1459","-1459","1","-15","-15","-1","1","0","0","0","0","-865.5","-1166","-565","1","-833.5","-980","-687","1","-793","-1647","61","1","-8801.357565","-15638.09139","-1964.623735","1","-1158.421875","-7940.21875","973","1","61","61","61","1","61","61","61","1","0","0","0","0","-573","-573","-573","1","-379","-379","-379","1","0","0","0","0","18.19611925","43","36.52208848","3","5","10","15"
"2026-05-22","00:47:00","47","ghost_high_50309_50334","high","29599.5","50334","29587.0833333333","-120.3333333","-199.3333333","-41.33333333","1","-19.83333333","-23.33333333","-16.33333333","1","14.16666667","-33.33333333","61.66666667","1","-8994.157111","-15841.86952","-2146.444698","1","-549.5833333","-1057.833333","-94.83333333","1","-9.333333333","-9.333333333","-9.333333333","1","61.66666667","61.66666667","61.66666667","1","0","0","0","0","-172.3333333","-172.3333333","-172.3333333","1","-16.33333333","-16.33333333","-16.33333333","1","0","0","0","0","-318.3333333","-371.3333333","-265.3333333","1","-178.3333333","-184.3333333","-172.3333333","1","-518.3333333","-572.3333333","-464.3333333","1","-8994.505792","-15840.16911","-2148.842473","1","-1521.427083","-2520.708333","-639.7083333","1","-9.333333333","-9.333333333","-9.333333333","1","-572.3333333","-572.3333333","-572.3333333","1","0","0","0","0","-1652.333333","-1652.333333","-1652.333333","1","-59.33333333","-59.33333333","-59.33333333","1","0","0","0","0","-718.8333333","-1175.333333","-262.3333333","1","-337.3333333","-464.3333333","-210.3333333","1","-986.3333333","-1840.333333","-132.3333333","1","-8992.476956","-15829.79406","-2155.159847","1","-1351.755208","-8133.552083","779.6666667","1","-9.333333333","-9.333333333","-9.333333333","1","-132.3333333","-132.3333333","-132.3333333","1","0","0","0","0","-132.3333333","-132.3333333","-132.3333333","1","-210.3333333","-210.3333333","-194.3333333","1","0","0","0","0","42.50239903","81","98.68382074","3","5","10","15"
"2026-05-22","02:02:00","02","ghost_high_50362_50409","high","29578.75","50409","29529.3333333333","-31.33333333","-53.33333333","-9.333333333","1","21.16666667","17.66666667","24.66666667","1","33.16666667","-30.33333333","96.66666667","1","-8759.53265","-15608.17185","-1910.893448","1","-321.6927083","-692.7083333","-0.1458333333","1","98.66666667","98.66666667","98.66666667","1","-30.33333333","-30.33333333","-30.33333333","1","0","0","0","0","212.6666667","212.6666667","212.6666667","1","-13.33333333","-13.33333333","-13.33333333","1","0","0","0","0","-87.33333333","-140.3333333","-34.33333333","1","85.66666667","83.66666667","87.66666667","1","-22.33333333","-341.3333333","296.6666667","1","-8759.69816","-15606.34235","-1913.053971","1","-1290.427083","-2289.708333","-408.7083333","1","98.66666667","98.66666667","98.66666667","1","296.6666667","296.6666667","296.6666667","1","0","0","0","0","-1421.333333","-1421.333333","-1421.333333","1","96.66666667","63.66666667","96.66666667","1","0","0","0","0","22.16666667","-153.3333333","197.6666667","1","-106.3333333","-233.3333333","20.66666667","1","-755.3333333","-1609.333333","98.66666667","1","-8754.468528","-15593.61285","-1915.324206","1","-1120.755208","-7515.020833","1010.666667","1","98.66666667","98.66666667","98.66666667","1","98.66666667","98.66666667","98.66666667","1","0","0","0","0","98.66666667","98.66666667","98.66666667","1","197.6666667","136.6666667","197.6666667","1","0","0","0","0","34.4802267","59","87.59979587","3","5","10","15"
"2026-05-22","04:57:00","57","ghost_high_50535_50584","high","29593.5","50584","29590.0833333333","-64.83333333","-73.33333333","-56.33333333","1","-10.33333333","-17.33333333","-3.333333333","1","-32.83333333","-97.33333333","31.66666667","1","-8997.812993","-15847.673","-2147.952985","1","-572.6145833","-764.3333333","-176.3958333","1","-21.33333333","-21.33333333","-21.33333333","1","31.66666667","31.66666667","31.66666667","1","0","0","0","0","-65.33333333","-65.33333333","-65.33333333","1","-5.333333333","-5.333333333","-2.333333333","1","0","0","0","0","-53.83333333","-102.3333333","-5.333333333","1","-59.83333333","-67.33333333","-52.33333333","1","-238.3333333","-343.3333333","-133.3333333","1","-8998.14429","-15845.96386","-2150.324719","1","-1533.427083","-2532.708333","-651.7083333","1","-21.33333333","-21.33333333","-21.33333333","1","-133.3333333","-133.3333333","-133.3333333","1","0","0","0","0","-1664.333333","-1664.333333","-1664.333333","1","-97.33333333","-97.33333333","-67.33333333","1","0","0","0","0","-220.8333333","-396.3333333","-45.33333333","1","-349.3333333","-476.3333333","-222.3333333","1","-45.33333333","-144.3333333","53.66666667","1","-8994.211123","-15834.19042","-2154.231825","1","-1363.755208","-7758.020833","767.6666667","1","-21.33333333","-21.33333333","-21.33333333","1","53.66666667","53.66666667","53.66666667","1","0","0","0","0","-144.3333333","-144.3333333","-144.3333333","1","-249.3333333","-249.3333333","-166.3333333","1","53.66666667","53.66666667","53.66666667","1","24.16614481","49","68.3785424","3","5","10","15"
"2026-05-22","06:07:00","07","ghost_low_50627_50654","low","29563.5","50654","29545.8333333333","90.16666667","74.66666667","105.6666667","1","22.66666667","8.666666667","36.66666667","1","67.16666667","-50.33333333","184.6666667","1","-8817.977834","-15668.60014","-1967.355525","1","8.432291667","-143.6770833","140.2604167","1","32.66666667","32.66666667","32.66666667","1","-50.33333333","-50.33333333","-50.33333333","1","0","0","0","0","76.66666667","76.66666667","76.66666667","1","-30.33333333","-30.33333333","-17.33333333","1","0","0","0","0","201.1666667","174.6666667","227.6666667","1","159.6666667","144.6666667","174.6666667","1","158.1666667","74.66666667","241.6666667","1","-8818.61463","-15667.12275","-1970.106506","1","-2293.317708","-3413.427083","-1173.208333","1","32.66666667","32.66666667","32.66666667","1","241.6666667","241.6666667","241.6666667","1","0","0","0","0","74.66666667","74.66666667","74.66666667","1","184.6666667","159.6666667","184.6666667","1","0","0","0","0","98.66666667","-44.33333333","241.6666667","1","59.16666667","43.66666667","74.66666667","1","131.6666667","32.66666667","230.6666667","1","-8813.393966","-15654.39829","-1972.389642","1","-1186.755208","-7581.020833","944.6666667","1","32.66666667","32.66666667","32.66666667","1","230.6666667","230.6666667","230.6666667","1","0","0","0","0","230.6666667","230.6666667","230.6666667","1","241.6666667","186.6666667","241.6666667","1","230.6666667","230.6666667","230.6666667","1","45.93592696","119","165.2301836","3","5","10","15"
"2026-05-22","09:52:00","52","ghost_high_50806_50879","high","29618","50879","29539.9166666667","-50.66666667","-68.66666667","-32.66666667","1","-30.66666667","-39.66666667","-21.66666667","1","-50.16666667","-90.66666667","-9.666666667","1","-8781.939958","-15635.83181","-1928.048103","1","18.94270833","-157.5416667","195.4270833","1","-44.66666667","-44.66666667","-44.66666667","1","-9.666666667","-9.666666667","-9.666666667","1","0","0","0","0","-47.66666667","-47.66666667","-47.66666667","1","-21.66666667","-21.66666667","-19.66666667","1","0","0","0","0","224.8333333","198.3333333","251.3333333","1","25.33333333","-40.66666667","91.33333333","1","228.3333333","-44.66666667","501.3333333","1","-8782.127301","-15634.02991","-1930.224693","1","-2317.494792","-3507.666667","-1002.041667","1","-44.66666667","-44.66666667","-44.66666667","1","501.3333333","501.3333333","501.3333333","1","0","0","0","0","98.33333333","98.33333333","98.33333333","1","-90.66666667","-90.66666667","-53.66666667","1","0","0","0","0","296.3333333","91.33333333","501.3333333","1","82.83333333","67.33333333","98.33333333","1","155.3333333","56.33333333","254.3333333","1","-8780.300662","-15623.86462","-1936.736703","1","-1163.088542","-7169.822917","968.3333333","1","-44.66666667","-44.66666667","-44.66666667","1","254.3333333","254.3333333","254.3333333","1","0","0","0","0","254.3333333","254.3333333","254.3333333","1","501.3333333","176.3333333","501.3333333","1","254.3333333","254.3333333","254.3333333","1","38.11831751","147","104.8152262","3","5","10","15"
"2026-05-22","13:44:00","44","ghost_low_51025_51111","low","29529.75","51111","29644.9166666667","4.833333333","-117.6666667","127.3333333","1","70.83333333","56.33333333","85.33333333","1","166.8333333","51.33333333","282.3333333","1","-9165.053793","-16028.9562","-2301.151386","1","-14.63541667","-381.4791667","282.3333333","1","81.33333333","81.33333333","81.33333333","1","282.3333333","282.3333333","282.3333333","1","0","0","0","0","51.33333333","51.33333333","51.33333333","1","-99.66666667","-99.66666667","-71.66666667","1","282.3333333","282.3333333","282.3333333","1","-264.1666667","-363.6666667","-164.6666667","1","-486.1666667","-515.6666667","-456.6666667","1","-504.6666667","-768.6666667","-240.6666667","1","-9170.109479","-16030.62705","-2309.591911","1","-1664.697917","-2763.854167","-565.5416667","1","81.33333333","81.33333333","81.33333333","1","-240.6666667","-240.6666667","-240.6666667","1","0","0","0","0","-240.6666667","-240.6666667","-240.6666667","1","-374.6666667","-374.6666667","-259.6666667","1","0","0","0","0","-123.6666667","-328.6666667","81.33333333","1","-399.6666667","-470.6666667","-328.6666667","1","-42.16666667","-165.6666667","81.33333333","1","-9184.340501","-16031.79209","-2336.888908","1","-1583.088542","-7589.822917","548.3333333","1","81.33333333","81.33333333","81.33333333","1","81.33333333","81.33333333","81.33333333","1","0","0","0","0","-165.6666667","-165.6666667","-165.6666667","1","-596.6666667","-596.6666667","-546.6666667","1","81.33333333","81.33333333","81.33333333","1","111.3130405","1847","2556.138871","3","5","10","15"
"2026-05-22","13:44:00","44","ghost_high_51078_51111","high","29603.75","51111","29644.9166666667","4.833333333","-117.6666667","127.3333333","1","70.83333333","56.33333333","85.33333333","1","166.8333333","51.33333333","282.3333333","1","-9165.053793","-16028.9562","-2301.151386","1","-14.63541667","-381.4791667","282.3333333","1","81.33333333","81.33333333","81.33333333","1","282.3333333","282.3333333","282.3333333","1","0","0","0","0","51.33333333","51.33333333","51.33333333","1","-99.66666667","-99.66666667","-71.66666667","1","282.3333333","282.3333333","282.3333333","1","-264.1666667","-363.6666667","-164.6666667","1","-486.1666667","-515.6666667","-456.6666667","1","-504.6666667","-768.6666667","-240.6666667","1","-9170.109479","-16030.62705","-2309.591911","1","-1664.697917","-2763.854167","-565.5416667","1","81.33333333","81.33333333","81.33333333","1","-240.6666667","-240.6666667","-240.6666667","1","0","0","0","0","-240.6666667","-240.6666667","-240.6666667","1","-374.6666667","-374.6666667","-259.6666667","1","0","0","0","0","-123.6666667","-328.6666667","81.33333333","1","-399.6666667","-470.6666667","-328.6666667","1","-42.16666667","-165.6666667","81.33333333","1","-9184.340501","-16031.79209","-2336.888908","1","-1583.088542","-7589.822917","548.3333333","1","81.33333333","81.33333333","81.33333333","1","81.33333333","81.33333333","81.33333333","1","0","0","0","0","-165.6666667","-165.6666667","-165.6666667","1","-596.6666667","-596.6666667","-546.6666667","1","81.33333333","81.33333333","81.33333333","1","111.3130405","1847","2556.138871","3","5","10","15"
"2026-05-22","15:46:00","46","ghost_high_51207_51233","high","29702.5","51233","29689.9166666667","-602.6666667","-639.6666667","-565.6666667","1","34.33333333","29.33333333","39.33333333","1","10.33333333","-47.66666667","68.33333333","1","-9285.427989","-16165.73574","-2405.120241","1","-509.0729167","-840.9791667","-177.1666667","1","-98.66666667","-98.66666667","-98.66666667","1","-47.66666667","-47.66666667","-47.66666667","1","0","0","0","0","-628.6666667","-628.6666667","-628.6666667","1","24.33333333","21.33333333","24.33333333","1","0","0","0","0","-294.6666667","-409.6666667","-179.6666667","1","-92.16666667","-139.6666667","-44.66666667","1","-348.1666667","-798.6666667","102.3333333","1","-9286.667905","-16164.86435","-2408.471458","1","-1936.885417","-3186.729167","-818.6041667","1","-98.66666667","-98.66666667","-98.66666667","1","-798.6666667","-798.6666667","-798.6666667","1","0","0","0","0","-565.6666667","-565.6666667","-565.6666667","1","95.33333333","72.33333333","95.33333333","1","0","0","0","0","-303.6666667","-508.6666667","-98.66666667","1","-607.1666667","-648.6666667","-565.6666667","1","-557.1666667","-1015.666667","-98.66666667","1","-9296.115369","-16162.65239","-2429.578352","1","-1763.088542","-7769.822917","368.3333333","1","-98.66666667","-98.66666667","-98.66666667","1","-1015.666667","-1015.666667","-1015.666667","1","0","0","0","0","-345.6666667","-345.6666667","-345.6666667","1","-798.6666667","-798.6666667","-197.6666667","1","0","0","0","0","43.56316301","464","519.9071207","3","5","10","15"
"2026-05-22","17:00:00","00","ghost_high_51250_51307","high","29694.75","51307","29671.0833333333","-0.8333333333","-12.33333333","10.66666667","1","-21.33333333","-30.33333333","-12.33333333","1","-59.83333333","-113.3333333","-6.333333333","1","-9191.647449","-16077.33844","-2305.956456","1","55.38541667","-416.2708333","177.6666667","1","-23.33333333","-23.33333333","-23.33333333","1","-6.333333333","-6.333333333","-6.333333333","1","0","0","0","0","-134.3333333","-134.3333333","-134.3333333","1","10.66666667","2.666666667","10.66666667","1","0","0","0","0","-219.3333333","-334.3333333","-104.3333333","1","-16.83333333","-64.33333333","30.66666667","1","-276.3333333","-723.3333333","170.6666667","1","-9191.582501","-16075.5393","-2307.625701","1","-1861.552083","-3111.395833","-743.2708333","1","-23.33333333","-23.33333333","-23.33333333","1","170.6666667","170.6666667","170.6666667","1","0","0","0","0","-490.3333333","-490.3333333","-490.3333333","1","-110.3333333","-110.3333333","-99.33333333","1","0","0","0","0","-228.3333333","-433.3333333","-23.33333333","1","-531.8333333","-573.3333333","-490.3333333","1","-381.3333333","-940.3333333","177.6666667","1","-9186.144713","-16063.01087","-2309.278556","1","-1687.755208","-7694.489583","443.6666667","1","-23.33333333","-23.33333333","-23.33333333","1","177.6666667","177.6666667","177.6666667","1","0","0","0","0","-270.3333333","-270.3333333","-270.3333333","1","94.66666667","63.66666667","94.66666667","1","0","0","0","0","43.15113842","403","472.3064402","3","5","10","15"
"2026-05-22","18:59:00","59","ghost_high_51372_51426","high","29688","51426","29652.4166666667","31.83333333","-3.666666667","67.33333333","1","13.83333333","3.333333333","24.33333333","1","8.333333333","-44.66666667","61.33333333","1","-9084.011717","-15979.45312","-2188.570314","1","136.0833333","-229.6666667","386.3333333","1","51.33333333","51.33333333","51.33333333","1","61.33333333","61.33333333","61.33333333","1","0","0","0","0","18.33333333","18.33333333","18.33333333","1","17.33333333","7.333333333","17.33333333","1","0","0","0","0","-144.6666667","-259.6666667","-29.66666667","1","150.3333333","145.3333333","155.3333333","1","153.3333333","-79.66666667","386.3333333","1","-9085.728832","-15978.93331","-2192.524354","1","-1717.791667","-3007.416667","-428.1666667","1","51.33333333","51.33333333","51.33333333","1","386.3333333","386.3333333","386.3333333","1","0","0","0","0","-415.6666667","-415.6666667","-415.6666667","1","87.33333333","8.333333333","87.33333333","1","0","0","0","0","44.83333333","-79.66666667","169.3333333","1","-457.1666667","-498.6666667","-415.6666667","1","-306.6666667","-865.6666667","252.3333333","1","-9091.657128","-15974.48858","-2208.82568","1","-1613.088542","-7619.822917","518.3333333","1","51.33333333","51.33333333","51.33333333","1","252.3333333","252.3333333","252.3333333","1","0","0","0","0","252.3333333","252.3333333","252.3333333","1","-29.66666667","-29.66666667","77.33333333","1","0","0","0","0","41.82377137","366","415.6604102","3","5","10","15"
"2026-05-24","22:20:00","20","ghost_high_51519_51567","high","29552","51567","29779.9166666667","4.333333333","-15.66666667","24.33333333","1","-17.66666667","-19.66666667","-15.66666667","1","-48.66666667","-92.66666667","-4.666666667","1","-9561.190579","-16464.764","-2657.617154","1","-363.8385417","-752.0104167","-12.63541667","1","-123.6666667","-123.6666667","-123.6666667","1","-92.66666667","-92.66666667","-92.66666667","1","0","0","0","0","-4.666666667","-4.666666667","-4.666666667","1","-10.66666667","-10.66666667","-9.666666667","1","0","0","0","0","-875.1666667","-953.6666667","-796.6666667","1","-531.1666667","-960.6666667","-101.6666667","1","-1051.166667","-1110.666667","-991.6666667","1","-9561.157488","-16462.97148","-2659.343497","1","-2291.854167","-3765.791667","-958.2916667","1","-123.6666667","-123.6666667","-123.6666667","1","-1110.666667","-1110.666667","-1110.666667","1","0","0","0","0","-925.6666667","-925.6666667","-925.6666667","1","-101.6666667","-101.6666667","-46.66666667","1","-1110.666667","-1110.666667","-1110.666667","1","-465.1666667","-589.6666667","-340.6666667","1","-710.1666667","-796.6666667","-623.6666667","1","-190.6666667","-257.6666667","-123.6666667","1","-9559.178183","-16452.77897","-2665.577393","1","-2123.088542","-8129.822917","8.333333333","1","-123.6666667","-123.6666667","-123.6666667","1","-123.6666667","-123.6666667","-123.6666667","1","0","0","0","0","-257.6666667","-257.6666667","-257.6666667","1","-796.6666667","-909.6666667","-796.6666667","1","-123.6666667","-123.6666667","-123.6666667","1","65.29367761","101","210.4280625","3","5","10","15"
"2026-05-24","23:56:00","56","ghost_low_51633_51663","low","29805.25","51663","29841.0833333333","57.16666667","46.66666667","67.66666667","1","20.66666667","11.66666667","29.66666667","1","42.66666667","-12.33333333","97.66666667","1","-9800.040807","-16705.65003","-2894.431584","1","-617.6302083","-974.5833333","-308.2708333","1","-368.3333333","-368.3333333","-368.3333333","1","-12.33333333","-12.33333333","-12.33333333","1","0","0","0","0","50.66666667","50.66666667","50.66666667","1","15.66666667","15.66666667","15.66666667","1","0","0","0","0","-1119.833333","-1198.333333","-1041.333333","1","-27.33333333","-80.33333333","25.66666667","1","-1295.833333","-1355.333333","-1236.333333","1","-9800.304815","-16704.04636","-2896.563267","1","-2501.083333","-3949.833333","-1052.333333","1","-368.3333333","-368.3333333","-368.3333333","1","-1355.333333","-1355.333333","-1355.333333","1","0","0","0","0","-1170.333333","-1170.333333","-1170.333333","1","103.6666667","100.6666667","103.6666667","1","-1355.333333","-1355.333333","-1355.333333","1","-1198.333333","-1355.333333","-1041.333333","1","-682.8333333","-706.3333333","-659.3333333","1","-435.3333333","-502.3333333","-368.3333333","1","-9798.152539","-16693.62019","-2902.684887","1","-2223.661458","-8314.677083","-62.33333333","1","-368.3333333","-368.3333333","-368.3333333","1","-368.3333333","-368.3333333","-368.3333333","1","0","0","0","0","-502.3333333","-502.3333333","-502.3333333","1","-659.3333333","-659.3333333","-659.3333333","1","-368.3333333","-368.3333333","-368.3333333","1","34.28821216","70","91.76476072","3","5","10","15"
"2026-05-25","01:57:00","57","ghost_low_51726_51784","low","29904.5","51784","29929.6666666667","8.833333333","-7.666666667","25.33333333","1","-8.166666667","-9.666666667","-6.666666667","1","5.333333333","-17.66666667","28.33333333","1","-10147.27619","-17055.60628","-3238.946091","1","-1067.463542","-1486.291667","-648.6354167","1","-186.6666667","-186.6666667","-186.6666667","1","28.33333333","28.33333333","28.33333333","1","0","0","0","0","-1.666666667","-1.666666667","-1.666666667","1","11.33333333","10.33333333","11.33333333","1","0","0","0","0","-0.6666666667","-29.66666667","28.33333333","1","-131.6666667","-150.6666667","-112.6666667","1","-81.16666667","-186.6666667","24.33333333","1","-10147.37789","-17053.89998","-3240.855804","1","-2735.791667","-4102.166667","-1369.416667","1","-186.6666667","-186.6666667","-186.6666667","1","24.33333333","24.33333333","24.33333333","1","0","0","0","0","24.33333333","24.33333333","24.33333333","1","28.33333333","10.33333333","28.33333333","1","24.33333333","24.33333333","24.33333333","1","-1552.666667","-1709.666667","-1395.666667","1","-415.1666667","-416.6666667","-413.6666667","1","-1216.166667","-1709.666667","-722.6666667","1","-10144.54468","-17042.95453","-3246.134822","1","-2619.541667","-8517.416667","24.33333333","1","-186.6666667","-186.6666667","-186.6666667","1","-1709.666667","-1709.666667","-1709.666667","1","0","0","0","0","-856.6666667","-856.6666667","-856.6666667","1","-413.6666667","-413.6666667","-349.6666667","1","0","0","0","0","21.44083856","59","48.66104344","3","5","10","15"
"2026-05-25","02:28:00","28","ghost_low_51793_51815","low","29917.75","51815","29909","55.5","46","65","1","21.5","14","29","1","44","-16","104","1","-10063.5013","-16972.26373","-3154.73887","1","-1431.546875","-1627","-789.34375","1","-104","-104","-104","1","-16","-16","-16","1","0","0","0","0","94","94","94","1","8","8","8","1","0","0","0","0","82","53","111","1","-49","-68","-30","1","133.5","107","160","1","-10063.66562","-16970.5969","-3156.734336","1","-2653.125","-4019.5","-1286.75","1","-104","-104","-104","1","160","160","160","1","160","160","160","1","107","107","107","1","95","73","95","1","160","160","160","1","-1470","-1627","-1313","1","-58","-104","-12","1","-1133.5","-1627","-640","1","-10059.14005","-16958.62794","-3159.652153","1","-2494.640625","-8416.53125","160","1","-104","-104","-104","1","-1627","-1627","-1627","1","0","0","0","0","-774","-774","-774","1","-12","-12","25","1","0","0","0","0","22.22380998","38","57.42290618","3","5","10","15"
"2026-05-25","03:02:00","02","ghost_high_51804_51849","high","29921.25","51849","29974.3333333333","-142.3333333","-149.3333333","-135.3333333","1","-34.83333333","-54.33333333","-15.33333333","1","-200.8333333","-285.3333333","-116.3333333","1","-10322.38676","-17232.13192","-3412.641588","1","-1678.005208","-1888.333333","-1107.114583","1","-365.3333333","-365.3333333","-365.3333333","1","-116.3333333","-116.3333333","-116.3333333","1","0","0","0","0","-167.3333333","-167.3333333","-167.3333333","1","-15.33333333","-15.33333333","-6.333333333","1","0","0","0","0","-251.3333333","-274.3333333","-228.3333333","1","-190.3333333","-228.3333333","-152.3333333","1","-127.8333333","-154.3333333","-101.3333333","1","-10323.32606","-17230.91829","-3415.733827","1","-2893.161458","-4272.020833","-1514.302083","1","-365.3333333","-365.3333333","-365.3333333","1","-101.3333333","-101.3333333","-101.3333333","1","-101.3333333","-101.3333333","-101.3333333","1","-154.3333333","-154.3333333","-154.3333333","1","-152.3333333","-152.3333333","-149.3333333","1","-101.3333333","-101.3333333","-101.3333333","1","-1731.333333","-1888.333333","-1574.333333","1","-319.3333333","-365.3333333","-273.3333333","1","-1394.833333","-1888.333333","-901.3333333","1","-10317.95914","-17218.45044","-3417.467842","1","-2718.520833","-8661.708333","-54.33333333","1","-365.3333333","-365.3333333","-365.3333333","1","-1888.333333","-1888.333333","-1888.333333","1","0","0","0","0","-1035.333333","-1035.333333","-1035.333333","1","-285.3333333","-285.3333333","-194.3333333","1","0","0","0","0","30.08071885","164","437.421659","3","5","10","15"
"2026-05-25","04:11:00","11","ghost_high_51885_51918","high","29975","51918","29969.75","-33","-44","-22","1","-2.5","-7","2","1","-8","-45","29","1","-10301.38433","-17212.22318","-3390.545467","1","-1657.484375","-1870","-594.90625","1","73","73","73","1","29","29","29","1","0","0","0","0","-50","-50","-50","1","4","2","4","1","0","0","0","0","-233","-256","-210","1","-73.5","-98","-49","1","-97","-267","73","1","-10301.36863","-17210.44901","-3392.288249","1","-2991.0625","-4398.875","-1583.25","1","73","73","73","1","73","73","73","1","0","0","0","0","-136","-136","-136","1","-31","-31","-30","1","0","0","0","0","-1713","-1870","-1556","1","-70","-83","-57","1","-1376.5","-1870","-883","1","-10296.30544","-17198.15999","-3394.450888","1","-2613.328125","-8605.90625","73","1","73","73","73","1","-1870","-1870","-1870","1","0","0","0","0","-1017","-1017","-1017","1","-57","-57","-47","1","0","0","0","0","17.5207113","41","50.48783387","3","5","10","15"
"2026-05-25","06:04:00","04","ghost_low_51989_52031","low","29976","52031","29966.1666666667","50.83333333","39.33333333","62.33333333","1","19.83333333","10.33333333","29.33333333","1","48.83333333","35.33333333","62.33333333","1","-10284.36485","-17196.31465","-3372.415046","1","26.22395833","-597.5416667","115.3333333","1","87.33333333","87.33333333","87.33333333","1","62.33333333","62.33333333","62.33333333","1","0","0","0","0","90.33333333","90.33333333","90.33333333","1","10.33333333","8.333333333","10.33333333","1","0","0","0","0","55.33333333","25.33333333","85.33333333","1","20.33333333","15.33333333","25.33333333","1","47.33333333","-20.66666667","115.3333333","1","-10284.51959","-17194.64137","-3374.397804","1","-2937.166667","-4339.666667","-1699.666667","1","87.33333333","87.33333333","87.33333333","1","115.3333333","115.3333333","115.3333333","1","0","0","0","0","43.33333333","43.33333333","43.33333333","1","80.33333333","79.33333333","80.33333333","1","0","0","0","0","-1698.666667","-1855.666667","-1541.666667","1","-21.16666667","-21.66666667","-20.66666667","1","-1362.166667","-1855.666667","-868.6666667","1","-10279.16023","-17182.17658","-3376.143871","1","-2990.838542","-8581.947917","115.3333333","1","87.33333333","87.33333333","87.33333333","1","-1855.666667","-1855.666667","-1855.666667","1","0","0","0","0","-1002.666667","-1002.666667","-1002.666667","1","115.3333333","31.33333333","115.3333333","1","0","0","0","0","21.10744125","81","79.69972791","3","5","10","15"
"2026-05-25","07:17:00","17","ghost_low_52048_52104","low","29950","52104","29939.5","118.5","107","130","1","36.5","23","50","1","107.5","85","130","1","-10175.0814","-17088.09572","-3262.067087","1","138.546875","-135.65625","222","1","194","194","194","1","130","130","130","1","0","0","0","0","130","130","130","1","22","21","22","1","0","0","0","0","162","132","192","1","169.5","166","173","1","132","42","222","1","-10175.50637","-17086.58761","-3264.425142","1","-2892.078125","-4183.28125","-1600.875","1","194","194","194","1","42","42","42","1","0","0","0","0","150","150","150","1","134","115","134","1","0","0","0","0","-1592","-1749","-1435","1","85.5","85","86","1","-1255.5","-1749","-762","1","-10170.4531","-17074.30431","-3266.601883","1","-2884.171875","-8475.28125","222","1","194","194","194","1","-1749","-1749","-1749","1","0","0","0","0","-896","-896","-896","1","182","115","182","1","0","0","0","0","26.38669313","101","121.9422485","3","5","10","15"
"2026-05-25","08:19:00","19","ghost_low_52130_52166","low","29951","52166","29935","73.5","59","88","1","15","11","19","1","60","28","92","1","-10152.74243","-17067.47386","-3238.010995","1","145.078125","-76.40625","240","1","-182","-182","-182","1","92","92","92","1","0","0","0","0","28","28","28","1","-19","-19","1","1","0","0","0","0","-15","-158","128","1","26.5","-11","64","1","14.5","-182","211","1","-10153.1643","-17065.96561","-3240.362991","1","-2829.234375","-4101.84375","-1556.625","1","-182","-182","-182","1","211","211","211","1","0","0","0","0","200","200","200","1","158","147","158","1","0","0","0","0","-1574","-1731","-1417","1","103.5","103","104","1","-1237.5","-1731","-744","1","-10148.19539","-17053.75471","-3242.636063","1","-2866.171875","-8457.28125","240","1","-182","-182","-182","1","-1731","-1731","-1731","1","0","0","0","0","-878","-878","-878","1","-182","-182","133","1","0","0","0","0","29.69901709","88","100.5996487","3","5","10","15"
"2026-05-25","09:54:00","54","ghost_high_52214_52261","high","29976.75","52261","29961.1666666667","45.83333333","38.33333333","53.33333333","1","-0.1666666667","-3.666666667","3.333333333","1","1.333333333","-27.66666667","30.33333333","1","-10255.62258","-17171.07302","-3340.172138","1","36.42708333","-75.66666667","135.3333333","1","107.3333333","107.3333333","107.3333333","1","-27.66666667","-27.66666667","-27.66666667","1","0","0","0","0","7.333333333","7.333333333","7.333333333","1","6.333333333","5.333333333","6.333333333","1","0","0","0","0","-119.6666667","-262.6666667","23.33333333","1","-28.16666667","-43.66666667","-12.66666667","1","-15.16666667","-136.6666667","106.3333333","1","-10255.64805","-17169.3256","-3341.970505","1","-2933.901042","-4206.510417","-1661.291667","1","107.3333333","107.3333333","107.3333333","1","-136.6666667","-136.6666667","-136.6666667","1","0","0","0","0","95.33333333","95.33333333","95.33333333","1","30.33333333","4.333333333","30.33333333","1","0","0","0","0","-1678.666667","-1835.666667","-1521.666667","1","-1.166666667","-1.666666667","-0.6666666667","1","-850.1666667","-1835.666667","135.3333333","1","-10251.12878","-17157.38619","-3344.871381","1","-2970.838542","-8561.947917","135.3333333","1","107.3333333","107.3333333","107.3333333","1","135.3333333","135.3333333","135.3333333","1","0","0","0","0","-982.6666667","-982.6666667","-982.6666667","1","53.33333333","42.33333333","53.33333333","1","0","0","0","0","14.89705496","5","33.6569009","3","5","10","15"
"2026-05-25","09:54:00","54","ghost_low_52176_52261","low","29927","52261","29961.1666666667","45.83333333","38.33333333","53.33333333","1","-0.1666666667","-3.666666667","3.333333333","1","1.333333333","-27.66666667","30.33333333","1","-10255.62258","-17171.07302","-3340.172138","1","36.42708333","-75.66666667","135.3333333","1","107.3333333","107.3333333","107.3333333","1","-27.66666667","-27.66666667","-27.66666667","1","0","0","0","0","7.333333333","7.333333333","7.333333333","1","6.333333333","5.333333333","6.333333333","1","0","0","0","0","-119.6666667","-262.6666667","23.33333333","1","-28.16666667","-43.66666667","-12.66666667","1","-15.16666667","-136.6666667","106.3333333","1","-10255.64805","-17169.3256","-3341.970505","1","-2933.901042","-4206.510417","-1661.291667","1","107.3333333","107.3333333","107.3333333","1","-136.6666667","-136.6666667","-136.6666667","1","0","0","0","0","95.33333333","95.33333333","95.33333333","1","30.33333333","4.333333333","30.33333333","1","0","0","0","0","-1678.666667","-1835.666667","-1521.666667","1","-1.166666667","-1.666666667","-0.6666666667","1","-850.1666667","-1835.666667","135.3333333","1","-10251.12878","-17157.38619","-3344.871381","1","-2970.838542","-8561.947917","135.3333333","1","107.3333333","107.3333333","107.3333333","1","135.3333333","135.3333333","135.3333333","1","0","0","0","0","-982.6666667","-982.6666667","-982.6666667","1","53.33333333","42.33333333","53.33333333","1","0","0","0","0","14.89705496","5","33.6569009","3","5","10","15"
"2026-05-25","11:23:00","23","ghost_low_52289_52350","low","29956.75","52350","29979.6666666667","-0.1666666667","-10.66666667","10.33333333","1","0.8333333333","0.3333333333","1.333333333","1","2.833333333","2.333333333","3.333333333","1","-10328.2329","-17244.24774","-3412.218053","1","-37.57291667","-110.1041667","21.77083333","1","33.33333333","33.33333333","33.33333333","1","2.333333333","2.333333333","2.333333333","1","2.333333333","2.333333333","2.333333333","1","2.333333333","2.333333333","2.333333333","1","-4.666666667","-4.666666667","-4.666666667","1","2.333333333","2.333333333","2.333333333","1","-193.6666667","-336.6666667","-50.66666667","1","-54.16666667","-55.66666667","-52.66666667","1","-170.6666667","-210.6666667","-130.6666667","1","-10328.25061","-17242.49604","-3414.005185","1","-3007.901042","-4280.510417","-1735.291667","1","33.33333333","33.33333333","33.33333333","1","-130.6666667","-130.6666667","-130.6666667","1","0","0","0","0","21.33333333","21.33333333","21.33333333","1","-22.66666667","-22.66666667","-15.66666667","1","-130.6666667","-130.6666667","-130.6666667","1","-1752.666667","-1909.666667","-1595.666667","1","-75.16666667","-75.66666667","-74.66666667","1","-149.6666667","-360.6666667","61.33333333","1","-10323.23064","-17230.25902","-3416.202259","1","-3044.838542","-8635.947917","61.33333333","1","33.33333333","33.33333333","33.33333333","1","-360.6666667","-360.6666667","-360.6666667","1","0","0","0","0","-1056.666667","-1056.666667","-1056.666667","1","-130.6666667","-130.6666667","-95.66666667","1","0","0","0","0","14.67405604","6","28.12927373","3","5","10","15"
"2026-05-25","11:23:00","23","ghost_high_52324_52350","high","29974.75","52350","29979.6666666667","-0.1666666667","-10.66666667","10.33333333","1","0.8333333333","0.3333333333","1.333333333","1","2.833333333","2.333333333","3.333333333","1","-10328.2329","-17244.24774","-3412.218053","1","-37.57291667","-110.1041667","21.77083333","1","33.33333333","33.33333333","33.33333333","1","2.333333333","2.333333333","2.333333333","1","2.333333333","2.333333333","2.333333333","1","2.333333333","2.333333333","2.333333333","1","-4.666666667","-4.666666667","-4.666666667","1","2.333333333","2.333333333","2.333333333","1","-193.6666667","-336.6666667","-50.66666667","1","-54.16666667","-55.66666667","-52.66666667","1","-170.6666667","-210.6666667","-130.6666667","1","-10328.25061","-17242.49604","-3414.005185","1","-3007.901042","-4280.510417","-1735.291667","1","33.33333333","33.33333333","33.33333333","1","-130.6666667","-130.6666667","-130.6666667","1","0","0","0","0","21.33333333","21.33333333","21.33333333","1","-22.66666667","-22.66666667","-15.66666667","1","-130.6666667","-130.6666667","-130.6666667","1","-1752.666667","-1909.666667","-1595.666667","1","-75.16666667","-75.66666667","-74.66666667","1","-149.6666667","-360.6666667","61.33333333","1","-10323.23064","-17230.25902","-3416.202259","1","-3044.838542","-8635.947917","61.33333333","1","33.33333333","33.33333333","33.33333333","1","-360.6666667","-360.6666667","-360.6666667","1","0","0","0","0","-1056.666667","-1056.666667","-1056.666667","1","-130.6666667","-130.6666667","-95.66666667","1","0","0","0","0","14.67405604","6","28.12927373","3","5","10","15"
"2026-05-25","12:44:00","44","ghost_low_52403_52431","low","29960","52431","29954.3333333333","88.66666667","66.66666667","110.6666667","1","23.16666667","15.66666667","30.66666667","1","62.16666667","-18.33333333","142.6666667","1","-10224.35216","-17141.4076","-3307.296729","1","63.76041667","-8.770833333","123.1041667","1","-109.3333333","-109.3333333","-109.3333333","1","-18.33333333","-18.33333333","-18.33333333","1","0","0","0","0","48.66666667","48.66666667","48.66666667","1","3.666666667","1.666666667","3.666666667","1","0","0","0","0","48.66666667","22.66666667","74.66666667","1","47.16666667","45.66666667","48.66666667","1","55.16666667","-29.33333333","139.6666667","1","-10224.44342","-17139.69989","-3309.186949","1","-2906.567708","-4328.895833","-1633.958333","1","-109.3333333","-109.3333333","-109.3333333","1","139.6666667","139.6666667","139.6666667","1","0","0","0","0","139.6666667","139.6666667","139.6666667","1","54.66666667","42.66666667","54.66666667","1","0","0","0","0","-1651.333333","-1808.333333","-1494.333333","1","26.16666667","25.66666667","26.66666667","1","-48.33333333","-259.3333333","162.6666667","1","-10220.61392","-17128.16974","-3313.058091","1","-2794.911458","-8512.895833","162.6666667","1","-109.3333333","-109.3333333","-109.3333333","1","-259.3333333","-259.3333333","-259.3333333","1","0","0","0","0","-955.3333333","-955.3333333","-955.3333333","1","44.66666667","44.66666667","69.66666667","1","0","0","0","0","18.84927998","44","66.7896319","3","5","10","15"
"2026-05-25","13:50:00","50","ghost_high_52441_52497","high","29957.75","52497","29979.4166666667","-29.66666667","-42.66666667","-16.66666667","1","-15.16666667","-15.66666667","-14.66666667","1","-14.66666667","-43.66666667","14.33333333","1","-10320.43745","-17239.19753","-3401.677364","1","-40.40104167","-125.1041667","31.27083333","1","34.33333333","34.33333333","34.33333333","1","14.33333333","14.33333333","14.33333333","1","0","0","0","0","-164.6666667","-164.6666667","-164.6666667","1","-14.66666667","-14.66666667","-14.66666667","1","0","0","0","0","-51.66666667","-77.66666667","-25.66666667","1","-87.16666667","-130.6666667","-43.66666667","1","-64.16666667","-170.6666667","42.33333333","1","-10320.39941","-17237.41781","-3403.381007","1","-3006.901042","-4429.229167","-1734.291667","1","34.33333333","34.33333333","34.33333333","1","-170.6666667","-170.6666667","-170.6666667","1","0","0","0","0","39.33333333","39.33333333","39.33333333","1","-43.66666667","-43.66666667","-29.66666667","1","0","0","0","0","-1751.666667","-1908.666667","-1594.666667","1","-74.16666667","-74.66666667","-73.66666667","1","-148.6666667","-359.6666667","62.33333333","1","-10318.42959","-17226.99856","-3409.860612","1","-2895.244792","-8613.229167","62.33333333","1","34.33333333","34.33333333","34.33333333","1","-359.6666667","-359.6666667","-359.6666667","1","0","0","0","0","-1055.666667","-1055.666667","-1055.666667","1","42.33333333","-28.66666667","42.33333333","1","0","0","0","0","25.03939696","326","232.2515932","3","5","10","15"
"2026-05-25","15:32:00","32","ghost_high_52503_52599","high","29993.75","52599","29932.6666666667","73.83333333","45.33333333","102.3333333","1","38.33333333","31.33333333","45.33333333","1","99.83333333","97.33333333","102.3333333","1","-10119.98742","-17044.10927","-3195.865563","1","81.44270833","-16.29166667","179.1770833","1","-22.66666667","-22.66666667","-22.66666667","1","102.3333333","102.3333333","102.3333333","1","0","0","0","0","-13.66666667","-13.66666667","-13.66666667","1","-23.66666667","-23.66666667","-23.66666667","1","0","0","0","0","-5.666666667","-30.66666667","19.33333333","1","15.33333333","1.333333333","29.33333333","1","-35.16666667","-90.66666667","20.33333333","1","-10120.25428","-17042.51143","-3197.997127","1","-2857.416667","-4230.166667","-1484.666667","1","-22.66666667","-22.66666667","-22.66666667","1","-90.66666667","-90.66666667","-90.66666667","1","0","0","0","0","226.3333333","226.3333333","226.3333333","1","145.3333333","133.3333333","145.3333333","1","-90.66666667","-90.66666667","-90.66666667","1","-1564.666667","-1721.666667","-1407.666667","1","112.8333333","112.3333333","113.3333333","1","38.33333333","-172.6666667","249.3333333","1","-10120.07839","-17033.20492","-3206.951862","1","-2565.979167","-8384.291667","249.3333333","1","-22.66666667","-22.66666667","-22.66666667","1","-172.6666667","-172.6666667","-172.6666667","1","0","0","0","0","-868.6666667","-868.6666667","-868.6666667","1","244.3333333","240.3333333","244.3333333","1","0","0","0","0","42.73086818","220","317.7346175","3","5","10","15"
"2026-05-25","15:32:00","32","ghost_low_52551_52599","low","29910","52599","29932.6666666667","73.83333333","45.33333333","102.3333333","1","38.33333333","31.33333333","45.33333333","1","99.83333333","97.33333333","102.3333333","1","-10119.98742","-17044.10927","-3195.865563","1","81.44270833","-16.29166667","179.1770833","1","-22.66666667","-22.66666667","-22.66666667","1","102.3333333","102.3333333","102.3333333","1","0","0","0","0","-13.66666667","-13.66666667","-13.66666667","1","-23.66666667","-23.66666667","-23.66666667","1","0","0","0","0","-5.666666667","-30.66666667","19.33333333","1","15.33333333","1.333333333","29.33333333","1","-35.16666667","-90.66666667","20.33333333","1","-10120.25428","-17042.51143","-3197.997127","1","-2857.416667","-4230.166667","-1484.666667","1","-22.66666667","-22.66666667","-22.66666667","1","-90.66666667","-90.66666667","-90.66666667","1","0","0","0","0","226.3333333","226.3333333","226.3333333","1","145.3333333","133.3333333","145.3333333","1","-90.66666667","-90.66666667","-90.66666667","1","-1564.666667","-1721.666667","-1407.666667","1","112.8333333","112.3333333","113.3333333","1","38.33333333","-172.6666667","249.3333333","1","-10120.07839","-17033.20492","-3206.951862","1","-2565.979167","-8384.291667","249.3333333","1","-22.66666667","-22.66666667","-22.66666667","1","-172.6666667","-172.6666667","-172.6666667","1","0","0","0","0","-868.6666667","-868.6666667","-868.6666667","1","244.3333333","240.3333333","244.3333333","1","0","0","0","0","42.73086818","220","317.7346175","3","5","10","15"
"2026-05-25","22:21:00","21","ghost_low_52688_52708","low","29910.25","52708","29927.3333333333","65.16666667","-68.33333333","198.6666667","1","-9.833333333","-13.33333333","-6.333333333","1","-0.3333333333","-41.33333333","40.66666667","1","-10092.12186","-17018.77279","-3165.47093","1","103.4010417","-6.520833333","202.8541667","1","-1.333333333","-1.333333333","-1.333333333","1","-41.33333333","-41.33333333","-41.33333333","1","0","0","0","0","127.6666667","127.6666667","127.6666667","1","-22.33333333","-22.33333333","-16.33333333","1","0","0","0","0","106.1666667","54.66666667","157.6666667","1","47.66666667","40.66666667","54.66666667","1","98.16666667","-57.33333333","253.6666667","1","-10092.1525","-17017.036","-3167.268993","1","-2836.083333","-4208.833333","-1463.333333","1","-1.333333333","-1.333333333","-1.333333333","1","-57.33333333","-57.33333333","-57.33333333","1","0","0","0","0","-57.33333333","-57.33333333","-57.33333333","1","-49.33333333","-49.33333333","-45.33333333","1","0","0","0","0","-1543.333333","-1700.333333","-1386.333333","1","134.1666667","133.6666667","134.6666667","1","59.66666667","-151.3333333","270.6666667","1","-10088.69546","-17005.78611","-3171.604807","1","-2528.239583","-8312.645833","270.6666667","1","-1.333333333","-1.333333333","-1.333333333","1","-151.3333333","-151.3333333","-151.3333333","1","0","0","0","0","-847.3333333","-847.3333333","-847.3333333","1","-57.33333333","-57.33333333","-17.33333333","1","0","0","0","0","39.70636192","135","112.3313525","3","5","10","15"
"2026-05-25","22:47:00","47","ghost_low_52688_52734","low","29910.25","52734","29900.9166666667","51.33333333","35.33333333","67.33333333","1","23.33333333","11.33333333","35.33333333","1","-44.66666667","-65.66666667","-23.66666667","1","-9984.391083","-16911.8276","-3056.954569","1","296.2239583","111.8645833","371.3333333","1","36.33333333","36.33333333","36.33333333","1","-65.66666667","-65.66666667","-65.66666667","1","-65.66666667","-65.66666667","-65.66666667","1","-23.66666667","-23.66666667","-23.66666667","1","-15.66666667","-15.66666667","1.333333333","1","-65.66666667","-65.66666667","-65.66666667","1","211.8333333","160.3333333","263.3333333","1","153.3333333","146.3333333","160.3333333","1","176.3333333","48.33333333","304.3333333","1","-9985.035576","-16910.47398","-3059.597166","1","-2705.557292","-4067.322917","-1343.791667","1","36.33333333","36.33333333","36.33333333","1","304.3333333","304.3333333","304.3333333","1","0","0","0","0","48.33333333","48.33333333","48.33333333","1","142.3333333","142.3333333","142.3333333","1","0","0","0","0","-1437.666667","-1594.666667","-1280.666667","1","239.8333333","239.3333333","240.3333333","1","165.3333333","-45.66666667","376.3333333","1","-9983.02879","-16900.11944","-3065.938141","1","-2422.572917","-8206.979167","376.3333333","1","36.33333333","36.33333333","36.33333333","1","-45.66666667","-45.66666667","-45.66666667","1","0","0","0","0","-741.6666667","-741.6666667","-741.6666667","1","48.33333333","48.33333333","88.33333333","1","0","0","0","0","44.65061367","79","161.0443142","3","5","10","15"
"2026-05-26","00:10:00","10","ghost_low_52774_52817","low","29834.25","52817","29810.0833333333","136.6666667","109.6666667","163.6666667","1","63.16666667","41.66666667","84.66666667","1","143.6666667","96.66666667","190.6666667","1","-9615.346556","-16544.8259","-2685.867209","1","456.8697917","251.5416667","638.0416667","1","64.66666667","64.66666667","64.66666667","1","190.6666667","190.6666667","190.6666667","1","0","0","0","0","353.6666667","353.6666667","353.6666667","1","41.66666667","32.66666667","41.66666667","1","0","0","0","0","283.1666667","211.6666667","354.6666667","1","243.6666667","238.6666667","248.6666667","1","382.1666667","96.66666667","667.6666667","1","-9615.322366","-16543.04735","-2687.597379","1","-2282.427083","-3617.770833","-947.0833333","1","64.66666667","64.66666667","64.66666667","1","96.66666667","96.66666667","96.66666667","1","0","0","0","0","411.6666667","411.6666667","411.6666667","1","281.6666667","277.6666667","281.6666667","1","0","0","0","0","519.1666667","411.6666667","626.6666667","1","387.6666667","363.6666667","411.6666667","1","528.6666667","317.6666667","739.6666667","1","-9611.54795","-16531.67443","-2691.421466","1","-2059.239583","-7843.645833","739.6666667","1","64.66666667","64.66666667","64.66666667","1","317.6666667","317.6666667","317.6666667","1","0","0","0","0","317.6666667","317.6666667","317.6666667","1","363.6666667","315.6666667","363.6666667","1","0","0","0","0","53.37450621","498","331.871992","3","5","10","15"
"2026-05-26","01:39:00","39","ghost_low_52877_52906","low","29796.5","52906","29780.3333333333","87.16666667","62.66666667","111.6666667","1","14.66666667","10.66666667","18.66666667","1","85.66666667","54.66666667","116.6666667","1","-9490.522438","-16421.95798","-2559.086894","1","594.1979167","389.3541667","799.0416667","1","-125.3333333","-125.3333333","-125.3333333","1","116.6666667","116.6666667","116.6666667","1","0","0","0","0","78.66666667","78.66666667","78.66666667","1","-17.33333333","-17.33333333","-8.333333333","1","0","0","0","0","144.1666667","65.66666667","222.6666667","1","294.1666667","220.6666667","367.6666667","1","277.1666667","80.66666667","473.6666667","1","-9491.416039","-16420.80066","-2562.031419","1","-2191.927083","-3295.333333","-828.8958333","1","-125.3333333","-125.3333333","-125.3333333","1","80.66666667","80.66666667","80.66666667","1","0","0","0","0","80.66666667","80.66666667","80.66666667","1","182.6666667","173.6666667","182.6666667","1","0","0","0","0","638.1666667","530.6666667","745.6666667","1","402.1666667","400.6666667","403.6666667","1","647.6666667","436.6666667","858.6666667","1","-9487.943281","-16409.65669","-2566.229874","1","-1940.239583","-7724.645833","858.6666667","1","-125.3333333","-125.3333333","-125.3333333","1","436.6666667","436.6666667","436.6666667","1","0","0","0","0","436.6666667","436.6666667","436.6666667","1","400.6666667","396.6666667","400.6666667","1","0","0","0","0","37.15028207","140","215.3474157","3","5","10","15"
"2026-05-26","03:36:00","36","ghost_low_52972_53023","low","29801.25","53023","29820.5","8","-1","17","1","3.5","3","4","1","-28.5","-73","16","1","-9647.105447","-16579.89574","-2714.315153","1","419.15625","74.625","681","1","23","23","23","1","16","16","16","1","0","0","0","0","16","16","16","1","-10","-10","-2","1","0","0","0","0","-16.5","-95","62","1","133.5","60","207","1","-30","-94","34","1","-9647.238828","-16578.22419","-2716.253462","1","-2446.46875","-3248","-1028.375","1","23","23","23","1","-94","-94","-94","1","0","0","0","0","-80","-80","-80","1","-38","-38","-34","1","0","0","0","0","-30","-94","34","1","241.5","240","243","1","487","276","698","1","-9642.681243","-16566.36651","-2718.995975","1","-2100.90625","-7885.3125","698","1","23","23","23","1","276","276","276","1","0","0","0","0","276","276","276","1","-94","-94","-24","1","0","0","0","0","20.08649521","44","56.43676712","3","5","10","15"
"2026-05-26","03:36:00","36","ghost_high_52968_53023","high","29825.5","53023","29820.5","8","-1","17","1","3.5","3","4","1","-28.5","-73","16","1","-9647.105447","-16579.89574","-2714.315153","1","419.15625","74.625","681","1","23","23","23","1","16","16","16","1","0","0","0","0","16","16","16","1","-10","-10","-2","1","0","0","0","0","-16.5","-95","62","1","133.5","60","207","1","-30","-94","34","1","-9647.238828","-16578.22419","-2716.253462","1","-2446.46875","-3248","-1028.375","1","23","23","23","1","-94","-94","-94","1","0","0","0","0","-80","-80","-80","1","-38","-38","-34","1","0","0","0","0","-30","-94","34","1","241.5","240","243","1","487","276","698","1","-9642.681243","-16566.36651","-2718.995975","1","-2100.90625","-7885.3125","698","1","23","23","23","1","276","276","276","1","0","0","0","0","276","276","276","1","-94","-94","-24","1","0","0","0","0","20.08649521","44","56.43676712","3","5","10","15"
"2026-05-26","04:06:00","06","ghost_high_53018_53053","high","29828.5","53053","29809.25","48.5","42","55","1","35","22","48","1","48.5","31","66","1","-9601.49549","-16534.48967","-2668.501305","1","464.15625","64.5","726","1","68","68","68","1","31","31","31","1","0","0","0","0","61","61","61","1","22","9","22","1","0","0","0","0","28.5","-50","107","1","178.5","105","252","1","15","-49","79","1","-9601.621455","-16532.81396","-2670.428948","1","-2401.46875","-3203","-983.375","1","68","68","68","1","-49","-49","-49","1","0","0","0","0","-35","-35","-35","1","1","1","32","1","0","0","0","0","24.5","-28","77","1","286.5","285","288","1","532","321","743","1","-9596.248119","-16520.41432","-2672.081917","1","-2055.90625","-7840.3125","743","1","68","68","68","1","321","321","321","1","0","0","0","0","321","321","321","1","-28","-28","36","1","0","0","0","0","20.75973136","91","58.61596522","3","5","10","15"
"2026-05-26","05:25:00","25","ghost_high_53064_53132","high","29829","53132","29807.5833333333","-8.333333333","-16.33333333","-0.3333333333","1","-31.33333333","-44.33333333","-18.33333333","1","0.1666666667","-19.33333333","19.66666667","1","-9593.024123","-16526.6144","-2659.433846","1","18.65104167","-149.3333333","341.6979167","1","74.66666667","74.66666667","74.66666667","1","-19.33333333","-19.33333333","-19.33333333","1","0","0","0","0","37.66666667","37.66666667","37.66666667","1","-15.33333333","-15.33333333","-7.333333333","1","0","0","0","0","53.66666667","21.66666667","85.66666667","1","185.1666667","111.6666667","258.6666667","1","20.66666667","-42.33333333","83.66666667","1","-9593.060466","-16524.88034","-2661.240589","1","-2394.802083","-3196.333333","-853.3958333","1","74.66666667","74.66666667","74.66666667","1","83.66666667","83.66666667","83.66666667","1","0","0","0","0","83.66666667","83.66666667","83.66666667","1","-30.33333333","-30.33333333","-9.333333333","1","0","0","0","0","31.16666667","-21.33333333","83.66666667","1","293.1666667","291.6666667","294.6666667","1","89.16666667","-149.3333333","327.6666667","1","-9588.264938","-16512.86731","-2663.662569","1","-2049.239583","-7833.645833","749.6666667","1","74.66666667","74.66666667","74.66666667","1","-149.3333333","-149.3333333","-149.3333333","1","0","0","0","0","327.6666667","327.6666667","327.6666667","1","85.66666667","53.66666667","85.66666667","1","-149.3333333","-149.3333333","-149.3333333","1","20.44562955","28","36.28714136","3","5","10","15"
"2026-05-26","06:50:00","50","ghost_low_53159_53217","low","29793.75","53217","29822.9166666667","-9.666666667","-31.66666667","12.33333333","1","40.33333333","22.33333333","58.33333333","1","-2.666666667","-83.66666667","78.33333333","1","-9651.469739","-16586.03037","-2716.909109","1","-13.24479167","-127.5416667","101.0520833","1","13.33333333","13.33333333","13.33333333","1","78.33333333","78.33333333","78.33333333","1","0","0","0","0","5.333333333","5.333333333","5.333333333","1","7.333333333","7.333333333","7.333333333","1","0","0","0","0","-7.666666667","-39.66666667","24.33333333","1","-35.16666667","-58.66666667","-11.66666667","1","-139.1666667","-161.6666667","-116.6666667","1","-9651.44512","-16584.25594","-2718.634298","1","-2456.135417","-3257.666667","-914.7291667","1","13.33333333","13.33333333","13.33333333","1","-116.6666667","-116.6666667","-116.6666667","1","-116.6666667","-116.6666667","-116.6666667","1","22.33333333","22.33333333","22.33333333","1","78.33333333","73.33333333","78.33333333","1","-116.6666667","-116.6666667","-116.6666667","1","-30.16666667","-82.66666667","22.33333333","1","231.8333333","230.3333333","233.3333333","1","27.83333333","-210.6666667","266.3333333","1","-9648.302058","-16573.33027","-2723.273845","1","-2110.572917","-7894.979167","688.3333333","1","13.33333333","13.33333333","13.33333333","1","-210.6666667","-210.6666667","-210.6666667","1","0","0","0","0","266.3333333","266.3333333","266.3333333","1","-161.6666667","-161.6666667","-91.66666667","1","-210.6666667","-210.6666667","-210.6666667","1","32.79509286","45","65.66171533","3","5","10","15"
"2026-05-26","06:50:00","50","ghost_high_53193_53217","high","29845.25","53217","29822.9166666667","-9.666666667","-31.66666667","12.33333333","1","40.33333333","22.33333333","58.33333333","1","-2.666666667","-83.66666667","78.33333333","1","-9651.469739","-16586.03037","-2716.909109","1","-13.24479167","-127.5416667","101.0520833","1","13.33333333","13.33333333","13.33333333","1","78.33333333","78.33333333","78.33333333","1","0","0","0","0","5.333333333","5.333333333","5.333333333","1","7.333333333","7.333333333","7.333333333","1","0","0","0","0","-7.666666667","-39.66666667","24.33333333","1","-35.16666667","-58.66666667","-11.66666667","1","-139.1666667","-161.6666667","-116.6666667","1","-9651.44512","-16584.25594","-2718.634298","1","-2456.135417","-3257.666667","-914.7291667","1","13.33333333","13.33333333","13.33333333","1","-116.6666667","-116.6666667","-116.6666667","1","-116.6666667","-116.6666667","-116.6666667","1","22.33333333","22.33333333","22.33333333","1","78.33333333","73.33333333","78.33333333","1","-116.6666667","-116.6666667","-116.6666667","1","-30.16666667","-82.66666667","22.33333333","1","231.8333333","230.3333333","233.3333333","1","27.83333333","-210.6666667","266.3333333","1","-9648.302058","-16573.33027","-2723.273845","1","-2110.572917","-7894.979167","688.3333333","1","13.33333333","13.33333333","13.33333333","1","-210.6666667","-210.6666667","-210.6666667","1","0","0","0","0","266.3333333","266.3333333","266.3333333","1","-161.6666667","-161.6666667","-91.66666667","1","-210.6666667","-210.6666667","-210.6666667","1","32.79509286","45","65.66171533","3","5","10","15"
"2026-05-26","07:54:00","54","ghost_high_53208_53281","high","29842.5","53281","29771.5","-31","-39","-23","1","45.5","25","66","1","-5.5","-110","99","1","-9442.317767","-16377.98701","-2506.648519","1","170.484375","64.09375","276.875","1","-5","-5","-5","1","99","99","99","1","0","0","0","0","-36","-36","-36","1","-17","-17","-15","1","0","0","0","0","198","166","230","1","146.5","95","198","1","192","89","295","1","-9442.541395","-16376.38377","-2508.699019","1","-2250.46875","-3052","-709.0625","1","-5","-5","-5","1","295","295","295","1","0","0","0","0","228","228","228","1","-33","-33","-29","1","0","0","0","0","175.5","123","228","1","437.5","436","439","1","233.5","-5","472","1","-9440.252676","-16366.08572","-2514.41963","1","-1904.90625","-7689.3125","894","1","-5","-5","-5","1","-5","-5","-5","1","0","0","0","0","472","472","472","1","109","109","142","1","-5","-5","-5","1","36.76426055","62","110.7907935","3","5","10","15"
"2026-05-26","10:51:00","51","ghost_low_53284_53458","low","29755","53458","29876.4166666667","85.33333333","68.33333333","102.3333333","1","-20.66666667","-27.66666667","-13.66666667","1","25.33333333","-65.66666667","116.3333333","1","-9854.457367","-16792.69989","-2916.214848","1","-219.7291667","-401.4166667","-59.41666667","1","16.33333333","16.33333333","16.33333333","1","-65.66666667","-65.66666667","-65.66666667","1","0","0","0","0","74.33333333","74.33333333","74.33333333","1","-9.666666667","-9.666666667","-5.666666667","1","0","0","0","0","18.33333333","-65.66666667","102.3333333","1","39.33333333","10.33333333","68.33333333","1","-425.1666667","-529.6666667","-320.6666667","1","-9854.476409","-16790.95978","-2917.993039","1","-2557.541667","-3053.666667","-958.9166667","1","16.33333333","16.33333333","16.33333333","1","-320.6666667","-320.6666667","-320.6666667","1","0","0","0","0","-320.6666667","-320.6666667","-320.6666667","1","102.3333333","74.33333333","102.3333333","1","0","0","0","0","-367.6666667","-473.6666667","-261.6666667","1","17.83333333","16.33333333","19.33333333","1","-186.1666667","-424.6666667","52.33333333","1","-9852.280105","-16780.6045","-2923.955712","1","-2324.572917","-8108.979167","474.3333333","1","16.33333333","16.33333333","16.33333333","1","-424.6666667","-424.6666667","-424.6666667","1","0","0","0","0","-424.6666667","-424.6666667","-424.6666667","1","-285.6666667","-285.6666667","-269.6666667","1","-424.6666667","-424.6666667","-424.6666667","1","30.77916465","101","140.8592618","3","5","10","15"
"2026-05-26","11:53:00","53","ghost_low_53484_53520","low","29840","53520","29867.0833333333","7.166666667","-14.33333333","28.66666667","1","-21.83333333","-35.33333333","-8.333333333","1","-127.8333333","-196.3333333","-59.33333333","1","-9813.322785","-16752.88576","-2873.759807","1","-182.3958333","-364.0833333","-22.08333333","1","53.66666667","53.66666667","53.66666667","1","-59.33333333","-59.33333333","-59.33333333","1","0","0","0","0","111.6666667","111.6666667","111.6666667","1","-10.33333333","-10.33333333","-5.333333333","1","-59.33333333","-59.33333333","-59.33333333","1","0.1666666667","-51.33333333","51.66666667","1","78.66666667","51.66666667","105.6666667","1","-45.83333333","-283.3333333","191.6666667","1","-9813.451461","-16751.21963","-2875.683294","1","-2630.458333","-3016.333333","-921.5833333","1","53.66666667","53.66666667","53.66666667","1","191.6666667","191.6666667","191.6666667","1","0","0","0","0","-283.3333333","-283.3333333","-283.3333333","1","-93.33333333","-93.33333333","-80.33333333","1","191.6666667","191.6666667","191.6666667","1","-330.3333333","-436.3333333","-224.3333333","1","-158.3333333","-224.3333333","-92.33333333","1","-439.8333333","-492.3333333","-387.3333333","1","-9811.372488","-16740.97223","-2881.772751","1","-2287.239583","-8071.645833","511.6666667","1","53.66666667","53.66666667","53.66666667","1","-492.3333333","-492.3333333","-492.3333333","1","0","0","0","0","-387.3333333","-387.3333333","-387.3333333","1","-92.33333333","-92.33333333","-75.33333333","1","-492.3333333","-492.3333333","-492.3333333","1","34.10403466","57","101.5336728","3","5","10","15"
"2026-05-26","12:29:00","29","ghost_high_53535_53556","high","29884.75","53556","29892.5","-106","-155","-57","1","-65","-71","-59","1","-88.5","-113","-64","1","-9912.655679","-16853.05087","-2972.260486","1","-177.1875","-380.25","4.5","1","-12","-12","-12","1","-113","-113","-113","1","0","0","0","0","-119","-119","-119","1","-23","-23","-12","1","0","0","0","0","-101.5","-153","-50","1","-23","-50","4","1","-104","-298","90","1","-9913.233504","-16851.66997","-2974.797035","1","-2732.125","-3118","-1023.25","1","-12","-12","-12","1","-298","-298","-298","1","0","0","0","0","-385","-385","-385","1","-122","-122","-85","1","0","0","0","0","-432","-538","-326","1","-260","-326","-194","1","-541.5","-594","-489","1","-9909.392038","-16840.26187","-2978.522203","1","-2388.90625","-7426.9375","410","1","-12","-12","-12","1","-594","-594","-594","1","0","0","0","0","-489","-489","-489","1","-298","-298","-147","1","-594","-594","-594","1","29.42157044","368","173.9019678","3","5","10","15"
"2026-05-26","13:56:00","56","ghost_high_53618_53643","high","29935","53643","29968.8333333333","-245.3333333","-355.3333333","-135.3333333","1","-25.33333333","-55.33333333","4.666666667","1","-250.3333333","-568.3333333","67.66666667","1","-10177.42086","-17132.78939","-3222.052334","1","-279.8489583","-506.4895833","-53.20833333","1","-8.333333333","-8.333333333","-8.333333333","1","67.66666667","67.66666667","67.66666667","1","0","0","0","0","-159.3333333","-159.3333333","-159.3333333","1","-79.33333333","-79.33333333","-37.33333333","1","0","0","0","0","-351.8333333","-568.3333333","-135.3333333","1","-234.8333333","-235.3333333","-234.3333333","1","-378.3333333","-603.3333333","-153.3333333","1","-10184.35608","-17135.3216","-3233.390557","1","-3037.458333","-3423.333333","-1218.333333","1","-8.333333333","-8.333333333","-8.333333333","1","-153.3333333","-153.3333333","-153.3333333","1","0","0","0","0","-153.3333333","-153.3333333","-153.3333333","1","-467.3333333","-467.3333333","-436.3333333","1","0","0","0","0","-737.3333333","-843.3333333","-631.3333333","1","-565.3333333","-631.3333333","-499.3333333","1","-846.8333333","-899.3333333","-794.3333333","1","-10209.77799","-17142.46976","-3277.086226","1","-2694.239583","-7732.270833","104.6666667","1","-8.333333333","-8.333333333","-8.333333333","1","-899.3333333","-899.3333333","-899.3333333","1","0","0","0","0","-794.3333333","-794.3333333","-794.3333333","1","-471.3333333","-471.3333333","-419.3333333","1","-899.3333333","-899.3333333","-899.3333333","1","102.1403","1786","2287.044464","3","5","10","15"
"2026-05-26","17:24:00","24","ghost_low_53816_53851","low","29948","53851","29971.9166666667","-4.666666667","-42.66666667","33.33333333","1","41.33333333","33.33333333","49.33333333","1","19.83333333","-44.66666667","84.33333333","1","-10079.56643","-17078.64186","-3080.491001","1","18.66145833","-314.6979167","312.8020833","1","20.33333333","20.33333333","20.33333333","1","-44.66666667","-44.66666667","-44.66666667","1","0","0","0","0","9.333333333","9.333333333","9.333333333","1","31.33333333","20.33333333","31.33333333","1","0","0","0","0","-364.1666667","-580.6666667","-147.6666667","1","60.83333333","50.33333333","71.33333333","1","-84.66666667","-343.6666667","174.3333333","1","-10080.79207","-17077.72541","-3083.858737","1","-3069.744792","-3379.666667","-528.3854167","1","20.33333333","20.33333333","20.33333333","1","174.3333333","174.3333333","174.3333333","1","0","0","0","0","-165.6666667","-165.6666667","-165.6666667","1","84.33333333","19.33333333","84.33333333","1","0","0","0","0","-749.6666667","-855.6666667","-643.6666667","1","-74.66666667","-165.6666667","16.33333333","1","-859.1666667","-911.6666667","-806.6666667","1","-10081.14932","-17068.89973","-3093.39891","1","-2716.244792","-7574.447917","587.3333333","1","20.33333333","20.33333333","20.33333333","1","-911.6666667","-911.6666667","-911.6666667","1","0","0","0","0","-806.6666667","-806.6666667","-806.6666667","1","-200.6666667","-200.6666667","-180.6666667","1","-911.6666667","-911.6666667","-911.6666667","1","45.12817767","611","631.2471876","3","5","10","15"
"2026-05-27","15:42:00","42","ghost_high_55069_55129","high","30024","55129","29915.25","-55.5","-97","-14","1","145.5","116","175","1","68","-128","264","1","-9598.33488","-16697.00961","-2499.660146","1","381.84375","-88.3125","852","1","-1","-1","-1","1","264","264","264","1","0","0","0","0","32","32","32","1","-32","-32","-3","1","0","0","0","0","101","-151","353","1","211","193","229","1","-32","-151","87","1","-9599.182516","-16695.75832","-2502.606715","1","145.8125","-974","1147.75","1","-1","-1","-1","1","-151","-151","-151","1","0","0","0","0","87","87","87","1","264","147","264","1","-151","-151","-151","1","1403.5","1280","1527","1","1024","736","1312","1","769","562","976","1","-9614.56657","-16697.3902","-2531.742941","1","-2567.46875","-6147.5625","591.4375","1","-1","-1","-1","1","562","562","562","1","0","0","0","0","562","562","562","1","736","582","736","1","0","0","0","0","78.22586967","729","985.2876841","3","5","10","15"
"2026-05-27","18:07:00","07","ghost_high_55245_55274","high","29990.5","55274","29978.5","2","-31","35","1","-1","-2","0","1","-15.5","-62","31","1","-9800.04436","-16915.27775","-2684.81097","1","-184.59375","-404","285.5625","1","66","66","66","1","31","31","31","1","0","0","0","0","1","1","1","1","-43","-43","-18","1","0","0","0","0","-152","-404","100","1","-106.5","-122","-91","1","-28","-335","279","1","-9801.854108","-16914.68345","-2689.024766","1","-107.1875","-1227","894.75","1","66","66","66","1","-335","-335","-335","1","0","0","0","0","-166","-166","-166","1","-62","-62","-49","1","0","0","0","0","1150.5","1027","1274","1","771","483","1059","1","599","-404","1602","1","-9796.951419","-16902.50991","-2691.392929","1","-2820.46875","-6400.5625","338.4375","1","66","66","66","1","-404","-404","-404","1","0","0","0","0","309","309","309","1","75","45","75","1","0","0","0","0","54.23833105","553","536.6015076","3","5","10","15"
"2026-05-27","19:21:00","21","ghost_low_55305_55348","low","30023","55348","30045.8333333333","-36.33333333","-66.33333333","-6.333333333","1","8.666666667","3.666666667","13.66666667","1","12.16666667","-41.33333333","65.66666667","1","-10049.19782","-17171.47176","-2926.92387","1","-15.11458333","-485.2708333","392.3541667","1","39.66666667","39.66666667","39.66666667","1","-41.33333333","-41.33333333","-41.33333333","1","0","0","0","0","-160.3333333","-160.3333333","-160.3333333","1","-22.33333333","-22.33333333","-14.33333333","1","0","0","0","0","-421.3333333","-673.3333333","-169.3333333","1","-107.3333333","-123.3333333","-91.33333333","1","-297.3333333","-604.3333333","9.666666667","1","-10049.55776","-17169.89221","-2929.2233","1","-376.5208333","-1378.458333","625.4166667","1","39.66666667","39.66666667","39.66666667","1","-604.3333333","-604.3333333","-604.3333333","1","0","0","0","0","-435.3333333","-435.3333333","-435.3333333","1","30.66666667","-7.333333333","30.66666667","1","0","0","0","0","881.1666667","757.6666667","1004.666667","1","501.6666667","213.6666667","789.6666667","1","329.6666667","-673.3333333","1332.666667","1","-10049.50313","-17160.82495","-2938.181307","1","-3089.802083","-6669.895833","69.10416667","1","39.66666667","39.66666667","39.66666667","1","-673.3333333","-673.3333333","-673.3333333","1","0","0","0","0","39.66666667","39.66666667","39.66666667","1","-331.3333333","-331.3333333","-293.3333333","1","0","0","0","0","39.20294301","526","487.6726617","3","5","10","15"
"2026-05-27","19:21:00","21","ghost_high_55299_55348","high","30060.25","55348","30045.8333333333","-36.33333333","-66.33333333","-6.333333333","1","8.666666667","3.666666667","13.66666667","1","12.16666667","-41.33333333","65.66666667","1","-10049.19782","-17171.47176","-2926.92387","1","-15.11458333","-485.2708333","392.3541667","1","39.66666667","39.66666667","39.66666667","1","-41.33333333","-41.33333333","-41.33333333","1","0","0","0","0","-160.3333333","-160.3333333","-160.3333333","1","-22.33333333","-22.33333333","-14.33333333","1","0","0","0","0","-421.3333333","-673.3333333","-169.3333333","1","-107.3333333","-123.3333333","-91.33333333","1","-297.3333333","-604.3333333","9.666666667","1","-10049.55776","-17169.89221","-2929.2233","1","-376.5208333","-1378.458333","625.4166667","1","39.66666667","39.66666667","39.66666667","1","-604.3333333","-604.3333333","-604.3333333","1","0","0","0","0","-435.3333333","-435.3333333","-435.3333333","1","30.66666667","-7.333333333","30.66666667","1","0","0","0","0","881.1666667","757.6666667","1004.666667","1","501.6666667","213.6666667","789.6666667","1","329.6666667","-673.3333333","1332.666667","1","-10049.50313","-17160.82495","-2938.181307","1","-3089.802083","-6669.895833","69.10416667","1","39.66666667","39.66666667","39.66666667","1","-673.3333333","-673.3333333","-673.3333333","1","0","0","0","0","39.66666667","39.66666667","39.66666667","1","-331.3333333","-331.3333333","-293.3333333","1","0","0","0","0","39.20294301","526","487.6726617","3","5","10","15"
"2026-05-28","01:19:00","19","ghost_low_55582_55646","low","29970.25","55646","30058.8333333333","-14.83333333","-30.33333333","0.6666666667","1","23.66666667","15.66666667","31.66666667","1","-21.83333333","-56.33333333","12.66666667","1","-10064.31235","-17199.52028","-2929.104424","1","-37.48958333","-294.0833333","219.1041667","1","-12.33333333","-12.33333333","-12.33333333","1","-56.33333333","-56.33333333","-56.33333333","1","0","0","0","0","-75.33333333","-75.33333333","-75.33333333","1","-21.33333333","-21.33333333","-19.33333333","1","0","0","0","0","6.666666667","-71.33333333","84.66666667","1","-161.3333333","-200.3333333","-122.3333333","1","-148.8333333","-382.3333333","84.66666667","1","-10064.81477","-17198.04899","-2931.580544","1","-74.89583333","-1076.833333","809.1666667","1","-12.33333333","-12.33333333","-12.33333333","1","-382.3333333","-382.3333333","-382.3333333","1","0","0","0","0","52.66666667","52.66666667","52.66666667","1","85.66666667","57.66666667","85.66666667","1","0","0","0","0","829.1666667","705.6666667","952.6666667","1","-221.8333333","-246.3333333","-197.3333333","1","277.6666667","-725.3333333","1280.666667","1","-10060.5244","-17186.29763","-2934.751174","1","-3141.802083","-6721.895833","17.10416667","1","-12.33333333","-12.33333333","-12.33333333","1","-725.3333333","-725.3333333","-725.3333333","1","0","0","0","0","-12.33333333","-12.33333333","-12.33333333","1","-382.3333333","-382.3333333","-323.3333333","1","0","0","0","0","41.87446693","77","96.91909594","3","5","10","15"
"2026-05-28","01:52:00","52","ghost_low_55633_55679","low","30037.25","55679","30053.9166666667","4.833333333","-10.66666667","20.33333333","1","-12.66666667","-15.66666667","-9.666666667","1","-9.666666667","-79.66666667","60.33333333","1","-10043.25196","-17178.94601","-2907.557909","1","-17.82291667","-274.4166667","208.5833333","1","7.333333333","7.333333333","7.333333333","1","-79.66666667","-79.66666667","-79.66666667","1","0","0","0","0","-55.66666667","-55.66666667","-55.66666667","1","14.33333333","-1.666666667","14.33333333","1","0","0","0","0","26.33333333","-51.66666667","104.3333333","1","-141.6666667","-180.6666667","-102.6666667","1","-109.1666667","-362.6666667","144.3333333","1","-10043.45234","-17177.28032","-2909.624349","1","-55.22916667","-939.2916667","828.8333333","1","7.333333333","7.333333333","7.333333333","1","144.3333333","144.3333333","144.3333333","1","0","0","0","0","72.33333333","72.33333333","72.33333333","1","29.33333333","24.33333333","29.33333333","1","0","0","0","0","848.8333333","725.3333333","972.3333333","1","-202.1666667","-226.6666667","-177.6666667","1","297.3333333","-705.6666667","1300.333333","1","-10040.85773","-17166.63096","-2915.084508","1","-3122.135417","-6702.229167","36.77083333","1","7.333333333","7.333333333","7.333333333","1","-705.6666667","-705.6666667","-705.6666667","1","0","0","0","0","7.333333333","7.333333333","7.333333333","1","-362.6666667","-362.6666667","-303.6666667","1","0","0","0","0","34.71050991","83","99.92318532","3","5","10","15"
"2026-05-28","02:21:00","21","ghost_low_55674_55708","low","30034","55708","30013.9166666667","164.8333333","149.3333333","180.3333333","1","55.83333333","55.33333333","56.33333333","1","210.8333333","159.3333333","262.3333333","1","-9881.534334","-17017.81692","-2745.251749","1","142.1770833","-114.4166667","368.5833333","1","58.33333333","58.33333333","58.33333333","1","159.3333333","159.3333333","159.3333333","1","0","0","0","0","104.3333333","104.3333333","104.3333333","1","16.33333333","7.333333333","16.33333333","1","159.3333333","159.3333333","159.3333333","1","186.3333333","108.3333333","264.3333333","1","18.33333333","-20.66666667","57.33333333","1","50.83333333","-202.6666667","304.3333333","1","-9881.716548","-17016.14141","-2747.291689","1","104.7708333","-779.2916667","988.8333333","1","58.33333333","58.33333333","58.33333333","1","304.3333333","304.3333333","304.3333333","1","0","0","0","0","232.3333333","232.3333333","232.3333333","1","125.3333333","95.33333333","125.3333333","1","0","0","0","0","1008.833333","885.3333333","1132.333333","1","-42.16666667","-66.66666667","-17.66666667","1","-28.16666667","-545.6666667","489.3333333","1","-9878.177158","-17004.89608","-2751.458232","1","-2962.135417","-6121.041667","196.7708333","1","58.33333333","58.33333333","58.33333333","1","489.3333333","489.3333333","489.3333333","1","0","0","0","0","167.3333333","167.3333333","167.3333333","1","265.3333333","237.3333333","265.3333333","1","0","0","0","0","40.68132595","152","164.8508","3","5","10","15"
"2026-05-28","05:24:00","24","ghost_high_55845_55891","high","29822.5","55891","29812.5","-14.5","-22","-7","1","5.5","-7","18","1","-10","-39","19","1","-9060.522972","-16200.83536","-1920.210587","1","991.734375","315.21875","1295","1","-67","-67","-67","1","-39","-39","-39","1","0","0","0","0","674","674","674","1","23","23","23","1","0","0","0","0","992","914","1070","1","273","153","393","1","435","-198","1068","1","-9061.065313","-16199.43407","-1922.696556","1","910.4375","26.375","1676.625","1","-67","-67","-67","1","-198","-198","-198","1","0","0","0","0","1038","1038","1038","1","-113","-113","-89","1","0","0","0","0","1814.5","1691","1938","1","341.5","50","633","1","777.5","260","1295","1","-9057.444586","-16188.22844","-1926.660728","1","-2156.46875","-5315.375","1002.4375","1","-67","-67","-67","1","1295","1295","1295","1","0","0","0","0","973","973","973","1","50","-6","50","1","0","0","0","0","40.54306998","473","211.2728141","3","5","10","15"
"2026-05-28","12:28:00","28","ghost_low_56278_56315","low","29914","56315","29947.0833333333","-69.33333333","-93.33333333","-45.33333333","1","-30.33333333","-52.33333333","-8.333333333","1","-9.333333333","-75.33333333","56.66666667","1","-9576.799439","-16723.50017","-2430.098712","1","12.72916667","-266.3333333","203.6666667","1","71.66666667","71.66666667","71.66666667","1","-75.33333333","-75.33333333","-75.33333333","1","0","0","0","0","-52.33333333","-52.33333333","-52.33333333","1","-12.33333333","-12.33333333","-4.333333333","1","0","0","0","0","-230.3333333","-295.3333333","-165.3333333","1","-50.33333333","-52.33333333","-48.33333333","1","-177.8333333","-334.3333333","-21.33333333","1","-9577.461585","-16722.16695","-2432.75622","1","357.7447917","-135.4270833","741.3229167","1","71.66666667","71.66666667","71.66666667","1","-334.3333333","-334.3333333","-334.3333333","1","0","0","0","0","192.6666667","192.6666667","192.6666667","1","56.66666667","0.6666666667","56.66666667","1","-334.3333333","-334.3333333","-334.3333333","1","1276.166667","1152.666667","1399.666667","1","-24.83333333","-28.33333333","-21.33333333","1","10.16666667","-736.3333333","756.6666667","1","-9573.892084","-16710.96941","-2436.814761","1","-2694.802083","-5853.708333","464.1041667","1","71.66666667","71.66666667","71.66666667","1","-736.3333333","-736.3333333","-736.3333333","1","0","0","0","0","434.6666667","434.6666667","434.6666667","1","-303.3333333","-303.3333333","-250.3333333","1","0","0","0","0","37.77245202","176","164.2212612","3","5","10","15"
"2026-05-28","13:22:00","22","ghost_low_56311_56369","low","29928.25","56369","30041.6666666667","141.8333333","112.3333333","171.3333333","1","21.83333333","16.33333333","27.33333333","1","87.83333333","-53.66666667","229.3333333","1","-9946.105098","-17095.82838","-2796.381812","1","-368.7916667","-678.1666667","-100.6666667","1","56.33333333","56.33333333","56.33333333","1","-53.66666667","-53.66666667","-53.66666667","1","0","0","0","0","-430.6666667","-430.6666667","-430.6666667","1","16.33333333","16.33333333","16.33333333","1","0","0","0","0","-608.6666667","-673.6666667","-543.6666667","1","-41.16666667","-78.66666667","-3.666666667","1","-556.1666667","-712.6666667","-399.6666667","1","-9946.441067","-17094.25977","-2798.622367","1","-20.58854167","-513.7604167","362.9895833","1","56.33333333","56.33333333","56.33333333","1","-712.6666667","-712.6666667","-712.6666667","1","0","0","0","0","-185.6666667","-185.6666667","-185.6666667","1","-53.66666667","-53.66666667","12.33333333","1","-712.6666667","-712.6666667","-712.6666667","1","897.8333333","774.3333333","1021.333333","1","-403.1666667","-406.6666667","-399.6666667","1","-368.1666667","-1114.666667","378.3333333","1","-9945.371591","-17084.68899","-2806.054195","1","-3073.135417","-6232.041667","85.77083333","1","56.33333333","56.33333333","56.33333333","1","-1114.666667","-1114.666667","-1114.666667","1","0","0","0","0","56.33333333","56.33333333","56.33333333","1","-478.6666667","-478.6666667","-473.6666667","1","0","0","0","0","45.44426543","241","284.7256863","3","5","10","15"
"2026-05-28","16:24:00","24","ghost_low_56432_56551","low","30062.5","56551","30295.3333333333","-89.33333333","-109.3333333","-69.33333333","1","-22.33333333","-44.33333333","-0.3333333333","1","-79.33333333","-109.3333333","-49.33333333","1","-10846.96384","-18037.60255","-3656.325131","1","-596.6302083","-1230.927083","-17.48958333","1","6.666666667","6.666666667","6.666666667","1","-109.3333333","-109.3333333","-109.3333333","1","0","0","0","0","-173.3333333","-173.3333333","-173.3333333","1","-35.33333333","-35.33333333","-30.33333333","1","0","0","0","0","-113.3333333","-177.3333333","-49.33333333","1","-186.3333333","-218.3333333","-154.3333333","1","-221.3333333","-433.3333333","-9.333333333","1","-10848.68606","-18036.72521","-3660.646908","1","-1026.911458","-1510.052083","-631.6145833","1","6.666666667","6.666666667","6.666666667","1","-9.333333333","-9.333333333","-9.333333333","1","0","0","0","0","-1200.333333","-1200.333333","-1200.333333","1","-109.3333333","-109.3333333","-86.33333333","1","-9.333333333","-9.333333333","-9.333333333","1","-116.8333333","-240.3333333","6.666666667","1","-595.8333333","-733.3333333","-458.3333333","1","-1928.333333","-2129.333333","-1727.333333","1","-10850.09568","-18028.54773","-3671.643636","1","-3976.895833","-7056.583333","-897.2083333","1","6.666666667","6.666666667","6.666666667","1","-1727.333333","-1727.333333","-1727.333333","1","0","0","0","0","-958.3333333","-958.3333333","-958.3333333","1","-458.3333333","-458.3333333","-429.3333333","1","-1727.333333","-1727.333333","-1727.333333","1","42.35414285","596","762.1803143","3","5","10","15"
"2026-05-28","16:24:00","24","ghost_high_56504_56551","high","30293","56551","30295.3333333333","-89.33333333","-109.3333333","-69.33333333","1","-22.33333333","-44.33333333","-0.3333333333","1","-79.33333333","-109.3333333","-49.33333333","1","-10846.96384","-18037.60255","-3656.325131","1","-596.6302083","-1230.927083","-17.48958333","1","6.666666667","6.666666667","6.666666667","1","-109.3333333","-109.3333333","-109.3333333","1","0","0","0","0","-173.3333333","-173.3333333","-173.3333333","1","-35.33333333","-35.33333333","-30.33333333","1","0","0","0","0","-113.3333333","-177.3333333","-49.33333333","1","-186.3333333","-218.3333333","-154.3333333","1","-221.3333333","-433.3333333","-9.333333333","1","-10848.68606","-18036.72521","-3660.646908","1","-1026.911458","-1510.052083","-631.6145833","1","6.666666667","6.666666667","6.666666667","1","-9.333333333","-9.333333333","-9.333333333","1","0","0","0","0","-1200.333333","-1200.333333","-1200.333333","1","-109.3333333","-109.3333333","-86.33333333","1","-9.333333333","-9.333333333","-9.333333333","1","-116.8333333","-240.3333333","6.666666667","1","-595.8333333","-733.3333333","-458.3333333","1","-1928.333333","-2129.333333","-1727.333333","1","-10850.09568","-18028.54773","-3671.643636","1","-3976.895833","-7056.583333","-897.2083333","1","6.666666667","6.666666667","6.666666667","1","-1727.333333","-1727.333333","-1727.333333","1","0","0","0","0","-958.3333333","-958.3333333","-958.3333333","1","-458.3333333","-458.3333333","-429.3333333","1","-1727.333333","-1727.333333","-1727.333333","1","42.35414285","596","762.1803143","3","5","10","15"
"2026-05-28","17:24:00","24","ghost_low_56564_56611","low","30277.5","56611","30312.4166666667","-16.66666667","-30.66666667","-2.666666667","1","-14.66666667","-27.66666667","-1.666666667","1","17.83333333","-57.66666667","93.33333333","1","-10899.25833","-18096.75379","-3701.762857","1","-644.5572917","-1323.416667","-24.72916667","1","-61.66666667","-61.66666667","-61.66666667","1","-57.66666667","-57.66666667","-57.66666667","1","0","0","0","0","-10.66666667","-10.66666667","-10.66666667","1","-26.66666667","-26.66666667","-18.66666667","1","0","0","0","0","-181.6666667","-245.6666667","-117.6666667","1","27.33333333","24.33333333","30.33333333","1","-186.6666667","-295.6666667","-77.66666667","1","-10900.66843","-18095.69343","-3705.643432","1","-1122.729167","-1559.291667","-765.5416667","1","-61.66666667","-61.66666667","-61.66666667","1","-295.6666667","-295.6666667","-295.6666667","1","0","0","0","0","-1268.666667","-1268.666667","-1268.666667","1","54.33333333","35.33333333","54.33333333","1","0","0","0","0","-185.1666667","-308.6666667","-61.66666667","1","-389.6666667","-483.6666667","-295.6666667","1","-1996.666667","-2197.666667","-1795.666667","1","-10901.15858","-18086.94631","-3715.370844","1","-4045.229167","-7124.916667","-965.5416667","1","-61.66666667","-61.66666667","-61.66666667","1","-1795.666667","-1795.666667","-1795.666667","1","0","0","0","0","-1026.666667","-1026.666667","-1026.666667","1","-295.6666667","-295.6666667","-190.6666667","1","-1795.666667","-1795.666667","-1795.666667","1","32.38997961","603","598.8220562","3","5","10","15"
"2026-05-28","19:18:00","18","ghost_low_56697_56725","low","30280.5","56725","30280","89","50","128","1","46","42","50","1","127.5","127","128","1","-10738.09473","-17948.9173","-3527.272162","1","110.109375","-925.125","258","1","52","52","52","1","128","128","128","1","128","128","128","1","127","127","127","1","-23","-23","-2","1","128","128","128","1","193","128","258","1","159.5","159","160","1","134","10","258","1","-10740.72877","-17948.58425","-3532.873295","1","-993.0625","-1429.625","-556.5","1","52","52","52","1","258","258","258","1","0","0","0","0","223","223","223","1","-10","-10","48","1","0","0","0","0","-55.5","-179","68","1","-260","-354","-166","1","-1867","-2068","-1666","1","-10738.03768","-17938.05139","-3538.023976","1","-3915.5625","-6995.25","-835.875","1","52","52","52","1","-1666","-1666","-1666","1","0","0","0","0","-897","-897","-897","1","230","158","230","1","-1666","-1666","-1666","1","35.10254775","930","645.7488891","3","5","10","15"
"2026-05-28","22:26:00","26","ghost_low_56826_56853","low","30311.25","56853","30295.8333333333","100.6666667","94.66666667","106.6666667","1","14.16666667","4.666666667","23.66666667","1","28.16666667","-19.33333333","75.66666667","1","-10774.90532","-17996.83508","-3552.975568","1","71.40104167","-729.2708333","264.6666667","1","4.666666667","4.666666667","4.666666667","1","75.66666667","75.66666667","75.66666667","1","0","0","0","0","86.66666667","86.66666667","86.66666667","1","-29.33333333","-29.33333333","-27.33333333","1","0","0","0","0","180.6666667","96.66666667","264.6666667","1","91.66666667","90.66666667","92.66666667","1","53.16666667","-86.33333333","192.6666667","1","-10775.49951","-17995.32799","-3555.671025","1","-1056.395833","-1572.333333","-619.8333333","1","4.666666667","4.666666667","4.666666667","1","192.6666667","192.6666667","192.6666667","1","0","0","0","0","192.6666667","192.6666667","192.6666667","1","107.6666667","105.6666667","107.6666667","1","0","0","0","0","-118.8333333","-242.3333333","4.666666667","1","-323.3333333","-417.3333333","-229.3333333","1","-767.3333333","-1729.333333","194.6666667","1","-10772.66316","-17984.69952","-3560.626789","1","-3978.895833","-7058.583333","-899.2083333","1","4.666666667","4.666666667","4.666666667","1","194.6666667","194.6666667","194.6666667","1","0","0","0","0","-960.3333333","-960.3333333","-960.3333333","1","-15.33333333","-15.33333333","40.66666667","1","0","0","0","0","39.77476364","130","135.0832981","3","5","10","15"
"2026-05-29","01:21:00","21","ghost_low_57001_57028","low","30234","57028","30241.3333333333","36.16666667","6.666666667","65.66666667","1","-15.33333333","-21.33333333","-9.333333333","1","-78.33333333","-99.33333333","-57.33333333","1","-10550.08246","-17774.75289","-3325.412019","1","273.5104167","191.6666667","355.3541667","1","-11.33333333","-11.33333333","-11.33333333","1","-57.33333333","-57.33333333","-57.33333333","1","-57.33333333","-57.33333333","-57.33333333","1","40.66666667","40.66666667","40.66666667","1","17.66666667","15.66666667","17.66666667","1","-57.33333333","-57.33333333","-57.33333333","1","398.6666667","314.6666667","482.6666667","1","114.6666667","74.66666667","154.6666667","1","264.1666667","183.6666667","344.6666667","1","-10550.36223","-17773.06677","-3327.657695","1","-838.3958333","-1354.333333","-401.8333333","1","-11.33333333","-11.33333333","-11.33333333","1","344.6666667","344.6666667","344.6666667","1","0","0","0","0","410.6666667","410.6666667","410.6666667","1","48.66666667","15.66666667","48.66666667","1","0","0","0","0","333.1666667","183.6666667","482.6666667","1","-105.3333333","-199.3333333","-11.33333333","1","-549.3333333","-1511.333333","412.6666667","1","-10546.82263","-17762.07351","-3331.571753","1","-3760.895833","-6840.583333","-681.2083333","1","-11.33333333","-11.33333333","-11.33333333","1","412.6666667","412.6666667","412.6666667","1","0","0","0","0","412.6666667","412.6666667","412.6666667","1","241.6666667","239.6666667","241.6666667","1","0","0","0","0","35.57499783","85","105.5561052","3","5","10","15"
"2026-05-29","01:51:00","51","ghost_high_57026_57058","high","30253.5","57058","30237.1666666667","-23.66666667","-39.66666667","-7.666666667","1","55.83333333","31.33333333","80.33333333","1","32.33333333","-39.66666667","104.3333333","1","-10532.0689","-17757.2615","-3306.876305","1","290.1770833","208.3333333","353.8333333","1","5.333333333","5.333333333","5.333333333","1","104.3333333","104.3333333","104.3333333","1","0","0","0","0","57.33333333","57.33333333","57.33333333","1","-11.66666667","-11.66666667","-9.666666667","1","0","0","0","0","415.3333333","331.3333333","499.3333333","1","131.3333333","91.33333333","171.3333333","1","139.3333333","-82.66666667","361.3333333","1","-10532.35511","-17755.57826","-3309.131955","1","-821.7291667","-1337.666667","-385.1666667","1","5.333333333","5.333333333","5.333333333","1","-82.66666667","-82.66666667","-82.66666667","1","0","0","0","0","427.3333333","427.3333333","427.3333333","1","104.3333333","0.3333333333","104.3333333","1","0","0","0","0","349.8333333","200.3333333","499.3333333","1","-88.66666667","-182.6666667","5.333333333","1","-532.6666667","-1494.666667","429.3333333","1","-10530.15596","-17745.40684","-3314.905086","1","-3744.229167","-6823.916667","-664.5416667","1","5.333333333","5.333333333","5.333333333","1","429.3333333","429.3333333","429.3333333","1","0","0","0","0","429.3333333","429.3333333","429.3333333","1","258.3333333","256.3333333","258.3333333","1","0","0","0","0","33.34356888","96","121.383001","3","5","10","15"
"2026-05-29","02:33:00","33","ghost_low_57057_57100","low","30232.5","57100","30238","32.5","17","48","1","2.5","-7","12","1","30.5","-41","102","1","-10533.81209","-17759.62629","-3307.997897","1","286.84375","205","350.5","1","2","2","2","1","-41","-41","-41","1","0","0","0","0","70","70","70","1","-38","-38","-20","1","0","0","0","0","412","328","496","1","128","88","168","1","136","-86","358","1","-10534.1671","-17757.98619","-3310.348014","1","-825.0625","-1341","-388.5","1","2","2","2","1","-86","-86","-86","1","0","0","0","0","424","424","424","1","88","88","88","1","0","0","0","0","346.5","197","496","1","164.5","101","228","1","461","426","496","1","-10530.38941","-17746.84668","-3313.93213","1","-3747.5625","-6827.25","-667.875","1","2","2","2","1","496","496","496","1","0","0","0","0","426","426","426","1","-86","-86","41","1","496","496","496","1","30.93795521","83","84.50144307","3","5","10","15"
"2026-05-29","03:20:00","20","ghost_high_57110_57147","high","30255","57147","30257.25","6.5","-2","15","1","-10","-13","-7","1","12.5","-8","33","1","-10609.67648","-17835.93408","-3383.418891","1","209.84375","128","291.6875","1","-75","-75","-75","1","-8","-8","-8","1","0","0","0","0","-8","-8","-8","1","19","17","19","1","0","0","0","0","335","251","419","1","-30.5","-42","-19","1","-29.5","-118","59","1","-10609.91817","-17834.22452","-3385.611813","1","-902.0625","-1418","-465.5","1","-75","-75","-75","1","-118","-118","-118","1","0","0","0","0","347","347","347","1","33","6","33","1","0","0","0","0","269.5","120","419","1","87.5","24","151","1","384","349","419","1","-10605.48939","-17822.68754","-3388.291249","1","-3824.5625","-6904.25","-744.875","1","-75","-75","-75","1","419","419","419","1","0","0","0","0","349","349","349","1","59","-42","59","1","419","419","419","1","22.13709094","84","50.96272076","3","5","10","15"
"2026-05-29","06:43:00","43","ghost_low_57286_57350","low","30292","57350","30328.75","-18.5","-34","-3","1","-27","-33","-21","1","-4","-35","27","1","-10888.45412","-18117.67517","-3659.233075","1","-283.953125","-449","-103.1875","1","63","63","63","1","27","27","27","1","0","0","0","0","-17","-17","-17","1","-10","-10","-10","1","0","0","0","0","49","-35","133","1","-62","-70","-54","1","-95.5","-147","-44","1","-10888.75124","-18116.00012","-3661.502353","1","-1188.0625","-1704","-751.5","1","63","63","63","1","-147","-147","-147","1","0","0","0","0","61","61","61","1","-66","-66","-50","1","0","0","0","0","-16.5","-166","133","1","-182","-217","-147","1","-158","-449","133","1","-10885.91645","-18105.37463","-3666.458274","1","-4110.5625","-7190.25","-1030.875","1","63","63","63","1","-449","-449","-449","1","0","0","0","0","63","63","63","1","-147","-147","-123","1","0","0","0","0","26.44819192","37","62.51602947","3","5","10","15"
"2026-05-29","11:38:00","38","ghost_low_57553_57645","low","30301","57645","30319.75","156","147","165","1","43","37","49","1","178","159","197","1","-10836.06234","-18072.14766","-3599.977026","1","-33.15625","-166.5","84.5","1","-72","-72","-72","1","197","197","197","1","0","0","0","0","159","159","159","1","-20","-20","-12","1","0","0","0","0","85","1","169","1","115.5","113","118","1","61.5","-75","198","1","-10837.01868","-18070.86258","-3603.174775","1","-1152.0625","-1747.375","-636.125","1","-72","-72","-72","1","-75","-75","-75","1","0","0","0","0","97","97","97","1","197","178","197","1","0","0","0","0","19.5","-130","169","1","-146","-181","-111","1","-122","-413","169","1","-10834.03298","-18060.13959","-3607.926378","1","-4074.5625","-7154.25","-994.875","1","-72","-72","-72","1","-413","-413","-413","1","0","0","0","0","99","99","99","1","-75","-75","49","1","0","0","0","0","33.8411875","115","172.6967199","3","5","10","15"
"2026-05-29","12:54:00","54","ghost_high_57667_57721","high","30351.25","57721","30344.9166666667","-111.1666667","-119.6666667","-102.6666667","1","-32.16666667","-35.66666667","-28.66666667","1","-187.1666667","-191.6666667","-182.6666667","1","-10930.42922","-18169.1398","-3691.718633","1","-123.6354167","-223.4791667","-23.79166667","1","-1.666666667","-1.666666667","-1.666666667","1","-182.6666667","-182.6666667","-182.6666667","1","-182.6666667","-182.6666667","-182.6666667","1","-129.6666667","-129.6666667","-129.6666667","1","-17.66666667","-17.66666667","4.333333333","1","-182.6666667","-182.6666667","-182.6666667","1","-86.16666667","-127.6666667","-44.66666667","1","-3.666666667","-24.66666667","17.33333333","1","-37.66666667","-184.6666667","109.3333333","1","-10931.09213","-18167.68654","-3694.49772","1","-1252.729167","-1848.041667","-736.7916667","1","-1.666666667","-1.666666667","-1.666666667","1","-184.6666667","-184.6666667","-184.6666667","1","0","0","0","0","-184.6666667","-184.6666667","-184.6666667","1","-157.6666667","-157.6666667","-148.6666667","1","0","0","0","0","-81.16666667","-230.6666667","68.33333333","1","-246.6666667","-281.6666667","-211.6666667","1","-222.6666667","-513.6666667","68.33333333","1","-10929.77515","-18157.96892","-3701.581392","1","-4175.229167","-7254.916667","-1095.541667","1","-1.666666667","-1.666666667","-1.666666667","1","-513.6666667","-513.6666667","-513.6666667","1","0","0","0","0","-1.666666667","-1.666666667","-1.666666667","1","-184.6666667","-184.6666667","-20.66666667","1","0","0","0","0","33.31813333","147","179.5765578","3","5","10","15"
"2026-05-29","16:52:00","52","ghost_high_57918_57959","high","30447.75","57959","30404.1666666667","65.83333333","47.33333333","84.33333333","1","36.33333333","35.33333333","37.33333333","1","95.83333333","18.33333333","173.3333333","1","-11017.47673","-18321.57936","-3713.374094","1","11.95833333","-237.4166667","228.0833333","1","-100.6666667","-100.6666667","-100.6666667","1","18.33333333","18.33333333","18.33333333","1","0","0","0","0","5.333333333","5.333333333","5.333333333","1","35.33333333","2.333333333","35.33333333","1","0","0","0","0","100.3333333","26.33333333","174.3333333","1","-0.1666666667","-26.66666667","26.33333333","1","-16.16666667","-206.6666667","174.3333333","1","-11018.41638","-18320.22067","-3716.612097","1","-1502.166667","-2442.666667","-561.6666667","1","-100.6666667","-100.6666667","-100.6666667","1","174.3333333","174.3333333","174.3333333","1","0","0","0","0","142.3333333","142.3333333","142.3333333","1","173.3333333","149.3333333","173.3333333","1","0","0","0","0","-318.1666667","-467.6666667","-168.6666667","1","-483.6666667","-518.6666667","-448.6666667","1","-459.6666667","-750.6666667","-168.6666667","1","-11029.78093","-18317.8997","-3741.662166","1","-4420.541667","-7647.416667","-1193.666667","1","-100.6666667","-100.6666667","-100.6666667","1","-750.6666667","-750.6666667","-750.6666667","1","0","0","0","0","-238.6666667","-238.6666667","-238.6666667","1","-275.6666667","-275.6666667","-177.6666667","1","0","0","0","0","48.77023987","615","587.8185054","3","5","10","15"
"2026-05-29","18:21:00","21","ghost_high_57969_58048","high","30410.75","58048","30349.8333333333","-10.83333333","-30.33333333","8.666666667","1","-43.33333333","-61.33333333","-25.33333333","1","-9.833333333","-85.33333333","65.66666667","1","-10773.01943","-18088.02451","-3458.014345","1","229.2916667","-20.08333333","445.4166667","1","2.666666667","2.666666667","2.666666667","1","-85.33333333","-85.33333333","-85.33333333","1","0","0","0","0","-48.33333333","-48.33333333","-48.33333333","1","22.66666667","3.666666667","22.66666667","1","0","0","0","0","317.6666667","243.6666667","391.6666667","1","117.1666667","106.6666667","127.6666667","1","201.1666667","10.66666667","391.6666667","1","-10773.60406","-18086.48543","-3460.722688","1","-1284.833333","-2324.333333","-245.3333333","1","2.666666667","2.666666667","2.666666667","1","391.6666667","391.6666667","391.6666667","1","0","0","0","0","359.6666667","359.6666667","359.6666667","1","65.66666667","9.666666667","65.66666667","1","0","0","0","0","-100.8333333","-250.3333333","48.66666667","1","-266.3333333","-301.3333333","-231.3333333","1","105.6666667","-533.3333333","744.6666667","1","-10775.7299","-18078.89827","-3472.561536","1","-4203.208333","-7430.083333","-976.3333333","1","2.666666667","2.666666667","2.666666667","1","744.6666667","744.6666667","744.6666667","1","0","0","0","0","-21.33333333","-21.33333333","-21.33333333","1","243.6666667","192.6666667","243.6666667","1","0","0","0","0","45.68826341","566","651.709509","3","5","10","15"
"2026-05-31","22:21:00","21","ghost_low_58191_58228","low","30376.5","58228","30403.3333333333","-109.3333333","-149.3333333","-69.33333333","1","45.16666667","42.66666667","47.66666667","1","-39.33333333","-149.3333333","70.66666667","1","-10936.22687","-18271.96535","-3600.488385","1","-17.95833333","-200.8333333","164.9166667","1","30.66666667","30.66666667","30.66666667","1","70.66666667","70.66666667","70.66666667","1","0","0","0","0","-53.33333333","-53.33333333","-53.33333333","1","34.66666667","29.66666667","34.66666667","1","0","0","0","0","103.6666667","29.66666667","177.6666667","1","33.16666667","30.66666667","35.66666667","1","-92.33333333","-352.3333333","167.6666667","1","-10936.65508","-18270.36286","-3602.947299","1","-1498.833333","-2637.333333","-360.3333333","1","30.66666667","30.66666667","30.66666667","1","167.6666667","167.6666667","167.6666667","1","0","0","0","0","145.6666667","145.6666667","145.6666667","1","-120.3333333","-120.3333333","-96.33333333","1","0","0","0","0","-314.8333333","-464.3333333","-165.3333333","1","-480.3333333","-515.3333333","-445.3333333","1","-108.3333333","-747.3333333","530.6666667","1","-10934.49609","-18259.90479","-3609.087387","1","-4739.255208","-7901.208333","-1577.302083","1","30.66666667","30.66666667","30.66666667","1","530.6666667","530.6666667","530.6666667","1","0","0","0","0","-235.3333333","-235.3333333","-235.3333333","1","30.66666667","-21.33333333","30.66666667","1","0","0","0","0","50.46971976","261","172.7239349","3","5","10","15"
"2026-06-01","01:16:00","16","ghost_low_58303_58403","low","30459.25","58403","30531.5","39.5","19","60","1","2.5","0","5","1","-35","-39","-31","1","-11437.99724","-18778.59007","-4097.404407","1","-516.921875","-731.21875","-335.59375","1","18","18","18","1","-31","-31","-31","1","-31","-31","-31","1","-6","-6","-6","1","-10","-10","-4","1","-31","-31","-31","1","11.5","-47","70","1","-25.5","-28","-23","1","-445.5","-681","-210","1","-11438.58573","-18777.07032","-4100.101148","1","-1935.859375","-2975.03125","-896.6875","1","18","18","18","1","-210","-210","-210","1","0","0","0","0","-210","-210","-210","1","70","38","70","1","0","0","0","0","-827.5","-977","-678","1","-403.5","-482","-325","1","-472","-962","18","1","-11434.96587","-18765.73011","-4104.201624","1","-5206.21875","-8385.75","-2026.6875","1","18","18","18","1","-962","-962","-962","1","0","0","0","0","-748","-748","-748","1","-245","-245","-213","1","0","0","0","0","29.20480455","60","102.7912862","3","5","10","15"
"2026-06-01","02:45:00","45","ghost_low_58418_58492","low","30527","58492","30550.1666666667","28.83333333","22.33333333","35.33333333","1","32.33333333","31.33333333","33.33333333","1","29.33333333","1.333333333","57.33333333","1","-11508.20123","-18850.86619","-4165.536268","1","-602.6822917","-828.3541667","-411.7291667","1","-56.66666667","-56.66666667","-56.66666667","1","57.33333333","57.33333333","57.33333333","1","0","0","0","0","60.33333333","60.33333333","60.33333333","1","20.33333333","14.33333333","20.33333333","1","0","0","0","0","-63.16666667","-121.6666667","-4.666666667","1","16.83333333","11.33333333","22.33333333","1","-51.66666667","-121.6666667","18.33333333","1","-11508.72882","-18849.31342","-4168.144209","1","-1990.401042","-3047.947917","-932.8541667","1","-56.66666667","-56.66666667","-56.66666667","1","-121.6666667","-121.6666667","-121.6666667","1","0","0","0","0","-284.6666667","-284.6666667","-284.6666667","1","57.33333333","48.33333333","57.33333333","1","0","0","0","0","-902.1666667","-1051.666667","-752.6666667","1","-191.1666667","-260.6666667","-121.6666667","1","-546.6666667","-1036.666667","-56.66666667","1","-11506.10835","-18838.50262","-4173.714077","1","-5280.885417","-8460.416667","-2101.354167","1","-56.66666667","-56.66666667","-56.66666667","1","-1036.666667","-1036.666667","-1036.666667","1","0","0","0","0","-822.6666667","-822.6666667","-822.6666667","1","-121.6666667","-121.6666667","-36.66666667","1","0","0","0","0","20.27379897","199","89.52864746","3","5","10","15"
"2026-06-01","03:39:00","39","ghost_high_58525_58546","high","30567","58546","30574.8333333333","-40.83333333","-50.33333333","-31.33333333","1","25.16666667","18.66666667","31.66666667","1","32.66666667","-16.33333333","81.66666667","1","-11603.91051","-18947.96471","-4259.856301","1","-705.8333333","-933.3333333","-513.3333333","1","-155.3333333","-155.3333333","-155.3333333","1","81.66666667","81.66666667","81.66666667","1","0","0","0","0","-34.33333333","-34.33333333","-34.33333333","1","18.66666667","16.66666667","18.66666667","1","0","0","0","0","-94.33333333","-157.3333333","-31.33333333","1","-81.83333333","-87.33333333","-76.33333333","1","-122.3333333","-220.3333333","-24.33333333","1","-11604.90773","-18946.65542","-4263.160046","1","-2177.973958","-3247.333333","-1006.770833","1","-155.3333333","-155.3333333","-155.3333333","1","-24.33333333","-24.33333333","-24.33333333","1","0","0","0","0","-383.3333333","-383.3333333","-383.3333333","1","-84.33333333","-84.33333333","-52.33333333","1","0","0","0","0","-1000.833333","-1150.333333","-851.3333333","1","-289.8333333","-359.3333333","-220.3333333","1","-645.3333333","-1135.333333","-155.3333333","1","-11602.16593","-18935.77899","-4268.552862","1","-5771.114583","-9389.458333","-2152.770833","1","-155.3333333","-155.3333333","-155.3333333","1","-1135.333333","-1135.333333","-1135.333333","1","0","0","0","0","-921.3333333","-921.3333333","-921.3333333","1","-126.3333333","-126.3333333","-105.3333333","1","0","0","0","0","25.22566564","202","134.0945326","3","5","10","15"
"2026-06-01","05:26:00","26","ghost_low_58630_58653","low","30568.5","58653","30564.8333333333","24.16666667","14.66666667","33.66666667","1","20.16666667","19.66666667","20.66666667","1","17.66666667","-15.33333333","50.66666667","1","-11559.79746","-18905.77744","-4213.817476","1","-39.20833333","-434.0833333","121.6666667","1","-115.3333333","-115.3333333","-115.3333333","1","50.66666667","50.66666667","50.66666667","1","0","0","0","0","16.66666667","16.66666667","16.66666667","1","15.66666667","14.66666667","15.66666667","1","0","0","0","0","66.66666667","11.66666667","121.6666667","1","12.66666667","4.666666667","20.66666667","1","-22.33333333","-110.3333333","65.66666667","1","-11560.31941","-18904.22066","-4216.418163","1","-2115.005208","-3207.333333","-918.6458333","1","-115.3333333","-115.3333333","-115.3333333","1","65.66666667","65.66666667","65.66666667","1","0","0","0","0","15.66666667","15.66666667","15.66666667","1","-32.33333333","-32.33333333","1.666666667","1","0","0","0","0","-960.8333333","-1110.333333","-811.3333333","1","-249.8333333","-319.3333333","-180.3333333","1","-605.3333333","-1095.333333","-115.3333333","1","-11556.51464","-18892.77999","-4220.249286","1","-5240.833333","-8458.333333","-2023.333333","1","-115.3333333","-115.3333333","-115.3333333","1","-1095.333333","-1095.333333","-1095.333333","1","0","0","0","0","-881.3333333","-881.3333333","-881.3333333","1","-84.33333333","-84.33333333","-73.33333333","1","0","0","0","0","21.22272099","103","73.22050497","3","5","10","15"
"2026-06-01","11:51:00","51","ghost_high_58970_59038","high","30504.75","59038","30479","0.5","-8","9","1","18","9","27","1","20.5","-8","49","1","-11193.97077","-18549.96515","-3837.976395","1","-17.90625","-141","332.4375","1","24","24","24","1","49","49","49","1","0","0","0","0","-2","-2","-2","1","26","21","26","1","0","0","0","0","-14.5","-109","80","1","-19.5","-31","-8","1","15.5","-102","133","1","-11194.33871","-18548.33409","-3840.343338","1","-1771.671875","-2864","-575.3125","1","24","24","24","1","-102","-102","-102","1","0","0","0","0","-102","-102","-102","1","93","80","93","1","0","0","0","0","-617.5","-767","-468","1","226","150","302","1","-143.5","-752","465","1","-11193.51608","-18538.63548","-3848.396681","1","-4897.5","-8115","-1680","1","24","24","24","1","465","465","465","1","0","0","0","0","-538","-538","-538","1","-102","-102","-66","1","0","0","0","0","33.04202084","121","126.8086399","3","5","10","15"
"2026-06-01","18:04:00","04","ghost_low_59357_59411","low","30535","59411","30671.0833333333","58.66666667","42.66666667","74.66666667","1","26.66666667","10.66666667","42.66666667","1","26.66666667","-31.33333333","84.66666667","1","-11792.49443","-19218.53554","-4366.453327","1","-991.3645833","-1417.958333","-564.7708333","1","-303.3333333","-303.3333333","-303.3333333","1","-31.33333333","-31.33333333","-31.33333333","1","0","0","0","0","54.66666667","54.66666667","54.66666667","1","18.66666667","3.666666667","18.66666667","1","0","0","0","0","-782.8333333","-877.3333333","-688.3333333","1","-117.8333333","-204.3333333","-31.33333333","1","-675.8333333","-884.3333333","-467.3333333","1","-11793.62539","-19217.42847","-4369.822323","1","-2527.958333","-3632.333333","-1074.833333","1","-303.3333333","-303.3333333","-303.3333333","1","-884.3333333","-884.3333333","-884.3333333","1","0","0","0","0","-870.3333333","-870.3333333","-870.3333333","1","84.66666667","9.666666667","84.66666667","1","0","0","0","0","-750.8333333","-1034.333333","-467.3333333","1","-889.8333333","-895.3333333","-884.3333333","1","-1213.833333","-1518.333333","-909.3333333","1","-11789.18457","-19205.79812","-4372.571015","1","-5633.942708","-8987.989583","-2674.489583","1","-303.3333333","-303.3333333","-303.3333333","1","-1518.333333","-1518.333333","-1518.333333","1","0","0","0","0","-909.3333333","-909.3333333","-909.3333333","1","-544.3333333","-544.3333333","-359.3333333","1","-1518.333333","-1518.333333","-1518.333333","1","49.75736603","526","579.8170156","3","5","10","15"
"2026-06-01","18:36:00","36","ghost_low_59391_59443","low","30622.5","59443","30649.1666666667","86.33333333","70.33333333","102.3333333","1","-15.16666667","-17.66666667","-12.66666667","1","-29.66666667","-67.66666667","8.333333333","1","-11696.48994","-19126.44338","-4266.536497","1","-903.6979167","-1330.291667","-477.1041667","1","-215.6666667","-215.6666667","-215.6666667","1","-67.66666667","-67.66666667","-67.66666667","1","0","0","0","0","142.3333333","142.3333333","142.3333333","1","21.33333333","3.333333333","21.33333333","1","0","0","0","0","-695.1666667","-789.6666667","-600.6666667","1","-30.16666667","-116.6666667","56.33333333","1","-310.6666667","-796.6666667","175.3333333","1","-11697.93948","-19125.52445","-4270.354502","1","-2440.291667","-3544.666667","-987.1666667","1","-215.6666667","-215.6666667","-215.6666667","1","175.3333333","175.3333333","175.3333333","1","0","0","0","0","-782.6666667","-782.6666667","-782.6666667","1","25.33333333","-9.666666667","25.33333333","1","0","0","0","0","-663.1666667","-946.6666667","-379.6666667","1","-802.1666667","-807.6666667","-796.6666667","1","-1126.166667","-1430.666667","-821.6666667","1","-11701.5179","-19118.13145","-4284.904348","1","-5546.276042","-8900.322917","-2586.822917","1","-215.6666667","-215.6666667","-215.6666667","1","-1430.666667","-1430.666667","-1430.666667","1","0","0","0","0","-821.6666667","-821.6666667","-821.6666667","1","-456.6666667","-456.6666667","-271.6666667","1","-1430.666667","-1430.666667","-1430.666667","1","35.2289745","427","419.7369448","3","5","10","15"
"2026-06-01","18:36:00","36","ghost_high_59391_59443","high","30693","59443","30649.1666666667","86.33333333","70.33333333","102.3333333","1","-15.16666667","-17.66666667","-12.66666667","1","-29.66666667","-67.66666667","8.333333333","1","-11696.48994","-19126.44338","-4266.536497","1","-903.6979167","-1330.291667","-477.1041667","1","-215.6666667","-215.6666667","-215.6666667","1","-67.66666667","-67.66666667","-67.66666667","1","0","0","0","0","142.3333333","142.3333333","142.3333333","1","21.33333333","3.333333333","21.33333333","1","0","0","0","0","-695.1666667","-789.6666667","-600.6666667","1","-30.16666667","-116.6666667","56.33333333","1","-310.6666667","-796.6666667","175.3333333","1","-11697.93948","-19125.52445","-4270.354502","1","-2440.291667","-3544.666667","-987.1666667","1","-215.6666667","-215.6666667","-215.6666667","1","175.3333333","175.3333333","175.3333333","1","0","0","0","0","-782.6666667","-782.6666667","-782.6666667","1","25.33333333","-9.666666667","25.33333333","1","0","0","0","0","-663.1666667","-946.6666667","-379.6666667","1","-802.1666667","-807.6666667","-796.6666667","1","-1126.166667","-1430.666667","-821.6666667","1","-11701.5179","-19118.13145","-4284.904348","1","-5546.276042","-8900.322917","-2586.822917","1","-215.6666667","-215.6666667","-215.6666667","1","-1430.666667","-1430.666667","-1430.666667","1","0","0","0","0","-821.6666667","-821.6666667","-821.6666667","1","-456.6666667","-456.6666667","-271.6666667","1","-1430.666667","-1430.666667","-1430.666667","1","35.2289745","427","419.7369448","3","5","10","15"
"2026-06-01","19:21:00","21","ghost_high_59429_59488","high","30655.5","59488","30622.25","47","20","74","1","61.5","58","65","1","44.5","-17","106","1","-11577.82142","-19012.85279","-4142.790045","1","-796.03125","-1272.8125","-319.25","1","-108","-108","-108","1","-17","-17","-17","1","0","0","0","0","-33","-33","-33","1","16","4","16","1","0","0","0","0","-587.5","-682","-493","1","77.5","-9","164","1","-203","-689","283","1","-11578.25368","-19011.39363","-4145.11374","1","-2332.625","-3437","-879.5","1","-108","-108","-108","1","283","283","283","1","0","0","0","0","-675","-675","-675","1","106","54","106","1","0","0","0","0","-555.5","-839","-272","1","-92.5","-152","-33","1","-1018.5","-1323","-714","1","-11579.23834","-19002.66799","-4155.808696","1","-5438.609375","-8792.65625","-2479.15625","1","-108","-108","-108","1","-1323","-1323","-1323","1","0","0","0","0","-714","-714","-714","1","214","191","214","1","-1323","-1323","-1323","1","37.97292903","451","471.4903116","3","5","10","15"
"2026-06-02","00:00:00","00","ghost_low_59654_59707","low","30446","59707","30467.8333333333","-70.83333333","-79.33333333","-62.33333333","1","-16.83333333","-20.33333333","-13.33333333","1","-78.83333333","-103.3333333","-54.33333333","1","-10926.12166","-18375.68926","-3476.554052","1","402.0104167","51.10416667","752.9166667","1","9.666666667","9.666666667","9.666666667","1","-103.3333333","-103.3333333","-103.3333333","1","-103.3333333","-103.3333333","-103.3333333","1","-106.3333333","-106.3333333","-106.3333333","1","-13.33333333","-13.33333333","-13.33333333","1","-103.3333333","-103.3333333","-103.3333333","1","30.16666667","-64.33333333","124.6666667","1","-2.833333333","-17.33333333","11.66666667","1","138.6666667","-147.3333333","424.6666667","1","-10926.32948","-18374.12296","-3478.536009","1","-1714.958333","-2819.333333","-261.8333333","1","9.666666667","9.666666667","9.666666667","1","-147.3333333","-147.3333333","-147.3333333","1","0","0","0","0","-57.33333333","-57.33333333","-57.33333333","1","-79.33333333","-79.33333333","-79.33333333","1","0","0","0","0","62.16666667","-221.3333333","345.6666667","1","101.6666667","47.66666667","155.6666667","1","97.66666667","-705.3333333","900.6666667","1","-10921.98133","-18362.49787","-3481.464789","1","-4820.942708","-8174.989583","-1861.489583","1","9.666666667","9.666666667","9.666666667","1","900.6666667","900.6666667","900.6666667","1","0","0","0","0","-96.33333333","-96.33333333","-96.33333333","1","-103.3333333","-103.3333333","-40.33333333","1","0","0","0","0","24.22760809","148","88.27823788","3","5","10","15"
"2026-06-02","06:53:00","53","ghost_high_60090_60120","high","30503.25","60120","30507.5833333333","1.166666667","-7.333333333","9.666666667","1","-18.33333333","-30.33333333","-6.333333333","1","15.16666667","5.666666667","24.66666667","1","-11059.48264","-18518.40055","-3600.564721","1","-526.5833333","-759.3333333","-220.3333333","1","35.66666667","35.66666667","35.66666667","1","24.66666667","24.66666667","24.66666667","1","24.66666667","24.66666667","24.66666667","1","5.666666667","5.666666667","5.666666667","1","4.666666667","3.666666667","4.666666667","1","24.66666667","24.66666667","24.66666667","1","-128.8333333","-223.3333333","-34.33333333","1","-147.8333333","-152.3333333","-143.3333333","1","-124.8333333","-199.3333333","-50.33333333","1","-11059.75613","-18516.86915","-3602.64311","1","-595.2083333","-1583.333333","276.6666667","1","35.66666667","35.66666667","35.66666667","1","-199.3333333","-199.3333333","-199.3333333","1","0","0","0","0","-216.3333333","-216.3333333","-216.3333333","1","-54.33333333","-54.33333333","-28.33333333","1","0","0","0","0","-96.83333333","-380.3333333","186.6666667","1","-405.3333333","-495.3333333","-315.3333333","1","-61.33333333","-864.3333333","741.6666667","1","-11058.37536","-18507.05695","-3609.693767","1","-4979.942708","-8333.989583","-2020.489583","1","35.66666667","35.66666667","35.66666667","1","741.6666667","741.6666667","741.6666667","1","0","0","0","0","-255.3333333","-255.3333333","-255.3333333","1","-315.3333333","-315.3333333","-254.3333333","1","0","0","0","0","26.73777007","20","71.74466263","3","5","10","15"
"2026-06-03","02:38:00","38","ghost_low_61194_61245","low","30653","61245","30682.5","-19.5","-29","-10","1","-21","-23","-19","1","-17","-37","3","1","-11529.69494","-19087.46466","-3971.925222","1","108.375","-182","323","1","42","42","42","1","3","3","3","1","0","0","0","0","37","37","37","1","-16","-16","-13","1","0","0","0","0","67.5","-30","165","1","73","26","120","1","31","-118","180","1","-11530.01715","-19086.13585","-3973.898444","1","-1290.125","-2235.75","-344.5","1","42","42","42","1","-118","-118","-118","1","0","0","0","0","148","148","148","1","45","18","45","1","0","0","0","0","-177.5","-485","130","1","-6.5","-74","61","1","-6.5","-336","323","1","-11526.57732","-19075.65497","-3977.499675","1","-5780.609375","-9127.75","-2433.46875","1","42","42","42","1","323","323","323","1","0","0","0","0","-336","-336","-336","1","165","152","165","1","0","0","0","0","28.56207637","78","73.54380364","3","5","10","15"
"2026-06-03","03:13:00","13","ghost_high_61234_61280","high","30693.75","61280","30681.5","-26.5","-36","-17","1","-22.5","-23","-22","1","-23.5","-52","5","1","-11524.61455","-19082.8521","-3966.377011","1","-13.875","-203.25","150.25","1","46","46","46","1","-52","-52","-52","1","0","0","0","0","-30","-30","-30","1","-14","-14","-13","1","0","0","0","0","71.5","-26","169","1","77","30","124","1","-27.5","-114","59","1","-11524.79535","-19081.44327","-3968.147434","1","-1106.109375","-1902.28125","-309.9375","1","46","46","46","1","59","59","59","1","0","0","0","0","152","152","152","1","5","-11","5","1","0","0","0","0","-173.5","-481","134","1","-2.5","-70","65","1","-77","-481","327","1","-11520.41328","-19070.43144","-3970.395111","1","-5776.609375","-9123.75","-2429.46875","1","46","46","46","1","-481","-481","-481","1","0","0","0","0","-332","-332","-332","1","59","9","59","1","0","0","0","0","20.42211205","84","66.330697","3","5","10","15"
"2026-06-03","04:56:00","56","ghost_low_61296_61383","low","30681.75","61383","30706.8333333333","69.66666667","52.66666667","86.66666667","1","13.16666667","11.66666667","14.66666667","1","4.166666667","-17.33333333","25.66666667","1","-11622.5846","-19182.31631","-4062.852897","1","11.04166667","-127.8333333","124.6666667","1","-36.33333333","-36.33333333","-36.33333333","1","25.66666667","25.66666667","25.66666667","1","0","0","0","0","72.66666667","72.66666667","72.66666667","1","8.666666667","4.666666667","8.666666667","1","0","0","0","0","27.16666667","-17.33333333","71.66666667","1","18.16666667","12.66666667","23.66666667","1","-128.8333333","-215.3333333","-42.33333333","1","-11622.77068","-19180.90903","-4064.632334","1","-1196.895833","-1987.208333","-406.5833333","1","-36.33333333","-36.33333333","-36.33333333","1","-42.33333333","-42.33333333","-42.33333333","1","0","0","0","0","-42.33333333","-42.33333333","-42.33333333","1","71.66666667","54.66666667","71.66666667","1","0","0","0","0","-274.8333333","-582.3333333","32.66666667","1","-103.8333333","-171.3333333","-36.33333333","1","-178.3333333","-582.3333333","225.6666667","1","-11619.93501","-19170.75074","-4069.119291","1","-5877.942708","-9225.083333","-2530.802083","1","-36.33333333","-36.33333333","-36.33333333","1","-582.3333333","-582.3333333","-582.3333333","1","0","0","0","0","-433.3333333","-433.3333333","-433.3333333","1","-153.3333333","-153.3333333","-112.3333333","1","0","0","0","0","18.24920522","46","43.00071517","3","5","10","15"
"2026-06-03","09:12:00","12","ghost_high_61596_61639","high","30742","61639","30748.8333333333","-110.3333333","-129.3333333","-91.33333333","1","-27.83333333","-30.33333333","-25.33333333","1","-158.3333333","-167.3333333","-149.3333333","1","-11778.6852","-19343.70189","-4213.6685","1","-254.0520833","-371.0208333","-137.0833333","1","-27.33333333","-27.33333333","-27.33333333","1","-149.3333333","-149.3333333","-149.3333333","1","-149.3333333","-149.3333333","-149.3333333","1","-107.3333333","-107.3333333","-107.3333333","1","-16.33333333","-16.33333333","-8.333333333","1","-149.3333333","-149.3333333","-149.3333333","1","-167.8333333","-193.3333333","-142.3333333","1","-100.3333333","-105.3333333","-95.33333333","1","-118.3333333","-247.3333333","10.66666667","1","-11778.95257","-19342.34276","-4215.562382","1","-1411.723958","-2129.333333","-694.1145833","1","-27.33333333","-27.33333333","-27.33333333","1","10.66666667","10.66666667","10.66666667","1","0","0","0","0","-210.3333333","-210.3333333","-210.3333333","1","-149.3333333","-149.3333333","-127.3333333","1","0","0","0","0","-442.8333333","-750.3333333","-135.3333333","1","-201.8333333","-210.3333333","-193.3333333","1","-346.3333333","-750.3333333","57.66666667","1","-11774.64907","-19331.37423","-4217.9239","1","-6045.942708","-9393.083333","-3092.583333","1","-27.33333333","-27.33333333","-27.33333333","1","-750.3333333","-750.3333333","-750.3333333","1","0","0","0","0","-601.3333333","-601.3333333","-601.3333333","1","10.66666667","-104.3333333","10.66666667","1","0","0","0","0","27.60422594","227","128.792974","3","5","10","15"
"2026-06-03","10:55:00","55","ghost_low_61709_61742","low","30738.5","61742","30752.0833333333","-9.333333333","-19.33333333","0.6666666667","1","-4.833333333","-5.333333333","-4.333333333","1","26.66666667","25.66666667","27.66666667","1","-11784.22249","-19352.6647","-4215.780289","1","7.088541667","-190.7708333","131.6666667","1","-40.33333333","-40.33333333","-40.33333333","1","25.66666667","25.66666667","25.66666667","1","0","0","0","0","18.66666667","18.66666667","18.66666667","1","-23.33333333","-23.33333333","-8.333333333","1","0","0","0","0","-28.83333333","-82.33333333","24.66666667","1","-94.33333333","-121.3333333","-67.33333333","1","101.6666667","71.66666667","131.6666667","1","-11784.55184","-19351.33919","-4217.76448","1","-1396.177083","-2142.333333","-650.0208333","1","-40.33333333","-40.33333333","-40.33333333","1","131.6666667","131.6666667","131.6666667","1","131.6666667","131.6666667","131.6666667","1","71.66666667","71.66666667","71.66666667","1","55.66666667","51.66666667","55.66666667","1","131.6666667","131.6666667","131.6666667","1","-455.8333333","-763.3333333","-148.3333333","1","-214.8333333","-223.3333333","-206.3333333","1","-359.3333333","-763.3333333","44.66666667","1","-11784.25733","-19342.52233","-4225.99233","1","-6045.020833","-9399.333333","-3085.333333","1","-40.33333333","-40.33333333","-40.33333333","1","-763.3333333","-763.3333333","-763.3333333","1","0","0","0","0","-614.3333333","-614.3333333","-614.3333333","1","-162.3333333","-162.3333333","-140.3333333","1","0","0","0","0","28.17256005","198","102.6599645","3","5","10","15"
"2026-06-03","11:53:00","53","ghost_low_61757_61800","low","30762.5","61800","30779.4166666667","-38.16666667","-53.66666667","-22.66666667","1","-17.16666667","-22.66666667","-11.66666667","1","-14.66666667","-52.66666667","23.33333333","1","-11890.09923","-19460.15061","-4320.047841","1","-289.4166667","-436.6666667","-95.66666667","1","-64.66666667","-64.66666667","-64.66666667","1","-52.66666667","-52.66666667","-52.66666667","1","0","0","0","0","-52.66666667","-52.66666667","-52.66666667","1","11.33333333","6.333333333","11.33333333","1","0","0","0","0","-96.66666667","-132.6666667","-60.66666667","1","-55.66666667","-60.66666667","-50.66666667","1","-7.666666667","-37.66666667","22.33333333","1","-11890.37194","-19458.79242","-4321.951446","1","-1493.369792","-2251.666667","-735.0729167","1","-64.66666667","-64.66666667","-64.66666667","1","22.33333333","22.33333333","22.33333333","1","22.33333333","22.33333333","22.33333333","1","22.33333333","22.33333333","22.33333333","1","7.333333333","6.333333333","7.333333333","1","22.33333333","22.33333333","22.33333333","1","-565.1666667","-872.6666667","-257.6666667","1","-324.1666667","-332.6666667","-315.6666667","1","-468.6666667","-872.6666667","-64.66666667","1","-11888.76464","-19449.24138","-4328.287905","1","-6123.416667","-9493.666667","-3149.666667","1","-64.66666667","-64.66666667","-64.66666667","1","-872.6666667","-872.6666667","-872.6666667","1","0","0","0","0","-723.6666667","-723.6666667","-723.6666667","1","-253.6666667","-253.6666667","-182.6666667","1","0","0","0","0","26.7335243","77","106.5121738","3","5","10","15"
"2026-06-03","17:21:00","21","ghost_high_62038_62128","high","30631.75","62128","30536.4166666667","200.3333333","180.3333333","220.3333333","1","58.83333333","58.33333333","59.33333333","1","139.3333333","38.33333333","240.3333333","1","-10754.42642","-18390.64505","-3118.20779","1","637.1927083","228.0208333","1046.364583","1","43.33333333","43.33333333","43.33333333","1","240.3333333","240.3333333","240.3333333","1","0","0","0","0","-37.66666667","-37.66666667","-37.66666667","1","-24.66666667","-24.66666667","-24.66666667","1","0","0","0","0","96.33333333","-161.6666667","354.3333333","1","479.8333333","453.3333333","506.3333333","1","344.8333333","-122.6666667","812.3333333","1","-10754.98151","-18389.27745","-3120.685561","1","-523.4166667","-1202.666667","298.8333333","1","43.33333333","43.33333333","43.33333333","1","-122.6666667","-122.6666667","-122.6666667","1","0","0","0","0","654.3333333","654.3333333","654.3333333","1","195.3333333","173.3333333","195.3333333","1","0","0","0","0","428.3333333","44.33333333","812.3333333","1","647.8333333","639.3333333","656.3333333","1","592.3333333","99.33333333","1085.333333","1","-10758.85489","-18382.60729","-3135.102502","1","-5258.916667","-8527.166667","-1990.666667","1","43.33333333","43.33333333","43.33333333","1","1085.333333","1085.333333","1085.333333","1","0","0","0","0","99.33333333","99.33333333","99.33333333","1","-122.6666667","-122.6666667","274.3333333","1","0","0","0","0","67.01394817","557","834.5692682","3","5","10","15"
"2026-06-03","17:21:00","21","ghost_low_62090_62128","low","30505.75","62128","30536.4166666667","200.3333333","180.3333333","220.3333333","1","58.83333333","58.33333333","59.33333333","1","139.3333333","38.33333333","240.3333333","1","-10754.42642","-18390.64505","-3118.20779","1","637.1927083","228.0208333","1046.364583","1","43.33333333","43.33333333","43.33333333","1","240.3333333","240.3333333","240.3333333","1","0","0","0","0","-37.66666667","-37.66666667","-37.66666667","1","-24.66666667","-24.66666667","-24.66666667","1","0","0","0","0","96.33333333","-161.6666667","354.3333333","1","479.8333333","453.3333333","506.3333333","1","344.8333333","-122.6666667","812.3333333","1","-10754.98151","-18389.27745","-3120.685561","1","-523.4166667","-1202.666667","298.8333333","1","43.33333333","43.33333333","43.33333333","1","-122.6666667","-122.6666667","-122.6666667","1","0","0","0","0","654.3333333","654.3333333","654.3333333","1","195.3333333","173.3333333","195.3333333","1","0","0","0","0","428.3333333","44.33333333","812.3333333","1","647.8333333","639.3333333","656.3333333","1","592.3333333","99.33333333","1085.333333","1","-10758.85489","-18382.60729","-3135.102502","1","-5258.916667","-8527.166667","-1990.666667","1","43.33333333","43.33333333","43.33333333","1","1085.333333","1085.333333","1085.333333","1","0","0","0","0","99.33333333","99.33333333","99.33333333","1","-122.6666667","-122.6666667","274.3333333","1","0","0","0","0","67.01394817","557","834.5692682","3","5","10","15"
"2026-06-04","04:53:00","53","ghost_high_62732_62760","high","30502.25","62760","30491.8333333333","10.16666667","-1.333333333","21.66666667","1","16.16666667","1.666666667","30.66666667","1","30.66666667","-4.333333333","65.66666667","1","-10479.48","-18150.07782","-2808.882171","1","576.3697917","-172.3020833","811.6666667","1","16.66666667","16.66666667","16.66666667","1","-4.333333333","-4.333333333","-4.333333333","1","0","0","0","0","-4.333333333","-4.333333333","-4.333333333","1","5.666666667","1.666666667","5.666666667","1","0","0","0","0","30.66666667","-4.333333333","65.66666667","1","-25.33333333","-32.33333333","-18.33333333","1","-288.8333333","-557.3333333","-20.33333333","1","-10479.81075","-18148.61406","-2811.007452","1","356.2135417","-282.3645833","994.7916667","1","16.66666667","16.66666667","16.66666667","1","-20.33333333","-20.33333333","-20.33333333","1","0","0","0","0","761.6666667","761.6666667","761.6666667","1","65.66666667","22.66666667","65.66666667","1","0","0","0","0","-206.8333333","-457.3333333","43.66666667","1","-84.83333333","-115.3333333","-54.33333333","1","159.1666667","-493.3333333","811.6666667","1","-10477.69597","-18138.1789","-2817.213032","1","-4902.177083","-8078.520833","-1725.833333","1","16.66666667","16.66666667","16.66666667","1","-493.3333333","-493.3333333","-493.3333333","1","0","0","0","0","-493.3333333","-493.3333333","-493.3333333","1","-330.3333333","-330.3333333","-318.3333333","1","0","0","0","0","28.17791542","29","45.42032725","3","5","10","15"
"2026-06-04","06:16:00","16","ghost_high_62812_62843","high","30493.25","62843","30485.9166666667","-10.66666667","-43.66666667","22.33333333","1","10.83333333","2.333333333","19.33333333","1","23.83333333","-11.66666667","59.33333333","1","-10452.95348","-18124.44039","-2781.466568","1","-187.8229167","-377.4791667","-20.47916667","1","40.33333333","40.33333333","40.33333333","1","59.33333333","59.33333333","59.33333333","1","0","0","0","0","-9.666666667","-9.666666667","-9.666666667","1","-11.66666667","-11.66666667","-5.666666667","1","0","0","0","0","-20.66666667","-96.66666667","55.33333333","1","3.833333333","-7.666666667","15.33333333","1","-27.16666667","-143.6666667","89.33333333","1","-10453.39853","-18123.05533","-2783.741742","1","673.6927083","-133.7291667","1287.333333","1","40.33333333","40.33333333","40.33333333","1","-143.6666667","-143.6666667","-143.6666667","1","0","0","0","0","3.333333333","3.333333333","3.333333333","1","-31.66666667","-31.66666667","-5.666666667","1","0","0","0","0","-183.1666667","-433.6666667","67.33333333","1","-98.16666667","-116.6666667","-79.66666667","1","-176.6666667","-533.6666667","180.3333333","1","-10450.11235","-18111.82789","-2788.396803","1","-4752.182292","-7863.447917","-1640.916667","1","40.33333333","40.33333333","40.33333333","1","-533.6666667","-533.6666667","-533.6666667","1","0","0","0","0","-469.6666667","-469.6666667","-469.6666667","1","55.33333333","45.33333333","55.33333333","1","0","0","0","0","30.81003318","53","61.45973451","3","5","10","15"
"2026-06-04","08:49:00","49","ghost_high_62921_62996","high","30533","62996","30350.6666666667","83.33333333","63.33333333","103.3333333","1","46.33333333","36.33333333","56.33333333","1","130.3333333","60.33333333","200.3333333","1","-9901.900734","-17576.39554","-2227.405926","1","558.0520833","289.6458333","775.3333333","1","7.333333333","7.333333333","7.333333333","1","60.33333333","60.33333333","60.33333333","1","0","0","0","0","60.33333333","60.33333333","60.33333333","1","36.33333333","11.33333333","36.33333333","1","0","0","0","0","520.3333333","444.3333333","596.3333333","1","262.8333333","202.3333333","323.3333333","1","586.3333333","397.3333333","775.3333333","1","-9902.721915","-17575.2981","-2230.145727","1","1214.692708","536.4583333","1828.333333","1","7.333333333","7.333333333","7.333333333","1","775.3333333","775.3333333","775.3333333","1","0","0","0","0","544.3333333","544.3333333","544.3333333","1","49.33333333","49.33333333","89.33333333","1","0","0","0","0","357.8333333","107.3333333","608.3333333","1","442.8333333","424.3333333","461.3333333","1","364.3333333","7.333333333","721.3333333","1","-9903.91525","-17567.31944","-2240.511061","1","-4168.901042","-7258.385417","-1079.416667","1","7.333333333","7.333333333","7.333333333","1","7.333333333","7.333333333","7.333333333","1","0","0","0","0","71.33333333","71.33333333","71.33333333","1","775.3333333","717.3333333","775.3333333","1","0","0","0","0","55.30305994","154","165.4560018","3","5","10","15"
"2026-06-04","09:39:00","39","ghost_high_62978_63046","high","30402","63046","30321","2.5","-29","34","1","2","-5","9","1","-161.5","-290","-33","1","-9777.800029","-17453.5806","-2102.019457","1","690.5","228","894","1","-13","-13","-13","1","-33","-33","-33","1","0","0","0","0","-33","-33","-33","1","34","32","34","1","0","0","0","0","639","563","715","1","6.5","-9","22","1","705","516","894","1","-9778.768095","-17452.6171","-2104.919088","1","933.359375","339.15625","1457.65625","1","-13","-13","-13","1","894","894","894","1","0","0","0","0","663","663","663","1","-229","-229","-224","1","0","0","0","0","717","578","856","1","561.5","543","580","1","483","126","840","1","-9778.933046","-17444.07615","-2113.789946","1","-4050.234375","-7139.71875","-960.75","1","-13","-13","-13","1","126","126","126","1","0","0","0","0","190","190","190","1","717","713","717","1","0","0","0","0","62.80899012","156","199.018588","3","5","10","15"
"2026-06-04","15:38:00","38","ghost_low_63344_63405","low","30290.25","63405","30436.6666666667","-256.6666667","-285.6666667","-227.6666667","1","32.83333333","25.33333333","40.33333333","1","51.83333333","-20.66666667","124.3333333","1","-10120.10325","-17823.05781","-2417.148686","1","-498.0416667","-808.4166667","-235.4166667","1","53.33333333","53.33333333","53.33333333","1","124.3333333","124.3333333","124.3333333","1","0","0","0","0","-573.6666667","-573.6666667","-573.6666667","1","48.33333333","32.33333333","48.33333333","1","0","0","0","0","-671.6666667","-860.6666667","-482.6666667","1","-189.6666667","-306.6666667","-72.66666667","1","-715.6666667","-1142.666667","-288.6666667","1","-10122.94679","-17823.49994","-2422.393633","1","868.6302083","6.645833333","1484.333333","1","53.33333333","53.33333333","53.33333333","1","-1142.666667","-1142.666667","-1142.666667","1","0","0","0","0","-854.6666667","-854.6666667","-854.6666667","1","124.3333333","105.3333333","124.3333333","1","0","0","0","0","254.3333333","115.3333333","393.3333333","1","-68.16666667","-350.6666667","214.3333333","1","47.33333333","-336.6666667","431.3333333","1","-10134.26821","-17823.01245","-2445.523978","1","-4759.416667","-7965.666667","-1553.166667","1","53.33333333","53.33333333","53.33333333","1","431.3333333","431.3333333","431.3333333","1","0","0","0","0","-272.6666667","-272.6666667","-272.6666667","1","-1142.666667","-1142.666667","-755.6666667","1","0","0","0","0","64.49267283","682","810.3255917","3","5","10","15"
"2026-06-04","17:27:00","27","ghost_high_63481_63514","high","30493.25","63514","30506.5833333333","-136.8333333","-158.3333333","-115.3333333","1","-32.33333333","-42.33333333","-22.33333333","1","-73.83333333","-130.3333333","-17.33333333","1","-10366.05431","-18078.41905","-2653.689575","1","-1041.161458","-1422.333333","-525.4583333","1","-3.333333333","-3.333333333","-3.333333333","1","-130.3333333","-130.3333333","-130.3333333","1","0","0","0","0","-339.3333333","-339.3333333","-339.3333333","1","-22.33333333","-22.33333333","-10.33333333","1","0","0","0","0","-951.3333333","-1140.333333","-762.3333333","1","-224.3333333","-228.3333333","-220.3333333","1","-361.3333333","-574.3333333","-148.3333333","1","-10367.9213","-18078.14304","-2657.699566","1","588.9635417","-273.0208333","1204.666667","1","-3.333333333","-3.333333333","-3.333333333","1","-574.3333333","-574.3333333","-574.3333333","1","0","0","0","0","-1134.333333","-1134.333333","-1134.333333","1","-17.33333333","-45.33333333","-17.33333333","1","0","0","0","0","-25.33333333","-164.3333333","113.6666667","1","-520.3333333","-586.3333333","-454.3333333","1","-232.3333333","-616.3333333","151.6666667","1","-10369.84857","-18070.65281","-2669.044331","1","-5036.770833","-8241.833333","-1831.708333","1","-3.333333333","-3.333333333","-3.333333333","1","151.6666667","151.6666667","151.6666667","1","0","0","0","0","-552.3333333","-552.3333333","-552.3333333","1","-454.3333333","-454.3333333","-373.3333333","1","0","0","0","0","41.45825529","693","615.9141383","3","5","10","15"
"2026-06-04","19:11:00","11","ghost_low_63588_63618","low","30557.75","63618","30564.6666666667","-66.16666667","-79.66666667","-52.66666667","1","44.33333333","38.33333333","50.33333333","1","25.83333333","-58.66666667","110.3333333","1","-10567.34227","-18289.65993","-2845.024607","1","-1291.072917","-1654.666667","-424.0416667","1","-80.66666667","-80.66666667","-80.66666667","1","-58.66666667","-58.66666667","-58.66666667","1","0","0","0","0","-571.6666667","-571.6666667","-571.6666667","1","38.33333333","26.33333333","38.33333333","1","0","0","0","0","-1183.666667","-1372.666667","-994.6666667","1","15.83333333","-5.666666667","37.33333333","1","-335.6666667","-806.6666667","135.3333333","1","-10567.85689","-18288.42995","-2847.283842","1","28.25520833","-587.4479167","643.9583333","1","-80.66666667","-80.66666667","-80.66666667","1","135.3333333","135.3333333","135.3333333","1","0","0","0","0","-1366.666667","-1366.666667","-1366.666667","1","-41.66666667","-41.66666667","-26.66666667","1","0","0","0","0","-257.6666667","-396.6666667","-118.6666667","1","-172.1666667","-285.6666667","-58.66666667","1","-867.6666667","-1654.666667","-80.66666667","1","-10567.11739","-18279.02457","-2855.210223","1","-5279.244792","-8645.479167","-1913.010417","1","-80.66666667","-80.66666667","-80.66666667","1","-1654.666667","-1654.666667","-1654.666667","1","0","0","0","0","-784.6666667","-784.6666667","-784.6666667","1","135.3333333","-21.66666667","135.3333333","1","0","0","0","0","40.93221156","716","695.5455019","3","5","10","15"
"2026-06-04","22:46:00","46","ghost_high_63699_63773","high","30424","63773","30342.1666666667","148.3333333","131.3333333","165.3333333","1","17.83333333","13.33333333","22.33333333","1","5.833333333","-50.66666667","62.33333333","1","-9642.300007","-17374.78921","-1909.810806","1","563.8177083","-142.8229167","1044.333333","1","41.33333333","41.33333333","41.33333333","1","-50.66666667","-50.66666667","-50.66666667","1","0","0","0","0","201.3333333","201.3333333","201.3333333","1","-26.66666667","-26.66666667","-23.66666667","1","0","0","0","0","991.8333333","939.3333333","1044.333333","1","67.33333333","62.33333333","72.33333333","1","1034.833333","1025.333333","1044.333333","1","-9642.746693","-17373.55161","-1911.941777","1","918.2552083","302.5520833","1533.958333","1","41.33333333","41.33333333","41.33333333","1","1044.333333","1044.333333","1044.333333","1","1044.333333","1044.333333","1044.333333","1","1025.333333","1025.333333","1025.333333","1","-50.66666667","-50.66666667","1.333333333","1","1044.333333","1044.333333","1044.333333","1","632.3333333","493.3333333","771.3333333","1","721.3333333","611.3333333","831.3333333","1","22.33333333","-764.6666667","809.3333333","1","-9641.847895","-17364.03444","-1919.661349","1","-4377.057292","-7736.729167","-1017.385417","1","41.33333333","41.33333333","41.33333333","1","-764.6666667","-764.6666667","-764.6666667","1","0","0","0","0","105.3333333","105.3333333","105.3333333","1","611.3333333","573.3333333","611.3333333","1","0","0","0","0","40.80313301","95","108.5166403","3","5","10","15"
"2026-06-05","04:51:00","51","ghost_high_64114_64138","high","30204.25","64138","30220.4166666667","-191.6666667","-206.6666667","-176.6666667","1","-25.66666667","-28.66666667","-22.66666667","1","-86.66666667","-136.6666667","-36.66666667","1","-9131.320747","-16867.54725","-1395.094241","1","1082.848958","-121.9166667","1530.333333","1","138.3333333","138.3333333","138.3333333","1","-136.6666667","-136.6666667","-136.6666667","1","0","0","0","0","-176.6666667","-176.6666667","-176.6666667","1","-22.66666667","-22.66666667","-20.66666667","1","0","0","0","0","339.3333333","274.3333333","404.3333333","1","-174.6666667","-176.6666667","-172.6666667","1","-91.66666667","-297.6666667","114.3333333","1","-9131.591932","-16866.17742","-1397.00644","1","1452.177083","838.3333333","2066.020833","1","138.3333333","138.3333333","138.3333333","1","-297.6666667","-297.6666667","-297.6666667","1","0","0","0","0","1512.333333","1512.333333","1512.333333","1","-136.6666667","-136.6666667","-90.66666667","1","0","0","0","0","1119.333333","980.3333333","1258.333333","1","32.33333333","-73.66666667","138.3333333","1","626.8333333","-277.6666667","1531.333333","1","-9130.023433","-16856.32255","-1403.724318","1","-3763.307292","-7054.729167","-471.8854167","1","138.3333333","138.3333333","138.3333333","1","1531.333333","1531.333333","1531.333333","1","0","0","0","0","592.3333333","592.3333333","592.3333333","1","36.33333333","-23.66666667","36.33333333","1","0","0","0","0","39.97391304","157","128.4422798","3","5","10","15"
"2026-06-05","08:51:00","51","ghost_low_64332_64378","low","30120.25","64378","30177.5","138","96","180","1","-7.5","-10","-5","1","44","-48","136","1","-8945.986983","-16684.09227","-1207.881696","1","52.359375","-181.28125","261.40625","1","-53","-53","-53","1","-48","-48","-48","1","0","0","0","0","-265","-265","-265","1","20","12","20","1","0","0","0","0","511","446","576","1","-20.5","-82","41","1","-100","-462","262","1","-8946.247922","-16682.71663","-1209.779218","1","1623.84375","1010","2237.6875","1","-53","-53","-53","1","-462","-462","-462","1","0","0","0","0","1684","1684","1684","1","63","48","63","1","0","0","0","0","1291","1152","1430","1","-67.5","-77","-58","1","601","-501","1703","1","-8946.439643","-16674.40165","-1218.477639","1","-3503.890625","-6748.0625","-259.71875","1","-53","-53","-53","1","-501","-501","-501","1","0","0","0","0","764","764","764","1","-462","-462","-213","1","0","0","0","0","40.78871848","128","138.0456827","3","5","10","15"
"2026-06-05","10:54:00","54","ghost_low_64445_64501","low","30192","64501","30204.8333333333","-6.833333333","-16.33333333","2.666666667","1","15.66666667","10.66666667","20.66666667","1","61.16666667","31.66666667","90.66666667","1","-9049.887455","-16788.83616","-1310.938746","1","-66.52083333","-226.5833333","93.54166667","1","152.6666667","152.6666667","152.6666667","1","90.66666667","90.66666667","90.66666667","1","0","0","0","0","14.66666667","14.66666667","14.66666667","1","10.66666667","3.666666667","10.66666667","1","0","0","0","0","-156.3333333","-210.3333333","-102.3333333","1","27.66666667","21.66666667","33.66666667","1","143.6666667","70.66666667","216.6666667","1","-9050.219395","-16787.51191","-1312.926879","1","1514.510417","900.6666667","2128.354167","1","152.6666667","152.6666667","152.6666667","1","216.6666667","216.6666667","216.6666667","1","0","0","0","0","70.66666667","70.66666667","70.66666667","1","90.66666667","61.66666667","90.66666667","1","216.6666667","216.6666667","216.6666667","1","1181.666667","1042.666667","1320.666667","1","-176.8333333","-186.3333333","-167.3333333","1","491.6666667","-610.3333333","1593.666667","1","-9048.281384","-16777.36195","-1319.200814","1","-3613.223958","-6857.395833","-369.0520833","1","152.6666667","152.6666667","152.6666667","1","-610.3333333","-610.3333333","-610.3333333","1","0","0","0","0","654.6666667","654.6666667","654.6666667","1","-210.3333333","-210.3333333","-181.3333333","1","0","0","0","0","25.87712392","89","70.1801824","3","5","10","15"
"2026-06-05","12:40:00","40","ghost_high_64539_64607","high","30194.25","64607","30084.6666666667","177.8333333","164.3333333","191.3333333","1","-32.66666667","-34.66666667","-30.66666667","1","279.8333333","268.3333333","291.3333333","1","-8560.635387","-16300.63098","-820.6397974","1","413.1770833","183.1458333","616.1458333","1","-90.66666667","-90.66666667","-90.66666667","1","268.3333333","268.3333333","268.3333333","1","268.3333333","268.3333333","268.3333333","1","146.3333333","146.3333333","146.3333333","1","37.33333333","6.333333333","37.33333333","1","268.3333333","268.3333333","268.3333333","1","191.3333333","91.33333333","291.3333333","1","284.8333333","257.3333333","312.3333333","1","404.3333333","203.3333333","605.3333333","1","-8560.842152","-16299.2207","-822.4636071","1","1983.598958","1266.177083","2605.364583","1","-90.66666667","-90.66666667","-90.66666667","1","203.3333333","203.3333333","203.3333333","1","0","0","0","0","203.3333333","203.3333333","203.3333333","1","268.3333333","125.3333333","268.3333333","1","0","0","0","0","1662.333333","1523.333333","1801.333333","1","303.8333333","294.3333333","313.3333333","1","-110.1666667","-129.6666667","-90.66666667","1","-8563.025948","-16292.77514","-833.2767615","1","-3315.963542","-6495.822917","-136.1041667","1","-90.66666667","-90.66666667","-90.66666667","1","-90.66666667","-90.66666667","-90.66666667","1","-90.66666667","-90.66666667","-90.66666667","1","1135.333333","1135.333333","1135.333333","1","449.3333333","438.3333333","449.3333333","1","-90.66666667","-90.66666667","-90.66666667","1","81.38429858","703","790.0229141","3","5","10","15"
"2026-06-05","12:40:00","40","ghost_low_64582_64607","low","30107.5","64607","30084.6666666667","177.8333333","164.3333333","191.3333333","1","-32.66666667","-34.66666667","-30.66666667","1","279.8333333","268.3333333","291.3333333","1","-8560.635387","-16300.63098","-820.6397974","1","413.1770833","183.1458333","616.1458333","1","-90.66666667","-90.66666667","-90.66666667","1","268.3333333","268.3333333","268.3333333","1","268.3333333","268.3333333","268.3333333","1","146.3333333","146.3333333","146.3333333","1","37.33333333","6.333333333","37.33333333","1","268.3333333","268.3333333","268.3333333","1","191.3333333","91.33333333","291.3333333","1","284.8333333","257.3333333","312.3333333","1","404.3333333","203.3333333","605.3333333","1","-8560.842152","-16299.2207","-822.4636071","1","1983.598958","1266.177083","2605.364583","1","-90.66666667","-90.66666667","-90.66666667","1","203.3333333","203.3333333","203.3333333","1","0","0","0","0","203.3333333","203.3333333","203.3333333","1","268.3333333","125.3333333","268.3333333","1","0","0","0","0","1662.333333","1523.333333","1801.333333","1","303.8333333","294.3333333","313.3333333","1","-110.1666667","-129.6666667","-90.66666667","1","-8563.025948","-16292.77514","-833.2767615","1","-3315.963542","-6495.822917","-136.1041667","1","-90.66666667","-90.66666667","-90.66666667","1","-90.66666667","-90.66666667","-90.66666667","1","-90.66666667","-90.66666667","-90.66666667","1","1135.333333","1135.333333","1135.333333","1","449.3333333","438.3333333","449.3333333","1","-90.66666667","-90.66666667","-90.66666667","1","81.38429858","703","790.0229141","3","5","10","15"
"2026-06-05","13:53:00","53","ghost_high_64614_64680","high","30135.5","64680","29876.75","714","540","888","1","86","67","105","1","691.5","488","895","1","-7694.018207","-15436.00244","47.96603171","1","779.984375","289.25","1219.0625","1","-455","-455","-455","1","895","895","895","1","0","0","0","0","594","594","594","1","83","17","83","1","0","0","0","0","699.5","620","779","1","538","531","545","1","1236","1035","1437","1","-7697.832005","-15438.04104","42.37703418","1","2827.28125","2050.125","3604.4375","1","-455","-455","-455","1","1035","1035","1035","1","0","0","0","0","1035","1035","1035","1","531","508","531","1","0","0","0","0","2494","2355","2633","1","1192","1123","1261","1","1135","741","1529","1","-7722.606838","-15453.24932","8.035643799","1","-2445.15625","-5458","854.625","1","-455","-455","-455","1","1529","1529","1529","1","0","0","0","0","1967","1967","1967","1","1123","1083","1123","1","0","0","0","0","126.5555356","4188","3480.769031","3","5","10","15"
"2026-06-05","13:53:00","53","ghost_low_64658_64680","low","29998.75","64680","29876.75","714","540","888","1","86","67","105","1","691.5","488","895","1","-7694.018207","-15436.00244","47.96603171","1","779.984375","289.25","1219.0625","1","-455","-455","-455","1","895","895","895","1","0","0","0","0","594","594","594","1","83","17","83","1","0","0","0","0","699.5","620","779","1","538","531","545","1","1236","1035","1437","1","-7697.832005","-15438.04104","42.37703418","1","2827.28125","2050.125","3604.4375","1","-455","-455","-455","1","1035","1035","1035","1","0","0","0","0","1035","1035","1035","1","531","508","531","1","0","0","0","0","2494","2355","2633","1","1192","1123","1261","1","1135","741","1529","1","-7722.606838","-15453.24932","8.035643799","1","-2445.15625","-5458","854.625","1","-455","-455","-455","1","1529","1529","1529","1","0","0","0","0","1967","1967","1967","1","1123","1083","1123","1","0","0","0","0","126.5555356","4188","3480.769031","3","5","10","15"
"2026-06-05","17:06:00","06","ghost_high_64795_64873","high","29682.5","64873","29437.5833333333","669.6666667","621.6666667","717.6666667","1","89.16666667","80.66666667","97.66666667","1","77.16666667","-67.33333333","221.6666667","1","-5841.388004","-13573.06096","1890.28495","1","1800.666667","755.6666667","2735.666667","1","707.6666667","707.6666667","707.6666667","1","-67.33333333","-67.33333333","-67.33333333","1","0","0","0","0","932.6666667","932.6666667","932.6666667","1","55.66666667","42.66666667","55.66666667","1","0","0","0","0","2456.166667","2376.666667","2535.666667","1","322.6666667","251.6666667","393.6666667","1","1650.666667","1281.666667","2019.666667","1","-5844.281961","-13574.82599","1886.262069","1","4855.588542","3158.947917","5480.666667","1","707.6666667","707.6666667","707.6666667","1","2019.666667","2019.666667","2019.666667","1","0","0","0","0","2791.666667","2791.666667","2791.666667","1","-90.33333333","-90.33333333","33.66666667","1","0","0","0","0","4250.666667","4111.666667","4389.666667","1","1086.166667","890.6666667","1281.666667","1","2891.666667","2497.666667","3285.666667","1","-5842.333873","-13563.59393","1878.926181","1","-611.2239583","-3586.333333","2363.885417","1","707.6666667","707.6666667","707.6666667","1","3285.666667","3285.666667","3285.666667","1","0","0","0","0","3723.666667","3723.666667","3723.666667","1","890.6666667","884.6666667","890.6666667","1","0","0","0","0","114.201816","1013","1755.982372","3","5","10","15"
"2026-06-05","17:41:00","41","ghost_high_64862_64908","high","29507.75","64908","29489.4166666667","-276.6666667","-311.6666667","-241.6666667","1","-57.16666667","-60.66666667","-53.66666667","1","-224.6666667","-311.6666667","-137.6666667","1","-6037.006686","-13765.25355","1691.240174","1","1401.755208","254.3020833","2439.927083","1","500.3333333","500.3333333","500.3333333","1","-311.6666667","-311.6666667","-311.6666667","1","0","0","0","0","-491.6666667","-491.6666667","-491.6666667","1","62.33333333","-8.666666667","62.33333333","1","0","0","0","0","2248.833333","2169.333333","2328.333333","1","115.3333333","44.33333333","186.3333333","1","1443.333333","1074.333333","1812.333333","1","-6037.910604","-13764.48881","1688.667601","1","4640.708333","2923.583333","5273.333333","1","500.3333333","500.3333333","500.3333333","1","1812.333333","1812.333333","1812.333333","1","0","0","0","0","2584.333333","2584.333333","2584.333333","1","-311.6666667","-311.6666667","-198.6666667","1","0","0","0","0","4043.333333","3904.333333","4182.333333","1","878.8333333","683.3333333","1074.333333","1","2684.333333","2290.333333","3078.333333","1","-6049.667207","-13770.92726","1671.592848","1","-818.5572917","-3793.666667","2156.552083","1","500.3333333","500.3333333","500.3333333","1","3078.333333","3078.333333","3078.333333","1","0","0","0","0","3516.333333","3516.333333","3516.333333","1","683.3333333","677.3333333","683.3333333","1","0","0","0","0","94.62112953","2234","1720.611082","3","5","10","15"
"2026-06-05","19:39:00","39","ghost_high_64984_65026","high","29216","65026","29122.1666666667","46.83333333","-87.66666667","181.3333333","1","-76.66666667","-99.66666667","-53.66666667","1","-62.16666667","-205.6666667","81.33333333","1","-4529.818003","-12240.22749","3180.591485","1","2992.083333","1085.833333","4288.333333","1","1969.333333","1969.333333","1969.333333","1","81.33333333","81.33333333","81.33333333","1","0","0","0","0","395.3333333","395.3333333","395.3333333","1","66.33333333","44.33333333","66.33333333","1","0","0","0","0","3717.833333","3638.333333","3797.333333","1","377.3333333","359.3333333","395.3333333","1","1244.833333","958.3333333","1531.333333","1","-4532.818909","-12242.96602","3177.328203","1","5940.177083","3992.083333","6742.333333","1","1969.333333","1969.333333","1969.333333","1","1531.333333","1531.333333","1531.333333","1","0","0","0","0","4053.333333","4053.333333","4053.333333","1","-516.6666667","-516.6666667","-430.6666667","1","0","0","0","0","5512.333333","5373.333333","5651.333333","1","1750.333333","1531.333333","1969.333333","1","4153.333333","3759.333333","4547.333333","1","-4540.226746","-12246.98468","3166.531185","1","650.4427083","-2324.666667","3625.552083","1","1969.333333","1969.333333","1969.333333","1","4547.333333","4547.333333","4547.333333","1","0","0","0","0","4985.333333","4985.333333","4985.333333","1","1419.333333","1397.333333","1419.333333","1","0","0","0","0","141.9793027","1502","1649.446038","3","5","10","15"
"2026-06-08","01:01:00","01","ghost_low_65190_65288","low","28938.5","65288","29214.5","99.5","51","148","1","-53","-61","-45","1","-28","-204","148","1","-4871.258055","-12562.99096","2820.474855","1","-324.796875","-1620.34375","970.75","1","-444","-444","-444","1","-204","-204","-204","1","0","0","0","0","-1050","-1050","-1050","1","63","16","63","1","0","0","0","0","-559.5","-886","-233","1","-47","-90","-4","1","-1067.5","-1369","-766","1","-4871.71535","-12561.74147","2818.310765","1","5486.40625","2573.3125","6373","1","-444","-444","-444","1","-1369","-1369","-1369","1","0","0","0","0","3684","3684","3684","1","107","100","107","1","0","0","0","0","5143","5004","5282","1","-693","-766","-620","1","1222.5","-1733","4178","1","-4870.09537","-12550.75083","2810.560087","1","281.109375","-2694","3256.21875","1","-444","-444","-444","1","-1733","-1733","-1733","1","0","0","0","0","4616","4616","4616","1","-620","-620","-524","1","0","0","0","0","82.67961437","637","550.7121847","3","5","10","15"
"2026-06-08","05:25:00","25","ghost_low_65526_65552","low","29088.5","65552","29085.8333333333","191.6666667","163.6666667","219.6666667","1","-19.83333333","-28.33333333","-11.33333333","1","-26.83333333","-103.3333333","49.66666667","1","-4346.555995","-12032.97928","3339.867286","1","-996.8489583","-1218.333333","300.4166667","1","70.66666667","70.66666667","70.66666667","1","49.66666667","49.66666667","49.66666667","1","0","0","0","0","195.6666667","195.6666667","195.6666667","1","30.66666667","30.66666667","30.66666667","1","0","0","0","0","-44.83333333","-371.3333333","281.6666667","1","219.6666667","198.6666667","240.6666667","1","474.1666667","362.6666667","585.6666667","1","-4347.014261","-12031.72416","3337.695639","1","6254.385417","2834.666667","6887.666667","1","70.66666667","70.66666667","70.66666667","1","585.6666667","585.6666667","585.6666667","1","0","0","0","0","4198.666667","4198.666667","4198.666667","1","118.6666667","101.6666667","118.6666667","1","0","0","0","0","5657.666667","5518.666667","5796.666667","1","-178.3333333","-251.3333333","-105.3333333","1","-205.8333333","-1218.333333","806.6666667","1","-4346.055728","-12021.80024","3329.688787","1","795.7760417","-2179.333333","3770.885417","1","70.66666667","70.66666667","70.66666667","1","806.6666667","806.6666667","806.6666667","1","0","0","0","0","5130.666667","5130.666667","5130.666667","1","549.6666667","506.6666667","549.6666667","1","0","0","0","0","61.54295963","107","146.8243937","3","5","10","15"
"2026-06-08","06:51:00","51","ghost_low_65604_65638","low","29011.75","65638","29061.1666666667","-76.16666667","-97.66666667","-54.66666667","1","106.3333333","101.3333333","111.3333333","1","97.83333333","22.33333333","173.3333333","1","-4244.501925","-11928.76459","3439.760742","1","619.8489583","22.92708333","905.3333333","1","-75.66666667","-75.66666667","-75.66666667","1","173.3333333","173.3333333","173.3333333","1","0","0","0","0","-338.6666667","-338.6666667","-338.6666667","1","-44.66666667","-44.66666667","4.333333333","1","0","0","0","0","53.83333333","-272.6666667","380.3333333","1","-4.666666667","-54.66666667","45.33333333","1","165.3333333","-353.6666667","684.3333333","1","-4244.907446","-11927.42701","3437.61212","1","6353.052083","2933.333333","6986.333333","1","-75.66666667","-75.66666667","-75.66666667","1","-353.6666667","-353.6666667","-353.6666667","1","0","0","0","0","4297.333333","4297.333333","4297.333333","1","173.3333333","66.33333333","173.3333333","1","0","0","0","0","5756.333333","5617.333333","5895.333333","1","396.3333333","331.3333333","461.3333333","1","-107.1666667","-1119.666667","905.3333333","1","-4245.309892","-11919.71217","3429.092381","1","894.4427083","-2080.666667","3869.552083","1","-75.66666667","-75.66666667","-75.66666667","1","905.3333333","905.3333333","905.3333333","1","0","0","0","0","5229.333333","5229.333333","5229.333333","1","331.3333333","114.3333333","331.3333333","1","0","0","0","0","70.85825651","278","197.1628205","3","5","10","15"
"2026-06-08","09:56:00","56","ghost_high_65790_65823","high","29223","65823","29230.1666666667","-67.16666667","-124.6666667","-9.666666667","1","-18.66666667","-19.66666667","-17.66666667","1","-27.16666667","-71.66666667","17.33333333","1","-4912.734066","-12593.20049","2767.732356","1","-47.11979167","-451.6979167","203.3333333","1","203.3333333","203.3333333","203.3333333","1","17.33333333","17.33333333","17.33333333","1","0","0","0","0","-28.66666667","-28.66666667","-28.66666667","1","-17.66666667","-17.66666667","-2.666666667","1","0","0","0","0","-7.666666667","-94.66666667","79.33333333","1","-91.66666667","-107.6666667","-75.66666667","1","-95.16666667","-340.6666667","150.3333333","1","-4913.26445","-12592.05444","2765.525543","1","5423.739583","2257.333333","6310.333333","1","203.3333333","203.3333333","203.3333333","1","-340.6666667","-340.6666667","-340.6666667","1","0","0","0","0","3621.333333","3621.333333","3621.333333","1","-172.6666667","-172.6666667","-132.6666667","1","0","0","0","0","5080.333333","4941.333333","5219.333333","1","-304.6666667","-316.6666667","-292.6666667","1","-400.1666667","-1029.666667","229.3333333","1","-4913.276214","-12583.519","2756.966568","1","218.4427083","-2756.666667","3193.552083","1","203.3333333","203.3333333","203.3333333","1","-1029.666667","-1029.666667","-1029.666667","1","0","0","0","0","4553.333333","4553.333333","4553.333333","1","150.3333333","100.3333333","150.3333333","1","0","0","0","0","55.66278454","117","166.3515646","3","5","10","15"
"2026-06-08","10:21:00","21","ghost_low_65804_65848","low","29164.25","65848","29193.9166666667","155.3333333","122.3333333","188.3333333","1","23.83333333","17.33333333","30.33333333","1","64.83333333","-32.66666667","162.3333333","1","-4767.025003","-12447.15434","2913.104329","1","97.88020833","-306.6979167","348.3333333","1","348.3333333","348.3333333","348.3333333","1","162.3333333","162.3333333","162.3333333","1","0","0","0","0","162.3333333","162.3333333","162.3333333","1","-29.66666667","-29.66666667","-9.666666667","1","0","0","0","0","137.3333333","50.33333333","224.3333333","1","53.33333333","37.33333333","69.33333333","1","23.33333333","-195.6666667","242.3333333","1","-4767.395473","-12445.77494","2910.983994","1","5568.739583","2149.020833","6455.333333","1","348.3333333","348.3333333","348.3333333","1","242.3333333","242.3333333","242.3333333","1","0","0","0","0","3766.333333","3766.333333","3766.333333","1","155.3333333","111.3333333","155.3333333","1","0","0","0","0","5225.333333","5086.333333","5364.333333","1","-159.6666667","-171.6666667","-147.6666667","1","-255.1666667","-884.6666667","374.3333333","1","-4766.362152","-12435.69447","2902.970169","1","363.4427083","-2611.666667","3338.552083","1","348.3333333","348.3333333","348.3333333","1","-884.6666667","-884.6666667","-884.6666667","1","0","0","0","0","4698.333333","4698.333333","4698.333333","1","-195.6666667","-195.6666667","-59.66666667","1","0","0","0","0","47.12312106","124","130.9307879","3","5","10","15"
"2026-06-08","11:22:00","22","ghost_low_65862_65909","low","29203.5","65909","29396.0833333333","-616.8333333","-636.3333333","-597.3333333","1","-117.8333333","-118.3333333","-117.3333333","1","-132.3333333","-223.3333333","-41.33333333","1","-5572.272361","-13251.00267","2106.45795","1","-689.7083333","-1150.833333","-228.5833333","1","-434.3333333","-434.3333333","-434.3333333","1","-223.3333333","-223.3333333","-223.3333333","1","0","0","0","0","-676.3333333","-676.3333333","-676.3333333","1","-80.33333333","-80.33333333","-60.33333333","1","0","0","0","0","-734.8333333","-816.3333333","-653.3333333","1","-541.8333333","-560.3333333","-523.3333333","1","-687.3333333","-884.3333333","-490.3333333","1","-5572.930347","-13250.00411","2104.14342","1","4760.072917","1087.041667","5646.666667","1","-434.3333333","-434.3333333","-434.3333333","1","-490.3333333","-490.3333333","-490.3333333","1","0","0","0","0","-566.3333333","-566.3333333","-566.3333333","1","-523.3333333","-523.3333333","-512.3333333","1","0","0","0","0","4416.666667","4277.666667","4555.666667","1","-968.3333333","-980.3333333","-956.3333333","1","-1076.833333","-1693.333333","-460.3333333","1","-5573.076488","-13241.50858","2095.355599","1","-445.2239583","-3420.333333","2529.885417","1","-434.3333333","-434.3333333","-434.3333333","1","-460.3333333","-460.3333333","-460.3333333","1","0","0","0","0","3889.666667","3889.666667","3889.666667","1","-884.3333333","-884.3333333","-628.3333333","1","0","0","0","0","85.3441444","956","657.8453198","3","5","10","15"
"2026-06-08","11:22:00","22","ghost_high_65862_65909","high","29273.5","65909","29396.0833333333","-616.8333333","-636.3333333","-597.3333333","1","-117.8333333","-118.3333333","-117.3333333","1","-132.3333333","-223.3333333","-41.33333333","1","-5572.272361","-13251.00267","2106.45795","1","-689.7083333","-1150.833333","-228.5833333","1","-434.3333333","-434.3333333","-434.3333333","1","-223.3333333","-223.3333333","-223.3333333","1","0","0","0","0","-676.3333333","-676.3333333","-676.3333333","1","-80.33333333","-80.33333333","-60.33333333","1","0","0","0","0","-734.8333333","-816.3333333","-653.3333333","1","-541.8333333","-560.3333333","-523.3333333","1","-687.3333333","-884.3333333","-490.3333333","1","-5572.930347","-13250.00411","2104.14342","1","4760.072917","1087.041667","5646.666667","1","-434.3333333","-434.3333333","-434.3333333","1","-490.3333333","-490.3333333","-490.3333333","1","0","0","0","0","-566.3333333","-566.3333333","-566.3333333","1","-523.3333333","-523.3333333","-512.3333333","1","0","0","0","0","4416.666667","4277.666667","4555.666667","1","-968.3333333","-980.3333333","-956.3333333","1","-1076.833333","-1693.333333","-460.3333333","1","-5573.076488","-13241.50858","2095.355599","1","-445.2239583","-3420.333333","2529.885417","1","-434.3333333","-434.3333333","-434.3333333","1","-460.3333333","-460.3333333","-460.3333333","1","0","0","0","0","3889.666667","3889.666667","3889.666667","1","-884.3333333","-884.3333333","-628.3333333","1","0","0","0","0","85.3441444","956","657.8453198","3","5","10","15"
"2026-06-08","14:21:00","21","ghost_high_66051_66088","high","29556","66088","29419","351","256","446","1","6","-21","33","1","17","-177","211","1","-5622.130784","-13289.18414","2044.922569","1","111.46875","-369.9375","592.875","1","75","75","75","1","-177","-177","-177","1","0","0","0","0","277","277","277","1","99","-9","99","1","0","0","0","0","-142.5","-190","-95","1","414","294","534","1","262","-217","741","1","-5623.00066","-13288.28447","2042.283149","1","4668.40625","235.4375","5555","1","75","75","75","1","741","741","741","1","0","0","0","0","-658","-658","-658","1","211","145","211","1","0","0","0","0","214.5","-312","741","1","-399.5","-582","-217","1","-1168.5","-1785","-552","1","-5631.032028","-13289.0946","2027.030549","1","-536.890625","-3512","2438.21875","1","75","75","75","1","-552","-552","-552","1","0","0","0","0","3798","3798","3798","1","741","262","741","1","0","0","0","0","174.9423864","1732","1756.938365","3","5","10","15"
"2026-06-08","18:28:00","28","ghost_low_66292_66335","low","29509","66335","29581.75","-4","-43","35","1","26.5","0","53","1","-25.5","-95","44","1","-6205.88133","-13859.9737","1448.21104","1","-29.5","-562","432","1","131","131","131","1","-95","-95","-95","1","0","0","0","0","-209","-209","-209","1","31","30","31","1","0","0","0","0","-132","-359","95","1","-82","-146","-18","1","-108","-386","170","1","-6207.334559","-13859.83448","1445.165362","1","4017.40625","-162.25","4904","1","131","131","131","1","170","170","170","1","0","0","0","0","-91","-91","-91","1","110","59","110","1","0","0","0","0","-108","-386","170","1","-1050.5","-1233","-868","1","-1819.5","-2436","-1203","1","-6209.592151","-13853.24896","1434.064662","1","-1187.890625","-4163","1787.21875","1","131","131","131","1","-1203","-1203","-1203","1","0","0","0","0","3147","3147","3147","1","170","-4","170","1","0","0","0","0","68.9687995","510","561.1626338","3","5","10","15"
"2026-06-08","18:54:00","54","ghost_low_66320_66361","low","29556","66361","29555.6666666667","153.3333333","136.3333333","170.3333333","1","-20.16666667","-39.66666667","-0.6666666667","1","-25.66666667","-112.6666667","61.33333333","1","-6097.069347","-13750.16865","1556.029954","1","108.6770833","-397.1041667","547.0208333","1","235.3333333","235.3333333","235.3333333","1","61.33333333","61.33333333","61.33333333","1","0","0","0","0","169.3333333","169.3333333","169.3333333","1","34.33333333","23.33333333","34.33333333","1","0","0","0","0","-27.66666667","-254.6666667","199.3333333","1","22.33333333","-41.66666667","86.33333333","1","-3.666666667","-281.6666667","274.3333333","1","-6097.96974","-13749.35344","1553.41396","1","4121.739583","-57.91666667","5008.333333","1","235.3333333","235.3333333","235.3333333","1","274.3333333","274.3333333","274.3333333","1","0","0","0","0","13.33333333","13.33333333","13.33333333","1","61.33333333","-18.66666667","61.33333333","1","0","0","0","0","-3.666666667","-281.6666667","274.3333333","1","-946.1666667","-1128.666667","-763.6666667","1","-1715.166667","-2331.666667","-1098.666667","1","-6105.258817","-13748.91563","1538.397995","1","-1083.557292","-4058.666667","1891.552083","1","235.3333333","235.3333333","235.3333333","1","-1098.666667","-1098.666667","-1098.666667","1","0","0","0","0","3251.333333","3251.333333","3251.333333","1","274.3333333","100.3333333","274.3333333","1","0","0","0","0","72.15973374","545","610.1064493","3","5","10","15"
"2026-06-08","20:42:00","42","ghost_high_66422_66469","high","29475","66469","29430.1666666667","52.83333333","34.33333333","71.33333333","1","-42.16666667","-44.66666667","-39.66666667","1","-10.66666667","-39.66666667","18.33333333","1","-5573.98166","-13220.69765","2072.734327","1","93.98958333","-394.6666667","634.0833333","1","30.33333333","30.33333333","30.33333333","1","-39.66666667","-39.66666667","-39.66666667","1","0","0","0","0","43.33333333","43.33333333","43.33333333","1","23.33333333","23.33333333","23.33333333","1","0","0","0","0","474.3333333","247.3333333","701.3333333","1","141.3333333","84.33333333","198.3333333","1","268.8333333","-212.6666667","750.3333333","1","-5574.506609","-13219.40124","2070.388017","1","64.11458333","-2595.666667","3990.458333","1","30.33333333","30.33333333","30.33333333","1","-212.6666667","-212.6666667","-212.6666667","1","0","0","0","0","515.3333333","515.3333333","515.3333333","1","18.33333333","3.333333333","18.33333333","1","0","0","0","0","498.3333333","220.3333333","776.3333333","1","-444.1666667","-626.6666667","-261.6666667","1","327.3333333","-596.6666667","1251.333333","1","-5576.497074","-13212.92893","2059.934783","1","-677.1666667","-3289.666667","2485.333333","1","30.33333333","30.33333333","30.33333333","1","1251.333333","1251.333333","1251.333333","1","0","0","0","0","3753.333333","3753.333333","3753.333333","1","471.3333333","451.3333333","471.3333333","1","1251.333333","1251.333333","1251.333333","1","42.3573669","108","151.6984483","3","5","10","15"
"2026-06-09","00:01:00","01","ghost_low_66578_66608","low","29416","66608","29429.8333333333","-121.3333333","-150.3333333","-92.33333333","1","-44.83333333","-54.33333333","-35.33333333","1","-111.3333333","-179.3333333","-43.33333333","1","-5568.324969","-13213.56881","2076.91887","1","66.49479167","-434.3333333","778.1979167","1","31.66666667","31.66666667","31.66666667","1","-179.3333333","-179.3333333","-179.3333333","1","0","0","0","0","-101.3333333","-101.3333333","-101.3333333","1","-51.33333333","-51.33333333","-16.33333333","1","0","0","0","0","18.66666667","-38.33333333","75.66666667","1","-5.833333333","-10.33333333","-1.333333333","1","-139.3333333","-434.3333333","155.6666667","1","-5568.847942","-13212.27163","2074.575747","1","65.44791667","-2594.333333","3991.791667","1","31.66666667","31.66666667","31.66666667","1","-434.3333333","-434.3333333","-434.3333333","1","0","0","0","0","516.6666667","516.6666667","516.6666667","1","-179.3333333","-179.3333333","-62.33333333","1","0","0","0","0","499.6666667","221.6666667","777.6666667","1","275.6666667","160.6666667","390.6666667","1","328.6666667","-595.3333333","1252.666667","1","-5567.538362","-13201.50333","2066.426602","1","-788.5364583","-3067.333333","2562.635417","1","31.66666667","31.66666667","31.66666667","1","1252.666667","1252.666667","1252.666667","1","0","0","0","0","3754.666667","3754.666667","3754.666667","1","208.6666667","-13.33333333","208.6666667","1","1252.666667","1252.666667","1252.666667","1","63.93698302","252","157.5625047","3","5","10","15"
"2026-06-09","05:03:00","03","ghost_low_66840_66910","low","29565","66910","29604.3333333333","27.16666667","17.66666667","36.66666667","1","10.66666667","9.666666667","11.66666667","1","22.66666667","0.6666666667","44.66666667","1","-6257.013206","-13899.51153","1385.485123","1","-609.2864583","-916.5520833","-342.9895833","1","-45.33333333","-45.33333333","-45.33333333","1","44.66666667","44.66666667","44.66666667","1","0","0","0","0","49.66666667","49.66666667","49.66666667","1","-33.33333333","-33.33333333","-28.33333333","1","0","0","0","0","-679.3333333","-736.3333333","-622.3333333","1","-58.83333333","-88.33333333","-29.33333333","1","-400.8333333","-575.3333333","-226.3333333","1","-6257.583821","-13898.26809","1383.100448","1","-722.1302083","-3292.333333","3071.979167","1","-45.33333333","-45.33333333","-45.33333333","1","-575.3333333","-575.3333333","-575.3333333","1","0","0","0","0","-181.3333333","-181.3333333","-181.3333333","1","56.66666667","54.66666667","56.66666667","1","0","0","0","0","-198.3333333","-476.3333333","79.66666667","1","-231.8333333","-322.3333333","-141.3333333","1","-324.3333333","-1203.333333","554.6666667","1","-6256.238304","-13887.49914","1375.022533","1","-1486.536458","-3765.333333","1864.635417","1","-45.33333333","-45.33333333","-45.33333333","1","-1203.333333","-1203.333333","-1203.333333","1","0","0","0","0","3056.666667","3056.666667","3056.666667","1","-141.3333333","-141.3333333","-97.33333333","1","0","0","0","0","28.60463559","160","109.7421347","3","5","10","15"
"2026-06-09","08:06:00","06","ghost_low_67064_67093","low","29588","67093","29588.0833333333","22.16666667","-10.33333333","54.66666667","1","155.6666667","143.6666667","167.6666667","1","-53.33333333","-88.33333333","-18.33333333","1","-6186.51646","-13828.00367","1454.970754","1","91.24479167","-511.4895833","404.6666667","1","19.66666667","19.66666667","19.66666667","1","-88.33333333","-88.33333333","-88.33333333","1","0","0","0","0","-18.33333333","-18.33333333","-18.33333333","1","49.66666667","49.66666667","49.66666667","1","-88.33333333","-88.33333333","-88.33333333","1","289.6666667","184.6666667","394.6666667","1","169.6666667","154.6666667","184.6666667","1","375.6666667","346.6666667","404.6666667","1","-6187.314613","-13827.03228","1452.403056","1","-476.6770833","-3227.333333","2752.354167","1","19.66666667","19.66666667","19.66666667","1","404.6666667","404.6666667","404.6666667","1","404.6666667","404.6666667","404.6666667","1","346.6666667","346.6666667","346.6666667","1","153.6666667","143.6666667","153.6666667","1","404.6666667","404.6666667","404.6666667","1","-133.3333333","-411.3333333","144.6666667","1","-166.8333333","-257.3333333","-76.33333333","1","-259.3333333","-1138.333333","619.6666667","1","-6185.98936","-13816.27301","1444.294291","1","-1421.536458","-3700.333333","1929.635417","1","19.66666667","19.66666667","19.66666667","1","-1138.333333","-1138.333333","-1138.333333","1","0","0","0","0","3121.666667","3121.666667","3121.666667","1","404.6666667","139.6666667","404.6666667","1","0","0","0","0","57.92431557","154","179.1524539","3","5","10","15"
"2026-06-09","09:56:00","56","ghost_high_67176_67203","high","29691.25","67203","29690.0833333333","-2.333333333","-13.33333333","8.666666667","1","-8.333333333","-14.33333333","-2.333333333","1","0.1666666667","-24.33333333","24.66666667","1","-6591.677045","-14232.6936","1049.339507","1","-166.8802083","-446.8333333","24.66666667","1","-3.333333333","-3.333333333","-3.333333333","1","24.66666667","24.66666667","24.66666667","1","24.66666667","24.66666667","24.66666667","1","-24.33333333","-24.33333333","-24.33333333","1","-11.33333333","-11.33333333","-4.333333333","1","24.66666667","24.66666667","24.66666667","1","-150.3333333","-211.3333333","-89.33333333","1","-222.3333333","-234.3333333","-210.3333333","1","-115.8333333","-216.3333333","-15.33333333","1","-6592.33595","-14231.54703","1046.875131","1","-884.6770833","-3635.333333","2105.166667","1","-3.333333333","-3.333333333","-3.333333333","1","-216.3333333","-216.3333333","-216.3333333","1","0","0","0","0","-15.33333333","-15.33333333","-15.33333333","1","-68.33333333","-68.33333333","-55.33333333","1","0","0","0","0","-541.3333333","-819.3333333","-263.3333333","1","-574.8333333","-665.3333333","-484.3333333","1","-667.3333333","-1546.333333","211.6666667","1","-6591.98314","-14221.89874","1037.932459","1","-1829.536458","-4108.333333","1521.635417","1","-3.333333333","-3.333333333","-3.333333333","1","-1546.333333","-1546.333333","-1546.333333","1","0","0","0","0","2713.666667","2713.666667","2713.666667","1","-496.3333333","-496.3333333","-386.3333333","1","0","0","0","0","28.71379905","84","99.19028433","3","5","10","15"
"2026-06-09","11:03:00","03","ghost_high_67214_67270","high","29697.25","67270","29694","12.5","-14","39","1","-14.5","-15","-14","1","-52.5","-124","19","1","-6605.004636","-14245.64029","1035.631023","1","-188.90625","-363.1875","-41.4375","1","-7","-7","-7","1","19","19","19","1","0","0","0","0","19","19","19","1","19","17","19","1","19","19","19","1","-123","-176","-70","1","-238","-250","-226","1","-109","-232","14","1","-6605.662357","-14244.48664","1033.161926","1","-900.34375","-3651","2089.5","1","-7","-7","-7","1","14","14","14","1","0","0","0","0","14","14","14","1","-143","-143","-141","1","0","0","0","0","-557","-835","-279","1","-590.5","-681","-500","1","-683","-1562","196","1","-6604.349601","-14233.7359","1025.036702","1","-1845.203125","-4124","1505.96875","1","-7","-7","-7","1","-1562","-1562","-1562","1","0","0","0","0","2698","2698","2698","1","-305","-305","-54","1","0","0","0","0","39.42308876","99","189.4334604","3","5","10","15"
"2026-06-09","13:27:00","27","ghost_low_67375_67414","low","29669.75","67414","29706.25","28.5","-7","64","1","-5.5","-20","9","1","0","-56","56","1","-6645.92298","-14285.42372","993.5777592","1","-96.546875","-266.46875","73.375","1","-56","-56","-56","1","56","56","56","1","0","0","0","0","56","56","56","1","-32","-32","4","1","0","0","0","0","-156.5","-216","-97","1","-137","-173","-101","1","-65.5","-216","85","1","-6647.46841","-14285.27666","990.3398405","1","-1080.875","-3700","1766","1","-56","-56","-56","1","-216","-216","-216","1","0","0","0","0","85","85","85","1","133","133","133","1","0","0","0","0","-606","-884","-328","1","-639.5","-730","-549","1","-1086","-1611","-561","1","-6648.001626","-14276.64033","980.6370777","1","-1894.203125","-4173","1456.96875","1","-56","-56","-56","1","-561","-561","-561","1","0","0","0","0","2649","2649","2649","1","-216","-216","-101","1","-561","-561","-561","1","48.36370234","1708","727.2073291","3","5","10","15"
"2026-06-09","15:11:00","11","ghost_high_67473_67518","high","29526.25","67518","29286.75","1773","1729","1817","1","-154","-237","-71","1","-344","-573","-115","1","-4906.714831","-12529.12947","2715.69981","1","1624.84375","525.875","2246","1","3","3","3","1","-573","-573","-573","1","0","0","0","0","1646","1646","1646","1","-71","-71","-70","1","0","0","0","0","1864.5","1489","2240","1","99","-182","380","1","1854","1462","2246","1","-4907.758289","-12528.35602","2712.839439","1","597.125","-1794.25","2988.5","1","3","3","3","1","2246","2246","2246","1","0","0","0","0","1462","1462","1462","1","-573","-573","-179","1","0","0","0","0","1636.5","1462","1811","1","1038.5","948","1129","1","592","67","1117","1","-4911.264491","-12522.86423","2700.335251","1","-216.203125","-2495","3134.96875","1","3","3","3","1","1117","1117","1117","1","0","0","0","0","4327","4327","4327","1","1701","1544","1701","1","1117","1117","1117","1","191.8116397","2224","1970.858929","3","5","10","15"
"2026-06-09","16:13:00","13","ghost_low_67546_67580","low","28809.75","67580","28640.8333333333","1086.666667","988.6666667","1184.666667","1","-23.33333333","-68.33333333","21.66666667","1","161.6666667","-263.3333333","586.6666667","1","-2305.040587","-9910.297216","5300.216041","1","4113.463542","1964.854167","4829.666667","1","162.6666667","162.6666667","162.6666667","1","-263.3333333","-263.3333333","-263.3333333","1","0","0","0","0","1166.666667","1166.666667","1166.666667","1","111.6666667","61.66666667","111.6666667","1","0","0","0","0","4448.166667","4072.666667","4823.666667","1","735.6666667","586.6666667","884.6666667","1","4437.666667","4045.666667","4829.666667","1","-2306.752355","-9910.843681","5297.33897","1","3159.338542","750.7916667","5567.885417","1","162.6666667","162.6666667","162.6666667","1","4829.666667","4829.666667","4829.666667","1","0","0","0","0","4045.666667","4045.666667","4045.666667","1","586.6666667","220.6666667","586.6666667","1","0","0","0","0","4220.166667","4045.666667","4394.666667","1","3307.166667","2644.666667","3969.666667","1","3175.666667","2650.666667","3700.666667","1","-2310.89673","-9907.068847","5285.275386","1","2367.463542","88.66666667","5450.541667","1","162.6666667","162.6666667","162.6666667","1","3700.666667","3700.666667","3700.666667","1","0","0","0","0","6910.666667","6910.666667","6910.666667","1","2644.666667","2404.666667","2644.666667","1","3700.666667","3700.666667","3700.666667","1","213.5826631","2418","2854.908351","3","5","10","15"
"2026-06-09","18:51:00","51","ghost_low_67677_67738","low","28714.25","67738","28964.25","-463","-534","-392","1","-51","-58","-44","1","43.5","-208","295","1","-3572.896321","-11139.92895","3994.13631","1","-413.96875","-2743.4375","1915.5","1","34","34","34","1","-208","-208","-208","1","0","0","0","0","-395","-395","-395","1","67","62","67","1","0","0","0","0","3154.5","2779","3530","1","-41.5","-94","11","1","295","-2946","3536","1","-3574.36922","-11139.22346","3990.485021","1","1953.46875","-867.4375","4477.4375","1","34","34","34","1","-2946","-2946","-2946","1","0","0","0","0","2752","2752","2752","1","210","199","210","1","0","0","0","0","2926.5","2752","3101","1","-114.5","-707","478","1","2971.5","2407","3536","1","-3582.529938","-11142.75228","3977.692406","1","1407.75","-1656","4471.5","1","34","34","34","1","3536","3536","3536","1","0","0","0","0","5617","5617","5617","1","-2007","-2007","-1936","1","0","0","0","0","140.0887965","690","913.9427332","3","5","10","15"
"2026-06-09","19:26:00","26","ghost_low_67732_67773","low","28912.25","67773","28897.25","281","227","335","1","161","87","235","1","-57","-233","119","1","-3298.254825","-10860.05924","4263.549595","1","-145.96875","-2475.4375","1980.9375","1","-300","-300","-300","1","119","119","119","1","0","0","0","0","-127","-127","-127","1","-55","-55","-28","1","0","0","0","0","3422.5","3047","3798","1","485","478","492","1","563","-2678","3804","1","-3300.655617","-10861.13858","4259.827344","1","2221.46875","-599.4375","4745.4375","1","-300","-300","-300","1","-2678","-2678","-2678","1","0","0","0","0","3020","3020","3020","1","618","616","618","1","0","0","0","0","3194.5","3020","3369","1","153.5","-439","746","1","3239.5","2675","3804","1","-3304.947809","-10857.54244","4247.646824","1","1675.75","-1388","4739.5","1","-300","-300","-300","1","3804","3804","3804","1","0","0","0","0","5885","5885","5885","1","-450","-450","-263","1","0","0","0","0","170.6279901","1054","1421.48465","3","5","10","15"
"2026-06-09","20:09:00","09","ghost_high_67781_67816","high","28988","67816","29123.75","-71.5","-147","4","1","154","130","178","1","71.5","-147","290","1","-4193.486671","-11747.35639","3360.383047","1","-1051.96875","-3178.875","872.375","1","85","85","85","1","290","290","290","1","0","0","0","0","-1033","-1033","-1033","1","101","38","101","1","0","0","0","0","2516.5","2141","2892","1","-513.5","-613","-414","1","-524","-1139","91","1","-4197.116813","-11749.95954","3355.725915","1","1315.46875","-1505.4375","3839.4375","1","85","85","85","1","-1139","-1139","-1139","1","0","0","0","0","2114","2114","2114","1","-975","-975","-975","1","0","0","0","0","2288.5","2114","2463","1","-752.5","-1345","-160","1","-343","-3584","2898","1","-4196.667426","-11738.87547","3345.540621","1","769.75","-2294","3833.5","1","85","85","85","1","-3584","-3584","-3584","1","0","0","0","0","4979","4979","4979","1","-1139","-1139","-231","1","0","0","0","0","156.9566538","1308","1752.677802","3","5","10","15"
"2026-06-09","23:09:00","09","ghost_high_67883_67936","high","29118","67936","29089.4166666667","-387.1666667","-411.6666667","-362.6666667","1","-59.66666667","-76.66666667","-42.66666667","1","-259.6666667","-333.6666667","-185.6666667","1","-4053.156756","-11605.01882","3498.705311","1","-914.6354167","-2433.854167","604.5833333","1","222.3333333","222.3333333","222.3333333","1","-333.6666667","-333.6666667","-333.6666667","1","0","0","0","0","-271.6666667","-271.6666667","-271.6666667","1","53.33333333","-4.666666667","53.33333333","1","0","0","0","0","2653.833333","2278.333333","3029.333333","1","119.8333333","114.3333333","125.3333333","1","354.3333333","281.3333333","427.3333333","1","-4054.895755","-11604.6041","3494.812587","1","1452.802083","-1368.104167","3976.770833","1","222.3333333","222.3333333","222.3333333","1","281.3333333","281.3333333","281.3333333","1","0","0","0","0","2251.333333","2251.333333","2251.333333","1","-411.6666667","-411.6666667","-327.6666667","1","281.3333333","281.3333333","281.3333333","1","2425.833333","2251.333333","2600.333333","1","-615.1666667","-1207.666667","-22.66666667","1","-205.6666667","-3446.666667","3035.333333","1","-4054.42355","-11593.51823","3484.671128","1","907.0833333","-2156.666667","3970.833333","1","222.3333333","222.3333333","222.3333333","1","-3446.666667","-3446.666667","-3446.666667","1","0","0","0","0","5116.333333","5116.333333","5116.333333","1","114.3333333","21.33333333","114.3333333","1","0","0","0","0","86.35352824","166","181.2906609","3","5","10","15"
"2026-06-10","03:17:00","17","ghost_high_68157_68184","high","29035.25","68184","29036.8333333333","-204.3333333","-224.3333333","-184.3333333","1","-75.83333333","-86.33333333","-65.33333333","1","-79.33333333","-129.3333333","-29.33333333","1","-3837.472258","-11385.52838","3710.583863","1","303.3229167","-391.0833333","637.6666667","1","-226.3333333","-226.3333333","-226.3333333","1","-129.3333333","-129.3333333","-129.3333333","1","0","0","0","0","-190.3333333","-190.3333333","-190.3333333","1","-65.33333333","-65.33333333","-65.33333333","1","0","0","0","0","2864.166667","2488.666667","3239.666667","1","113.6666667","46.66666667","180.6666667","1","2.666666667","-307.3333333","312.6666667","1","-3839.043146","-11384.85395","3706.767654","1","1663.135417","-860.8333333","4187.104167","1","-226.3333333","-226.3333333","-226.3333333","1","312.6666667","312.6666667","312.6666667","1","0","0","0","0","2461.666667","2461.666667","2461.666667","1","-278.3333333","-278.3333333","-257.3333333","1","0","0","0","0","2636.166667","2461.666667","2810.666667","1","-404.8333333","-997.3333333","187.6666667","1","-1299.333333","-3236.333333","637.6666667","1","-3838.757658","-11374.05063","3696.535309","1","1117.416667","-1946.333333","4181.166667","1","-226.3333333","-226.3333333","-226.3333333","1","637.6666667","637.6666667","637.6666667","1","0","0","0","0","5326.666667","5326.666667","5326.666667","1","20.66666667","-7.333333333","20.66666667","1","0","0","0","0","58.63711642","224","100.7196889","3","5","10","15"
"2026-06-10","04:19:00","19","ghost_low_68218_68246","low","28973.75","68246","28949.75","258.5","218","299","1","-7.5","-10","-5","1","145","57","233","1","-3488.507249","-11036.056","4059.041498","1","695.734375","92.875","986","1","41","41","41","1","57","57","57","1","0","0","0","0","158","158","158","1","-60","-60","-45","1","57","57","57","1","3212.5","2837","3588","1","462","395","529","1","214","42","386","1","-3490.126822","-11035.48028","4055.226637","1","2011.46875","-512.5","4535.4375","1","41","41","41","1","386","386","386","1","0","0","0","0","2810","2810","2810","1","206","172","206","1","0","0","0","0","2984.5","2810","3159","1","-56.5","-649","536","1","513.5","41","986","1","-3489.830937","-11024.66526","4045.00339","1","1465.75","-1598","4529.5","1","41","41","41","1","41","41","41","1","0","0","0","0","5675","5675","5675","1","70","70","91","1","0","0","0","0","49.22297933","134","119.3986043","3","5","10","15"
"2026-06-10","06:46:00","46","ghost_low_68310_68393","low","28853.75","68393","28983.6666666667","-307.6666667","-321.6666667","-293.6666667","1","46.83333333","35.33333333","58.33333333","1","44.83333333","-31.66666667","121.3333333","1","-3621.64474","-11166.98215","3923.69267","1","91.13020833","-204.4166667","386.6770833","1","-13.66666667","-13.66666667","-13.66666667","1","-31.66666667","-31.66666667","-31.66666667","1","0","0","0","0","-215.6666667","-215.6666667","-215.6666667","1","-29.66666667","-29.66666667","5.333333333","1","0","0","0","0","3076.833333","2701.333333","3452.333333","1","-218.6666667","-242.6666667","-194.6666667","1","-325.1666667","-519.6666667","-130.6666667","1","-3623.217928","-11166.33108","3919.895228","1","1875.802083","-351.2291667","3805.895833","1","-13.66666667","-13.66666667","-13.66666667","1","-519.6666667","-519.6666667","-519.6666667","1","0","0","0","0","2674.333333","2674.333333","2674.333333","1","-85.66666667","-85.66666667","-7.666666667","1","0","0","0","0","-291.1666667","-519.6666667","-62.66666667","1","-192.1666667","-784.6666667","400.3333333","1","377.8333333","-94.66666667","850.3333333","1","-3623.550369","-11156.64967","3909.548934","1","1330.083333","-1733.666667","4393.833333","1","-13.66666667","-13.66666667","-13.66666667","1","-94.66666667","-94.66666667","-94.66666667","1","0","0","0","0","5539.333333","5539.333333","5539.333333","1","-519.6666667","-519.6666667","-339.6666667","1","0","0","0","0","58.34259753","160","135.7597762","3","5","10","15"
"2026-06-10","06:46:00","46","ghost_high_68367_68393","high","29001.25","68393","28983.6666666667","-307.6666667","-321.6666667","-293.6666667","1","46.83333333","35.33333333","58.33333333","1","44.83333333","-31.66666667","121.3333333","1","-3621.64474","-11166.98215","3923.69267","1","91.13020833","-204.4166667","386.6770833","1","-13.66666667","-13.66666667","-13.66666667","1","-31.66666667","-31.66666667","-31.66666667","1","0","0","0","0","-215.6666667","-215.6666667","-215.6666667","1","-29.66666667","-29.66666667","5.333333333","1","0","0","0","0","3076.833333","2701.333333","3452.333333","1","-218.6666667","-242.6666667","-194.6666667","1","-325.1666667","-519.6666667","-130.6666667","1","-3623.217928","-11166.33108","3919.895228","1","1875.802083","-351.2291667","3805.895833","1","-13.66666667","-13.66666667","-13.66666667","1","-519.6666667","-519.6666667","-519.6666667","1","0","0","0","0","2674.333333","2674.333333","2674.333333","1","-85.66666667","-85.66666667","-7.666666667","1","0","0","0","0","-291.1666667","-519.6666667","-62.66666667","1","-192.1666667","-784.6666667","400.3333333","1","377.8333333","-94.66666667","850.3333333","1","-3623.550369","-11156.64967","3909.548934","1","1330.083333","-1733.666667","4393.833333","1","-13.66666667","-13.66666667","-13.66666667","1","-94.66666667","-94.66666667","-94.66666667","1","0","0","0","0","5539.333333","5539.333333","5539.333333","1","-519.6666667","-519.6666667","-339.6666667","1","0","0","0","0","58.34259753","160","135.7597762","3","5","10","15"
"2026-06-10","07:44:00","44","ghost_low_68414_68439","low","28942.5","68439","28940.3333333333","29.66666667","-9.333333333","68.66666667","1","40.16666667","37.66666667","42.66666667","1","83.66666667","-9.333333333","176.6666667","1","-3447.7429","-10992.6114","4097.125598","1","185.6510417","-149.3020833","481.1979167","1","78.66666667","78.66666667","78.66666667","1","176.6666667","176.6666667","176.6666667","1","0","0","0","0","143.6666667","143.6666667","143.6666667","1","25.66666667","16.66666667","25.66666667","1","0","0","0","0","3250.166667","2874.666667","3625.666667","1","-45.33333333","-69.33333333","-21.33333333","1","-25.83333333","-346.3333333","294.6666667","1","-3449.25332","-10991.84989","4093.343254","1","2049.135417","-177.8958333","3979.229167","1","78.66666667","78.66666667","78.66666667","1","294.6666667","294.6666667","294.6666667","1","0","0","0","0","2847.666667","2847.666667","2847.666667","1","176.6666667","61.66666667","176.6666667","1","0","0","0","0","138.1666667","-18.33333333","294.6666667","1","-18.83333333","-611.3333333","573.6666667","1","551.1666667","78.66666667","1023.666667","1","-3449.24356","-10981.54983","4083.062711","1","1503.416667","-1560.333333","4567.166667","1","78.66666667","78.66666667","78.66666667","1","78.66666667","78.66666667","78.66666667","1","0","0","0","0","78.66666667","78.66666667","78.66666667","1","-18.33333333","-18.33333333","18.66666667","1","0","0","0","0","62.05076998","69","74.91793449","3","5","10","15"
"2026-06-10","09:36:00","36","ghost_high_68507_68551","high","28819.75","68551","28786.6666666667","-96.66666667","-125.6666667","-67.66666667","1","-199.6666667","-246.6666667","-152.6666667","1","-292.6666667","-389.6666667","-195.6666667","1","-2830.519509","-10372.61386","4711.574841","1","747.6458333","289.7083333","1151.708333","1","268.3333333","268.3333333","268.3333333","1","-389.6666667","-389.6666667","-389.6666667","1","0","0","0","0","8.333333333","8.333333333","8.333333333","1","-49.66666667","-49.66666667","-25.66666667","1","0","0","0","0","3864.833333","3489.333333","4240.333333","1","182.8333333","132.3333333","233.3333333","1","883.3333333","857.3333333","909.3333333","1","-2832.083482","-10371.99725","4707.830288","1","2663.802083","436.7708333","4593.895833","1","268.3333333","268.3333333","268.3333333","1","857.3333333","857.3333333","857.3333333","1","857.3333333","857.3333333","857.3333333","1","3462.333333","3462.333333","3462.333333","1","-389.6666667","-389.6666667","-301.6666667","1","857.3333333","857.3333333","857.3333333","1","752.8333333","596.3333333","909.3333333","1","595.8333333","3.333333333","1188.333333","1","1165.833333","693.3333333","1638.333333","1","-2832.444813","-10362.63826","4697.748637","1","2118.083333","-945.6666667","5181.833333","1","268.3333333","268.3333333","268.3333333","1","693.3333333","693.3333333","693.3333333","1","0","0","0","0","693.3333333","693.3333333","693.3333333","1","713.3333333","710.3333333","713.3333333","1","0","0","0","0","77.46466416","190","172.7717402","3","5","10","15"
"2026-06-10","10:42:00","42","ghost_high_68573_68617","high","28788.25","68617","28804.4166666667","-21.66666667","-50.66666667","7.333333333","1","-49.66666667","-50.66666667","-48.66666667","1","-66.16666667","-150.6666667","18.33333333","1","-2900.414608","-10441.18717","4640.357959","1","-187.3385417","-481.6666667","650.3645833","1","197.3333333","197.3333333","197.3333333","1","-150.6666667","-150.6666667","-150.6666667","1","0","0","0","0","-218.6666667","-218.6666667","-218.6666667","1","-48.66666667","-48.66666667","-40.66666667","1","0","0","0","0","3793.833333","3418.333333","4169.333333","1","111.8333333","61.33333333","162.3333333","1","-189.6666667","-481.6666667","102.3333333","1","-2901.896051","-10440.39879","4636.606688","1","2592.802083","365.7708333","4522.895833","1","197.3333333","197.3333333","197.3333333","1","102.3333333","102.3333333","102.3333333","1","0","0","0","0","3391.333333","3391.333333","3391.333333","1","-176.6666667","-176.6666667","-154.6666667","1","0","0","0","0","-189.6666667","-481.6666667","102.3333333","1","294.8333333","102.3333333","487.3333333","1","1094.833333","622.3333333","1567.333333","1","-2902.180881","-10430.86827","4626.506504","1","2047.083333","-1016.666667","5110.833333","1","197.3333333","197.3333333","197.3333333","1","622.3333333","622.3333333","622.3333333","1","0","0","0","0","622.3333333","622.3333333","622.3333333","1","-481.6666667","-481.6666667","-163.6666667","1","0","0","0","0","70.60417418","97","118.1943234","3","5","10","15"
"2026-06-10","12:40:00","40","ghost_high_68709_68735","high","28732","68735","28913.5833333333","-966.3333333","-994.3333333","-938.3333333","1","-27.33333333","-59.33333333","4.666666667","1","-339.8333333","-994.3333333","314.6666667","1","-3332.070719","-10866.83979","4202.698351","1","-633.5833333","-1214.333333","-52.83333333","1","185.6666667","185.6666667","185.6666667","1","314.6666667","314.6666667","314.6666667","1","0","0","0","0","-1154.333333","-1154.333333","-1154.333333","1","160.6666667","106.6666667","160.6666667","1","0","0","0","0","-413.3333333","-548.3333333","-278.3333333","1","-712.8333333","-726.3333333","-699.3333333","1","-743.8333333","-1214.333333","-273.3333333","1","-3333.557128","-10866.02713","4198.912872","1","2241.838542","220.8229167","3993.385417","1","185.6666667","185.6666667","185.6666667","1","-1214.333333","-1214.333333","-1214.333333","1","0","0","0","0","-857.3333333","-857.3333333","-857.3333333","1","-699.3333333","-699.3333333","-617.3333333","1","0","0","0","0","-567.8333333","-857.3333333","-278.3333333","1","-141.8333333","-334.3333333","50.66666667","1","658.1666667","185.6666667","1130.666667","1","-3335.687861","-10860.39805","4189.022329","1","1287.916667","-1775.833333","4351.666667","1","185.6666667","185.6666667","185.6666667","1","185.6666667","185.6666667","185.6666667","1","0","0","0","0","185.6666667","185.6666667","185.6666667","1","-273.3333333","-328.3333333","-273.3333333","1","0","0","0","0","209.126377","776","1208.783058","3","5","10","15"
"2026-06-10","13:56:00","56","ghost_high_68786_68811","high","28953.25","68811","29028.6666666667","-512.6666667","-710.6666667","-314.6666667","1","60.83333333","55.33333333","66.33333333","1","-86.16666667","-710.6666667","538.3333333","1","-3780.41675","-11305.01351","3744.180015","1","-671.9010417","-1259.729167","-84.07291667","1","-58.66666667","-58.66666667","-58.66666667","1","538.3333333","538.3333333","538.3333333","1","0","0","0","0","-625.6666667","-625.6666667","-625.6666667","1","-107.6666667","-107.6666667","3.333333333","1","0","0","0","0","-667.1666667","-759.6666667","-574.6666667","1","-848.1666667","-1094.666667","-601.6666667","1","-910.1666667","-1674.666667","-145.6666667","1","-3783.481644","-11307.09214","3740.128854","1","1615.005208","-338.5104167","3568.520833","1","-58.66666667","-58.66666667","-58.66666667","1","-145.6666667","-145.6666667","-145.6666667","1","0","0","0","0","-145.6666667","-145.6666667","-145.6666667","1","-710.6666667","-710.6666667","-276.6666667","1","0","0","0","0","-814.6666667","-1483.666667","-145.6666667","1","-602.1666667","-794.6666667","-409.6666667","1","197.8333333","-274.6666667","670.3333333","1","-3791.924699","-11312.29311","3728.443711","1","827.5833333","-2236.166667","3891.333333","1","-58.66666667","-58.66666667","-58.66666667","1","-274.6666667","-274.6666667","-274.6666667","1","0","0","0","0","-274.6666667","-274.6666667","-274.6666667","1","-1483.666667","-1483.666667","-1391.666667","1","0","0","0","0","243.5799937","1859","2233.486818","3","5","10","15"
"2026-06-10","14:56:00","56","ghost_low_68817_68871","low","28965","68871","28974.4166666667","357.3333333","226.3333333","488.3333333","1","340.3333333","304.3333333","376.3333333","1","384.3333333","242.3333333","526.3333333","1","-3548.337926","-11063.16013","3966.484277","1","342.3333333","-497.6666667","1102.333333","1","-6.666666667","-6.666666667","-6.666666667","1","526.3333333","526.3333333","526.3333333","1","0","0","0","0","242.3333333","242.3333333","242.3333333","1","292.3333333","212.3333333","292.3333333","1","0","0","0","0","361.8333333","38.33333333","685.3333333","1","-631.1666667","-877.6666667","-384.6666667","1","-368.1666667","-807.6666667","71.33333333","1","-3551.070471","-11064.69994","3962.558996","1","1964.505208","60.20833333","3868.802083","1","-6.666666667","-6.666666667","-6.666666667","1","-807.6666667","-807.6666667","-807.6666667","1","0","0","0","0","71.33333333","71.33333333","71.33333333","1","894.3333333","715.3333333","894.3333333","1","0","0","0","0","-26.16666667","-807.6666667","755.3333333","1","-385.1666667","-577.6666667","-192.6666667","1","414.8333333","-57.66666667","887.3333333","1","-3563.398247","-11074.55732","3947.760827","1","1044.583333","-2019.166667","4108.333333","1","-6.666666667","-6.666666667","-6.666666667","1","-57.66666667","-57.66666667","-57.66666667","1","0","0","0","0","-57.66666667","-57.66666667","-57.66666667","1","-807.6666667","-807.6666667","-564.6666667","1","0","0","0","0","227.259854","2679","1827.395949","3","5","10","15"
"2026-06-10","16:13:00","13","ghost_high_68901_68948","high","28877.75","68948","28739.6666666667","131.8333333","79.33333333","184.3333333","1","62.33333333","45.33333333","79.33333333","1","348.3333333","237.3333333","459.3333333","1","-2596.968491","-10097.88764","4903.950661","1","481.3333333","-278.6666667","1241.333333","1","-232.6666667","-232.6666667","-232.6666667","1","459.3333333","459.3333333","459.3333333","1","0","0","0","0","1181.333333","1181.333333","1181.333333","1","88.33333333","-8.666666667","88.33333333","1","0","0","0","0","35.33333333","-450.6666667","521.3333333","1","434.8333333","404.3333333","465.3333333","1","868.3333333","-304.6666667","2041.333333","1","-2598.683499","-10097.59639","4900.229397","1","2903.505208","745.3020833","4807.802083","1","-232.6666667","-232.6666667","-232.6666667","1","-304.6666667","-304.6666667","-304.6666667","1","0","0","0","0","-304.6666667","-304.6666667","-304.6666667","1","627.3333333","462.3333333","627.3333333","1","0","0","0","0","912.8333333","131.3333333","1694.333333","1","553.8333333","361.3333333","746.3333333","1","181.3333333","-518.6666667","881.3333333","1","-2599.94039","-10088.86589","4888.985114","1","1983.583333","-1080.166667","5047.333333","1","-232.6666667","-232.6666667","-232.6666667","1","-518.6666667","-518.6666667","-518.6666667","1","0","0","0","0","881.3333333","881.3333333","881.3333333","1","984.3333333","646.3333333","984.3333333","1","-518.6666667","-518.6666667","-518.6666667","1","192.5368749","598","900.8012983","3","5","10","15"
"2026-06-10","17:25:00","25","ghost_low_68983_69020","low","28664.75","69020","28671.6666666667","-17.66666667","-76.66666667","41.33333333","1","-57.66666667","-60.66666667","-54.66666667","1","-81.16666667","-171.6666667","9.333333333","1","-2320.011035","-9814.370117","5174.348048","1","753.3333333","-6.666666667","1513.333333","1","39.33333333","39.33333333","39.33333333","1","-171.6666667","-171.6666667","-171.6666667","1","0","0","0","0","-172.6666667","-172.6666667","-172.6666667","1","-54.66666667","-54.66666667","-54.66666667","1","0","0","0","0","307.3333333","-178.6666667","793.3333333","1","706.8333333","676.3333333","737.3333333","1","360.3333333","-178.6666667","899.3333333","1","-2321.744303","-9814.228361","5170.739754","1","3175.505208","1017.302083","5079.802083","1","39.33333333","39.33333333","39.33333333","1","899.3333333","899.3333333","899.3333333","1","0","0","0","0","-32.66666667","-32.66666667","-32.66666667","1","48.33333333","27.33333333","48.33333333","1","0","0","0","0","1184.833333","403.3333333","1966.333333","1","825.8333333","633.3333333","1018.333333","1","453.3333333","-246.6666667","1153.333333","1","-2323.434198","-9806.865592","5159.997195","1","2255.583333","-808.1666667","5319.333333","1","39.33333333","39.33333333","39.33333333","1","-246.6666667","-246.6666667","-246.6666667","1","0","0","0","0","1153.333333","1153.333333","1153.333333","1","899.3333333","734.3333333","899.3333333","1","-246.6666667","-246.6666667","-246.6666667","1","118.4871245","982","760.7911619","3","5","10","15"
"2026-06-10","19:28:00","28","ghost_low_69112_69143","low","28574","69143","28507.6666666667","-10.16666667","-58.66666667","38.33333333","1","198.8333333","187.3333333","210.3333333","1","312.8333333","-19.66666667","645.3333333","1","-1655.250765","-9136.78948","5826.287949","1","840.2708333","-58.66666667","1739.208333","1","409.3333333","409.3333333","409.3333333","1","-19.66666667","-19.66666667","-19.66666667","1","0","0","0","0","-19.66666667","-19.66666667","-19.66666667","1","-58.66666667","-58.66666667","0.3333333333","1","0","0","0","0","963.3333333","477.3333333","1449.333333","1","723.3333333","686.3333333","760.3333333","1","866.3333333","433.3333333","1299.333333","1","-1657.139172","-9137.357363","5823.079018","1","3831.505208","1419.395833","5989.708333","1","409.3333333","409.3333333","409.3333333","1","1299.333333","1299.333333","1299.333333","1","0","0","0","0","623.3333333","623.3333333","623.3333333","1","541.3333333","538.3333333","541.3333333","1","0","0","0","0","1840.833333","1059.333333","2622.333333","1","1481.833333","1289.333333","1674.333333","1","1689.333333","409.3333333","2969.333333","1","-1658.673287","-9130.114304","5812.767729","1","2911.583333","-152.1666667","5975.333333","1","409.3333333","409.3333333","409.3333333","1","2969.333333","2969.333333","2969.333333","1","0","0","0","0","1809.333333","1809.333333","1809.333333","1","1299.333333","1087.333333","1299.333333","1","0","0","0","0","105.1155935","991","969.3014408","3","5","10","15"
"2026-06-10","20:43:00","43","ghost_low_69181_69218","low","28433","69218","28485.75","71","37","105","1","15","13","17","1","-101","-124","-78","1","-1563.162461","-9036.458772","5910.133849","1","963.4375","95.375","1831.5","1","29","29","29","1","-78","-78","-78","1","-78","-78","-78","1","120","120","120","1","-38","-38","-14","1","-78","-78","-78","1","421.5","156","687","1","139","127","151","1","251","-211","713","1","-1564.652915","-9035.695764","5906.389933","1","3919.171875","1507.0625","6077.375","1","29","29","29","1","-211","-211","-211","1","0","0","0","0","711","711","711","1","-124","-124","-4","1","0","0","0","0","1928.5","1147","2710","1","1569.5","1377","1762","1","1777","497","3057","1","-1566.090119","-9028.36561","5896.185371","1","2999.25","-64.5","6063","1","29","29","29","1","3057","3057","3057","1","0","0","0","0","1897","1897","1897","1","733","490","733","1","0","0","0","0","63.78737394","99","116.8597349","3","5","10","15"
"2026-06-11","06:27:00","27","ghost_high_69714_69742","high","28756","69742","28751.0833333333","63.66666667","35.66666667","91.66666667","1","28.16666667","20.66666667","35.66666667","1","40.16666667","-11.33333333","91.66666667","1","-2618.396256","-10080.34531","4843.552796","1","-27.38020833","-1202.614583","207.6666667","1","55.66666667","55.66666667","55.66666667","1","91.66666667","91.66666667","91.66666667","1","0","0","0","0","-98.33333333","-98.33333333","-98.33333333","1","24.66666667","21.66666667","24.66666667","1","0","0","0","0","-5.833333333","-135.3333333","123.6666667","1","15.66666667","-4.333333333","35.66666667","1","-43.33333333","-294.3333333","207.6666667","1","-2619.919113","-10079.67597","4839.83774","1","2730.776042","575.3229167","4475.666667","1","55.66666667","55.66666667","55.66666667","1","207.6666667","207.6666667","207.6666667","1","0","0","0","0","-1272.333333","-1272.333333","-1272.333333","1","-186.3333333","-186.3333333","-173.3333333","1","207.6666667","207.6666667","207.6666667","1","867.1666667","85.66666667","1648.666667","1","-201.8333333","-218.3333333","-185.3333333","1","27.16666667","-1941.333333","1995.666667","1","-2620.826069","-10070.0853","4828.433167","1","1937.916667","-1125.833333","5001.666667","1","55.66666667","55.66666667","55.66666667","1","-1941.333333","-1941.333333","-1941.333333","1","0","0","0","0","835.6666667","835.6666667","835.6666667","1","123.6666667","101.6666667","123.6666667","1","0","0","0","0","64.09917199","51","129.701379","3","5","10","15"
"2026-06-11","06:55:00","55","ghost_high_69737_69770","high","28774","69770","28780.8333333333","-81.33333333","-94.33333333","-68.33333333","1","-40.83333333","-42.33333333","-39.33333333","1","-53.83333333","-102.3333333","-5.333333333","1","-2737.126511","-10198.7441","4724.491077","1","-146.3802083","-1187.302083","88.66666667","1","-63.33333333","-63.33333333","-63.33333333","1","-102.3333333","-102.3333333","-102.3333333","1","0","0","0","0","-10.33333333","-10.33333333","-10.33333333","1","24.66666667","10.66666667","24.66666667","1","0","0","0","0","-124.8333333","-254.3333333","4.666666667","1","-103.3333333","-123.3333333","-83.33333333","1","-146.3333333","-381.3333333","88.66666667","1","-2738.618763","-10198.00661","4720.769088","1","2750.447917","420.9791667","4269.666667","1","-63.33333333","-63.33333333","-63.33333333","1","-381.3333333","-381.3333333","-381.3333333","1","0","0","0","0","-1391.333333","-1391.333333","-1391.333333","1","-102.3333333","-102.3333333","-65.33333333","1","0","0","0","0","748.1666667","-33.33333333","1529.666667","1","-320.8333333","-337.3333333","-304.3333333","1","-91.83333333","-2060.333333","1876.666667","1","-2739.826069","-10189.0853","4709.433167","1","1818.916667","-1244.833333","4882.666667","1","-63.33333333","-63.33333333","-63.33333333","1","-2060.333333","-2060.333333","-2060.333333","1","0","0","0","0","716.6666667","716.6666667","716.6666667","1","4.666666667","-17.33333333","4.666666667","1","0","0","0","0","49.21032869","66","91.28540603","3","5","10","15"
"2026-06-11","07:34:00","34","ghost_high_69777_69809","high","28819.5","69809","28849.5","-173","-199","-147","1","-15.5","-24","-7","1","-18.5","-90","53","1","-3011.120814","-10472.00106","4449.759429","1","-413.734375","-1204.84375","76","1","17","17","17","1","53","53","53","1","0","0","0","0","-243","-243","-243","1","12","10","12","1","0","0","0","0","-399.5","-529","-270","1","-378","-398","-358","1","-421","-656","-186","1","-3012.615241","-10471.26269","4446.032205","1","2475.78125","146.3125","3995","1","17","17","17","1","-656","-656","-656","1","0","0","0","0","-1666","-1666","-1666","1","-135","-135","-126","1","0","0","0","0","473.5","-308","1255","1","-595.5","-612","-579","1","-366.5","-2335","1602","1","-3013.691626","-10461.96719","4434.583936","1","1544.25","-1519.5","4608","1","17","17","17","1","-2335","-2335","-2335","1","0","0","0","0","442","442","442","1","-656","-656","-414","1","0","0","0","0","57.80087634","57","151.0014501","3","5","10","15"
"2026-06-11","08:12:00","12","ghost_low_69803_69847","low","28827","69847","28911.25","-124","-168","-80","1","-48","-56","-40","1","-77","-181","27","1","-3257.559485","-10717.88275","4202.763784","1","-668.875","-1291.5","-119.5","1","-59","-59","-59","1","-181","-181","-181","1","0","0","0","0","-194","-194","-194","1","-31","-31","-19","1","0","0","0","0","-241.5","-300","-183","1","-311","-338","-284","1","-537","-903","-171","1","-3259.057102","-10717.14734","4199.033134","1","2228.78125","-303.25","3748","1","-59","-59","-59","1","-171","-171","-171","1","0","0","0","0","-1913","-1913","-1913","1","-288","-288","-265","1","0","0","0","0","226.5","-555","1008","1","-842.5","-859","-826","1","-613.5","-2582","1355","1","-3259.835651","-10707.18634","4187.515037","1","1297.25","-1766.5","4361","1","-59","-59","-59","1","-2582","-2582","-2582","1","0","0","0","0","195","195","195","1","-589","-589","-478","1","0","0","0","0","58.84313036","216","226.7816078","3","5","10","15"
"2026-06-11","08:12:00","12","ghost_high_69800_69847","high","28868.5","69847","28911.25","-124","-168","-80","1","-48","-56","-40","1","-77","-181","27","1","-3257.559485","-10717.88275","4202.763784","1","-668.875","-1291.5","-119.5","1","-59","-59","-59","1","-181","-181","-181","1","0","0","0","0","-194","-194","-194","1","-31","-31","-19","1","0","0","0","0","-241.5","-300","-183","1","-311","-338","-284","1","-537","-903","-171","1","-3259.057102","-10717.14734","4199.033134","1","2228.78125","-303.25","3748","1","-59","-59","-59","1","-171","-171","-171","1","0","0","0","0","-1913","-1913","-1913","1","-288","-288","-265","1","0","0","0","0","226.5","-555","1008","1","-842.5","-859","-826","1","-613.5","-2582","1355","1","-3259.835651","-10707.18634","4187.515037","1","1297.25","-1766.5","4361","1","-59","-59","-59","1","-2582","-2582","-2582","1","0","0","0","0","195","195","195","1","-589","-589","-478","1","0","0","0","0","58.84313036","216","226.7816078","3","5","10","15"
"2026-06-11","10:21:00","21","ghost_high_69943_69976","high","28907.5","69976","28886.4166666667","30.33333333","3.333333333","57.33333333","1","12.33333333","6.333333333","18.33333333","1","41.83333333","-12.66666667","96.33333333","1","-3156.756223","-10615.68396","4302.171516","1","-585.8697917","-1167.697917","-4.041666667","1","40.33333333","40.33333333","40.33333333","1","96.33333333","96.33333333","96.33333333","1","0","0","0","0","86.33333333","86.33333333","86.33333333","1","-20.66666667","-20.66666667","-17.66666667","1","0","0","0","0","97.33333333","40.33333333","154.3333333","1","-61.66666667","-132.6666667","9.333333333","1","42.33333333","-113.6666667","198.3333333","1","-3158.209306","-10614.86253","4298.443917","1","707.6145833","-1014.166667","2429.395833","1","40.33333333","40.33333333","40.33333333","1","-113.6666667","-113.6666667","-113.6666667","1","0","0","0","0","-1813.666667","-1813.666667","-1813.666667","1","96.33333333","56.33333333","96.33333333","1","0","0","0","0","325.8333333","-455.6666667","1107.333333","1","-272.1666667","-355.6666667","-188.6666667","1","-514.1666667","-2482.666667","1454.333333","1","-3158.894154","-10604.70594","4286.917635","1","1396.583333","-1667.166667","4460.333333","1","40.33333333","40.33333333","40.33333333","1","-2482.666667","-2482.666667","-2482.666667","1","0","0","0","0","294.3333333","294.3333333","294.3333333","1","142.3333333","90.33333333","142.3333333","1","0","0","0","0","39.8355944","65","64.41781178","3","5","10","15"
"2026-06-11","19:27:00","27","ghost_low_70458_70522","low","29150","70522","29408.5833333333","-107.8333333","-138.3333333","-77.33333333","1","-142.8333333","-146.3333333","-139.3333333","1","-376.8333333","-716.3333333","-37.33333333","1","-5190.086574","-12600.17214","2219.99899","1","-2113.239583","-3113.708333","-1218.083333","1","-634.3333333","-634.3333333","-634.3333333","1","-37.33333333","-37.33333333","-37.33333333","1","0","0","0","0","-933.3333333","-933.3333333","-933.3333333","1","-91.33333333","-91.33333333","-64.33333333","1","0","0","0","0","-2645.833333","-2894.333333","-2397.333333","1","-1129.333333","-1261.333333","-997.3333333","1","-892.8333333","-1360.333333","-425.3333333","1","-5192.541117","-12600.70393","2215.6217","1","-2596.427083","-4723.333333","138.1666667","1","-634.3333333","-634.3333333","-634.3333333","1","-1360.333333","-1360.333333","-1360.333333","1","0","0","0","0","-3902.333333","-3902.333333","-3902.333333","1","-435.3333333","-435.3333333","-421.3333333","1","0","0","0","0","-2157.333333","-2581.333333","-1733.333333","1","-1546.833333","-1733.333333","-1360.333333","1","-2607.333333","-3324.333333","-1890.333333","1","-5196.935234","-12595.50416","2201.633697","1","-692.0833333","-3755.833333","2371.666667","1","-634.3333333","-634.3333333","-634.3333333","1","-3324.333333","-3324.333333","-3324.333333","1","0","0","0","0","-1890.333333","-1890.333333","-1890.333333","1","-1360.333333","-1360.333333","-780.3333333","1","0","0","0","0","105.9977967","1232","913.8878943","3","5","10","15"
"2026-06-11","19:27:00","27","ghost_high_70497_70522","high","29317.5","70522","29408.5833333333","-107.8333333","-138.3333333","-77.33333333","1","-142.8333333","-146.3333333","-139.3333333","1","-376.8333333","-716.3333333","-37.33333333","1","-5190.086574","-12600.17214","2219.99899","1","-2113.239583","-3113.708333","-1218.083333","1","-634.3333333","-634.3333333","-634.3333333","1","-37.33333333","-37.33333333","-37.33333333","1","0","0","0","0","-933.3333333","-933.3333333","-933.3333333","1","-91.33333333","-91.33333333","-64.33333333","1","0","0","0","0","-2645.833333","-2894.333333","-2397.333333","1","-1129.333333","-1261.333333","-997.3333333","1","-892.8333333","-1360.333333","-425.3333333","1","-5192.541117","-12600.70393","2215.6217","1","-2596.427083","-4723.333333","138.1666667","1","-634.3333333","-634.3333333","-634.3333333","1","-1360.333333","-1360.333333","-1360.333333","1","0","0","0","0","-3902.333333","-3902.333333","-3902.333333","1","-435.3333333","-435.3333333","-421.3333333","1","0","0","0","0","-2157.333333","-2581.333333","-1733.333333","1","-1546.833333","-1733.333333","-1360.333333","1","-2607.333333","-3324.333333","-1890.333333","1","-5196.935234","-12595.50416","2201.633697","1","-692.0833333","-3755.833333","2371.666667","1","-634.3333333","-634.3333333","-634.3333333","1","-3324.333333","-3324.333333","-3324.333333","1","0","0","0","0","-1890.333333","-1890.333333","-1890.333333","1","-1360.333333","-1360.333333","-780.3333333","1","0","0","0","0","105.9977967","1232","913.8878943","3","5","10","15"
"2026-06-11","22:06:00","06","ghost_high_70571_70621","high","29522","70621","29492.5","-17.5","-78","43","1","-137","-189","-85","1","-154","-338","30","1","-5512.393609","-12918.28565","1893.498437","1","-2753.671875","-3660","-1122.28125","1","207","207","207","1","30","30","30","1","0","0","0","0","30","30","30","1","-93","-93","-45","1","0","0","0","0","-2981.5","-3230","-2733","1","-181","-229","-133","1","-744.5","-1696","207","1","-5514.23184","-12917.86822","1889.404541","1","-96.21875","-2830.8125","1423","1","207","207","207","1","207","207","207","1","0","0","0","0","-4238","-4238","-4238","1","-280","-280","-280","1","0","0","0","0","-2493","-2917","-2069","1","-529.5","-721","-338","1","-2943","-3660","-2226","1","-5515.148931","-12907.54327","1877.245407","1","-1027.75","-4091.5","2036","1","207","207","207","1","-3660","-3660","-3660","1","0","0","0","0","-2226","-2226","-2226","1","118","-143","118","1","0","0","0","0","73.84760621","381","228.3248905","3","5","10","15"
"2026-06-11","23:39:00","39","ghost_low_70687_70714","low","29523.25","70714","29544.75","-48.5","-81","-16","1","-34","-37","-31","1","-83.5","-258","91","1","-5719.895456","-13125.38498","1685.594065","1","-274.4375","-2860","167","1","-2","-2","-2","1","-258","-258","-258","1","0","0","0","0","-79","-79","-79","1","14","6","14","1","0","0","0","0","-3190.5","-3439","-2942","1","-129","-135","-123","1","-190","-547","167","1","-5721.526819","-13124.69286","1681.639223","1","-305.21875","-3039.8125","1214","1","-2","-2","-2","1","167","167","167","1","0","0","0","0","-4447","-4447","-4447","1","15","15","15","1","0","0","0","0","-2702","-3126","-2278","1","-738.5","-930","-547","1","-3152","-3869","-2435","1","-5722.88343","-13114.93604","1669.169181","1","-1236.75","-4300.5","1827","1","-2","-2","-2","1","-3869","-3869","-3869","1","0","0","0","0","-2435","-2435","-2435","1","-407","-407","-352","1","0","0","0","0","51.94692635","31","56.7121568","3","5","10","15"
"2026-06-12","00:24:00","24","ghost_high_70726_70759","high","29597.5","70759","29584.3333333333","-95.33333333","-151.3333333","-39.33333333","1","-60.83333333","-75.33333333","-46.33333333","1","-77.83333333","-174.3333333","18.66666667","1","-5877.295421","-13282.55785","1527.967011","1","-466.4583333","-2811.333333","74.66666667","1","52.66666667","52.66666667","52.66666667","1","-174.3333333","-174.3333333","-174.3333333","1","0","0","0","0","-97.33333333","-97.33333333","-97.33333333","1","13.66666667","12.66666667","13.66666667","1","0","0","0","0","-279.8333333","-416.3333333","-143.3333333","1","-107.8333333","-118.3333333","-97.33333333","1","-203.8333333","-416.3333333","8.666666667","1","-5878.902381","-13281.83528","1524.030523","1","-463.5520833","-3198.145833","1055.666667","1","52.66666667","52.66666667","52.66666667","1","-416.3333333","-416.3333333","-416.3333333","1","0","0","0","0","8.666666667","8.666666667","8.666666667","1","30.66666667","-8.333333333","30.66666667","1","0","0","0","0","-2860.333333","-3284.333333","-2436.333333","1","-896.8333333","-1088.333333","-705.3333333","1","-3310.333333","-4027.333333","-2593.333333","1","-5880.373475","-13272.21204","1511.465095","1","-1395.083333","-4458.833333","1668.666667","1","52.66666667","52.66666667","52.66666667","1","-4027.333333","-4027.333333","-4027.333333","1","0","0","0","0","-2593.333333","-2593.333333","-2593.333333","1","-416.3333333","-416.3333333","-97.33333333","1","0","0","0","0","70.15589872","87","93.71029667","3","5","10","15"
"2026-06-12","05:21:00","21","ghost_low_70982_71056","low","29488","71056","29537.6666666667","-104.1666667","-137.6666667","-70.66666667","1","-30.66666667","-36.66666667","-24.66666667","1","-46.16666667","-100.6666667","8.333333333","1","-5686.55378","-13090.74787","1717.640308","1","-88.19791667","-310.8541667","104.7708333","1","26.33333333","26.33333333","26.33333333","1","-100.6666667","-100.6666667","-100.6666667","1","0","0","0","0","-126.6666667","-126.6666667","-126.6666667","1","-18.66666667","-18.66666667","-4.666666667","1","0","0","0","0","-29.16666667","-126.6666667","68.33333333","1","16.83333333","-17.66666667","51.33333333","1","-64.66666667","-195.6666667","66.33333333","1","-5688.093145","-13089.94646","1713.760166","1","-3112.760417","-5239.666667","-378.1666667","1","26.33333333","26.33333333","26.33333333","1","66.33333333","66.33333333","66.33333333","1","0","0","0","0","66.33333333","66.33333333","66.33333333","1","-137.6666667","-137.6666667","-69.66666667","1","0","0","0","0","-2673.666667","-3097.666667","-2249.666667","1","-710.1666667","-901.6666667","-518.6666667","1","-1704.666667","-3840.666667","431.3333333","1","-5689.172469","-13079.86113","1701.516193","1","-1208.416667","-4272.166667","1855.333333","1","26.33333333","26.33333333","26.33333333","1","431.3333333","431.3333333","431.3333333","1","0","0","0","0","-2406.666667","-2406.666667","-2406.666667","1","-198.6666667","-198.6666667","-25.66666667","1","0","0","0","0","40.18274401","27","48.40866628","3","5","10","15"
"2026-06-12","06:34:00","34","ghost_low_71086_71129","low","29375","71129","29410.25","20","-3","43","1","33","26","40","1","141.5","25","258","1","-5175.495032","-12579.22085","2228.230786","1","484.53125","264.75","670.5","1","-9","-9","-9","1","25","25","25","1","0","0","0","0","25","25","25","1","40","22","40","1","0","0","0","0","480.5","383","578","1","151.5","117","186","1","218.5","-141","578","1","-5177.092535","-12578.49531","2224.310246","1","-2603.09375","-4527.4375","-678.75","1","-9","-9","-9","1","-141","-141","-141","1","0","0","0","0","576","576","576","1","124","88","124","1","0","0","0","0","-2164","-2588","-1740","1","-200.5","-392","-9","1","-1195","-3331","941","1","-5178.499402","-12568.84971","2211.850911","1","-698.75","-3762.5","2365","1","-9","-9","-9","1","941","941","941","1","0","0","0","0","-1897","-1897","-1897","1","578","544","578","1","0","0","0","0","53.67880102","89","76.3107046","3","5","10","15"
"2026-06-12","09:57:00","57","ghost_low_71256_71332","low","29447.75","71332","29650.4166666667","-645.6666667","-686.6666667","-604.6666667","1","-45.66666667","-70.66666667","-20.66666667","1","-86.66666667","-161.6666667","-11.66666667","1","-6131.613136","-13533.87899","1270.652714","1","-498.2291667","-939.1666667","-109.1666667","1","-19.66666667","-19.66666667","-19.66666667","1","-161.6666667","-161.6666667","-161.6666667","1","0","0","0","0","-521.6666667","-521.6666667","-521.6666667","1","39.33333333","3.333333333","39.33333333","1","0","0","0","0","-78.66666667","-145.6666667","-11.66666667","1","-447.6666667","-525.6666667","-369.6666667","1","-931.6666667","-1561.666667","-301.6666667","1","-6133.326517","-13533.29334","1266.640304","1","-3563.760417","-5285.541667","-1841.979167","1","-19.66666667","-19.66666667","-19.66666667","1","-301.6666667","-301.6666667","-301.6666667","1","0","0","0","0","-301.6666667","-301.6666667","-301.6666667","1","-11.66666667","-76.66666667","-11.66666667","1","0","0","0","0","-3124.666667","-3548.666667","-2700.666667","1","-676.1666667","-702.6666667","-649.6666667","1","-2155.666667","-4291.666667","-19.66666667","1","-6135.413581","-13524.4483","1253.621138","1","-1659.416667","-4723.166667","1404.333333","1","-19.66666667","-19.66666667","-19.66666667","1","-19.66666667","-19.66666667","-19.66666667","1","0","0","0","0","-2857.666667","-2857.666667","-2857.666667","1","-936.6666667","-936.6666667","-863.6666667","1","0","0","0","0","60.85460353","200","144.4671374","3","5","10","15"
"2026-06-12","11:18:00","18","ghost_high_71382_71413","high","29571.5","71413","29602.1666666667","-210.1666667","-254.6666667","-165.6666667","1","-15.66666667","-17.66666667","-13.66666667","1","-130.6666667","-212.6666667","-48.66666667","1","-5937.130768","-13339.04628","1464.784742","1","-305.2291667","-746.1666667","135.7083333","1","-18.66666667","-18.66666667","-18.66666667","1","-212.6666667","-212.6666667","-212.6666667","1","0","0","0","0","-244.6666667","-244.6666667","-244.6666667","1","19.33333333","15.33333333","19.33333333","1","0","0","0","0","131.8333333","31.33333333","232.3333333","1","-104.1666667","-128.6666667","-79.66666667","1","-23.16666667","-337.6666667","291.3333333","1","-5938.770458","-13338.37283","1460.831915","1","-3370.760417","-5092.541667","-1648.979167","1","-18.66666667","-18.66666667","-18.66666667","1","-337.6666667","-337.6666667","-337.6666667","1","0","0","0","0","-108.6666667","-108.6666667","-108.6666667","1","-212.6666667","-212.6666667","-196.6666667","1","0","0","0","0","-789.1666667","-1068.666667","-509.6666667","1","-537.1666667","-574.6666667","-499.6666667","1","-597.6666667","-1368.666667","173.3333333","1","-5939.838864","-13328.27609","1448.598363","1","-1466.416667","-4530.166667","1597.333333","1","-18.66666667","-18.66666667","-18.66666667","1","-1368.666667","-1368.666667","-1368.666667","1","0","0","0","0","173.3333333","173.3333333","173.3333333","1","221.3333333","85.33333333","221.3333333","1","0","0","0","0","53.12289796","73","74.72346146","3","5","10","15"
"2026-06-12","12:01:00","01","ghost_high_71421_71456","high","29646.25","71456","29631.75","-110.5","-142","-79","1","41.5","40","43","1","23","-67","113","1","-6054.682655","-13456.43943","1347.07412","1","-423.5625","-864.5","17.375","1","55","55","55","1","113","113","113","1","0","0","0","0","-123","-123","-123","1","57","21","57","1","0","0","0","0","13.5","-87","114","1","-137.5","-167","-108","1","-141.5","-456","173","1","-6056.259316","-13455.68464","1343.166008","1","-3489.09375","-5210.875","-1767.3125","1","55","55","55","1","-456","-456","-456","1","0","0","0","0","-227","-227","-227","1","-67","-67","-65","1","0","0","0","0","-907.5","-1187","-628","1","-655.5","-693","-618","1","-716","-1487","55","1","-6057.150101","-13445.37194","1331.071742","1","-1584.75","-4648.5","1479","1","55","55","55","1","-1487","-1487","-1487","1","0","0","0","0","55","55","55","1","-331","-331","-315","1","0","0","0","0","54.21783833","212","104.3197782","3","5","10","15"
"2026-06-12","17:27:00","27","ghost_low_71717_71782","low","29548.5","71782","29731.8333333333","-431.8333333","-480.3333333","-383.3333333","1","-78.33333333","-87.33333333","-69.33333333","1","1.666666667","-49.33333333","52.66666667","1","-6409.99606","-13799.1812","979.189075","1","-516.7083333","-1146.083333","46.41666667","1","112.6666667","112.6666667","112.6666667","1","-49.33333333","-49.33333333","-49.33333333","1","0","0","0","0","-399.3333333","-399.3333333","-399.3333333","1","36.66666667","-0.3333333333","36.66666667","1","0","0","0","0","-919.3333333","-1287.333333","-551.3333333","1","-310.3333333","-337.3333333","-283.3333333","1","-773.8333333","-1291.333333","-256.3333333","1","-6411.865373","-13798.83517","975.1044275","1","-3889.427083","-5813.770833","-1965.083333","1","112.6666667","112.6666667","112.6666667","1","-256.3333333","-256.3333333","-256.3333333","1","0","0","0","0","-627.3333333","-627.3333333","-627.3333333","1","-299.3333333","-299.3333333","-35.33333333","1","0","0","0","0","-587.3333333","-1287.333333","112.6666667","1","-825.3333333","-919.3333333","-731.3333333","1","-1117.333333","-2007.333333","-227.3333333","1","-6415.57992","-13791.26736","960.1075212","1","-1985.083333","-5048.833333","1078.666667","1","112.6666667","112.6666667","112.6666667","1","-2007.333333","-2007.333333","-2007.333333","1","0","0","0","0","-227.3333333","-227.3333333","-227.3333333","1","-1291.333333","-1291.333333","-1166.333333","1","0","0","0","0","91.02383964","384","326.4294933","3","5","10","15"
"2026-06-12","19:56:00","56","ghost_high_71881_71931","high","29711","71931","29672.1666666667","-143.6666667","-171.6666667","-115.6666667","1","-172.1666667","-187.6666667","-156.6666667","1","-57.16666667","-61.66666667","-52.66666667","1","-6158.073417","-13544.7928","1228.645966","1","-79.29166667","-774.9166667","351.3333333","1","11.33333333","11.33333333","11.33333333","1","-61.66666667","-61.66666667","-61.66666667","1","-61.66666667","-61.66666667","-61.66666667","1","83.33333333","83.33333333","83.33333333","1","-69.66666667","-69.66666667","-53.66666667","1","-61.66666667","-61.66666667","-61.66666667","1","188.3333333","85.33333333","291.3333333","1","36.83333333","2.333333333","71.33333333","1","-33.66666667","-254.6666667","187.3333333","1","-6160.350625","-13544.96094","1224.259685","1","-3650.760417","-5575.104167","-1726.416667","1","11.33333333","11.33333333","11.33333333","1","187.3333333","187.3333333","187.3333333","1","0","0","0","0","-388.6666667","-388.6666667","-388.6666667","1","-283.6666667","-283.6666667","-221.6666667","1","0","0","0","0","-348.6666667","-1048.666667","351.3333333","1","-586.6666667","-680.6666667","-492.6666667","1","-708.6666667","-1768.666667","351.3333333","1","-6166.59824","-13540.46348","1207.266999","1","-1746.416667","-4810.166667","1317.333333","1","11.33333333","11.33333333","11.33333333","1","351.3333333","351.3333333","351.3333333","1","0","0","0","0","11.33333333","11.33333333","11.33333333","1","187.3333333","47.33333333","187.3333333","1","0","0","0","0","93.60834165","1130","700.2460697","3","5","10","15"
"2026-06-14","23:42:00","42","ghost_high_72046_72097","high","30371.75","72097","30343.1666666667","-16.16666667","-39.66666667","7.333333333","1","-109.1666667","-112.6666667","-105.6666667","1","-125.1666667","-244.6666667","-5.666666667","1","-8833.825262","-16220.17016","-1447.480361","1","-2725.885417","-3051.354167","-2400.416667","1","-2332.666667","-2332.666667","-2332.666667","1","-5.666666667","-5.666666667","-5.666666667","1","0","0","0","0","-5.666666667","-5.666666667","-5.666666667","1","-34.66666667","-34.66666667","-34.66666667","1","0","0","0","0","37.83333333","-77.66666667","153.3333333","1","-12.16666667","-33.66666667","9.333333333","1","-1251.166667","-2705.666667","203.3333333","1","-8835.29667","-16219.36668","-1451.226664","1","-6160.026042","-8190.885417","-4399.947917","1","-2332.666667","-2332.666667","-2332.666667","1","203.3333333","203.3333333","203.3333333","1","0","0","0","0","-3072.666667","-3072.666667","-3072.666667","1","-63.66666667","-63.66666667","-60.66666667","1","0","0","0","0","-2717.666667","-2938.666667","-2496.666667","1","-1568.666667","-2528.666667","-608.6666667","1","-3392.666667","-4452.666667","-2332.666667","1","-8837.692139","-16209.92681","-1465.457471","1","-4430.416667","-7494.166667","-1366.666667","1","-2332.666667","-2332.666667","-2332.666667","1","-2332.666667","-2332.666667","-2332.666667","1","0","0","0","0","-2672.666667","-2672.666667","-2672.666667","1","-608.6666667","-608.6666667","-608.6666667","1","0","0","0","0","44.77853349","62","46.73705526","3","5","10","15"
"2026-06-15","00:06:00","06","ghost_high_72099_72121","high","30359","72121","30387.1666666667","-139.1666667","-165.6666667","-112.6666667","1","-64.66666667","-83.66666667","-45.66666667","1","-256.6666667","-293.6666667","-219.6666667","1","-9008.993333","-16395.49437","-1622.492293","1","-2901.885417","-3227.354167","-2576.416667","1","27.33333333","27.33333333","27.33333333","1","-219.6666667","-219.6666667","-219.6666667","1","0","0","0","0","-181.6666667","-181.6666667","-181.6666667","1","-23.66666667","-23.66666667","-14.66666667","1","-219.6666667","-219.6666667","-219.6666667","1","-138.1666667","-253.6666667","-22.66666667","1","-188.1666667","-209.6666667","-166.6666667","1","-196.6666667","-420.6666667","27.33333333","1","-9010.899141","-16395.03954","-1626.758744","1","-6336.026042","-8366.885417","-4575.947917","1","27.33333333","27.33333333","27.33333333","1","-420.6666667","-420.6666667","-420.6666667","1","0","0","0","0","-3248.666667","-3248.666667","-3248.666667","1","-293.6666667","-293.6666667","-228.6666667","1","0","0","0","0","-244.6666667","-420.6666667","-68.66666667","1","-1520.166667","-2619.666667","-420.6666667","1","-3568.666667","-4628.666667","-2508.666667","1","-9012.517782","-16384.96134","-1640.074223","1","-4606.416667","-7670.166667","-1542.666667","1","27.33333333","27.33333333","27.33333333","1","-2508.666667","-2508.666667","-2508.666667","1","0","0","0","0","-2848.666667","-2848.666667","-2848.666667","1","-68.66666667","-150.6666667","-68.66666667","1","0","0","0","0","62.67414801","102","190.6773131","3","5","10","15"
"2026-06-15","02:19:00","19","ghost_low_72196_72254","low","30435","72254","30483.6666666667","-0.1666666667","-6.666666667","6.333333333","1","7.833333333","6.333333333","9.333333333","1","-48.66666667","-84.66666667","-12.66666667","1","-9391.574865","-16778.85271","-2004.297018","1","-3214.541667","-3498.916667","-3043.916667","1","-358.6666667","-358.6666667","-358.6666667","1","-12.66666667","-12.66666667","-12.66666667","1","0","0","0","0","-12.66666667","-12.66666667","-12.66666667","1","6.333333333","3.333333333","6.333333333","1","0","0","0","0","-113.1666667","-181.6666667","-44.66666667","1","-223.6666667","-262.6666667","-184.6666667","1","-150.6666667","-246.6666667","-54.66666667","1","-9393.177001","-16778.15036","-2008.203642","1","-6907.494792","-9023.666667","-4791.322917","1","-358.6666667","-358.6666667","-358.6666667","1","-246.6666667","-246.6666667","-246.6666667","1","0","0","0","0","-54.66666667","-54.66666667","-54.66666667","1","-84.66666667","-84.66666667","-68.66666667","1","0","0","0","0","-630.6666667","-806.6666667","-454.6666667","1","-350.6666667","-454.6666667","-246.6666667","1","-3954.666667","-5014.666667","-2894.666667","1","-9394.966513","-16768.19814","-2021.734886","1","-4992.416667","-8056.166667","-1928.666667","1","-358.6666667","-358.6666667","-358.6666667","1","-2894.666667","-2894.666667","-2894.666667","1","0","0","0","0","-3234.666667","-3234.666667","-3234.666667","1","-246.6666667","-246.6666667","-181.6666667","1","0","0","0","0","26.82904504","30","49.30817751","3","5","10","15"
"2026-06-15","02:19:00","19","ghost_high_72228_72254","high","30485","72254","30483.6666666667","-0.1666666667","-6.666666667","6.333333333","1","7.833333333","6.333333333","9.333333333","1","-48.66666667","-84.66666667","-12.66666667","1","-9391.574865","-16778.85271","-2004.297018","1","-3214.541667","-3498.916667","-3043.916667","1","-358.6666667","-358.6666667","-358.6666667","1","-12.66666667","-12.66666667","-12.66666667","1","0","0","0","0","-12.66666667","-12.66666667","-12.66666667","1","6.333333333","3.333333333","6.333333333","1","0","0","0","0","-113.1666667","-181.6666667","-44.66666667","1","-223.6666667","-262.6666667","-184.6666667","1","-150.6666667","-246.6666667","-54.66666667","1","-9393.177001","-16778.15036","-2008.203642","1","-6907.494792","-9023.666667","-4791.322917","1","-358.6666667","-358.6666667","-358.6666667","1","-246.6666667","-246.6666667","-246.6666667","1","0","0","0","0","-54.66666667","-54.66666667","-54.66666667","1","-84.66666667","-84.66666667","-68.66666667","1","0","0","0","0","-630.6666667","-806.6666667","-454.6666667","1","-350.6666667","-454.6666667","-246.6666667","1","-3954.666667","-5014.666667","-2894.666667","1","-9394.966513","-16768.19814","-2021.734886","1","-4992.416667","-8056.166667","-1928.666667","1","-358.6666667","-358.6666667","-358.6666667","1","-2894.666667","-2894.666667","-2894.666667","1","0","0","0","0","-3234.666667","-3234.666667","-3234.666667","1","-246.6666667","-246.6666667","-181.6666667","1","0","0","0","0","26.82904504","30","49.30817751","3","5","10","15"
"2026-06-15","05:43:00","43","ghost_low_72397_72458","low","30512","72458","30525.3333333333","-34.33333333","-77.33333333","8.666666667","1","-21.83333333","-29.33333333","-14.33333333","1","-60.83333333","-80.33333333","-41.33333333","1","-9555.502303","-16943.47257","-2167.532033","1","-301.1145833","-795.8333333","83.66666667","1","-23.33333333","-23.33333333","-23.33333333","1","-80.33333333","-80.33333333","-80.33333333","1","-80.33333333","-80.33333333","-80.33333333","1","-41.33333333","-41.33333333","-41.33333333","1","-12.33333333","-12.33333333","-11.33333333","1","-80.33333333","-80.33333333","-80.33333333","1","-170.3333333","-213.3333333","-127.3333333","1","36.66666667","27.66666667","45.66666667","1","-122.3333333","-221.3333333","-23.33333333","1","-9556.980643","-16942.67786","-2171.283426","1","-7016.739583","-8900.520833","-5132.958333","1","-23.33333333","-23.33333333","-23.33333333","1","-221.3333333","-221.3333333","-221.3333333","1","0","0","0","0","-164.3333333","-164.3333333","-164.3333333","1","59.66666667","37.66666667","59.66666667","1","0","0","0","0","-102.3333333","-181.3333333","-23.33333333","1","-517.3333333","-621.3333333","-413.3333333","1","-4121.333333","-5181.333333","-3061.333333","1","-9559.147532","-16933.00333","-2185.291736","1","-5159.083333","-8222.833333","-2095.333333","1","-23.33333333","-23.33333333","-23.33333333","1","-3061.333333","-3061.333333","-3061.333333","1","0","0","0","0","-3401.333333","-3401.333333","-3401.333333","1","-221.3333333","-221.3333333","-149.3333333","1","0","0","0","0","31.0617366","16","60.3258966","3","5","10","15"
"2026-06-15","16:51:00","51","ghost_low_72998_73126","low","30699","73126","30864.5833333333","172.1666667","142.6666667","201.6666667","1","45.16666667","44.66666667","45.66666667","1","30.16666667","-56.33333333","116.6666667","1","-10844.76089","-18255.83699","-3433.684785","1","-634.6770833","-1166.895833","-153.1458333","1","89.66666667","89.66666667","89.66666667","1","-56.33333333","-56.33333333","-56.33333333","1","0","0","0","0","89.66666667","89.66666667","89.66666667","1","19.66666667","7.666666667","19.66666667","1","0","0","0","0","-1212.833333","-1247.333333","-1178.333333","1","-16.33333333","-38.33333333","5.666666667","1","-515.8333333","-773.3333333","-258.3333333","1","-10846.29385","-18255.06679","-3437.52091","1","-8242.817708","-10395.33333","-5427.989583","1","89.66666667","89.66666667","89.66666667","1","-773.3333333","-773.3333333","-773.3333333","1","0","0","0","0","-1521.333333","-1521.333333","-1521.333333","1","116.6666667","25.66666667","116.6666667","1","0","0","0","0","-1230.833333","-1420.333333","-1041.333333","1","-882.3333333","-991.3333333","-773.3333333","1","-1182.833333","-1420.333333","-945.3333333","1","-10855.8034","-18249.97616","-3461.630638","1","-6392.255208","-9550.114583","-3234.395833","1","89.66666667","89.66666667","89.66666667","1","-1420.333333","-1420.333333","-1420.333333","1","0","0","0","0","-4758.333333","-4758.333333","-4758.333333","1","-368.3333333","-368.3333333","-353.3333333","1","0","0","0","0","53.64510914","220","418.208032","3","5","10","15"
"2026-06-15","17:26:00","26","ghost_low_73139_73161","low","30836.25","73161","30879.3333333333","-12.83333333","-33.33333333","7.666666667","1","-40.33333333","-51.33333333","-29.33333333","1","-52.83333333","-113.3333333","7.666666667","1","-10899.00406","-18311.93137","-3486.076756","1","-693.6770833","-1276.583333","-161.4583333","1","30.66666667","30.66666667","30.66666667","1","-113.3333333","-113.3333333","-113.3333333","1","0","0","0","0","-172.3333333","-172.3333333","-172.3333333","1","-22.33333333","-22.33333333","-11.33333333","1","0","0","0","0","-1271.833333","-1306.333333","-1237.333333","1","-75.33333333","-97.33333333","-53.33333333","1","-344.8333333","-832.3333333","142.6666667","1","-10901.00739","-18311.44415","-3490.570632","1","-8301.817708","-10454.33333","-5486.989583","1","30.66666667","30.66666667","30.66666667","1","142.6666667","142.6666667","142.6666667","1","0","0","0","0","-1580.333333","-1580.333333","-1580.333333","1","-158.3333333","-158.3333333","-136.3333333","1","0","0","0","0","-1289.833333","-1479.333333","-1100.333333","1","-216.3333333","-317.3333333","-115.3333333","1","-1241.833333","-1479.333333","-1004.333333","1","-10905.70181","-18303.49678","-3507.906842","1","-7415.223958","-10606.33333","-3216.395833","1","30.66666667","30.66666667","30.66666667","1","-1479.333333","-1479.333333","-1479.333333","1","0","0","0","0","-4817.333333","-4817.333333","-4817.333333","1","142.6666667","-0.3333333333","142.6666667","1","0","0","0","0","51.571534","289","269.7203517","3","5","10","15"
"2026-06-15","20:18:00","18","ghost_high_73304_73333","high","30877","73333","30861.6666666667","35.33333333","18.33333333","52.33333333","1","16.33333333","8.333333333","24.33333333","1","19.83333333","-28.66666667","68.33333333","1","-10798.36577","-18222.81857","-3373.912969","1","1.552083333","-539.6666667","213.3333333","1","101.3333333","101.3333333","101.3333333","1","68.33333333","68.33333333","68.33333333","1","0","0","0","0","-6.666666667","-6.666666667","-6.666666667","1","-15.66666667","-15.66666667","4.333333333","1","0","0","0","0","-65.66666667","-121.6666667","-9.666666667","1","-4.666666667","-26.66666667","17.33333333","1","-16.66666667","-150.6666667","117.3333333","1","-10800.58861","-18222.51156","-3378.665651","1","-8231.151042","-10383.66667","-5416.322917","1","101.3333333","101.3333333","101.3333333","1","117.3333333","117.3333333","117.3333333","1","0","0","0","0","117.3333333","117.3333333","117.3333333","1","129.3333333","43.33333333","129.3333333","1","0","0","0","0","-1219.166667","-1408.666667","-1029.666667","1","-145.6666667","-246.6666667","-44.66666667","1","-597.6666667","-1408.666667","213.3333333","1","-10804.83781","-18214.32158","-3395.354045","1","-7344.557292","-10535.66667","-3145.729167","1","101.3333333","101.3333333","101.3333333","1","213.3333333","213.3333333","213.3333333","1","0","0","0","0","-4746.666667","-4746.666667","-4746.666667","1","-186.6666667","-186.6666667","-1.666666667","1","0","0","0","0","46.31765637","135","319.0481672","3","5","10","15"
"2026-06-15","22:22:00","22","ghost_low_73368_73397","low","30826.25","73397","30775.25","381","364","398","1","43","39","47","1","58","-1","117","1","-10449.60385","-17875.20529","-3024.002417","1","360.71875","-146","559","1","159","159","159","1","117","117","117","1","0","0","0","0","339","339","339","1","39","39","39","1","0","0","0","0","280","224","336","1","268.5","261","276","1","317","159","475","1","-10451.20845","-17874.52685","-3027.890048","1","-7885.484375","-10038","-5070.65625","1","159","159","159","1","475","475","475","1","0","0","0","0","463","463","463","1","294","289","294","1","0","0","0","0","-873.5","-1063","-684","1","200","99","301","1","-252","-1063","559","1","-10453.95744","-17865.43025","-3042.484627","1","-6998.890625","-10190","-2800.0625","1","159","159","159","1","559","559","559","1","0","0","0","0","-4401","-4401","-4401","1","475","389","475","1","0","0","0","0","55.18186347","251","195.1789973","3","5","10","15"
"2026-06-15","23:40:00","40","ghost_low_73429_73475","low","30788","73475","30818.5","-84","-95","-73","1","-14.5","-15","-14","1","33.5","13","54","1","-10620.46948","-18046.83373","-3194.105232","1","187.953125","20.375","325.0625","1","-14","-14","-14","1","13","13","13","1","13","13","13","1","-26","-26","-26","1","-14","-14","-14","1","13","13","13","1","107","51","163","1","-108","-122","-94","1","-28","-254","198","1","-10621.89689","-18046.04131","-3197.752462","1","-8058.484375","-10211","-5243.65625","1","-14","-14","-14","1","-254","-254","-254","1","0","0","0","0","290","290","290","1","45","36","45","1","0","0","0","0","-1046.5","-1236","-857","1","27","-74","128","1","-425","-1236","386","1","-10624.34417","-18036.77014","-3211.918201","1","-7171.890625","-10363","-2973.0625","1","-14","-14","-14","1","386","386","386","1","0","0","0","0","-4574","-4574","-4574","1","198","78","198","1","0","0","0","0","29.32438744","55","56.91205753","3","5","10","15"
"2026-06-15","23:40:00","40","ghost_high_73427_73475","high","30819","73475","30818.5","-84","-95","-73","1","-14.5","-15","-14","1","33.5","13","54","1","-10620.46948","-18046.83373","-3194.105232","1","187.953125","20.375","325.0625","1","-14","-14","-14","1","13","13","13","1","13","13","13","1","-26","-26","-26","1","-14","-14","-14","1","13","13","13","1","107","51","163","1","-108","-122","-94","1","-28","-254","198","1","-10621.89689","-18046.04131","-3197.752462","1","-8058.484375","-10211","-5243.65625","1","-14","-14","-14","1","-254","-254","-254","1","0","0","0","0","290","290","290","1","45","36","45","1","0","0","0","0","-1046.5","-1236","-857","1","27","-74","128","1","-425","-1236","386","1","-10624.34417","-18036.77014","-3211.918201","1","-7171.890625","-10363","-2973.0625","1","-14","-14","-14","1","386","386","386","1","0","0","0","0","-4574","-4574","-4574","1","198","78","198","1","0","0","0","0","29.32438744","55","56.91205753","3","5","10","15"
"2026-06-16","00:22:00","22","ghost_low_73473_73517","low","30804","73517","30818.5","85","63","107","1","33","23","43","1","103.5","100","107","1","-10619.1796","-18046.01908","-3192.340117","1","176","66","266","1","-14","-14","-14","1","107","107","107","1","107","107","107","1","100","100","100","1","23","21","23","1","107","107","107","1","107","51","163","1","-108","-122","-94","1","-28","-254","198","1","-10620.68391","-18045.27657","-3196.091245","1","-8389.640625","-10211","-5243.65625","1","-14","-14","-14","1","-254","-254","-254","1","0","0","0","0","290","290","290","1","107","75","107","1","0","0","0","0","-1046.5","-1236","-857","1","27","-74","128","1","-425","-1236","386","1","-10622.93531","-18035.88267","-3209.987958","1","-7171.890625","-10363","-2973.0625","1","-14","-14","-14","1","386","386","386","1","0","0","0","0","-4574","-4574","-4574","1","-95","-95","-48","1","0","0","0","0","44.57327361","127","95.52611645","3","5","10","15"
"2026-06-16","05:12:00","12","ghost_high_73759_73807","high","30832","73807","30840.4166666667","-161.6666667","-173.6666667","-149.6666667","1","-30.16666667","-49.66666667","-10.66666667","1","-128.6666667","-176.6666667","-80.66666667","1","-10699.24354","-18128.81143","-3269.675647","1","84.02083333","-133.1666667","214.3333333","1","78.33333333","78.33333333","78.33333333","1","-80.66666667","-80.66666667","-80.66666667","1","0","0","0","0","-91.66666667","-91.66666667","-91.66666667","1","-10.66666667","-10.66666667","-9.666666667","1","-80.66666667","-80.66666667","-80.66666667","1","-93.66666667","-159.6666667","-27.66666667","1","-47.16666667","-66.66666667","-27.66666667","1","-95.66666667","-269.6666667","78.33333333","1","-10700.73627","-18128.06266","-3273.409886","1","-8146.151042","-10298.66667","-5000.166667","1","78.33333333","78.33333333","78.33333333","1","78.33333333","78.33333333","78.33333333","1","0","0","0","0","202.3333333","202.3333333","202.3333333","1","-99.66666667","-99.66666667","-99.66666667","1","0","0","0","0","-1134.166667","-1323.666667","-944.6666667","1","-60.66666667","-161.6666667","40.33333333","1","-63.66666667","-341.6666667","214.3333333","1","-10702.43632","-18118.31932","-3286.553321","1","-7259.557292","-10450.66667","-3060.729167","1","78.33333333","78.33333333","78.33333333","1","-341.6666667","-341.6666667","-341.6666667","1","0","0","0","0","-4661.666667","-4661.666667","-4661.666667","1","-13.66666667","-30.66666667","-13.66666667","1","0","0","0","0","25.39569275","94","59.88531873","3","5","10","15"
"2026-06-16","06:21:00","21","ghost_high_73849_73876","high","30826","73876","30816.1666666667","-10.66666667","-36.66666667","15.33333333","1","31.33333333","30.33333333","32.33333333","1","48.33333333","6.333333333","90.33333333","1","-10600.64942","-18030.79901","-3170.499833","1","-124.6041667","-244.6666667","37.83333333","1","-4.666666667","-4.666666667","-4.666666667","1","90.33333333","90.33333333","90.33333333","1","0","0","0","0","-31.66666667","-31.66666667","-31.66666667","1","12.33333333","12.33333333","12.33333333","1","0","0","0","0","3.333333333","-62.66666667","69.33333333","1","44.83333333","34.33333333","55.33333333","1","20.33333333","-80.66666667","121.3333333","1","-10602.11531","-18030.03403","-3174.196579","1","-8049.151042","-10201.66667","-4903.166667","1","-4.666666667","-4.666666667","-4.666666667","1","-80.66666667","-80.66666667","-80.66666667","1","0","0","0","0","299.3333333","299.3333333","299.3333333","1","90.33333333","39.33333333","90.33333333","1","0","0","0","0","-1037.166667","-1226.666667","-847.6666667","1","36.33333333","-64.66666667","137.3333333","1","33.33333333","-244.6666667","311.3333333","1","-10604.17622","-18020.51944","-3187.832994","1","-7162.557292","-10353.66667","-2963.729167","1","-4.666666667","-4.666666667","-4.666666667","1","-244.6666667","-244.6666667","-244.6666667","1","0","0","0","0","-4564.666667","-4564.666667","-4564.666667","1","121.3333333","-2.666666667","121.3333333","1","0","0","0","0","28.65175766","111","68.6413464","3","5","10","15"
"2026-06-16","07:57:00","57","ghost_low_73934_73972","low","30817.25","73972","30833.25","-86.5","-101","-72","1","-14","-17","-11","1","-100","-101","-99","1","-10666.13395","-18097.32916","-3234.93874","1","-30.15625","-141.1875","67.8125","1","-73","-73","-73","1","-101","-101","-101","1","-101","-101","-101","1","-99","-99","-99","1","17","11","17","1","-101","-101","-101","1","-53.5","-89","-18","1","-23.5","-34","-13","1","-14","-89","61","1","-10667.74754","-18096.66112","-3238.83396","1","-8117.484375","-10270","-4640.34375","1","-73","-73","-73","1","61","61","61","1","0","0","0","0","231","231","231","1","36","28","36","1","0","0","0","0","-1105.5","-1295","-916","1","-32","-133","69","1","-103","-313","107","1","-10671.03171","-18087.91768","-3254.145746","1","-7230.890625","-10422","-3032.0625","1","-73","-73","-73","1","107","107","107","1","0","0","0","0","-4633","-4633","-4633","1","-142","-142","-107","1","0","0","0","0","31.42430587","78","82.23529932","3","5","10","15"
"2026-06-16","10:17:00","17","ghost_high_74070_74112","high","30908.75","74112","30900.25","-57.5","-66","-49","1","-18.5","-22","-15","1","-98.5","-148","-49","1","-10928.62101","-18361.97912","-3495.262892","1","-291.96875","-499.1875","-84.75","1","-25","-25","-25","1","-148","-148","-148","1","0","0","0","0","-130","-130","-130","1","-11","-11","-10","1","0","0","0","0","-300.5","-369","-232","1","32.5","9","56","1","-96","-369","177","1","-10930.16242","-18361.26262","-3499.062221","1","-8361.515625","-10538","-4845.65625","1","-25","-25","-25","1","177","177","177","1","0","0","0","0","-37","-37","-37","1","-124","-124","-121","1","0","0","0","0","-11","-148","126","1","-177.5","-207","-148","1","-371","-581","-161","1","-10931.96993","-18351.60277","-3512.337098","1","-7463.859375","-10690","-3218.9375","1","-25","-25","-25","1","-161","-161","-161","1","0","0","0","0","-4901","-4901","-4901","1","126","103","126","1","0","0","0","0","25.24703736","40","56.85683373","3","5","10","15"
"2026-06-16","12:06:00","06","ghost_low_74191_74221","low","30928.5","74221","30940.3333333333","7.666666667","-21.33333333","36.66666667","1","12.16666667","11.66666667","12.66666667","1","-12.33333333","-22.33333333","-2.333333333","1","-11085.2864","-18520.14902","-3650.423791","1","-459.7239583","-584.3333333","-108.5520833","1","-101.3333333","-101.3333333","-101.3333333","1","-22.33333333","-22.33333333","-22.33333333","1","-22.33333333","-22.33333333","-22.33333333","1","-2.333333333","-2.333333333","-2.333333333","1","-12.33333333","-12.33333333","-6.333333333","1","-22.33333333","-22.33333333","-22.33333333","1","-460.8333333","-529.3333333","-392.3333333","1","-6.833333333","-14.33333333","0.6666666667","1","-83.83333333","-308.3333333","140.6666667","1","-11086.9078","-18519.47863","-3654.336963","1","-367.4114583","-7988.583333","140.6666667","1","-101.3333333","-101.3333333","-101.3333333","1","140.6666667","140.6666667","140.6666667","1","0","0","0","0","-197.3333333","-197.3333333","-197.3333333","1","58.66666667","17.66666667","58.66666667","1","0","0","0","0","-171.3333333","-308.3333333","-34.33333333","1","-337.8333333","-367.3333333","-308.3333333","1","-531.3333333","-741.3333333","-321.3333333","1","-11088.43831","-18509.65644","-3667.220177","1","-7587.380208","-10850.33333","-3294.020833","1","-101.3333333","-101.3333333","-101.3333333","1","-321.3333333","-321.3333333","-321.3333333","1","0","0","0","0","-5061.333333","-5061.333333","-5061.333333","1","-67.33333333","-67.33333333","-30.33333333","1","0","0","0","0","31.57414593","58","78.11485517","3","5","10","15"
"2026-06-16","15:20:00","20","ghost_high_74377_74415","high","30714.75","74415","30603.5","148","116","180","1","97","78","116","1","105","30","180","1","-9678.853963","-17133.35741","-2224.350516","1","842.6875","352.25","1333.125","1","99","99","99","1","180","180","180","1","0","0","0","0","30","30","30","1","77","43","77","1","0","0","0","0","885.5","751","1020","1","410.5","315","506","1","865.5","589","1142","1","-9680.381795","-17132.54875","-2228.214844","1","1029.703125","-5844.75","1488","1","99","99","99","1","1142","1142","1142","1","0","0","0","0","1150","1150","1150","1","247","137","247","1","0","0","0","0","865.5","589","1142","1","1211","1142","1280","1","1257","1026","1488","1","-9687.382663","-17126.42453","-2248.340796","1","-6240.046875","-9503","-1946.6875","1","99","99","99","1","1488","1488","1488","1","0","0","0","0","1026","1026","1026","1","1020","818","1020","1","1488","1488","1488","1","108.5169884","877","745.8540755","3","5","10","15"
"2026-06-16","16:09:00","09","ghost_high_74406_74464","high","30665.25","74464","30521.0833333333","-173.8333333","-223.3333333","-124.3333333","1","32.16666667","24.66666667","39.66666667","1","-41.33333333","-229.3333333","146.6666667","1","-9333.192876","-16791.23369","-1875.152063","1","1214.432292","398.2916667","1817.666667","1","-6.333333333","-6.333333333","-6.333333333","1","146.6666667","146.6666667","146.6666667","1","0","0","0","0","33.66666667","33.66666667","33.66666667","1","24.66666667","22.66666667","24.66666667","1","0","0","0","0","1215.166667","1080.666667","1349.666667","1","256.6666667","226.6666667","286.6666667","1","1195.166667","918.6666667","1471.666667","1","-9337.163903","-16792.27963","-1882.048176","1","1359.369792","-5209.552083","1817.666667","1","-6.333333333","-6.333333333","-6.333333333","1","1471.666667","1471.666667","1471.666667","1","0","0","0","0","1479.666667","1479.666667","1479.666667","1","-446.3333333","-446.3333333","-357.3333333","1","0","0","0","0","1195.166667","918.6666667","1471.666667","1","747.6666667","576.6666667","918.6666667","1","1586.666667","1355.666667","1817.666667","1","-9339.149009","-16782.40183","-1895.89619","1","-5910.380208","-9173.333333","-1617.020833","1","-6.333333333","-6.333333333","-6.333333333","1","1817.666667","1817.666667","1817.666667","1","0","0","0","0","1355.666667","1355.666667","1355.666667","1","576.6666667","319.6666667","576.6666667","1","1817.666667","1817.666667","1817.666667","1","103.1371261","919","865.4214304","3","5","10","15"
"2026-06-16","23:05:00","05","ghost_high_74789_74820","high","30381.25","74820","30359.4166666667","90.33333333","69.33333333","111.3333333","1","32.33333333","16.33333333","48.33333333","1","112.8333333","106.3333333","119.3333333","1","-8634.556405","-16101.93995","-1167.172858","1","383.7239583","-271.5729167","1039.020833","1","-79.66666667","-79.66666667","-79.66666667","1","119.3333333","119.3333333","119.3333333","1","119.3333333","119.3333333","119.3333333","1","106.3333333","106.3333333","106.3333333","1","-25.66666667","-25.66666667","-0.6666666667","1","119.3333333","119.3333333","119.3333333","1","-236.1666667","-269.6666667","-202.6666667","1","-98.16666667","-176.6666667","-19.66666667","1","-219.6666667","-348.6666667","-90.66666667","1","-8636.319558","-16101.2919","-1171.347219","1","2014.708333","-3830.416667","2464.333333","1","-79.66666667","-79.66666667","-79.66666667","1","-348.6666667","-348.6666667","-348.6666667","1","0","0","0","0","250.3333333","250.3333333","250.3333333","1","14.33333333","14.33333333","15.33333333","1","-348.6666667","-348.6666667","-348.6666667","1","1841.833333","1565.333333","2118.333333","1","67.33333333","-115.6666667","250.3333333","1","2233.333333","2002.333333","2464.333333","1","-8638.510738","-16091.46119","-1185.560286","1","-5263.713542","-8526.666667","-283.4166667","1","-79.66666667","-79.66666667","-79.66666667","1","2464.333333","2464.333333","2464.333333","1","0","0","0","0","2002.333333","2002.333333","2002.333333","1","-211.6666667","-211.6666667","-211.6666667","1","2464.333333","2464.333333","2464.333333","1","37.5964528","132","116.4776682","3","5","10","15"
"2026-06-16","23:56:00","56","ghost_low_74828_74871","low","30326","74871","30323.4166666667","80.83333333","53.33333333","108.3333333","1","37.33333333","21.33333333","53.33333333","1","21.33333333","-65.66666667","108.3333333","1","-8489.277158","-15956.8335","-1021.720815","1","542.0520833","71.89583333","956.8958333","1","64.33333333","64.33333333","64.33333333","1","-65.66666667","-65.66666667","-65.66666667","1","0","0","0","0","-1.666666667","-1.666666667","-1.666666667","1","57.33333333","52.33333333","57.33333333","1","0","0","0","0","-92.16666667","-125.6666667","-58.66666667","1","156.3333333","154.3333333","158.3333333","1","29.33333333","-204.6666667","263.3333333","1","-8491.137535","-15956.27433","-1026.000738","1","2158.708333","-3686.416667","2608.333333","1","64.33333333","64.33333333","64.33333333","1","263.3333333","263.3333333","263.3333333","1","0","0","0","0","394.3333333","394.3333333","394.3333333","1","108.3333333","18.33333333","108.3333333","1","0","0","0","0","1985.833333","1709.333333","2262.333333","1","211.3333333","28.33333333","394.3333333","1","2377.333333","2146.333333","2608.333333","1","-8494.510738","-15947.46119","-1041.560286","1","-5119.713542","-8382.666667","-139.4166667","1","64.33333333","64.33333333","64.33333333","1","2608.333333","2608.333333","2608.333333","1","0","0","0","0","2146.333333","2146.333333","2146.333333","1","-67.66666667","-67.66666667","-67.66666667","1","2608.333333","2608.333333","2608.333333","1","50.20533329","219","136.4455882","3","5","10","15"
"2026-06-17","06:54:00","54","ghost_high_75243_75289","high","30522.75","75289","30535.0833333333","-4.833333333","-16.33333333","6.666666667","1","5.166666667","4.666666667","5.666666667","1","19.66666667","18.66666667","20.66666667","1","-9326.774975","-16796.02649","-1857.523464","1","-635.3489583","-912.3333333","-270.8958333","1","13.66666667","13.66666667","13.66666667","1","18.66666667","18.66666667","18.66666667","1","18.66666667","18.66666667","18.66666667","1","-47.33333333","-47.33333333","-47.33333333","1","-10.33333333","-10.33333333","-8.333333333","1","18.66666667","18.66666667","18.66666667","1","-126.3333333","-182.3333333","-70.33333333","1","-65.83333333","-70.33333333","-61.33333333","1","-193.3333333","-352.3333333","-34.33333333","1","-9328.425638","-16795.28315","-1861.568127","1","1330.979167","-4267.958333","1761.666667","1","13.66666667","13.66666667","13.66666667","1","-34.33333333","-34.33333333","-34.33333333","1","0","0","0","0","-452.3333333","-452.3333333","-452.3333333","1","-61.33333333","-61.33333333","-46.33333333","1","0","0","0","0","1139.166667","862.6666667","1415.666667","1","-240.3333333","-261.3333333","-219.3333333","1","355.1666667","-1051.333333","1761.666667","1","-9331.92956","-16786.50733","-1877.351792","1","-5966.380208","-9229.333333","-986.0833333","1","13.66666667","13.66666667","13.66666667","1","-1051.333333","-1051.333333","-1051.333333","1","0","0","0","0","1299.666667","1299.666667","1299.666667","1","-219.3333333","-219.3333333","-197.3333333","1","0","0","0","0","25.08558718","56","63.22922878","3","5","10","15"
"2026-06-17","08:29:00","29","ghost_low_75346_75384","low","30549.25","75384","30534.4166666667","44.33333333","32.33333333","56.33333333","1","122.8333333","86.33333333","159.3333333","1","6.833333333","-24.66666667","38.33333333","1","-9321.320284","-16791.22122","-1851.419345","1","-358.4635417","-659.3541667","-57.57291667","1","162.3333333","162.3333333","162.3333333","1","-24.66666667","-24.66666667","-24.66666667","1","0","0","0","0","165.3333333","165.3333333","165.3333333","1","27.33333333","26.33333333","27.33333333","1","0","0","0","0","79.33333333","-25.66666667","184.3333333","1","62.33333333","45.33333333","79.33333333","1","-9.166666667","-199.6666667","181.3333333","1","-9323.15866","-16790.62491","-1855.692412","1","1333.645833","-3978.166667","1764.333333","1","162.3333333","162.3333333","162.3333333","1","181.3333333","181.3333333","181.3333333","1","0","0","0","0","181.3333333","181.3333333","181.3333333","1","184.3333333","173.3333333","184.3333333","1","0","0","0","0","1141.833333","865.3333333","1418.333333","1","-7.666666667","-31.66666667","16.33333333","1","357.8333333","-1048.666667","1764.333333","1","-9326.151878","-16781.44358","-1870.860178","1","-5963.713542","-9226.666667","-983.4166667","1","162.3333333","162.3333333","162.3333333","1","-1048.666667","-1048.666667","-1048.666667","1","0","0","0","0","1302.333333","1302.333333","1302.333333","1","16.33333333","16.33333333","40.33333333","1","0","0","0","0","40.16327408","96","93.61025692","3","5","10","15"
"2026-06-17","09:52:00","52","ghost_low_75426_75467","low","30491.5","75467","30470.6666666667","85.83333333","64.33333333","107.3333333","1","31.33333333","25.33333333","37.33333333","1","107.3333333","76.33333333","138.3333333","1","-9063.759309","-16534.19122","-1593.327397","1","119.1770833","-108.5416667","325.2083333","1","-3.666666667","-3.666666667","-3.666666667","1","138.3333333","138.3333333","138.3333333","1","0","0","0","0","145.3333333","145.3333333","145.3333333","1","25.33333333","11.33333333","25.33333333","1","0","0","0","0","334.3333333","229.3333333","439.3333333","1","134.8333333","128.3333333","141.3333333","1","215.3333333","-24.66666667","455.3333333","1","-9065.408295","-16533.44845","-1597.368134","1","1455.895833","-3389.666667","2019.333333","1","-3.666666667","-3.666666667","-3.666666667","1","-24.66666667","-24.66666667","-24.66666667","1","0","0","0","0","436.3333333","436.3333333","436.3333333","1","138.3333333","91.33333333","138.3333333","1","0","0","0","0","1396.833333","1120.333333","1673.333333","1","247.3333333","223.3333333","271.3333333","1","612.8333333","-793.6666667","2019.333333","1","-9068.810075","-16524.6148","-1613.005355","1","-5708.713542","-8971.666667","-728.4166667","1","-3.666666667","-3.666666667","-3.666666667","1","-793.6666667","-793.6666667","-793.6666667","1","0","0","0","0","1557.333333","1557.333333","1557.333333","1","455.3333333","359.3333333","455.3333333","1","0","0","0","0","36.13922523","98","92.79638381","3","5","10","15"
"2026-06-17","12:18:00","18","ghost_high_75559_75613","high","30492.25","75613","30445.1666666667","40.83333333","14.33333333","67.33333333","1","37.83333333","33.33333333","42.33333333","1","37.33333333","-3.666666667","78.33333333","1","-8956.965966","-16428.28285","-1485.649085","1","200.7239583","-8.322916667","385.1770833","1","7.333333333","7.333333333","7.333333333","1","-3.666666667","-3.666666667","-3.666666667","1","0","0","0","0","-136.6666667","-136.6666667","-136.6666667","1","33.33333333","32.33333333","33.33333333","1","0","0","0","0","-38.66666667","-118.6666667","41.33333333","1","-9.666666667","-62.66666667","43.33333333","1","102.3333333","-11.66666667","216.3333333","1","-8958.922201","-16427.79432","-1490.050082","1","1575.864583","-3115.166667","2121.333333","1","7.333333333","7.333333333","7.333333333","1","-11.66666667","-11.66666667","-11.66666667","1","0","0","0","0","-11.66666667","-11.66666667","-11.66666667","1","-118.6666667","-118.6666667","-113.6666667","1","0","0","0","0","1498.833333","1222.333333","1775.333333","1","349.3333333","325.3333333","373.3333333","1","-67.16666667","-691.6666667","557.3333333","1","-8961.662113","-16418.44371","-1504.880516","1","-5606.713542","-8869.666667","-626.4166667","1","7.333333333","7.333333333","7.333333333","1","557.3333333","557.3333333","557.3333333","1","0","0","0","0","1659.333333","1659.333333","1659.333333","1","188.3333333","54.33333333","188.3333333","1","0","0","0","0","44.12573084","127","165.7134156","3","5","10","15"
"2026-06-17","15:30:00","30","ghost_high_75763_75805","high","30456","75805","30414.25","-209.5","-290","-129","1","22","20","24","1","45","-87","177","1","-8784.189389","-16264.09319","-1304.28559","1","175.171875","-105.84375","418.71875","1","-26","-26","-26","1","-87","-87","-87","1","0","0","0","0","240","240","240","1","-37","-37","-25","1","0","0","0","0","347","168","526","1","115.5","63","168","1","4","-518","526","1","-8785.940011","-16263.28052","-1308.599498","1","1699.53125","-373.25","2245","1","-26","-26","-26","1","-518","-518","-518","1","0","0","0","0","-377","-377","-377","1","117","36","117","1","0","0","0","0","1622.5","1346","1899","1","473","449","497","1","56.5","-568","681","1","-8795.246792","-16259.09195","-1331.401633","1","12.453125","-4624.375","2245","1","-26","-26","-26","1","681","681","681","1","0","0","0","0","1783","1783","1783","1","-518","-518","-273","1","0","0","0","0","96.68134878","494","623.6545758","3","5","10","15"
"2026-06-17","16:23:00","23","ghost_low_75801_75858","low","30392.5","75858","30457.75","-15.5","-51","20","1","-72.5","-80","-65","1","-91.5","-143","-40","1","-8951.353883","-16432.43044","-1470.277323","1","-36.296875","-279.84375","207.25","1","-43","-43","-43","1","-40","-40","-40","1","0","0","0","0","-92","-92","-92","1","-28","-28","-14","1","0","0","0","0","173","-6","352","1","-58.5","-111","-6","1","-170","-692","352","1","-8953.404552","-16431.87777","-1474.931335","1","-1.78125","-1856.375","1852.8125","1","-43","-43","-43","1","-692","-692","-692","1","0","0","0","0","-551","-551","-551","1","-143","-143","-21","1","0","0","0","0","1448.5","1172","1725","1","299","275","323","1","-117.5","-742","507","1","-8958.214563","-16423.89023","-1492.538899","1","-161.546875","-4798.375","2071","1","-43","-43","-43","1","507","507","507","1","0","0","0","0","1609","1609","1609","1","-447","-447","-401","1","0","0","0","0","60.69640788","349","350.8241472","3","5","10","15"
"2026-06-17","18:20:00","20","ghost_low_75931_75975","low","30381.75","75975","30324.6666666667","-8.166666667","-131.6666667","115.3333333","1","-148.1666667","-223.6666667","-72.66666667","1","-719.6666667","-1017.666667","-421.6666667","1","-8398.754241","-15882.28058","-915.227903","1","497.9895833","230.5208333","765.4583333","1","23.33333333","23.33333333","23.33333333","1","-421.6666667","-421.6666667","-421.6666667","1","0","0","0","0","279.3333333","279.3333333","279.3333333","1","-58.66666667","-58.66666667","-27.66666667","1","-421.6666667","-421.6666667","-421.6666667","1","-177.1666667","-421.6666667","67.33333333","1","180.8333333","67.33333333","294.3333333","1","298.8333333","7.333333333","590.3333333","1","-8400.338777","-15881.48802","-919.1895366","1","530.5520833","-1105.854167","2166.958333","1","23.33333333","23.33333333","23.33333333","1","7.333333333","7.333333333","7.333333333","1","0","0","0","0","-18.66666667","-18.66666667","-18.66666667","1","-421.6666667","-421.6666667","-271.6666667","1","0","0","0","0","1980.833333","1704.333333","2257.333333","1","831.3333333","807.3333333","855.3333333","1","961.8333333","884.3333333","1039.333333","1","-8412.519578","-15880.43867","-944.6004826","1","370.7864583","-4266.041667","2603.333333","1","23.33333333","23.33333333","23.33333333","1","884.3333333","884.3333333","884.3333333","1","0","0","0","0","2141.333333","2141.333333","2141.333333","1","7.333333333","7.333333333","334.3333333","1","884.3333333","884.3333333","884.3333333","1","186.5880314","1030","1358.966129","3","5","10","15"
"2026-06-17","20:59:00","59","ghost_low_76067_76134","low","29923","76134","30134.5833333333","-61.83333333","-94.33333333","-29.33333333","1","-48.33333333","-67.33333333","-29.33333333","1","0.6666666667","-98.33333333","99.66666667","1","-7594.526456","-15079.98721","-109.0656994","1","1294.369792","477.0104167","1644.666667","1","550.6666667","550.6666667","550.6666667","1","-98.33333333","-98.33333333","-98.33333333","1","0","0","0","0","-1.333333333","-1.333333333","-1.333333333","1","-18.33333333","-18.33333333","-12.33333333","1","0","0","0","0","583.1666667","338.6666667","827.6666667","1","-131.3333333","-168.3333333","-94.33333333","1","347.6666667","-846.3333333","1541.666667","1","-7596.492424","-15079.52409","-113.4607615","1","1290.885417","-563.7083333","2927.291667","1","550.6666667","550.6666667","550.6666667","1","-846.3333333","-846.3333333","-846.3333333","1","0","0","0","0","741.6666667","741.6666667","741.6666667","1","76.66666667","70.66666667","76.66666667","1","0","0","0","0","2741.166667","2464.666667","3017.666667","1","1591.666667","1567.666667","1615.666667","1","1722.166667","1644.666667","1799.666667","1","-7604.122986","-15074.53317","-133.7127975","1","1131.119792","-3505.708333","3363.666667","1","550.6666667","550.6666667","550.6666667","1","1644.666667","1644.666667","1644.666667","1","0","0","0","0","2901.666667","2901.666667","2901.666667","1","941.6666667","559.6666667","941.6666667","1","1644.666667","1644.666667","1644.666667","1","44.07920915","117","143.17114","1","1","1","1"
"2026-06-17","23:27:00","27","ghost_low_76165_76222","low","30219","76222","30292.8333333333","-246.3333333","-271.3333333","-221.3333333","1","-30.83333333","-31.33333333","-30.33333333","1","-98.33333333","-206.3333333","9.666666667","1","-8224.439111","-15710.07058","-738.8076389","1","505.6822917","-311.6770833","1011.666667","1","-32.33333333","-32.33333333","-32.33333333","1","9.666666667","9.666666667","9.666666667","1","0","0","0","0","-243.3333333","-243.3333333","-243.3333333","1","8.666666667","2.666666667","8.666666667","1","0","0","0","0","-49.83333333","-294.3333333","194.6666667","1","-320.8333333","-347.3333333","-294.3333333","1","-1133.333333","-1479.333333","-787.3333333","1","-8226.269679","-15709.46429","-743.0750695","1","657.8854167","-978.5208333","2294.291667","1","-32.33333333","-32.33333333","-32.33333333","1","-787.3333333","-787.3333333","-787.3333333","1","0","0","0","0","108.6666667","108.6666667","108.6666667","1","-206.3333333","-206.3333333","-179.3333333","1","-787.3333333","-787.3333333","-787.3333333","1","2108.166667","1831.666667","2384.666667","1","958.6666667","934.6666667","982.6666667","1","960.1666667","908.6666667","1011.666667","1","-8229.668463","-15700.1826","-759.1543265","1","498.1197917","-4138.708333","2730.666667","1","-32.33333333","-32.33333333","-32.33333333","1","908.6666667","908.6666667","908.6666667","1","0","0","0","0","2268.666667","2268.666667","2268.666667","1","-787.3333333","-787.3333333","-601.3333333","1","908.6666667","908.6666667","908.6666667","1","32.63936353","61","98.20085673","3","5","10","15"
"2026-06-17","23:27:00","27","ghost_high_76161_76222","high","30259","76222","30292.8333333333","-246.3333333","-271.3333333","-221.3333333","1","-30.83333333","-31.33333333","-30.33333333","1","-98.33333333","-206.3333333","9.666666667","1","-8224.439111","-15710.07058","-738.8076389","1","505.6822917","-311.6770833","1011.666667","1","-32.33333333","-32.33333333","-32.33333333","1","9.666666667","9.666666667","9.666666667","1","0","0","0","0","-243.3333333","-243.3333333","-243.3333333","1","8.666666667","2.666666667","8.666666667","1","0","0","0","0","-49.83333333","-294.3333333","194.6666667","1","-320.8333333","-347.3333333","-294.3333333","1","-1133.333333","-1479.333333","-787.3333333","1","-8226.269679","-15709.46429","-743.0750695","1","657.8854167","-978.5208333","2294.291667","1","-32.33333333","-32.33333333","-32.33333333","1","-787.3333333","-787.3333333","-787.3333333","1","0","0","0","0","108.6666667","108.6666667","108.6666667","1","-206.3333333","-206.3333333","-179.3333333","1","-787.3333333","-787.3333333","-787.3333333","1","2108.166667","1831.666667","2384.666667","1","958.6666667","934.6666667","982.6666667","1","960.1666667","908.6666667","1011.666667","1","-8229.668463","-15700.1826","-759.1543265","1","498.1197917","-4138.708333","2730.666667","1","-32.33333333","-32.33333333","-32.33333333","1","908.6666667","908.6666667","908.6666667","1","0","0","0","0","2268.666667","2268.666667","2268.666667","1","-787.3333333","-787.3333333","-601.3333333","1","908.6666667","908.6666667","908.6666667","1","32.63936353","61","98.20085673","3","5","10","15"
"2026-06-18","01:13:00","13","ghost_high_76296_76328","high","30415.75","76328","30430.9166666667","-235.1666667","-306.6666667","-163.6666667","1","-18.66666667","-23.66666667","-13.66666667","1","-293.1666667","-312.6666667","-273.6666667","1","-8770.916531","-16257.32281","-1284.510257","1","-128.7291667","-1210.791667","356.3333333","1","64.33333333","64.33333333","64.33333333","1","-273.6666667","-273.6666667","-273.6666667","1","-273.6666667","-273.6666667","-273.6666667","1","-542.6666667","-542.6666667","-542.6666667","1","19.33333333","9.333333333","19.33333333","1","-273.6666667","-273.6666667","-273.6666667","1","-602.1666667","-846.6666667","-357.6666667","1","-318.1666667","-474.6666667","-161.6666667","1","-667.1666667","-1339.666667","5.333333333","1","-8772.678715","-16256.6502","-1288.707233","1","105.5520833","-1530.854167","1741.958333","1","64.33333333","64.33333333","64.33333333","1","5.333333333","5.333333333","5.333333333","1","0","0","0","0","-443.6666667","-443.6666667","-443.6666667","1","-270.6666667","-270.6666667","-252.6666667","1","0","0","0","0","1555.833333","1279.333333","1832.333333","1","-592.6666667","-687.6666667","-497.6666667","1","-837.6666667","-2031.666667","356.3333333","1","-8776.202065","-16247.41687","-1304.987264","1","-54.21354167","-4691.041667","2178.333333","1","64.33333333","64.33333333","64.33333333","1","-2031.666667","-2031.666667","-2031.666667","1","0","0","0","0","1716.333333","1716.333333","1716.333333","1","-497.6666667","-497.6666667","-469.6666667","1","0","0","0","0","58.99336907","171","183.7517268","3","5","10","15"
"2026-06-18","06:50:00","50","ghost_low_76625_76665","low","30322.75","76665","30376.75","-183","-227","-139","1","-47","-54","-40","1","-65.5","-167","36","1","-8545.786639","-16033.29181","-1058.281465","1","122.8125","-137.25","246","1","44","44","44","1","-167","-167","-167","1","0","0","0","0","-32","-32","-32","1","-26","-26","-15","1","0","0","0","0","-129","-227","-31","1","-228","-249","-207","1","-110.5","-227","6","1","-8547.412012","-16032.50613","-1062.317892","1","338.96875","-1325.4375","2003.375","1","44","44","44","1","-227","-227","-227","1","0","0","0","0","149","149","149","1","-167","-167","-96","1","0","0","0","0","1772.5","1496","2049","1","-156","-258","-54","1","-784.5","-1815","246","1","-8551.873658","-16024.12678","-1079.620541","1","162.453125","-4474.375","2395","1","44","44","44","1","246","246","246","1","0","0","0","0","1933","1933","1933","1","-207","-207","-143","1","0","0","0","0","40.81563883","56","91.19655097","3","5","10","15"
"2026-06-18","07:26:00","26","ghost_low_76657_76701","low","30335","76701","30413","-328","-372","-284","1","-12","-22","-2","1","-32.5","-122","57","1","-8689.466079","-16177.16552","-1201.766639","1","-44.78125","-244.9375","102","1","-95","-95","-95","1","-122","-122","-122","1","0","0","0","0","-177","-177","-177","1","21","6","21","1","0","0","0","0","-274","-372","-176","1","-77","-127","-27","1","-255.5","-372","-139","1","-8691.230988","-16176.50143","-1205.960543","1","193.96875","-1274.625","1662.5625","1","-95","-95","-95","1","-372","-372","-372","1","0","0","0","0","4","4","4","1","57","53","57","1","0","0","0","0","1627.5","1351","1904","1","-301","-403","-199","1","-929.5","-1960","101","1","-8694.774192","-16167.32561","-1222.222774","1","17.453125","-4619.375","2250","1","-95","-95","-95","1","101","101","101","1","0","0","0","0","1788","1788","1788","1","-372","-372","-237","1","0","0","0","0","42.03219121","78","91.46662959","3","5","10","15"
"2026-06-18","08:31:00","31","ghost_low_76709_76766","low","30400.75","76766","30432.3333333333","-3.333333333","-25.33333333","18.66666667","1","24.66666667","22.66666667","26.66666667","1","214.6666667","158.6666667","270.6666667","1","-8764.270302","-16252.39","-1276.150604","1","-93.83333333","-296.3333333","81.66666667","1","23.66666667","23.66666667","23.66666667","1","158.6666667","158.6666667","158.6666667","1","0","0","0","0","130.6666667","130.6666667","130.6666667","1","-25.33333333","-25.33333333","-12.33333333","1","0","0","0","0","50.16666667","-54.33333333","154.6666667","1","91.66666667","59.66666667","123.6666667","1","-212.3333333","-449.3333333","24.66666667","1","-8765.923777","-16251.63496","-1280.212595","1","-7.020833333","-1489.208333","1475.166667","1","23.66666667","23.66666667","23.66666667","1","24.66666667","24.66666667","24.66666667","1","0","0","0","0","24.66666667","24.66666667","24.66666667","1","154.6666667","140.6666667","154.6666667","1","0","0","0","0","1550.166667","1273.666667","1826.666667","1","-207.8333333","-216.3333333","-199.3333333","1","-284.8333333","-593.3333333","23.66666667","1","-8770.444028","-16243.25729","-1297.630765","1","-59.88020833","-4696.708333","2172.666667","1","23.66666667","23.66666667","23.66666667","1","-593.3333333","-593.3333333","-593.3333333","1","0","0","0","0","1710.666667","1710.666667","1710.666667","1","-199.3333333","-199.3333333","-51.33333333","1","0","0","0","0","46.96183283","123","155.2558006","3","5","10","15"
"2026-06-18","10:17:00","17","ghost_low_76820_76872","low","30423.25","76872","30486.1666666667","19.33333333","7.333333333","31.33333333","1","-25.16666667","-25.66666667","-24.66666667","1","-48.66666667","-94.66666667","-2.666666667","1","-8976.35751","-16465.00823","-1487.706794","1","-282.1666667","-538.6666667","-52.66666667","1","-65.66666667","-65.66666667","-65.66666667","1","-94.66666667","-94.66666667","-94.66666667","1","0","0","0","0","20.33333333","20.33333333","20.33333333","1","-13.66666667","-13.66666667","-7.666666667","1","0","0","0","0","-165.1666667","-269.6666667","-60.66666667","1","-67.66666667","-106.6666667","-28.66666667","1","-170.6666667","-396.6666667","55.33333333","1","-8978.153324","-16464.37262","-1491.934025","1","-222.3541667","-1704.541667","1259.833333","1","-65.66666667","-65.66666667","-65.66666667","1","-396.6666667","-396.6666667","-396.6666667","1","0","0","0","0","-190.6666667","-190.6666667","-190.6666667","1","21.33333333","16.33333333","21.33333333","1","0","0","0","0","1334.833333","1058.333333","1611.333333","1","-423.1666667","-431.6666667","-414.6666667","1","-500.1666667","-808.6666667","-191.6666667","1","-8981.310487","-16454.85246","-1507.768511","1","-275.2135417","-4912.041667","1957.333333","1","-65.66666667","-65.66666667","-65.66666667","1","-808.6666667","-808.6666667","-808.6666667","1","0","0","0","0","1495.333333","1495.333333","1495.333333","1","-394.6666667","-394.6666667","-354.6666667","1","0","0","0","0","33.34128421","72","94.94563078","3","5","10","15"
"2026-06-18","13:25:00","25","ghost_high_77034_77060","high","30538","77060","30543.5","5.5","-28","39","1","-49.5","-57","-42","1","-129","-254","-4","1","-9194.867298","-16685.34938","-1704.385216","1","-436.75","-687.5","-186","1","9","9","9","1","-4","-4","-4","1","0","0","0","0","-4","-4","-4","1","39","32","39","1","0","0","0","0","-394.5","-499","-290","1","-376","-410","-342","1","-474","-754","-194","1","-9197.020383","-16684.99662","-1709.044145","1","-311.21875","-1429.5","807.0625","1","9","9","9","1","-754","-754","-754","1","0","0","0","0","-420","-420","-420","1","-254","-254","-212","1","0","0","0","0","-550","-754","-346","1","-652.5","-661","-644","1","-606","-1038","-174","1","-9202.146992","-16677.12264","-1727.17134","1","-504.546875","-4797.90625","1728","1","9","9","9","1","-174","-174","-174","1","0","0","0","0","1266","1266","1266","1","-586","-586","-479","1","0","0","0","0","52.34117872","396","392.1115904","3","5","10","15"
"2026-06-18","15:32:00","32","ghost_low_77159_77187","low","30584.25","77187","30601.75","63","17","109","1","5","-7","17","1","12.5","-84","109","1","-9371.015401","-16873.00573","-1869.025076","1","-646.203125","-987","-64.84375","1","-69","-69","-69","1","109","109","109","1","0","0","0","0","-84","-84","-84","1","59","20","59","1","0","0","0","0","-627.5","-732","-523","1","-350.5","-398","-303","1","-385.5","-843","72","1","-9373.236571","-16872.706","-1873.76714","1","-544.21875","-1662.5","574.0625","1","-69","-69","-69","1","-843","-843","-843","1","0","0","0","0","-653","-653","-653","1","122","28","122","1","0","0","0","0","-385.5","-843","72","1","-885.5","-894","-877","1","-697","-987","-407","1","-9384.066749","-16869.32542","-1898.808074","1","-737.546875","-5030.90625","1495","1","-69","-69","-69","1","-987","-987","-987","1","0","0","0","0","-407","-407","-407","1","-609","-609","-530","1","0","0","0","0","102.1145183","714","943.4043152","3","5","10","15"
"2026-06-18","17:48:00","48","ghost_high_77293_77323","high","30734.75","77323","30723.9166666667","25.33333333","7.333333333","43.33333333","1","-4.166666667","-4.666666667","-3.666666667","1","-10.16666667","-71.66666667","51.33333333","1","-9830.360456","-17339.48731","-2321.233602","1","-497.4322917","-950.7604167","-44.10416667","1","-192.6666667","-192.6666667","-192.6666667","1","-71.66666667","-71.66666667","-71.66666667","1","0","0","0","0","-148.6666667","-148.6666667","-148.6666667","1","-20.66666667","-20.66666667","-12.66666667","1","0","0","0","0","-1116.166667","-1220.666667","-1011.666667","1","-114.6666667","-127.6666667","-101.6666667","1","-551.6666667","-910.6666667","-192.6666667","1","-9832.903488","-17339.41003","-2326.396947","1","-1032.885417","-2019.604167","-46.16666667","1","-192.6666667","-192.6666667","-192.6666667","1","-910.6666667","-910.6666667","-910.6666667","1","0","0","0","0","-1141.666667","-1141.666667","-1141.666667","1","-57.66666667","-57.66666667","-55.66666667","1","0","0","0","0","-874.1666667","-1331.666667","-416.6666667","1","-1374.166667","-1382.666667","-1365.666667","1","-1185.666667","-1475.666667","-895.6666667","1","-9842.44686","-17334.96797","-2349.925749","1","-1226.213542","-5519.572917","1006.333333","1","-192.6666667","-192.6666667","-192.6666667","1","-1475.666667","-1475.666667","-1475.666667","1","0","0","0","0","-895.6666667","-895.6666667","-895.6666667","1","-380.6666667","-380.6666667","-331.6666667","1","0","0","0","0","46.41264687","258","359.0089763","3","5","10","15"
"2026-06-19","04:24:00","24","ghost_high_77856_77899","high","30545.5","77899","30489.6666666667","11.33333333","-37.66666667","60.33333333","1","26.83333333","11.33333333","42.33333333","1","50.33333333","-17.66666667","118.3333333","1","-8849.080611","-16369.53826","-1328.622959","1","910.8802083","687.9583333","1093.270833","1","41.33333333","41.33333333","41.33333333","1","118.3333333","118.3333333","118.3333333","1","0","0","0","0","115.3333333","115.3333333","115.3333333","1","11.33333333","7.333333333","11.33333333","1","0","0","0","0","560.8333333","531.3333333","590.3333333","1","339.8333333","301.3333333","378.3333333","1","430.3333333","341.3333333","519.3333333","1","-8850.804008","-16368.8601","-1332.747913","1","-95.88541667","-1214.166667","1022.395833","1","41.33333333","41.33333333","41.33333333","1","519.3333333","519.3333333","519.3333333","1","0","0","0","0","553.3333333","553.3333333","553.3333333","1","-17.66666667","-17.66666667","21.33333333","1","0","0","0","0","62.83333333","-394.6666667","520.3333333","1","536.3333333","519.3333333","553.3333333","1","317.8333333","-538.6666667","1174.333333","1","-8854.303386","-16360.10649","-1348.500283","1","-289.2135417","-4582.572917","1943.333333","1","41.33333333","41.33333333","41.33333333","1","1174.333333","1174.333333","1174.333333","1","0","0","0","0","41.33333333","41.33333333","41.33333333","1","467.3333333","413.3333333","467.3333333","1","0","0","0","0","49.69665276","116","108.6417811","3","5","10","15"
"2026-06-19","05:19:00","19","ghost_high_77894_77954","high","30519.25","77954","30445.25","-93","-132","-54","1","-12","-15","-9","1","-76.5","-132","-21","1","-8669.894806","-16190.5726","-1149.217011","1","1097.125","754","1303","1","8","8","8","1","-132","-132","-132","1","0","0","0","0","-21","-21","-21","1","18","1","18","1","0","0","0","0","228","160","296","1","517.5","479","556","1","376","55","697","1","-8671.775506","-16190.03503","-1153.515984","1","81.78125","-1036.5","1200.0625","1","8","8","8","1","55","55","55","1","0","0","0","0","55","55","55","1","28","-41","28","1","0","0","0","0","240.5","-217","698","1","421.5","324","519","1","495.5","-361","1352","1","-8674.730074","-16180.81893","-1168.641223","1","-111.546875","-4061.4375","2121","1","8","8","8","1","1352","1352","1352","1","0","0","0","0","219","219","219","1","324","300","324","1","0","0","0","0","49.60053892","89","105.106154","3","5","10","15"
"2026-06-19","06:03:00","03","ghost_high_77938_77998","high","30452.25","77998","30495.5833333333","-363.3333333","-384.3333333","-342.3333333","1","-40.33333333","-48.33333333","-32.33333333","1","-404.3333333","-430.3333333","-378.3333333","1","-8870.049526","-16390.89211","-1349.206941","1","741.8385417","48.10416667","1100.666667","1","17.66666667","17.66666667","17.66666667","1","-430.3333333","-430.3333333","-430.3333333","1","-430.3333333","-430.3333333","-430.3333333","1","-378.3333333","-378.3333333","-378.3333333","1","-24.33333333","-24.33333333","-6.333333333","1","-430.3333333","-430.3333333","-430.3333333","1","-324.3333333","-430.3333333","-218.3333333","1","316.1666667","277.6666667","354.6666667","1","-254.3333333","-362.3333333","-146.3333333","1","-8871.822578","-16390.25909","-1353.386071","1","-119.5520833","-1106.270833","867.1666667","1","17.66666667","17.66666667","17.66666667","1","-362.3333333","-362.3333333","-362.3333333","1","0","0","0","0","-362.3333333","-362.3333333","-362.3333333","1","-247.3333333","-247.3333333","-232.3333333","1","-362.3333333","-362.3333333","-362.3333333","1","39.16666667","-418.3333333","496.6666667","1","-4.333333333","-48.33333333","39.66666667","1","294.1666667","-562.3333333","1150.666667","1","-8874.476735","-16380.79993","-1368.153539","1","-312.8802083","-4262.770833","1919.666667","1","17.66666667","17.66666667","17.66666667","1","1150.666667","1150.666667","1150.666667","1","0","0","0","0","17.66666667","17.66666667","17.66666667","1","-430.3333333","-430.3333333","-242.3333333","1","0","0","0","0","47.34003431","124","127.6921362","3","5","10","15"
"2026-06-19","08:54:00","54","ghost_low_78089_78169","low","30593","78169","30650","-28","-40","-16","1","14","13","15","1","-21.5","-83","40","1","-9484.247327","-17005.79217","-1962.70249","1","-131.265625","-598.28125","59","1","0","0","0","1","40","40","40","1","0","0","0","0","-22","-22","-22","1","15","12","15","1","0","0","0","0","-942","-1048","-836","1","-281","-293","-269","1","-1014","-1048","-980","1","-9485.912244","-17005.06916","-1966.755331","1","-737.21875","-1723.9375","249.5","1","0","0","0","1","-1048","-1048","-1048","1","0","0","0","0","-980","-980","-980","1","-83","-83","-27","1","-1048","-1048","-1048","1","-578.5","-1036","-121","1","-528.5","-666","-391","1","-323.5","-1180","533","1","-9489.339021","-16996.22514","-1982.452904","1","-930.546875","-4880.4375","1302","1","0","0","0","1","533","533","533","1","0","0","0","0","-600","-600","-600","1","-391","-391","-385","1","0","0","0","0","31.95631668","28","45.67107927","3","5","10","15"
"2026-06-19","08:54:00","54","ghost_high_78139_78169","high","30650","78169","30650","-28","-40","-16","1","14","13","15","1","-21.5","-83","40","1","-9484.247327","-17005.79217","-1962.70249","1","-131.265625","-598.28125","59","1","0","0","0","1","40","40","40","1","0","0","0","0","-22","-22","-22","1","15","12","15","1","0","0","0","0","-942","-1048","-836","1","-281","-293","-269","1","-1014","-1048","-980","1","-9485.912244","-17005.06916","-1966.755331","1","-737.21875","-1723.9375","249.5","1","0","0","0","1","-1048","-1048","-1048","1","0","0","0","0","-980","-980","-980","1","-83","-83","-27","1","-1048","-1048","-1048","1","-578.5","-1036","-121","1","-528.5","-666","-391","1","-323.5","-1180","533","1","-9489.339021","-16996.22514","-1982.452904","1","-930.546875","-4880.4375","1302","1","0","0","0","1","533","533","533","1","0","0","0","0","-600","-600","-600","1","-391","-391","-385","1","0","0","0","0","31.95631668","28","45.67107927","3","5","10","15"
"2026-06-19","12:58:00","58","ghost_high_78356_78413","high","30594.5","78413","30652.25","-406.5","-434","-379","1","-33","-35","-31","1","-387.5","-434","-341","1","-9488.257771","-17010.84934","-1965.666207","1","-369.625","-704.5","-34.75","1","-9","-9","-9","1","-434","-434","-434","1","0","0","0","0","-369","-369","-369","1","42","40","42","1","0","0","0","0","-69.5","-118","-21","1","-285","-291","-279","1","-334","-466","-202","1","-9490.763763","-17010.77791","-1970.749617","1","-746.21875","-1601.375","108.9375","1","-9","-9","-9","1","-202","-202","-202","1","0","0","0","0","-168","-168","-168","1","-341","-412","-341","1","0","0","0","0","-587.5","-1045","-130","1","-185","-202","-168","1","-266.5","-1057","524","1","-9494.260648","-17002.02886","-1986.492431","1","-939.546875","-4889.4375","1293","1","-9","-9","-9","1","-1057","-1057","-1057","1","0","0","0","0","-609","-609","-609","1","-466","-466","-324","1","0","0","0","0","75.38052987","262","294.0355302","3","5","10","15"
"2026-06-19","16:31:00","31","ghost_high_78588_78626","high","30691.75","78626","30680.4166666667","-49.66666667","-57.66666667","-41.66666667","1","-16.16666667","-24.66666667","-7.666666667","1","-18.66666667","-57.66666667","20.33333333","1","-9592.059995","-17116.78895","-2067.331036","1","-47.71354167","-193.7604167","75.86458333","1","-18.66666667","-18.66666667","-18.66666667","1","20.33333333","20.33333333","20.33333333","1","0","0","0","0","53.33333333","53.33333333","53.33333333","1","19.33333333","8.333333333","19.33333333","1","0","0","0","0","46.33333333","-1.666666667","94.33333333","1","-17.16666667","-21.66666667","-12.66666667","1","-5.666666667","-109.6666667","98.33333333","1","-9593.706726","-17116.05414","-2071.359317","1","-858.8854167","-1714.041667","-3.729166667","1","-18.66666667","-18.66666667","-18.66666667","1","-109.6666667","-109.6666667","-109.6666667","1","0","0","0","0","61.33333333","61.33333333","61.33333333","1","-53.66666667","-53.66666667","-24.66666667","1","0","0","0","0","-700.1666667","-1157.666667","-242.6666667","1","-266.1666667","-314.6666667","-217.6666667","1","-895.1666667","-1169.666667","-620.6666667","1","-9597.050911","-17107.20251","-2086.899314","1","-1052.213542","-5002.104167","1180.333333","1","-18.66666667","-18.66666667","-18.66666667","1","-620.6666667","-620.6666667","-620.6666667","1","0","0","0","0","-721.6666667","-721.6666667","-721.6666667","1","98.33333333","38.33333333","98.33333333","1","-620.6666667","-620.6666667","-620.6666667","1","23.58277335","48","64.09528528","3","5","10","15"
"2026-06-22","04:18:00","18","ghost_high_78987_79033","high","30616","79033","30561.9166666667","154.8333333","147.3333333","162.3333333","1","18.83333333","8.333333333","29.33333333","1","16.83333333","-51.66666667","85.33333333","1","-9099.939612","-16628.00856","-1571.870663","1","-1.885416667","-438.2916667","434.5208333","1","-104.6666667","-104.6666667","-104.6666667","1","85.33333333","85.33333333","85.33333333","1","0","0","0","0","189.3333333","189.3333333","189.3333333","1","22.33333333","11.33333333","22.33333333","1","0","0","0","0","160.8333333","123.3333333","198.3333333","1","99.33333333","75.33333333","123.3333333","1","79.83333333","-56.66666667","216.3333333","1","-9101.764489","-16627.42442","-1576.104559","1","-384.8854167","-1240.041667","470.2708333","1","-104.6666667","-104.6666667","-104.6666667","1","216.3333333","216.3333333","216.3333333","1","0","0","0","0","-56.66666667","-56.66666667","-56.66666667","1","-51.66666667","-51.66666667","-21.66666667","1","0","0","0","0","442.8333333","344.3333333","541.3333333","1","5.833333333","-154.6666667","166.3333333","1","-162.6666667","-897.6666667","572.3333333","1","-9104.669967","-16618.2265","-1591.113437","1","-578.2135417","-4528.104167","1654.333333","1","-104.6666667","-104.6666667","-104.6666667","1","-897.6666667","-897.6666667","-897.6666667","1","0","0","0","0","-247.6666667","-247.6666667","-247.6666667","1","216.3333333","93.33333333","216.3333333","1","0","0","0","0","33.25361657","102","88.43695415","3","5","10","15"
"2026-06-22","05:05:00","05","ghost_high_79026_79080","high","30583.25","79080","30580","-191","-218","-164","1","-11.5","-19","-4","1","-7","-63","49","1","-9170.846187","-16699.18575","-1642.506627","1","-81.53125","-468.8125","260.1875","1","147","147","147","1","49","49","49","1","0","0","0","0","117","117","117","1","-35","-35","-20","1","0","0","0","0","88.5","51","126","1","27","3","51","1","7.5","-129","144","1","-9172.608056","-16698.55222","-1646.663892","1","-457.21875","-1312.375","397.9375","1","147","147","147","1","144","144","144","1","0","0","0","0","-129","-129","-129","1","-63","-63","-29","1","0","0","0","0","370.5","272","469","1","-66.5","-227","94","1","-327","-970","316","1","-9175.256759","-16689.15407","-1661.35945","1","-650.546875","-4600.4375","1582","1","147","147","147","1","316","316","316","1","0","0","0","0","-320","-320","-320","1","-224","-224","-94","1","0","0","0","0","40.91142842","87","101.0399647","3","5","10","15"
"2026-06-22","09:21:00","21","ghost_high_79301_79336","high","30741.75","79336","30736","-11.5","-38","15","1","32","31","33","1","28","-32","88","1","-9786.432144","-17316.92173","-2255.942558","1","-58.640625","-525.8125","183","1","-124","-124","-124","1","-32","-32","-32","1","0","0","0","0","-71","-71","-71","1","-16","-16","-15","1","0","0","0","0","-370","-407","-333","1","-81.5","-84","-79","1","-6","-195","183","1","-9788.078529","-17316.20023","-2259.956824","1","-1088.65625","-1848.75","-328.5625","1","-124","-124","-124","1","-195","-195","-195","1","0","0","0","0","-753","-753","-753","1","74","71","74","1","0","0","0","0","-622","-764","-480","1","-147","-284","-10","1","-578","-848","-308","1","-9791.444032","-17307.34243","-2275.545633","1","-1274.546875","-5224.4375","958","1","-124","-124","-124","1","-848","-848","-848","1","0","0","0","0","-308","-308","-308","1","118","88","118","1","0","0","0","0","38.30429343","66","87.50720756","3","5","10","15"
"2026-06-22","10:31:00","31","ghost_low_79371_79406","low","30699","79406","30724.9166666667","46.83333333","40.33333333","53.33333333","1","66.83333333","53.33333333","80.33333333","1","83.83333333","60.33333333","107.3333333","1","-9740.273375","-17271.24387","-2209.302885","1","-14.30729167","-481.4791667","227.3333333","1","-79.66666667","-79.66666667","-79.66666667","1","107.3333333","107.3333333","107.3333333","1","0","0","0","0","91.33333333","91.33333333","91.33333333","1","64.33333333","61.33333333","64.33333333","1","0","0","0","0","123.8333333","80.33333333","167.3333333","1","23.33333333","-33.66666667","80.33333333","1","14.33333333","-103.6666667","132.3333333","1","-9741.960162","-17270.55252","-2213.367805","1","-1110.807292","-1917.291667","-411.8541667","1","-79.66666667","-79.66666667","-79.66666667","1","-103.6666667","-103.6666667","-103.6666667","1","0","0","0","0","132.3333333","132.3333333","132.3333333","1","112.3333333","95.33333333","112.3333333","1","0","0","0","0","-577.6666667","-719.6666667","-435.6666667","1","-102.6666667","-239.6666667","34.33333333","1","-533.6666667","-803.6666667","-263.6666667","1","-9745.545372","-17261.85095","-2229.239797","1","-1230.213542","-5180.104167","1002.333333","1","-79.66666667","-79.66666667","-79.66666667","1","-803.6666667","-803.6666667","-803.6666667","1","0","0","0","0","-263.6666667","-263.6666667","-263.6666667","1","132.3333333","23.33333333","132.3333333","1","0","0","0","0","31.51091927","200","102.1746017","3","5","10","15"
"2026-06-22","16:06:00","06","ghost_high_79678_79741","high","30680","79741","30520.9166666667","272.3333333","219.3333333","325.3333333","1","332.3333333","280.3333333","384.3333333","1","185.8333333","90.33333333","281.3333333","1","-8842.307026","-16394.85757","-1289.756486","1","422.3958333","-71.66666667","1265.208333","1","12.33333333","12.33333333","12.33333333","1","281.3333333","281.3333333","281.3333333","1","0","0","0","0","249.3333333","249.3333333","249.3333333","1","-45.66666667","-45.66666667","-10.66666667","1","0","0","0","0","206.3333333","90.33333333","322.3333333","1","833.8333333","775.3333333","892.3333333","1","942.3333333","96.33333333","1788.333333","1","-8845.970507","-16395.93454","-1296.006477","1","416.7708333","-562.9166667","1265.833333","1","12.33333333","12.33333333","12.33333333","1","96.33333333","96.33333333","96.33333333","1","0","0","0","0","96.33333333","96.33333333","96.33333333","1","90.33333333","90.33333333","136.3333333","1","0","0","0","0","942.3333333","96.33333333","1788.333333","1","789.8333333","636.3333333","943.3333333","1","527.8333333","12.33333333","1043.333333","1","-8849.040553","-16386.53273","-1311.548373","1","-414.2135417","-4020.635417","1818.333333","1","12.33333333","12.33333333","12.33333333","1","1043.333333","1043.333333","1043.333333","1","0","0","0","0","1043.333333","1043.333333","1043.333333","1","636.3333333","475.3333333","636.3333333","1","0","0","0","0","112.5463033","960","1132.241163","3","5","10","15"
"2026-06-22","16:06:00","06","ghost_low_79671_79741","low","30545","79741","30520.9166666667","272.3333333","219.3333333","325.3333333","1","332.3333333","280.3333333","384.3333333","1","185.8333333","90.33333333","281.3333333","1","-8842.307026","-16394.85757","-1289.756486","1","422.3958333","-71.66666667","1265.208333","1","12.33333333","12.33333333","12.33333333","1","281.3333333","281.3333333","281.3333333","1","0","0","0","0","249.3333333","249.3333333","249.3333333","1","-45.66666667","-45.66666667","-10.66666667","1","0","0","0","0","206.3333333","90.33333333","322.3333333","1","833.8333333","775.3333333","892.3333333","1","942.3333333","96.33333333","1788.333333","1","-8845.970507","-16395.93454","-1296.006477","1","416.7708333","-562.9166667","1265.833333","1","12.33333333","12.33333333","12.33333333","1","96.33333333","96.33333333","96.33333333","1","0","0","0","0","96.33333333","96.33333333","96.33333333","1","90.33333333","90.33333333","136.3333333","1","0","0","0","0","942.3333333","96.33333333","1788.333333","1","789.8333333","636.3333333","943.3333333","1","527.8333333","12.33333333","1043.333333","1","-8849.040553","-16386.53273","-1311.548373","1","-414.2135417","-4020.635417","1818.333333","1","12.33333333","12.33333333","12.33333333","1","1043.333333","1043.333333","1043.333333","1","0","0","0","0","1043.333333","1043.333333","1043.333333","1","636.3333333","475.3333333","636.3333333","1","0","0","0","0","112.5463033","960","1132.241163","3","5","10","15"
"2026-06-22","18:41:00","41","ghost_low_79860_79896","low","30601","79896","30610.9166666667","-121.1666667","-141.6666667","-100.6666667","1","37.33333333","24.33333333","50.33333333","1","81.83333333","19.33333333","144.3333333","1","-9181.020235","-16737.56744","-1624.473033","1","62.39583333","-431.6666667","788.9583333","1","23.33333333","23.33333333","23.33333333","1","144.3333333","144.3333333","144.3333333","1","0","0","0","0","-212.6666667","-212.6666667","-212.6666667","1","24.33333333","12.33333333","24.33333333","1","0","0","0","0","-153.6666667","-269.6666667","-37.66666667","1","-15.66666667","-21.66666667","-9.666666667","1","-169.1666667","-355.6666667","17.33333333","1","-9182.644842","-16736.9681","-1628.321581","1","56.77083333","-922.9166667","905.8333333","1","23.33333333","23.33333333","23.33333333","1","-355.6666667","-355.6666667","-355.6666667","1","0","0","0","0","-263.6666667","-263.6666667","-263.6666667","1","144.3333333","67.33333333","144.3333333","1","0","0","0","0","582.3333333","-263.6666667","1428.333333","1","429.8333333","276.3333333","583.3333333","1","1055.833333","683.3333333","1428.333333","1","-9190.24536","-16731.252","-1649.238721","1","-774.2135417","-4380.635417","1458.333333","1","23.33333333","23.33333333","23.33333333","1","1428.333333","1428.333333","1428.333333","1","0","0","0","0","683.3333333","683.3333333","683.3333333","1","-315.6666667","-315.6666667","-86.66666667","1","1428.333333","1428.333333","1428.333333","1","51.47532394","321","355.7296758","3","5","10","15"
"2026-06-22","22:21:00","21","ghost_low_79988_80056","low","30639","80056","30659.6666666667","-0.1666666667","-56.66666667","56.33333333","1","20.33333333","19.33333333","21.33333333","1","42.33333333","41.33333333","43.33333333","1","-9355.65727","-16916.20675","-1795.10779","1","-132.6041667","-626.6666667","303.3333333","1","-2.666666667","-2.666666667","-2.666666667","1","41.33333333","41.33333333","41.33333333","1","41.33333333","41.33333333","41.33333333","1","-43.66666667","-43.66666667","-43.66666667","1","21.33333333","18.33333333","21.33333333","1","41.33333333","41.33333333","41.33333333","1","-6.666666667","-61.66666667","48.33333333","1","-159.1666667","-240.6666667","-77.66666667","1","-214.1666667","-500.6666667","72.33333333","1","-9357.210551","-16915.54443","-1798.876667","1","-138.2291667","-987.2916667","580.2083333","1","-2.666666667","-2.666666667","-2.666666667","1","72.33333333","72.33333333","72.33333333","1","0","0","0","0","72.33333333","72.33333333","72.33333333","1","43.33333333","42.33333333","43.33333333","1","0","0","0","0","387.3333333","-458.6666667","1233.333333","1","234.8333333","81.33333333","388.3333333","1","303.3333333","-626.6666667","1233.333333","1","-9361.002763","-16906.88465","-1815.120872","1","-969.2135417","-4575.635417","1263.333333","1","-2.666666667","-2.666666667","-2.666666667","1","-626.6666667","-626.6666667","-626.6666667","1","0","0","0","0","488.3333333","488.3333333","488.3333333","1","-82.66666667","-82.66666667","-25.66666667","1","0","0","0","0","36.63130295","26","46.75843796","3","5","10","15"
"2026-06-22","22:21:00","21","ghost_high_79978_80056","high","30677.75","80056","30659.6666666667","-0.1666666667","-56.66666667","56.33333333","1","20.33333333","19.33333333","21.33333333","1","42.33333333","41.33333333","43.33333333","1","-9355.65727","-16916.20675","-1795.10779","1","-132.6041667","-626.6666667","303.3333333","1","-2.666666667","-2.666666667","-2.666666667","1","41.33333333","41.33333333","41.33333333","1","41.33333333","41.33333333","41.33333333","1","-43.66666667","-43.66666667","-43.66666667","1","21.33333333","18.33333333","21.33333333","1","41.33333333","41.33333333","41.33333333","1","-6.666666667","-61.66666667","48.33333333","1","-159.1666667","-240.6666667","-77.66666667","1","-214.1666667","-500.6666667","72.33333333","1","-9357.210551","-16915.54443","-1798.876667","1","-138.2291667","-987.2916667","580.2083333","1","-2.666666667","-2.666666667","-2.666666667","1","72.33333333","72.33333333","72.33333333","1","0","0","0","0","72.33333333","72.33333333","72.33333333","1","43.33333333","42.33333333","43.33333333","1","0","0","0","0","387.3333333","-458.6666667","1233.333333","1","234.8333333","81.33333333","388.3333333","1","303.3333333","-626.6666667","1233.333333","1","-9361.002763","-16906.88465","-1815.120872","1","-969.2135417","-4575.635417","1263.333333","1","-2.666666667","-2.666666667","-2.666666667","1","-626.6666667","-626.6666667","-626.6666667","1","0","0","0","0","488.3333333","488.3333333","488.3333333","1","-82.66666667","-82.66666667","-25.66666667","1","0","0","0","0","36.63130295","26","46.75843796","3","5","10","15"
"2026-06-23","13:52:00","52","ghost_high_80917_80987","high","29775","80987","29853.3333333333","-429.8333333","-517.3333333","-342.3333333","1","-248.3333333","-342.3333333","-154.3333333","1","-353.3333333","-517.3333333","-189.3333333","1","-6070.319443","-13624.06174","1483.422853","1","-428.4270833","-947.3333333","90.47916667","1","142.6666667","142.6666667","142.6666667","1","-517.3333333","-517.3333333","-517.3333333","1","0","0","0","0","-622.3333333","-622.3333333","-622.3333333","1","-92.33333333","-92.33333333","-49.33333333","1","0","0","0","0","61.16666667","-0.3333333333","122.6666667","1","-101.8333333","-190.3333333","-13.33333333","1","-107.8333333","-405.3333333","189.6666667","1","-6072.545503","-13624.33182","1479.240816","1","2853.760417","1755.666667","3782.916667","1","142.6666667","142.6666667","142.6666667","1","189.6666667","189.6666667","189.6666667","1","0","0","0","0","-405.3333333","-405.3333333","-405.3333333","1","-517.3333333","-517.3333333","-291.3333333","1","0","0","0","0","2781.166667","2431.666667","3130.666667","1","325.1666667","263.6666667","386.6666667","1","2995.166667","2598.666667","3391.666667","1","-6089.048625","-13632.43079","1454.333543","1","2256.119792","-1350.302083","4488.666667","1","142.6666667","142.6666667","142.6666667","1","3391.666667","3391.666667","3391.666667","1","0","0","0","0","2598.666667","2598.666667","2598.666667","1","189.6666667","74.66666667","189.6666667","1","0","0","0","0","191.0085737","1771","2343.441792","3","5","10","15"
"2026-06-23","17:06:00","06","ghost_low_81136_81181","low","29833.25","81181","29807.9166666667","151.8333333","96.33333333","207.3333333","1","82.83333333","69.33333333","96.33333333","1","204.3333333","115.3333333","293.3333333","1","-5845.407962","-13390.18139","1699.365466","1","176.0520833","-281.3541667","633.4583333","1","-223.6666667","-223.6666667","-223.6666667","1","293.3333333","293.3333333","293.3333333","1","0","0","0","0","115.3333333","115.3333333","115.3333333","1","68.33333333","32.33333333","68.33333333","1","0","0","0","0","-369.6666667","-528.6666667","-210.6666667","1","126.8333333","53.33333333","200.3333333","1","-9.666666667","-450.6666667","431.3333333","1","-5847.700776","-13390.52794","1695.126386","1","3035.427083","1768.395833","4302.458333","1","-223.6666667","-223.6666667","-223.6666667","1","431.3333333","431.3333333","431.3333333","1","0","0","0","0","-223.6666667","-223.6666667","-223.6666667","1","92.33333333","92.33333333","219.3333333","1","0","0","0","0","2962.833333","2613.333333","3312.333333","1","506.8333333","445.3333333","568.3333333","1","1403.833333","-765.6666667","3573.333333","1","-5850.495082","-13381.25961","1680.269442","1","2437.786458","-1168.635417","4670.333333","1","-223.6666667","-223.6666667","-223.6666667","1","-765.6666667","-765.6666667","-765.6666667","1","0","0","0","0","2780.333333","2780.333333","2780.333333","1","-70.66666667","-70.66666667","-39.66666667","1","0","0","0","0","90.32474298","817","708.8624182","3","5","10","15"
"2026-06-23","19:15:00","15","ghost_high_81251_81310","high","29762.75","81310","29673.8333333333","237.6666667","202.6666667","272.6666667","1","-33.33333333","-48.33333333","-18.33333333","1","82.66666667","-151.3333333","316.6666667","1","-5293.337934","-12833.21126","2246.535388","1","230.2135417","-327.6145833","788.0416667","1","-229.3333333","-229.3333333","-229.3333333","1","-151.3333333","-151.3333333","-151.3333333","1","0","0","0","0","206.6666667","206.6666667","206.6666667","1","-37.33333333","-37.33333333","-35.33333333","1","0","0","0","0","738.6666667","605.6666667","871.6666667","1","6.166666667","-65.33333333","77.66666667","1","681.1666667","471.6666667","890.6666667","1","-5295.511204","-12833.47472","2242.452314","1","3698.994792","1352.104167","5176.666667","1","-229.3333333","-229.3333333","-229.3333333","1","890.6666667","890.6666667","890.6666667","1","0","0","0","0","312.6666667","312.6666667","312.6666667","1","-245.3333333","-245.3333333","-180.3333333","1","0","0","0","0","3499.166667","3149.666667","3848.666667","1","450.1666667","434.6666667","465.6666667","1","631.6666667","-229.3333333","1492.666667","1","-5300.54946","-12826.95726","2225.858338","1","2974.119792","-632.3020833","5206.666667","1","-229.3333333","-229.3333333","-229.3333333","1","1492.666667","1492.666667","1492.666667","1","0","0","0","0","3316.666667","3316.666667","3316.666667","1","434.6666667","235.6666667","434.6666667","1","0","0","0","0","110.1042502","529","942.8640563","3","5","10","15"
"2026-06-23","22:10:00","10","ghost_high_81394_81425","high","29748.25","81425","29784.75","-162.5","-171","-154","1","-40","-49","-31","1","-107","-255","41","1","-5724.253708","-13259.68815","1811.180735","1","-213.453125","-771.28125","344.375","1","-131","-131","-131","1","41","41","41","1","0","0","0","0","-269","-269","-269","1","-19","-19","-5","1","0","0","0","0","295","162","428","1","-178.5","-198","-159","1","-366.5","-606","-127","1","-5725.775441","-13259.04231","1807.491427","1","3255.328125","560.75","4733","1","-131","-131","-131","1","-606","-606","-606","1","0","0","0","0","-131","-131","-131","1","-159","-159","-59","1","0","0","0","0","3055.5","2706","3405","1","6.5","-9","22","1","188","-673","1049","1","-5729.250026","-13250.35663","1791.856576","1","2530.453125","-1075.96875","4763","1","-131","-131","-131","1","1049","1049","1049","1","0","0","0","0","2873","2873","2873","1","-606","-606","-538","1","0","0","0","0","53.24393715","171","163.8994819","3","5","10","15"
"2026-06-23","23:18:00","18","ghost_low_81460_81493","low","29632.5","81493","29662.5","23","-18","64","1","-53","-55","-51","1","-101.5","-308","105","1","-5233.428019","-12768.21566","2301.359623","1","275.546875","-282.28125","833.375","1","-184","-184","-184","1","-308","-308","-308","1","0","0","0","0","-38","-38","-38","1","-10","-10","-6","1","0","0","0","0","784","651","917","1","111","67","155","1","223.5","-117","564","1","-5235.15547","-12767.8562","2297.545264","1","3744.328125","1049.75","5222","1","-184","-184","-184","1","564","564","564","1","0","0","0","0","358","358","358","1","79","70","79","1","0","0","0","0","3544.5","3195","3894","1","495.5","480","511","1","598.5","-341","1538","1","-5238.605495","-12759.16073","2281.949745","1","3019.453125","-243.5","5252","1","-184","-184","-184","1","-341","-341","-341","1","0","0","0","0","3362","3362","3362","1","564","430","564","1","0","0","0","0","62.26160019","63","163.8575614","3","5","10","15"
"2026-06-24","00:01:00","01","ghost_high_81502_81536","high","29694.25","81536","29768.6666666667","-105.1666667","-130.6666667","-79.66666667","1","-160.6666667","-198.6666667","-122.6666667","1","-124.6666667","-186.6666667","-62.66666667","1","-5656.857984","-13191.22787","1877.511907","1","-145.5104167","-627.8541667","290.8958333","1","-66.66666667","-66.66666667","-66.66666667","1","-62.66666667","-62.66666667","-62.66666667","1","0","0","0","0","-462.6666667","-462.6666667","-462.6666667","1","-119.6666667","-119.6666667","-94.66666667","1","0","0","0","0","359.3333333","226.3333333","492.3333333","1","-256.6666667","-326.6666667","-186.6666667","1","-296.6666667","-732.6666667","139.3333333","1","-5658.500055","-13190.73733","1873.737223","1","3319.661458","625.0833333","4797.333333","1","-66.66666667","-66.66666667","-66.66666667","1","-732.6666667","-732.6666667","-732.6666667","1","0","0","0","0","-66.66666667","-66.66666667","-66.66666667","1","-186.6666667","-186.6666667","-127.6666667","1","0","0","0","0","3119.833333","2770.333333","3469.333333","1","70.83333333","55.33333333","86.33333333","1","173.8333333","-765.6666667","1113.333333","1","-5661.607791","-13181.59647","1858.38089","1","2594.786458","-668.1666667","4827.333333","1","-66.66666667","-66.66666667","-66.66666667","1","-765.6666667","-765.6666667","-765.6666667","1","0","0","0","0","2937.333333","2937.333333","2937.333333","1","-732.6666667","-732.6666667","-354.6666667","1","0","0","0","0","78.61764477","714","249.4134954","3","5","10","15"
"2026-06-24","08:21:00","21","ghost_high_82003_82036","high","29836","82036","29839.0833333333","-41.83333333","-74.33333333","-9.333333333","1","43.16666667","26.66666667","59.66666667","1","-29.83333333","-74.33333333","14.66666667","1","-5925.339632","-13456.05991","1605.38065","1","-47.38020833","-305.4270833","176.2604167","1","-142.3333333","-142.3333333","-142.3333333","1","-74.33333333","-74.33333333","-74.33333333","1","0","0","0","0","-67.33333333","-67.33333333","-67.33333333","1","26.66666667","1.666666667","26.66666667","1","0","0","0","0","77.66666667","-55.33333333","210.6666667","1","-48.33333333","-71.33333333","-25.33333333","1","-29.83333333","-167.3333333","107.6666667","1","-5926.862295","-13455.43247","1601.707885","1","3037.994792","-4.270833333","4515.666667","1","-142.3333333","-142.3333333","-142.3333333","1","107.6666667","107.6666667","107.6666667","1","0","0","0","0","-348.3333333","-348.3333333","-348.3333333","1","-74.33333333","-74.33333333","-51.33333333","1","0","0","0","0","2838.166667","2488.666667","3187.666667","1","-181.8333333","-196.3333333","-167.3333333","1","-339.8333333","-890.3333333","210.6666667","1","-5930.585692","-13447.01811","1585.84673","1","2313.119792","-949.8333333","4545.666667","1","-142.3333333","-142.3333333","-142.3333333","1","-890.3333333","-890.3333333","-890.3333333","1","0","0","0","0","2655.666667","2655.666667","2655.666667","1","6.666666667","-59.33333333","6.666666667","1","0","0","0","0","61.53031995","80","126.2589476","3","5","10","15"
"2026-06-24","08:46:00","46","ghost_high_82034_82061","high","29864.5","82061","29828.6666666667","-0.1666666667","-32.66666667","32.33333333","1","17.33333333","7.333333333","27.33333333","1","56.83333333","-36.66666667","150.3333333","1","-5883.271273","-13413.89361","1647.351065","1","-5.713541667","-263.7604167","217.9270833","1","-100.6666667","-100.6666667","-100.6666667","1","-36.66666667","-36.66666667","-36.66666667","1","0","0","0","0","-25.66666667","-25.66666667","-25.66666667","1","34.33333333","24.33333333","34.33333333","1","0","0","0","0","119.3333333","-13.66666667","252.3333333","1","-6.666666667","-29.66666667","16.33333333","1","-56.66666667","-262.6666667","149.3333333","1","-5884.853864","-13413.34058","1643.632853","1","3079.661458","37.39583333","4557.333333","1","-100.6666667","-100.6666667","-100.6666667","1","-262.6666667","-262.6666667","-262.6666667","1","0","0","0","0","-306.6666667","-306.6666667","-306.6666667","1","150.3333333","36.33333333","150.3333333","1","0","0","0","0","2879.833333","2530.333333","3229.333333","1","-140.1666667","-154.6666667","-125.6666667","1","-298.1666667","-848.6666667","252.3333333","1","-5888.919025","-13405.35145","1627.513396","1","2354.786458","-908.1666667","4587.333333","1","-100.6666667","-100.6666667","-100.6666667","1","-848.6666667","-848.6666667","-848.6666667","1","0","0","0","0","2697.333333","2697.333333","2697.333333","1","48.33333333","-17.66666667","48.33333333","1","0","0","0","0","53.03947443","90","86.04733837","3","5","10","15"
"2026-06-24","12:41:00","41","ghost_low_82272_82296","low","29823.25","82296","29806.1666666667","200.8333333","180.3333333","221.3333333","1","44.83333333","31.33333333","58.33333333","1","99.83333333","-38.66666667","238.3333333","1","-5788.516633","-13317.90112","1740.867859","1","154.5520833","-31.91666667","312.3333333","1","-10.66666667","-10.66666667","-10.66666667","1","-38.66666667","-38.66666667","-38.66666667","1","0","0","0","0","127.3333333","127.3333333","127.3333333","1","27.33333333","15.33333333","27.33333333","1","0","0","0","0","-220.6666667","-288.6666667","-152.6666667","1","101.8333333","92.33333333","111.3333333","1","-54.66666667","-288.6666667","179.3333333","1","-5790.03784","-13317.27696","1737.201276","1","-307.2135417","-915.6666667","3430.427083","1","-10.66666667","-10.66666667","-10.66666667","1","-288.6666667","-288.6666667","-288.6666667","1","0","0","0","0","179.3333333","179.3333333","179.3333333","1","238.3333333","182.3333333","238.3333333","1","0","0","0","0","2969.833333","2620.333333","3319.333333","1","-50.16666667","-64.66666667","-35.66666667","1","-223.1666667","-758.6666667","312.3333333","1","-5794.410968","-13309.68264","1720.860707","1","2444.786458","-818.1666667","4677.333333","1","-10.66666667","-10.66666667","-10.66666667","1","312.3333333","312.3333333","312.3333333","1","0","0","0","0","2787.333333","2787.333333","2787.333333","1","-288.6666667","-288.6666667","-45.66666667","1","0","0","0","0","51.46759736","92","147.0266624","3","5","10","15"
"2026-06-24","13:57:00","57","ghost_low_82346_82372","low","29635","82372","29701.25","-369.5","-556","-183","1","166","104","228","1","-251.5","-556","53","1","-5355.289858","-12880.11909","2169.539374","1","-133.375","-556","450.25","1","131","131","131","1","-556","-556","-556","1","0","0","0","0","207","207","207","1","104","61","104","1","0","0","0","0","199","131","267","1","174","143","205","1","408.5","131","686","1","-5358.846843","-12882.15517","2164.461487","1","59.015625","-556","3661.25","1","131","131","131","1","686","686","686","1","0","0","0","0","599","599","599","1","161","102","161","1","0","0","0","0","3389.5","3040","3739","1","369.5","355","384","1","196.5","-339","732","1","-5373.077069","-12887.89764","2141.743499","1","2864.453125","-398.5","5097","1","131","131","131","1","732","732","732","1","0","0","0","0","3207","3207","3207","1","686","639","686","1","0","0","0","0","216.2726176","1629","1923.323333","3","5","10","15"
"2026-06-24","14:41:00","41","ghost_high_82370_82416","high","29790","82416","29748.1666666667","-557.1666667","-743.6666667","-370.6666667","1","-99.16666667","-152.6666667","-45.66666667","1","-360.1666667","-892.6666667","172.3333333","1","-5533.319767","-13054.61284","1987.973302","1","-305.8385417","-718.7916667","107.1145833","1","15.33333333","15.33333333","15.33333333","1","172.3333333","172.3333333","172.3333333","1","0","0","0","0","19.33333333","19.33333333","19.33333333","1","-97.66666667","-97.66666667","-88.66666667","1","0","0","0","0","-479.1666667","-892.6666667","-65.66666667","1","-13.66666667","-44.66666667","17.33333333","1","-185.1666667","-743.6666667","373.3333333","1","-5535.094451","-13054.25791","1984.069012","1","-80.97916667","-892.6666667","3436.333333","1","15.33333333","15.33333333","15.33333333","1","-743.6666667","-743.6666667","-743.6666667","1","0","0","0","0","-743.6666667","-743.6666667","-743.6666667","1","-178.6666667","-178.6666667","-171.6666667","1","0","0","0","0","3201.833333","2852.333333","3551.333333","1","181.8333333","167.3333333","196.3333333","1","8.833333333","-526.6666667","544.3333333","1","-5547.17516","-13057.28801","1962.937694","1","2676.786458","-586.1666667","4909.333333","1","15.33333333","15.33333333","15.33333333","1","544.3333333","544.3333333","544.3333333","1","0","0","0","0","3019.333333","3019.333333","3019.333333","1","373.3333333","64.33333333","373.3333333","1","0","0","0","0","158.5259265","1274","1194.514319","3","5","10","15"
"2026-06-24","18:19:00","19","ghost_high_82591_82634","high","29465","82634","29477.5833333333","-137.8333333","-218.3333333","-57.33333333","1","-71.83333333","-121.3333333","-22.33333333","1","-159.8333333","-262.3333333","-57.33333333","1","-4419.335871","-11928.20789","3089.536151","1","1142.994792","634.1666667","1651.822917","1","189.6666667","189.6666667","189.6666667","1","-262.3333333","-262.3333333","-262.3333333","1","0","0","0","0","-102.3333333","-102.3333333","-102.3333333","1","67.66666667","60.66666667","67.66666667","1","0","0","0","0","-211.3333333","-364.3333333","-58.33333333","1","-24.33333333","-50.33333333","1.666666667","1","219.1666667","-451.3333333","889.6666667","1","-4421.939444","-11929.15849","3085.279599","1","1051.713542","-451.3333333","4358.416667","1","189.6666667","189.6666667","189.6666667","1","-451.3333333","-451.3333333","-451.3333333","1","0","0","0","0","338.6666667","338.6666667","338.6666667","1","-404.3333333","-404.3333333","-353.3333333","1","-451.3333333","-451.3333333","-451.3333333","1","1304.666667","889.6666667","1719.666667","1","812.6666667","735.6666667","889.6666667","1","1091.166667","555.6666667","1626.666667","1","-4425.981094","-11921.99457","3070.032386","1","3759.119792","496.1666667","5991.666667","1","189.6666667","189.6666667","189.6666667","1","1626.666667","1626.666667","1626.666667","1","0","0","0","0","1626.666667","1626.666667","1626.666667","1","735.6666667","515.6666667","735.6666667","1","0","0","0","0","123.6892135","1273","978.4157212","3","5","10","15"
"2026-06-25","02:18:00","18","ghost_low_82981_83053","low","29950.25","83053","29950.4166666667","65.83333333","29.33333333","102.3333333","1","-29.16666667","-29.66666667","-28.66666667","1","215.3333333","150.3333333","280.3333333","1","-6278.216091","-13774.68946","1218.257277","1","-2121.338542","-2742.666667","-1161.104167","1","-138.6666667","-138.6666667","-138.6666667","1","280.3333333","280.3333333","280.3333333","1","0","0","0","0","115.3333333","115.3333333","115.3333333","1","-46.66666667","-46.66666667","-44.66666667","1","0","0","0","0","585.8333333","498.3333333","673.3333333","1","215.3333333","126.3333333","304.3333333","1","340.8333333","-57.66666667","739.3333333","1","-6279.989627","-13774.4239","1214.44465","1","-932.9635417","-2742.666667","2367.083333","1","-138.6666667","-138.6666667","-138.6666667","1","-57.66666667","-57.66666667","-57.66666667","1","0","0","0","0","383.3333333","383.3333333","383.3333333","1","280.3333333","188.3333333","280.3333333","1","0","0","0","0","627.8333333","383.3333333","872.3333333","1","354.8333333","322.3333333","387.3333333","1","-935.1666667","-2742.666667","872.3333333","1","-6282.674758","-13765.41837","1200.068858","1","1867.786458","-1738.635417","4100.333333","1","-138.6666667","-138.6666667","-138.6666667","1","872.3333333","872.3333333","872.3333333","1","0","0","0","0","-264.6666667","-264.6666667","-264.6666667","1","-0.6666666667","-0.6666666667","68.33333333","1","0","0","0","0","57.91905128","151","193.3685219","3","5","10","15"
"2026-06-25","03:36:00","36","ghost_high_83104_83131","high","30022.75","83131","30014.3333333333","43.66666667","23.66666667","63.66666667","1","69.66666667","54.66666667","84.66666667","1","65.66666667","7.666666667","123.6666667","1","-6532.578123","-14028.86135","963.7051079","1","-2489.973958","-2998.333333","-287.0833333","1","130.6666667","130.6666667","130.6666667","1","123.6666667","123.6666667","123.6666667","1","0","0","0","0","97.66666667","97.66666667","97.66666667","1","41.66666667","38.66666667","41.66666667","1","0","0","0","0","-79.33333333","-214.3333333","55.66666667","1","-93.33333333","-100.3333333","-86.33333333","1","-146.3333333","-359.3333333","66.66666667","1","-6534.155894","-14028.36189","960.0501044","1","-1188.630208","-2998.333333","1898.510417","1","130.6666667","130.6666667","130.6666667","1","-359.3333333","-359.3333333","-359.3333333","1","0","0","0","0","-313.3333333","-313.3333333","-313.3333333","1","7.666666667","7.666666667","39.66666667","1","0","0","0","0","372.1666667","127.6666667","616.6666667","1","99.16666667","66.66666667","131.6666667","1","-1190.833333","-2998.333333","616.6666667","1","-6537.236392","-14019.80738","945.3345932","1","1612.119792","-1994.302083","3844.666667","1","130.6666667","130.6666667","130.6666667","1","616.6666667","616.6666667","616.6666667","1","0","0","0","0","-520.3333333","-520.3333333","-520.3333333","1","-359.3333333","-359.3333333","-67.33333333","1","0","0","0","0","45.79045069","101","102.3693257","3","5","10","15"
"2026-06-25","09:19:00","19","ghost_high_83424_83474","high","30185.5","83474","30129","49","11","87","1","42.5","38","47","1","46.5","5","88","1","-6983.8242","-14479.53885","511.8904547","1","-100.15625","-486.6875","249.5625","1","-106","-106","-106","1","5","5","5","1","0","0","0","0","136","136","136","1","29","29","29","1","0","0","0","0","242","129","355","1","94","69","119","1","295","230","360","1","-6985.472669","-14479.10687","508.1615268","1","-1647.296875","-3457","1014.03125","1","-106","-106","-106","1","360","360","360","1","0","0","0","0","230","230","230","1","-60","-60","-32","1","360","360","360","1","-86.5","-331","158","1","-231.5","-257","-206","1","-330","-818","158","1","-6988.161709","-14470.08112","493.7577019","1","1153.453125","-2452.96875","3386","1","-106","-106","-106","1","-818","-818","-818","1","0","0","0","0","-979","-979","-979","1","360","212","360","1","0","0","0","0","44.17162885","120","117.3381634","3","5","10","15"
"2026-06-25","10:24:00","24","ghost_high_83508_83539","high","30158","83539","30154.9166666667","-6.666666667","-17.66666667","4.333333333","1","-10.16666667","-13.66666667","-6.666666667","1","5.333333333","-47.66666667","58.33333333","1","-7086.610992","-14582.27072","409.0487352","1","-203.8229167","-516.7291667","109.0833333","1","54.33333333","54.33333333","54.33333333","1","-47.66666667","-47.66666667","-47.66666667","1","0","0","0","0","-41.66666667","-41.66666667","-41.66666667","1","6.333333333","3.333333333","6.333333333","1","0","0","0","0","138.3333333","25.33333333","251.3333333","1","-9.666666667","-34.66666667","15.33333333","1","40.33333333","-175.6666667","256.3333333","1","-7088.095896","-14581.66435","405.4725543","1","-1750.963542","-3560.666667","697.4583333","1","54.33333333","54.33333333","54.33333333","1","-175.6666667","-175.6666667","-175.6666667","1","0","0","0","0","126.3333333","126.3333333","126.3333333","1","-41.66666667","-41.66666667","-11.66666667","1","0","0","0","0","-190.1666667","-434.6666667","54.33333333","1","-335.1666667","-360.6666667","-309.6666667","1","-433.6666667","-921.6666667","54.33333333","1","-7090.862627","-14572.71894","390.9936864","1","1049.786458","-2556.635417","3282.333333","1","54.33333333","54.33333333","54.33333333","1","-921.6666667","-921.6666667","-921.6666667","1","0","0","0","0","-1082.666667","-1082.666667","-1082.666667","1","-163.6666667","-163.6666667","-135.6666667","1","0","0","0","0","33.81132632","10","57.48176826","3","5","10","15"
"2026-06-25","13:51:00","51","ghost_low_83726_83746","low","30108","83746","29643.0833333333","1719.166667","1657.666667","1780.666667","1","123.1666667","58.66666667","187.6666667","1","1688.666667","1587.666667","1789.666667","1","-5018.953054","-12511.45806","2473.55195","1","1977.354167","1380.166667","2482.666667","1","46.66666667","46.66666667","46.66666667","1","1789.666667","1789.666667","1789.666667","1","0","0","0","0","2289.666667","2289.666667","2289.666667","1","-172.3333333","-172.3333333","-19.33333333","1","0","0","0","0","2123.166667","2046.666667","2199.666667","1","1708.666667","1469.666667","1947.666667","1","2153.166667","1823.666667","2482.666667","1","-5021.040949","-12511.52445","2469.442554","1","296.3697917","-1513.333333","2106.072917","1","46.66666667","46.66666667","46.66666667","1","2482.666667","2482.666667","2482.666667","1","0","0","0","0","2173.666667","2173.666667","2173.666667","1","1469.666667","1410.666667","1469.666667","1","0","0","0","0","2011.666667","1823.666667","2199.666667","1","1712.166667","1686.666667","1737.666667","1","1714.666667","1125.666667","2303.666667","1","-5037.417272","-12519.0073","2444.172754","1","3097.119792","-509.3020833","5329.666667","1","46.66666667","46.66666667","46.66666667","1","2303.666667","2303.666667","2303.666667","1","0","0","0","0","2303.666667","2303.666667","2303.666667","1","1895.666667","1895.666667","1948.666667","1","0","0","0","0","263.0971266","3469","3545.118681","3","5","10","15"
"2026-06-25","15:15:00","15","ghost_low_83772_83830","low","29477.25","83830","29531.3333333333","-682.8333333","-899.3333333","-466.3333333","1","163.6666667","128.6666667","198.6666667","1","581.6666667","303.6666667","859.6666667","1","-4549.234882","-12031.02409","2932.554324","1","455.5729167","-932.3333333","1964.166667","1","-25.33333333","-25.33333333","-25.33333333","1","859.6666667","859.6666667","859.6666667","1","0","0","0","0","-784.3333333","-784.3333333","-784.3333333","1","74.66666667","32.66666667","74.66666667","1","0","0","0","0","2570.166667","2493.666667","2646.666667","1","1224.166667","606.6666667","1841.666667","1","998.6666667","-932.3333333","2929.666667","1","-4551.934925","-12031.9528","2928.082952","1","743.3697917","-853.4270833","2340.166667","1","-25.33333333","-25.33333333","-25.33333333","1","-932.3333333","-932.3333333","-932.3333333","1","0","0","0","0","2620.666667","2620.666667","2620.666667","1","303.6666667","303.6666667","407.6666667","1","0","0","0","0","2458.666667","2270.666667","2646.666667","1","1662.166667","981.6666667","2342.666667","1","2161.666667","1572.666667","2750.666667","1","-4558.767047","-12025.96314","2908.429045","1","3544.119792","-62.30208333","5776.666667","1","-25.33333333","-25.33333333","-25.33333333","1","2750.666667","2750.666667","2750.666667","1","0","0","0","0","2750.666667","2750.666667","2750.666667","1","-899.3333333","-899.3333333","-858.3333333","1","0","0","0","0","203.2347702","1188","1455.629125","3","5","10","15"
"2026-06-25","18:25:00","25","ghost_low_83956_84020","low","29674","84020","29828.5833333333","-187.8333333","-259.3333333","-116.3333333","1","-59.33333333","-107.3333333","-11.33333333","1","-79.83333333","-324.3333333","164.6666667","1","-5712.441264","-13185.10325","1760.220725","1","-733.4270833","-1397.208333","-69.64583333","1","-89.33333333","-89.33333333","-89.33333333","1","164.6666667","164.6666667","164.6666667","1","0","0","0","0","-199.3333333","-199.3333333","-199.3333333","1","-43.33333333","-43.33333333","-21.33333333","1","0","0","0","0","-354.3333333","-587.3333333","-121.3333333","1","-436.8333333","-487.3333333","-386.3333333","1","-519.3333333","-968.3333333","-70.33333333","1","-5714.806838","-13185.50324","1755.889568","1","-445.6302083","-1829.520833","938.2604167","1","-89.33333333","-89.33333333","-89.33333333","1","-70.33333333","-70.33333333","-70.33333333","1","0","0","0","0","-70.33333333","-70.33333333","-70.33333333","1","-324.3333333","-324.3333333","-123.3333333","1","0","0","0","0","1269.666667","1081.666667","1457.666667","1","473.1666667","-207.3333333","1153.666667","1","-190.3333333","-2121.333333","1740.666667","1","-5723.930117","-13182.2796","1734.419367","1","2355.119792","-1251.302083","4587.666667","1","-89.33333333","-89.33333333","-89.33333333","1","-2121.333333","-2121.333333","-2121.333333","1","0","0","0","0","1561.666667","1561.666667","1561.666667","1","-627.3333333","-627.3333333","-588.3333333","1","0","0","0","0","127.2915723","1197","1104.050148","3","5","10","15"
"2026-06-25","18:25:00","25","ghost_high_83952_84020","high","29811","84020","29828.5833333333","-187.8333333","-259.3333333","-116.3333333","1","-59.33333333","-107.3333333","-11.33333333","1","-79.83333333","-324.3333333","164.6666667","1","-5712.441264","-13185.10325","1760.220725","1","-733.4270833","-1397.208333","-69.64583333","1","-89.33333333","-89.33333333","-89.33333333","1","164.6666667","164.6666667","164.6666667","1","0","0","0","0","-199.3333333","-199.3333333","-199.3333333","1","-43.33333333","-43.33333333","-21.33333333","1","0","0","0","0","-354.3333333","-587.3333333","-121.3333333","1","-436.8333333","-487.3333333","-386.3333333","1","-519.3333333","-968.3333333","-70.33333333","1","-5714.806838","-13185.50324","1755.889568","1","-445.6302083","-1829.520833","938.2604167","1","-89.33333333","-89.33333333","-89.33333333","1","-70.33333333","-70.33333333","-70.33333333","1","0","0","0","0","-70.33333333","-70.33333333","-70.33333333","1","-324.3333333","-324.3333333","-123.3333333","1","0","0","0","0","1269.666667","1081.666667","1457.666667","1","473.1666667","-207.3333333","1153.666667","1","-190.3333333","-2121.333333","1740.666667","1","-5723.930117","-13182.2796","1734.419367","1","2355.119792","-1251.302083","4587.666667","1","-89.33333333","-89.33333333","-89.33333333","1","-2121.333333","-2121.333333","-2121.333333","1","0","0","0","0","1561.666667","1561.666667","1561.666667","1","-627.3333333","-627.3333333","-588.3333333","1","0","0","0","0","127.2915723","1197","1104.050148","3","5","10","15"
"2026-06-25","20:44:00","44","ghost_low_84129_84159","low","29795","84159","29778.75","2.5","-12","17","1","10","9","11","1","-15","-35","5","1","-5497.127345","-12964.42596","1970.17127","1","-534.09375","-1197.875","129.6875","1","110","110","110","1","-35","-35","-35","1","-35","-35","-35","1","5","5","5","1","15","8","15","1","-35","-35","-35","1","-496.5","-633","-360","1","-22","-109","65","1","-37.5","-650","575","1","-5498.703654","-12963.84279","1966.435484","1","-246.296875","-1630.1875","1137.59375","1","110","110","110","1","575","575","575","1","0","0","0","0","450","450","450","1","179","167","179","1","0","0","0","0","1469","1281","1657","1","672.5","-8","1353","1","9","-1922","1940","1","-5507.588299","-12960.34497","1945.168377","1","2554.453125","-1051.96875","4787","1","110","110","110","1","-1922","-1922","-1922","1","0","0","0","0","1761","1761","1761","1","-5","-20","-5","1","0","0","0","0","55.06029676","48","109.7693326","3","5","10","15"
"2026-06-26","03:31:00","31","ghost_high_84376_84506","high","29674","84506","29233.8333333333","-6.833333333","-36.33333333","22.66666667","1","52.66666667","39.66666667","65.66666667","1","49.16666667","-20.33333333","118.6666667","1","-3307.858488","-10770.69107","4154.974096","1","1649.588542","986.5416667","2312.635417","1","123.6666667","123.6666667","123.6666667","1","118.6666667","118.6666667","118.6666667","1","0","0","0","0","384.6666667","384.6666667","384.6666667","1","68.66666667","54.66666667","68.66666667","1","0","0","0","0","1683.166667","1546.666667","1819.666667","1","193.1666667","137.6666667","248.6666667","1","2061.166667","1486.666667","2635.666667","1","-3309.394728","-10770.07486","4151.285402","1","2007.057292","582.9479167","3212.072917","1","123.6666667","123.6666667","123.6666667","1","2635.666667","2635.666667","2635.666667","1","0","0","0","0","2629.666667","2629.666667","2629.666667","1","130.6666667","111.6666667","130.6666667","1","0","0","0","0","3648.666667","3460.666667","3836.666667","1","1308.166667","1088.666667","1527.666667","1","1506.166667","257.6666667","2754.666667","1","-3315.031582","-10762.64277","4132.57961","1","4734.119792","1127.697917","6966.666667","1","123.6666667","123.6666667","123.6666667","1","2754.666667","2754.666667","2754.666667","1","0","0","0","0","3940.666667","3940.666667","3940.666667","1","1088.666667","1040.666667","1088.666667","1","0","0","0","0","69.90910835","228","143.0017097","3","5","10","15"
"2026-06-26","03:59:00","59","ghost_high_84489_84534","high","29270","84534","29350.4166666667","-473.1666667","-502.6666667","-443.6666667","1","-103.1666667","-105.6666667","-100.6666667","1","-601.1666667","-759.6666667","-442.6666667","1","-3773.350659","-11235.44352","3688.742197","1","1192.958333","478.5833333","1907.333333","1","-208.6666667","-208.6666667","-208.6666667","1","-442.6666667","-442.6666667","-442.6666667","1","0","0","0","0","-81.66666667","-81.66666667","-81.66666667","1","-48.66666667","-48.66666667","-21.66666667","1","-442.6666667","-442.6666667","-442.6666667","1","1216.833333","1080.333333","1353.333333","1","-273.1666667","-328.6666667","-217.6666667","1","1594.833333","1020.333333","2169.333333","1","-3775.194299","-11235.37857","3684.989971","1","1612.677083","144.0833333","2855.333333","1","-208.6666667","-208.6666667","-208.6666667","1","2169.333333","2169.333333","2169.333333","1","0","0","0","0","2163.333333","2163.333333","2163.333333","1","-605.6666667","-605.6666667","-561.6666667","1","0","0","0","0","3182.333333","2994.333333","3370.333333","1","841.8333333","622.3333333","1061.333333","1","1039.833333","-208.6666667","2288.333333","1","-3781.364916","-11228.97611","3666.246277","1","4267.786458","661.3645833","6500.333333","1","-208.6666667","-208.6666667","-208.6666667","1","2288.333333","2288.333333","2288.333333","1","0","0","0","0","3474.333333","3474.333333","3474.333333","1","622.3333333","574.3333333","622.3333333","1","0","0","0","0","84.5564679","245","315.7841703","3","5","10","15"
"2026-06-26","05:14:00","14","ghost_high_84566_84609","high","29346.5","84609","29325.9166666667","131.8333333","105.3333333","158.3333333","1","-62.16666667","-68.66666667","-55.66666667","1","-188.6666667","-281.6666667","-95.66666667","1","-3673.895725","-11134.85253","3787.061076","1","1957.708333","386.0833333","2386.333333","1","-110.6666667","-110.6666667","-110.6666667","1","-281.6666667","-281.6666667","-281.6666667","1","0","0","0","0","202.3333333","202.3333333","202.3333333","1","-55.66666667","-55.66666667","-55.66666667","1","0","0","0","0","1314.833333","1178.333333","1451.333333","1","93.83333333","82.33333333","105.3333333","1","-209.1666667","-661.6666667","243.3333333","1","-3675.472589","-11134.31656","3783.371379","1","1710.677083","242.0833333","2953.333333","1","-110.6666667","-110.6666667","-110.6666667","1","243.3333333","243.3333333","243.3333333","1","0","0","0","0","2261.333333","2261.333333","2261.333333","1","-281.6666667","-281.6666667","-220.6666667","1","0","0","0","0","3280.333333","3092.333333","3468.333333","1","359.8333333","176.3333333","543.3333333","1","1137.833333","-110.6666667","2386.333333","1","-3680.631043","-11126.05671","3764.794623","1","4365.786458","759.3645833","6598.333333","1","-110.6666667","-110.6666667","-110.6666667","1","2386.333333","2386.333333","2386.333333","1","0","0","0","0","3572.333333","3572.333333","3572.333333","1","243.3333333","163.3333333","243.3333333","1","0","0","0","0","74.91503975","233","165.5881927","3","5","10","15"
"2026-06-26","08:21:00","21","ghost_low_84765_84796","low","29495.25","84796","29464.4166666667","-6.166666667","-30.66666667","18.33333333","1","53.83333333","32.33333333","75.33333333","1","91.83333333","-14.66666667","198.3333333","1","-4224.146274","-11682.73917","3234.44662","1","-412.0885417","-1062.604167","238.4270833","1","89.33333333","89.33333333","89.33333333","1","-14.66666667","-14.66666667","-14.66666667","1","0","0","0","0","-14.66666667","-14.66666667","-14.66666667","1","-30.66666667","-30.66666667","7.333333333","1","0","0","0","0","-592.6666667","-695.6666667","-489.6666667","1","156.8333333","141.3333333","172.3333333","1","-154.1666667","-701.6666667","393.3333333","1","-4225.666001","-11682.09739","3230.76539","1","999.1614583","-60.10416667","2058.427083","1","89.33333333","89.33333333","89.33333333","1","393.3333333","393.3333333","393.3333333","1","0","0","0","0","1707.333333","1707.333333","1707.333333","1","141.3333333","114.3333333","141.3333333","1","0","0","0","0","2726.333333","2538.333333","2914.333333","1","-167.6666667","-217.6666667","-117.6666667","1","308.3333333","-1215.666667","1832.333333","1","-4231.050476","-11674.21545","3212.114496","1","3811.786458","205.3645833","6044.333333","1","89.33333333","89.33333333","89.33333333","1","-1215.666667","-1215.666667","-1215.666667","1","0","0","0","0","3018.333333","3018.333333","3018.333333","1","-117.6666667","-117.6666667","151.3333333","1","0","0","0","0","67.47281621","86","109.1962952","3","5","10","15"
"2026-06-26","09:36:00","36","ghost_low_84831_84871","low","29364","84871","29391.6666666667","-60.66666667","-84.66666667","-36.66666667","1","-47.66666667","-66.66666667","-28.66666667","1","-87.66666667","-143.6666667","-31.66666667","1","-3931.811363","-11389.51444","3525.891713","1","-122.3229167","-603.7291667","359.0833333","1","-373.6666667","-373.6666667","-373.6666667","1","-143.6666667","-143.6666667","-143.6666667","1","0","0","0","0","56.33333333","56.33333333","56.33333333","1","-28.66666667","-28.66666667","-28.66666667","1","0","0","0","0","-301.6666667","-404.6666667","-198.6666667","1","66.83333333","56.33333333","77.33333333","1","136.8333333","-410.6666667","684.3333333","1","-3933.405106","-11389.00205","3522.191838","1","1290.161458","230.8958333","2349.427083","1","-373.6666667","-373.6666667","-373.6666667","1","684.3333333","684.3333333","684.3333333","1","0","0","0","0","1998.333333","1998.333333","1998.333333","1","-22.66666667","-26.66666667","-22.66666667","1","0","0","0","0","3017.333333","2829.333333","3205.333333","1","123.3333333","73.33333333","173.3333333","1","599.3333333","-924.6666667","2123.333333","1","-3939.000559","-11381.51213","3503.511017","1","4102.786458","496.3645833","6335.333333","1","-373.6666667","-373.6666667","-373.6666667","1","-924.6666667","-924.6666667","-924.6666667","1","0","0","0","0","3309.333333","3309.333333","3309.333333","1","664.3333333","546.3333333","664.3333333","1","0","0","0","0","68.69034349","159","154.1779007","3","5","10","15"
"2026-06-26","12:15:00","15","ghost_high_84993_85030","high","29398.25","85030","29424.8333333333","8.666666667","-26.33333333","43.66666667","1","-44.83333333","-59.33333333","-30.33333333","1","-248.8333333","-480.3333333","-17.33333333","1","-4062.185038","-11518.27532","3393.905246","1","-243.9895833","-573.8958333","47.10416667","1","-480.3333333","-480.3333333","-480.3333333","1","-17.33333333","-17.33333333","-17.33333333","1","0","0","0","0","-17.33333333","-17.33333333","-17.33333333","1","43.66666667","23.66666667","43.66666667","1","0","0","0","0","-308.8333333","-428.3333333","-189.3333333","1","-194.8333333","-200.3333333","-189.3333333","1","-167.8333333","-338.3333333","2.666666667","1","-4063.787813","-11517.77838","3390.202755","1","1157.494792","98.22916667","2024.166667","1","-480.3333333","-480.3333333","-480.3333333","1","2.666666667","2.666666667","2.666666667","1","0","0","0","0","-323.3333333","-323.3333333","-323.3333333","1","-354.3333333","-354.3333333","-299.3333333","1","0","0","0","0","2884.666667","2696.666667","3072.666667","1","-9.333333333","-59.33333333","40.66666667","1","-252.8333333","-1057.333333","551.6666667","1","-4068.996384","-11509.61963","3371.62686","1","3970.119792","363.6979167","6202.666667","1","-480.3333333","-480.3333333","-480.3333333","1","551.6666667","551.6666667","551.6666667","1","0","0","0","0","3176.666667","3176.666667","3176.666667","1","2.666666667","-246.3333333","2.666666667","1","0","0","0","0","66.90631901","209","191.0629263","3","5","10","15"
"2026-06-26","13:52:00","52","ghost_low_85094_85127","low","29211.25","85127","29317.1666666667","81.33333333","-55.66666667","218.3333333","1","-67.16666667","-90.66666667","-43.66666667","1","-67.16666667","-326.6666667","192.3333333","1","-3624.47447","-11074.87598","3825.927043","1","5.380208333","-304.3854167","315.1458333","1","-49.66666667","-49.66666667","-49.66666667","1","-326.6666667","-326.6666667","-326.6666667","1","0","0","0","0","-107.6666667","-107.6666667","-107.6666667","1","-147.6666667","-147.6666667","-91.66666667","1","0","0","0","0","424.3333333","317.3333333","531.3333333","1","-91.66666667","-107.6666667","-75.66666667","1","240.8333333","-49.66666667","531.3333333","1","-3626.315629","-11074.72643","3822.095173","1","1678.802083","664.3958333","2693.208333","1","-49.66666667","-49.66666667","-49.66666667","1","531.3333333","531.3333333","531.3333333","1","0","0","0","0","433.3333333","433.3333333","433.3333333","1","-397.6666667","-397.6666667","-311.6666667","1","0","0","0","0","3315.333333","3127.333333","3503.333333","1","421.3333333","371.3333333","471.3333333","1","177.8333333","-626.6666667","982.3333333","1","-3636.912068","-11076.50349","3802.679357","1","4400.786458","794.3645833","6633.333333","1","-49.66666667","-49.66666667","-49.66666667","1","982.3333333","982.3333333","982.3333333","1","0","0","0","0","3607.333333","3607.333333","3607.333333","1","531.3333333","131.3333333","531.3333333","1","0","0","0","0","230.4260426","1182","1598.48149","3","5","10","15"
"2026-06-26","15:36:00","36","ghost_high_85187_85231","high","29580","85231","29595.25","-335.5","-441","-230","1","-8.5","-21","4","1","-244.5","-746","257","1","-4721.586045","-12163.7824","2720.610309","1","-233.984375","-1050.3125","280","1","-35","-35","-35","1","257","257","257","1","0","0","0","0","-511","-511","-511","1","-51","-51","-51","1","0","0","0","0","-1274.5","-1655","-894","1","-441.5","-523","-360","1","-687.5","-1655","280","1","-4724.177369","-12164.66023","2716.305488","1","534.828125","-465.65625","1353.40625","1","-35","-35","-35","1","280","280","280","1","0","0","0","0","-581","-581","-581","1","-454","-454","-364","1","0","0","0","0","-884.5","-1188","-581","1","-691","-741","-641","1","-934.5","-1739","-130","1","-4732.02804","-12161.00808","2696.952004","1","3288.453125","-317.96875","5521","1","-35","-35","-35","1","-130","-130","-130","1","0","0","0","0","-130","-130","-130","1","-725","-725","-605","1","0","0","0","0","141.1996357","751","1039.738118","3","5","10","15"
"2026-06-26","20:07:00","07","ghost_low_85459_85502","low","29420","85502","29294.3333333333","722.1666667","694.6666667","749.6666667","1","531.1666667","462.6666667","599.6666667","1","292.6666667","-112.3333333","697.6666667","1","-3492.209994","-10920.47181","3936.051823","1","1185.572917","484.0416667","1686.666667","1","15.66666667","15.66666667","15.66666667","1","-112.3333333","-112.3333333","-112.3333333","1","0","0","0","0","590.6666667","590.6666667","590.6666667","1","71.66666667","27.66666667","71.66666667","1","0","0","0","0","890.1666667","679.6666667","1100.666667","1","652.6666667","644.6666667","660.6666667","1","1000.166667","377.6666667","1622.666667","1","-3495.264991","-10922.38422","3931.85424","1","1740.119792","705.8229167","2636.510417","1","15.66666667","15.66666667","15.66666667","1","377.6666667","377.6666667","377.6666667","1","0","0","0","0","1483.666667","1483.666667","1483.666667","1","959.6666667","899.6666667","959.6666667","1","0","0","0","0","319.1666667","15.66666667","622.6666667","1","512.6666667","462.6666667","562.6666667","1","617.6666667","-451.3333333","1686.666667","1","-3500.215663","-10913.87183","3913.440502","1","4492.119792","885.6979167","6724.666667","1","15.66666667","15.66666667","15.66666667","1","1686.666667","1686.666667","1686.666667","1","0","0","0","0","1073.666667","1073.666667","1073.666667","1","1100.666667","490.6666667","1100.666667","1","0","0","0","0","176.4032726","649","1813.666573","3","5","10","15"
"2026-06-29","05:13:00","13","ghost_low_85957_85988","low","29505","85988","29502.4166666667","107.8333333","72.33333333","143.3333333","1","115.3333333","80.33333333","150.3333333","1","33.33333333","-43.66666667","110.3333333","1","-4314.088975","-11736.08091","3107.902965","1","-588.1822917","-989.6666667","80.95833333","1","221.3333333","221.3333333","221.3333333","1","110.3333333","110.3333333","110.3333333","1","0","0","0","0","82.33333333","82.33333333","82.33333333","1","52.33333333","23.33333333","52.33333333","1","0","0","0","0","91.33333333","-80.66666667","263.3333333","1","-67.66666667","-137.6666667","2.333333333","1","166.3333333","-80.66666667","413.3333333","1","-4315.75015","-11735.52955","3104.029251","1","631.9739583","-264.4166667","1528.364583","1","221.3333333","221.3333333","221.3333333","1","413.3333333","413.3333333","413.3333333","1","0","0","0","0","651.3333333","651.3333333","651.3333333","1","141.3333333","70.33333333","141.3333333","1","0","0","0","0","-513.1666667","-816.6666667","-209.6666667","1","-92.16666667","-369.6666667","185.3333333","1","-133.1666667","-989.6666667","723.3333333","1","-4320.832713","-11727.24488","3085.579454","1","3659.786458","53.36458333","5892.333333","1","221.3333333","221.3333333","221.3333333","1","723.3333333","723.3333333","723.3333333","1","0","0","0","0","241.3333333","241.3333333","241.3333333","1","363.3333333","358.3333333","363.3333333","1","0","0","0","0","66.27608096","55","72.61095106","3","5","10","15"
"2026-06-29","08:19:00","19","ghost_high_86143_86174","high","29698.5","86174","29717.25","-222","-239","-205","1","-95.5","-110","-81","1","-159.5","-161","-158","1","-5170.473237","-12591.16861","2250.22214","1","-752.171875","-1187.09375","-363.03125","1","-5","-5","-5","1","-158","-158","-158","1","-158","-158","-158","1","-295","-295","-295","1","-81","-81","-66","1","-158","-158","-158","1","-768","-940","-596","1","-242.5","-246","-239","1","-348","-566","-130","1","-5172.251561","-12590.77757","2246.274445","1","-227.359375","-1123.75","531.125","1","-5","-5","-5","1","-566","-566","-566","1","0","0","0","0","-208","-208","-208","1","-241","-241","-215","1","0","0","0","0","-319.5","-509","-130","1","-951.5","-1229","-674","1","-992.5","-1849","-136","1","-5177.407466","-12582.60542","2227.790485","1","2800.453125","-805.96875","5033","1","-5","-5","-5","1","-136","-136","-136","1","0","0","0","0","-136","-136","-136","1","-566","-566","-343","1","0","0","0","0","68.18711099","327","143.4977311","3","5","10","15"
"2026-06-29","11:21:00","21","ghost_low_86293_86356","low","29668.75","86356","29690","101","69","133","1","55","52","58","1","268","264","272","1","-5058.83486","-12478.50915","2360.839432","1","-124.390625","-451.84375","203.0625","1","-27","-27","-27","1","264","264","264","1","264","264","264","1","127","127","127","1","17","12","17","1","264","264","264","1","-173.5","-280","-67","1","-60","-73","-47","1","-239","-280","-198","1","-5060.48414","-12477.94338","2356.9751","1","-118.359375","-1014.75","778.03125","1","-27","-27","-27","1","-280","-280","-280","1","0","0","0","0","-198","-198","-198","1","194","189","194","1","-280","-280","-280","1","11","-149","171","1","-842.5","-1120","-565","1","-883.5","-1740","-27","1","-5065.832948","-12470.02479","2338.358898","1","2909.453125","-696.96875","5142","1","-27","-27","-27","1","-27","-27","-27","1","0","0","0","0","-27","-27","-27","1","-95","-95","-95","1","0","0","0","0","41.25321956","97","132.5663938","3","5","10","15"
"2026-06-29","13:51:00","51","ghost_high_86469_86506","high","29733.25","86506","29759.8333333333","-577.8333333","-811.3333333","-344.3333333","1","83.16666667","79.66666667","86.66666667","1","-119.8333333","-498.3333333","258.6666667","1","-5329.581708","-12746.0476","2086.884181","1","-171.1458333","-451.4583333","71.79166667","1","-0.3333333333","-0.3333333333","-0.3333333333","1","258.6666667","258.6666667","258.6666667","1","0","0","0","0","-106.3333333","-106.3333333","-106.3333333","1","-158.3333333","-158.3333333","32.66666667","1","0","0","0","0","-386.8333333","-811.3333333","37.66666667","1","-210.8333333","-217.3333333","-204.3333333","1","-260.3333333","-438.3333333","-82.33333333","1","-5331.506527","-12745.82039","2082.807333","1","-397.6927083","-1294.083333","498.6979167","1","-0.3333333333","-0.3333333333","-0.3333333333","1","-438.3333333","-438.3333333","-438.3333333","1","0","0","0","0","-438.3333333","-438.3333333","-438.3333333","1","-335.3333333","-335.3333333","-201.3333333","1","0","0","0","0","-260.3333333","-438.3333333","-82.33333333","1","-1121.833333","-1399.333333","-844.3333333","1","-1162.833333","-2019.333333","-306.3333333","1","-5343.025193","-12746.41541","2060.365029","1","2630.119792","-1319.770833","4862.666667","1","-0.3333333333","-0.3333333333","-0.3333333333","1","-306.3333333","-306.3333333","-306.3333333","1","0","0","0","0","-306.3333333","-306.3333333","-306.3333333","1","-82.33333333","-218.3333333","-82.33333333","1","0","0","0","0","188.9196695","1751","1636.102107","3","5","10","15"
"2026-06-29","15:45:00","45","ghost_high_86591_86620","high","29752.5","86620","29815.5833333333","-1085.833333","-1246.333333","-925.3333333","1","-153.3333333","-174.3333333","-132.3333333","1","-246.3333333","-323.3333333","-169.3333333","1","-5531.54347","-12937.77368","1874.686739","1","-433.1927083","-964.0520833","26.88541667","1","-171.3333333","-171.3333333","-171.3333333","1","-169.3333333","-169.3333333","-169.3333333","1","0","0","0","0","-1022.333333","-1022.333333","-1022.333333","1","-45.33333333","-45.33333333","-31.33333333","1","-169.3333333","-169.3333333","-169.3333333","1","-261.3333333","-558.3333333","35.66666667","1","-649.3333333","-762.3333333","-536.3333333","1","-1034.833333","-2167.333333","97.66666667","1","-5533.723641","-12937.96696","1870.519678","1","-620.6927083","-1517.083333","137.7916667","1","-171.3333333","-171.3333333","-171.3333333","1","-2167.333333","-2167.333333","-2167.333333","1","0","0","0","0","-661.3333333","-661.3333333","-661.3333333","1","-323.3333333","-323.3333333","-182.3333333","1","0","0","0","0","-468.3333333","-1034.333333","97.66666667","1","-1344.833333","-1622.333333","-1067.333333","1","-1385.833333","-2242.333333","-529.3333333","1","-5543.946555","-12937.0969","1849.203786","1","2407.119792","-1199.302083","4639.666667","1","-171.3333333","-171.3333333","-171.3333333","1","-529.3333333","-529.3333333","-529.3333333","1","0","0","0","0","-529.3333333","-529.3333333","-529.3333333","1","-2167.333333","-2167.333333","-787.3333333","1","0","0","0","0","105.7767434","680","827.7616354","3","5","10","15"
"2026-06-29","18:15:00","15","ghost_low_86729_86770","low","29987","86770","30020.5833333333","-24.83333333","-58.33333333","8.666666667","1","-15.83333333","-20.33333333","-11.33333333","1","-26.33333333","-67.33333333","14.66666667","1","-6336.344257","-13739.24028","1066.551769","1","-1219.427083","-2031.708333","-407.1458333","1","-693.3333333","-693.3333333","-693.3333333","1","-67.33333333","-67.33333333","-67.33333333","1","0","0","0","0","18.66666667","18.66666667","18.66666667","1","-11.33333333","-11.33333333","-3.333333333","1","0","0","0","0","-1081.333333","-1378.333333","-784.3333333","1","-320.8333333","-352.3333333","-289.3333333","1","-1458.333333","-2987.333333","70.66666667","1","-6338.233448","-13739.02159","1062.554689","1","-1440.692708","-2337.083333","-544.3020833","1","-693.3333333","-693.3333333","-693.3333333","1","70.66666667","70.66666667","70.66666667","1","0","0","0","0","-1481.333333","-1481.333333","-1481.333333","1","-110.3333333","-110.3333333","-66.33333333","1","0","0","0","0","-1288.333333","-1854.333333","-722.3333333","1","-556.3333333","-693.3333333","-419.3333333","1","-2168.333333","-2987.333333","-1349.333333","1","-6343.295178","-13731.25653","1044.666176","1","1587.119792","-2019.302083","3819.666667","1","-693.3333333","-693.3333333","-693.3333333","1","-2987.333333","-2987.333333","-2987.333333","1","0","0","0","0","-1349.333333","-1349.333333","-1349.333333","1","-419.3333333","-419.3333333","-418.3333333","1","0","0","0","0","46.60994302","385","417.1197043","3","5","10","15"
"2026-06-29","18:50:00","50","ghost_high_86771_86805","high","30024.75","86805","30052","-81","-109","-53","1","-1","-8","6","1","-32","-134","70","1","-6458.873432","-13861.28892","943.5420553","1","-1372.296875","-2317.25","-526.8125","1","-819","-819","-819","1","70","70","70","1","0","0","0","0","-224","-224","-224","1","18","16","18","1","0","0","0","0","-189.5","-262","-117","1","-88","-117","-59","1","-1584","-3113","-55","1","-6460.400256","-13860.65346","939.8529516","1","-1566.359375","-2462.75","-669.96875","1","-819","-819","-819","1","-55","-55","-55","1","0","0","0","0","-1607","-1607","-1607","1","-59","-59","-50","1","0","0","0","0","-1414","-1980","-848","1","-682","-819","-545","1","-2294","-3113","-1475","1","-6468.961845","-13856.9232","918.9995092","1","1461.453125","-2144.96875","3694","1","-819","-819","-819","1","-3113","-3113","-3113","1","0","0","0","0","-1475","-1475","-1475","1","-545","-545","-544","1","0","0","0","0","46.07487869","395","535.7581236","3","5","10","15"
"2026-06-29","23:58:00","58","ghost_low_87019_87053","low","30023.75","87053","30040.9166666667","-122.1666667","-138.6666667","-105.6666667","1","-33.66666667","-41.66666667","-25.66666667","1","-27.66666667","-91.66666667","36.33333333","1","-6399.823649","-13799.94945","1000.302149","1","-64.49479167","-958.6354167","114.3333333","1","114.3333333","114.3333333","114.3333333","1","-91.66666667","-91.66666667","-91.66666667","1","0","0","0","0","-99.66666667","-99.66666667","-99.66666667","1","-19.66666667","-19.66666667","-12.66666667","1","0","0","0","0","-19.16666667","-74.66666667","36.33333333","1","-81.66666667","-99.66666667","-63.66666667","1","-152.1666667","-282.6666667","-21.66666667","1","-6401.412326","-13799.41367","996.5890185","1","-1522.026042","-2556.322917","-625.6354167","1","114.3333333","114.3333333","114.3333333","1","-21.66666667","-21.66666667","-21.66666667","1","0","0","0","0","-21.66666667","-21.66666667","-21.66666667","1","36.33333333","4.333333333","36.33333333","1","0","0","0","0","-1369.666667","-1935.666667","-803.6666667","1","-325.6666667","-433.6666667","-217.6666667","1","-1477.166667","-3068.666667","114.3333333","1","-6406.285277","-13791.47562","978.9050668","1","1505.786458","-2100.635417","3738.333333","1","114.3333333","114.3333333","114.3333333","1","114.3333333","114.3333333","114.3333333","1","0","0","0","0","-1430.666667","-1430.666667","-1430.666667","1","-282.6666667","-282.6666667","-134.6666667","1","0","0","0","0","33.4991712","54","66.70850151","3","5","10","15"
"2026-06-30","02:21:00","21","ghost_low_87154_87196","low","30014","87196","30002.3333333333","91.66666667","65.66666667","117.6666667","1","-30.83333333","-43.33333333","-18.33333333","1","9.166666667","-99.33333333","117.6666667","1","-6241.650433","-13641.14031","1157.839441","1","70.15104167","-57.20833333","177.9166667","1","-128.3333333","-128.3333333","-128.3333333","1","-99.33333333","-99.33333333","-99.33333333","1","0","0","0","0","30.66666667","30.66666667","30.66666667","1","-16.33333333","-16.33333333","-16.33333333","1","0","0","0","0","100.6666667","-63.33333333","264.6666667","1","103.6666667","98.66666667","108.6666667","1","18.66666667","-270.3333333","307.6666667","1","-6243.159518","-13640.51889","1154.199851","1","-1367.692708","-2401.989583","-471.3020833","1","-128.3333333","-128.3333333","-128.3333333","1","307.6666667","307.6666667","307.6666667","1","0","0","0","0","132.6666667","132.6666667","132.6666667","1","98.66666667","98.66666667","98.66666667","1","0","0","0","0","32.16666667","-270.3333333","334.6666667","1","-171.3333333","-279.3333333","-63.33333333","1","-1322.833333","-2914.333333","268.6666667","1","-6247.698595","-13632.22598","1136.828794","1","1660.119792","-1946.302083","3892.666667","1","-128.3333333","-128.3333333","-128.3333333","1","268.6666667","268.6666667","268.6666667","1","0","0","0","0","268.6666667","268.6666667","268.6666667","1","-205.3333333","-205.3333333","33.66666667","1","0","0","0","0","49.7197628","68","84.24252758","3","5","10","15"
"2026-06-30","08:21:00","21","ghost_high_87501_87556","high","30134.75","87556","30096.8333333333","90.16666667","78.66666667","101.6666667","1","-31.33333333","-42.33333333","-20.33333333","1","2.166666667","-110.3333333","114.6666667","1","-6612.812961","-14011.65594","786.0300156","1","74.93229167","-260.2395833","410.1041667","1","-109.3333333","-109.3333333","-109.3333333","1","-110.3333333","-110.3333333","-110.3333333","1","0","0","0","0","-75.33333333","-75.33333333","-75.33333333","1","-20.33333333","-20.33333333","-18.33333333","1","0","0","0","0","-277.3333333","-441.3333333","-113.3333333","1","33.66666667","-1.333333333","68.66666667","1","111.1666667","4.666666667","217.6666667","1","-6614.333188","-14011.0471","782.3807204","1","-1745.692708","-2917.895833","-711.3958333","1","-109.3333333","-109.3333333","-109.3333333","1","217.6666667","217.6666667","217.6666667","1","0","0","0","0","-245.3333333","-245.3333333","-245.3333333","1","114.6666667","51.66666667","114.6666667","1","0","0","0","0","-345.8333333","-648.3333333","-43.33333333","1","-84.33333333","-160.3333333","-8.333333333","1","-378.8333333","-648.3333333","-109.3333333","1","-6619.103864","-14002.9959","764.7881762","1","1282.119792","-2324.302083","3514.666667","1","-109.3333333","-109.3333333","-109.3333333","1","-648.3333333","-648.3333333","-648.3333333","1","0","0","0","0","-109.3333333","-109.3333333","-109.3333333","1","217.6666667","145.6666667","217.6666667","1","0","0","0","0","49.86431291","120","101.6989463","3","5","10","15"
"2026-06-30","08:51:00","51","ghost_low_87552_87586","low","30069.25","87586","30037.5833333333","339.1666667","319.6666667","358.6666667","1","20.16666667","12.66666667","27.66666667","1","-6.333333333","-75.33333333","62.66666667","1","-6375.084989","-13773.8361","1023.666124","1","311.9322917","-23.23958333","647.1041667","1","65.66666667","65.66666667","65.66666667","1","62.66666667","62.66666667","62.66666667","1","0","0","0","0","161.6666667","161.6666667","161.6666667","1","37.66666667","2.666666667","37.66666667","1","0","0","0","0","-40.33333333","-204.3333333","123.6666667","1","139.6666667","62.66666667","216.6666667","1","348.1666667","241.6666667","454.6666667","1","-6376.599518","-13773.21987","1020.02083","1","-1508.692708","-2680.895833","-474.3958333","1","65.66666667","65.66666667","65.66666667","1","454.6666667","454.6666667","454.6666667","1","0","0","0","0","-8.333333333","-8.333333333","-8.333333333","1","-75.33333333","-75.33333333","-1.333333333","1","0","0","0","0","-108.8333333","-411.3333333","193.6666667","1","152.6666667","76.66666667","228.6666667","1","-141.8333333","-411.3333333","127.6666667","1","-6382.103864","-13765.9959","1001.788176","1","1519.119792","-2087.302083","3751.666667","1","65.66666667","65.66666667","65.66666667","1","-411.3333333","-411.3333333","-411.3333333","1","0","0","0","0","127.6666667","127.6666667","127.6666667","1","454.6666667","382.6666667","454.6666667","1","0","0","0","0","50.12390243","82","104.1269794","3","5","10","15"
"2026-06-30","10:32:00","32","ghost_high_87663_87687","high","30096.75","87687","30107.5","24","6","42","1","-45","-61","-29","1","35","27","43","1","-6653.147285","-14051.70146","745.4068862","1","33.84375","-190.6875","258.375","1","93","93","93","1","43","43","43","1","43","43","43","1","27","27","27","1","-12","-12","-7","1","43","43","43","1","-320","-484","-156","1","-37.5","-43","-32","1","-323.5","-355","-292","1","-6654.67624","-14051.10209","741.7496103","1","-1788.359375","-2960.5625","-754.0625","1","93","93","93","1","-292","-292","-292","1","0","0","0","0","-288","-288","-288","1","-32","-32","6","1","-292","-292","-292","1","-388.5","-691","-86","1","-127","-203","-51","1","-126.5","-691","438","1","-6659.531868","-14043.14539","724.0816538","1","1239.453125","-2366.96875","3472","1","93","93","93","1","438","438","438","1","0","0","0","0","-152","-152","-152","1","-292","-292","-145","1","0","0","0","0","34.60677143","50","91.39651145","3","5","10","15"
"2026-06-30","13:22:00","22","ghost_high_87819_87857","high","30059.5","87857","30018.1666666667","35.33333333","5.333333333","65.33333333","1","45.83333333","34.33333333","57.33333333","1","54.83333333","-0.6666666667","110.3333333","1","-6290.422413","-13688.31493","1107.470104","1","384.0989583","158.5833333","609.6145833","1","2.333333333","2.333333333","2.333333333","1","-0.6666666667","-0.6666666667","-0.6666666667","1","0","0","0","0","-0.6666666667","-0.6666666667","-0.6666666667","1","25.33333333","15.33333333","25.33333333","1","0","0","0","0","550.3333333","471.3333333","629.3333333","1","180.8333333","119.3333333","242.3333333","1","287.8333333","-53.66666667","629.3333333","1","-6292.0054","-13687.78363","1103.772832","1","-1431.026042","-2603.229167","-396.7291667","1","2.333333333","2.333333333","2.333333333","1","-53.66666667","-53.66666667","-53.66666667","1","0","0","0","0","607.3333333","607.3333333","607.3333333","1","-3.666666667","-3.666666667","20.33333333","1","0","0","0","0","366.8333333","200.3333333","533.3333333","1","343.3333333","302.3333333","384.3333333","1","398.8333333","2.333333333","795.3333333","1","-6297.191453","-13680.24781","1085.864905","1","2627.192708","-2353.104167","3829.333333","1","2.333333333","2.333333333","2.333333333","1","2.333333333","2.333333333","2.333333333","1","0","0","0","0","205.3333333","205.3333333","205.3333333","1","498.3333333","483.3333333","498.3333333","1","0","0","0","0","52.15044067","383","258.4871189","3","5","10","15"
"2026-06-30","13:45:00","45","ghost_high_87847_87880","high","30045.75","87880","30195.25","-41","-180","98","1","21","-25","67","1","91.5","-92","275","1","-6990.548467","-14387.81131","406.714377","1","-309.0625","-659.5","8","1","-79","-79","-79","1","-92","-92","-92","1","0","0","0","0","-92","-92","-92","1","-180","-180","2","1","0","0","0","0","-682.5","-793","-572","1","-527.5","-589","-466","1","-420.5","-762","-79","1","-6993.971918","-14389.20194","401.2581055","1","-2138.90625","-3449.3125","-966.4375","1","-79","-79","-79","1","-762","-762","-762","1","0","0","0","0","-762","-762","-762","1","-649","-649","-591","1","0","0","0","0","-341.5","-508","-175","1","-365","-406","-324","1","-309.5","-706","87","1","-7005.524787","-14388.58115","377.5315719","1","1918.859375","-3061.4375","3121","1","-79","-79","-79","1","-706","-706","-706","1","0","0","0","0","-503","-503","-503","1","-210","-225","-210","1","0","0","0","0","160.1099733","2581","2095.404514","3","5","10","15"
"2026-06-30","16:55:00","55","ghost_high_88043_88070","high","30509","88070","30543.5","-207","-227","-187","1","-17","-22","-12","1","-201","-264","-138","1","-8346.507527","-15745.44995","-947.5651034","1","-709.21875","-1361.75","-125.375","1","-246","-246","-246","1","-264","-264","-264","1","0","0","0","0","-141","-141","-141","1","-12","-12","-4","1","0","0","0","0","-2075.5","-2186","-1965","1","-389","-414","-364","1","-724.5","-1045","-404","1","-8348.70308","-15745.40719","-951.9989677","1","-3551.484375","-5015.34375","-2087.625","1","-246","-246","-246","1","-1045","-1045","-1045","1","0","0","0","0","-2155","-2155","-2155","1","-201","-201","-176","1","0","0","0","0","-1446.5","-2186","-707","1","-1339.5","-1603","-1076","1","-1702.5","-2099","-1306","1","-8358.696943","-15742.31107","-975.082819","1","525.859375","-4110.96875","1728","1","-246","-246","-246","1","-2099","-2099","-2099","1","0","0","0","0","-2099","-2099","-2099","1","-975","-975","-953","1","0","0","0","0","36.68126332","596","570.22211","3","5","10","15"
"2026-06-30","18:06:00","06","ghost_low_88108_88141","low","30515.75","88141","30523.3333333333","46.66666667","28.66666667","64.66666667","1","19.16666667","9.666666667","28.66666667","1","4.166666667","-23.33333333","31.66666667","1","-8258.081671","-15657.92559","-858.2377521","1","51.58854167","-1185.989583","157.6666667","1","-165.3333333","-165.3333333","-165.3333333","1","-23.33333333","-23.33333333","-23.33333333","1","0","0","0","0","-60.33333333","-60.33333333","-60.33333333","1","38.66666667","21.66666667","38.66666667","1","0","0","0","0","-1994.833333","-2105.333333","-1884.333333","1","-48.83333333","-86.33333333","-11.33333333","1","-403.3333333","-964.3333333","157.6666667","1","-8260.256163","-15657.86785","-862.6444765","1","-3435.598958","-4925.489583","-1945.708333","1","-165.3333333","-165.3333333","-165.3333333","1","157.6666667","157.6666667","157.6666667","1","0","0","0","0","-2074.333333","-2074.333333","-2074.333333","1","40.66666667","5.666666667","40.66666667","1","0","0","0","0","-1365.833333","-2105.333333","-626.3333333","1","-97.83333333","-165.3333333","-30.33333333","1","-2061.833333","-2105.333333","-2018.333333","1","-8264.117752","-15649.29606","-878.939441","1","606.5260417","-4373.770833","1808.666667","1","-165.3333333","-165.3333333","-165.3333333","1","-2105.333333","-2105.333333","-2105.333333","1","0","0","0","0","-2018.333333","-2018.333333","-2018.333333","1","157.6666667","19.66666667","157.6666667","1","-2105.333333","-2105.333333","-2105.333333","1","41.94172723","391","420.7881822","3","5","10","15"
"2026-06-30","19:39:00","39","ghost_low_88166_88234","low","30523","88234","30553.4166666667","99.83333333","79.33333333","120.3333333","1","28.33333333","25.33333333","31.33333333","1","84.83333333","49.33333333","120.3333333","1","-8367.737959","-15768.92748","-966.5484351","1","-78.36979167","-944.8229167","185.3333333","1","-285.6666667","-285.6666667","-285.6666667","1","120.3333333","120.3333333","120.3333333","1","0","0","0","0","57.33333333","57.33333333","57.33333333","1","-18.66666667","-18.66666667","-13.66666667","1","0","0","0","0","-2115.166667","-2225.666667","-2004.666667","1","-50.16666667","-56.66666667","-43.66666667","1","-90.66666667","-218.6666667","37.33333333","1","-8370.716054","-15769.56354","-971.8685656","1","-3502.744792","-5031.947917","-1973.541667","1","-285.6666667","-285.6666667","-285.6666667","1","-218.6666667","-218.6666667","-218.6666667","1","0","0","0","0","-2194.666667","-2194.666667","-2194.666667","1","139.3333333","106.3333333","139.3333333","1","0","0","0","0","-1486.166667","-2225.666667","-746.6666667","1","-218.1666667","-285.6666667","-150.6666667","1","-2182.166667","-2225.666667","-2138.666667","1","-8378.365533","-15764.28461","-992.4464546","1","486.1927083","-4494.104167","1688.333333","1","-285.6666667","-285.6666667","-285.6666667","1","-2225.666667","-2225.666667","-2225.666667","1","0","0","0","0","-2138.666667","-2138.666667","-2138.666667","1","-218.6666667","-218.6666667","-114.6666667","1","-2225.666667","-2225.666667","-2225.666667","1","41.03680009","596","664.6732835","3","5","10","15"
"2026-06-30","20:15:00","15","ghost_low_88247_88270","low","30540","88270","30507.5833333333","283.1666667","262.6666667","303.6666667","1","51.66666667","36.66666667","66.66666667","1","65.66666667","-10.33333333","141.6666667","1","-8172.04148","-15574.70863","-769.3743335","1","104.9635417","-686.1458333","368.6666667","1","-102.3333333","-102.3333333","-102.3333333","1","141.6666667","141.6666667","141.6666667","1","0","0","0","0","240.6666667","240.6666667","240.6666667","1","22.66666667","-5.333333333","22.66666667","1","0","0","0","0","-1931.833333","-2042.333333","-1821.333333","1","174.1666667","141.6666667","206.6666667","1","166.6666667","-35.33333333","368.6666667","1","-8174.241021","-15574.64296","-773.8390782","1","-3319.411458","-4848.614583","-1790.208333","1","-102.3333333","-102.3333333","-102.3333333","1","368.6666667","368.6666667","368.6666667","1","0","0","0","0","-2011.333333","-2011.333333","-2011.333333","1","-10.33333333","-10.33333333","24.66666667","1","0","0","0","0","-1302.833333","-2042.333333","-563.3333333","1","-34.83333333","-102.3333333","32.66666667","1","-1998.833333","-2042.333333","-1955.333333","1","-8180.750998","-15568.37641","-793.1255911","1","669.5260417","-3967.302083","1871.666667","1","-102.3333333","-102.3333333","-102.3333333","1","-2042.333333","-2042.333333","-2042.333333","1","0","0","0","0","-1955.333333","-1955.333333","-1955.333333","1","368.6666667","185.6666667","368.6666667","1","-2042.333333","-2042.333333","-2042.333333","1","59.96165976","391","690.4710401","3","5","10","15"
"2026-06-30","23:55:00","55","ghost_low_88392_88430","low","30517.5","88430","30521","48","27","69","1","27.5","18","37","1","78.5","68","89","1","-8222.058688","-15625.09345","-819.0239253","1","57.03125","-200.9375","275.3125","1","-156","-156","-156","1","68","68","68","1","68","68","68","1","74","74","74","1","8","8","8","1","68","68","68","1","-63.5","-94","-33","1","-23.5","-33","-14","1","-17","-94","60","1","-8223.708017","-15624.53642","-822.8796125","1","-3373.078125","-4902.28125","-1843.875","1","-156","-156","-156","1","-94","-94","-94","1","0","0","0","0","60","60","60","1","89","63","89","1","0","0","0","0","-1356.5","-2096","-617","1","-88.5","-156","-21","1","-2052.5","-2096","-2009","1","-8228.422076","-15616.66498","-840.1791761","1","615.859375","-4020.96875","1818","1","-156","-156","-156","1","-2096","-2096","-2096","1","0","0","0","0","-2009","-2009","-2009","1","-115","-115","-61","1","-2096","-2096","-2096","1","32.74331438","36","60.42058626","3","5","10","15"
"2026-07-01","00:21:00","21","ghost_low_88433_88456","low","30516.25","88456","30526.4166666667","-10.16666667","-19.66666667","-0.6666666667","1","-1.166666667","-2.666666667","0.3333333333","1","11.33333333","-31.66666667","54.33333333","1","-8242.848507","-15645.98032","-839.7166893","1","6.192708333","-179.6041667","191.9895833","1","68.33333333","68.33333333","68.33333333","1","54.33333333","54.33333333","54.33333333","1","0","0","0","0","-29.66666667","-29.66666667","-29.66666667","1","-27.66666667","-27.66666667","-24.66666667","1","0","0","0","0","-85.16666667","-115.6666667","-54.66666667","1","-45.16666667","-54.66666667","-35.66666667","1","-38.66666667","-115.6666667","38.33333333","1","-8244.444466","-15645.37542","-843.5135163","1","-3394.744792","-4923.947917","-1865.541667","1","68.33333333","68.33333333","68.33333333","1","-115.6666667","-115.6666667","-115.6666667","1","0","0","0","0","38.33333333","38.33333333","38.33333333","1","74.33333333","21.33333333","74.33333333","1","0","0","0","0","-1378.166667","-2117.666667","-638.6666667","1","-110.1666667","-177.6666667","-42.66666667","1","-912.1666667","-2117.666667","293.3333333","1","-8249.186602","-15637.53036","-860.8428462","1","594.1927083","-4042.635417","1796.333333","1","68.33333333","68.33333333","68.33333333","1","293.3333333","293.3333333","293.3333333","1","0","0","0","0","-2030.666667","-2030.666667","-2030.666667","1","-66.66666667","-66.66666667","-59.66666667","1","0","0","0","0","49.66663353","69","103.2860884","3","5","10","15"
"2026-07-01","02:36:00","36","ghost_high_88526_88591","high","30504","88591","30414.5833333333","20.66666667","-12.33333333","53.66666667","1","11.16666667","6.666666667","15.66666667","1","43.66666667","33.66666667","53.66666667","1","-7791.42718","-15194.88547","-387.9688855","1","465.1666667","305.6666667","624.6666667","1","151.6666667","151.6666667","151.6666667","1","53.66666667","53.66666667","53.66666667","1","53.66666667","53.66666667","53.66666667","1","33.66666667","33.66666667","33.66666667","1","-21.33333333","-21.33333333","-18.33333333","1","53.66666667","53.66666667","53.66666667","1","-24.33333333","-82.33333333","33.66666667","1","69.66666667","-4.333333333","143.6666667","1","463.1666667","369.6666667","556.6666667","1","-7793.145396","-15194.39974","-391.8910491","1","-2947.411458","-4476.614583","-1418.208333","1","151.6666667","151.6666667","151.6666667","1","369.6666667","369.6666667","369.6666667","1","0","0","0","0","485.6666667","485.6666667","485.6666667","1","-82.33333333","-82.33333333","-37.33333333","1","0","0","0","0","448.1666667","380.6666667","515.6666667","1","337.1666667","269.6666667","404.6666667","1","510.6666667","280.6666667","740.6666667","1","-7798.203896","-15186.90285","-409.5049453","1","1041.526042","-3595.302083","2243.666667","1","151.6666667","151.6666667","151.6666667","1","280.6666667","280.6666667","280.6666667","1","0","0","0","0","-1583.333333","-1583.333333","-1583.333333","1","462.6666667","436.6666667","462.6666667","1","0","0","0","0","44.81232768","56","96.73591413","3","5","10","15"
