event_id,event_timestamp,event_date,event_hour,event_minute,event_index,ghost_index,complete
ghost_relocated_low_171_171_0,1775029860,2026-04-01,7,51,171,171,1
ghost_relocated_low_172_172_1,1775029920,2026-04-01,7,52,172,172,1
ghost_relocated_low_173_173_2,1775029980,2026-04-01,7,53,173,173,1
ghost_relocated_low_179_179_3,1775030340,2026-04-01,7,59,179,179,1
ghost_relocated_low_180_180_4,1775030400,2026-04-01,8,0,180,180,1
ghost_relocated_low_181_181_5,1775030460,2026-04-01,8,1,181,181,1
ghost_relocated_low_182_182_6,1775030520,2026-04-01,8,2,182,182,1
ghost_relocated_low_186_186_7,1775030760,2026-04-01,8,6,186,186,1
ghost_relocated_low_189_189_8,1775030940,2026-04-01,8,9,189,189,1
ghost_relocated_low_190_190_9,1775031000,2026-04-01,8,10,190,190,1
ghost_relocated_low_191_191_10,1775031060,2026-04-01,8,11,191,191,1
ghost_relocated_low_234_234_11,1775033640,2026-04-01,8,54,234,234,1
ghost_relocated_low_258_258_12,1775035080,2026-04-01,9,18,258,258,1
ghost_relocated_low_259_259_13,1775035140,2026-04-01,9,19,259,259,1
ghost_relocated_low_260_260_14,1775035200,2026-04-01,9,20,260,260,1
ghost_relocated_low_261_261_15,1775035260,2026-04-01,9,21,261,261,1
ghost_relocated_low_262_262_16,1775035320,2026-04-01,9,22,262,262,1
ghost_relocated_low_263_263_17,1775035380,2026-04-01,9,23,263,263,1
ghost_relocated_high_313_297_18,1775038380,2026-04-01,10,13,313,297,1
ghost_relocated_high_341_341_19,1775040060,2026-04-01,10,41,341,341,1
ghost_relocated_high_342_342_20,1775040120,2026-04-01,10,42,342,342,1
ghost_relocated_high_345_345_21,1775040300,2026-04-01,10,45,345,345,1
ghost_relocated_high_346_346_22,1775040360,2026-04-01,10,46,346,346,1
ghost_relocated_high_347_347_23,1775040420,2026-04-01,10,47,347,347,1
ghost_relocated_high_348_348_24,1775040480,2026-04-01,10,48,348,348,1
ghost_relocated_high_349_349_25,1775040540,2026-04-01,10,49,349,349,1
ghost_relocated_high_350_350_26,1775040600,2026-04-01,10,50,350,350,1
ghost_relocated_high_351_351_27,1775040660,2026-04-01,10,51,351,351,1
ghost_relocated_high_362_362_28,1775041320,2026-04-01,11,2,362,362,1
ghost_relocated_high_363_363_29,1775041380,2026-04-01,11,3,363,363,1
ghost_relocated_high_364_364_30,1775041440,2026-04-01,11,4,364,364,1
ghost_relocated_high_365_365_31,1775041500,2026-04-01,11,5,365,365,1
ghost_relocated_high_368_368_32,1775041680,2026-04-01,11,8,368,368,1
ghost_relocated_high_372_372_33,1775041920,2026-04-01,11,12,372,372,1
ghost_relocated_high_374_374_34,1775042040,2026-04-01,11,14,374,374,1
ghost_relocated_high_375_375_35,1775042100,2026-04-01,11,15,375,375,1
ghost_relocated_high_385_385_36,1775042700,2026-04-01,11,25,385,385,1
ghost_relocated_high_386_386_37,1775042760,2026-04-01,11,26,386,386,1
ghost_relocated_high_395_395_38,1775043300,2026-04-01,11,35,395,395,1
ghost_relocated_high_396_396_39,1775043360,2026-04-01,11,36,396,396,1
ghost_relocated_high_397_397_40,1775043420,2026-04-01,11,37,397,397,1
ghost_relocated_high_398_398_41,1775043480,2026-04-01,11,38,398,398,1
ghost_relocated_high_401_401_42,1775043660,2026-04-01,11,41,401,401,1
ghost_relocated_high_412_412_43,1775044320,2026-04-01,11,52,412,412,1
ghost_relocated_high_413_413_44,1775044380,2026-04-01,11,53,413,413,1
ghost_relocated_high_417_417_45,1775044620,2026-04-01,11,57,417,417,1
ghost_relocated_high_418_418_46,1775044680,2026-04-01,11,58,418,418,1
ghost_relocated_high_464_464_47,1775047440,2026-04-01,12,44,464,464,1
ghost_relocated_low_514_487_48,1775050440,2026-04-01,13,34,514,487,1
ghost_relocated_high_537_519_49,1775051820,2026-04-01,13,57,537,519,1
ghost_relocated_high_562_562_50,1775053320,2026-04-01,14,22,562,562,1
ghost_relocated_high_571_571_51,1775053860,2026-04-01,14,31,571,571,1
ghost_relocated_high_579_579_52,1775054340,2026-04-01,14,39,579,579,1
ghost_relocated_high_592_592_53,1775055120,2026-04-01,14,52,592,592,1
ghost_relocated_high_593_593_54,1775055180,2026-04-01,14,53,593,593,1
ghost_relocated_high_597_597_55,1775055420,2026-04-01,14,57,597,597,1
ghost_relocated_high_598_598_56,1775055480,2026-04-01,14,58,598,598,1
ghost_relocated_high_601_601_57,1775055660,2026-04-01,15,1,601,601,1
ghost_relocated_high_602_602_58,1775055720,2026-04-01,15,2,602,602,1
ghost_relocated_high_606_606_59,1775055960,2026-04-01,15,6,606,606,1
ghost_relocated_high_637_637_60,1775057820,2026-04-01,15,37,637,637,1
ghost_relocated_high_644_644_61,1775058240,2026-04-01,15,44,644,644,1
ghost_relocated_high_645_645_62,1775058300,2026-04-01,15,45,645,645,1
ghost_relocated_high_653_653_63,1775058780,2026-04-01,15,53,653,653,1
ghost_relocated_high_655_655_64,1775058900,2026-04-01,15,55,655,655,1
ghost_relocated_high_656_656_65,1775058960,2026-04-01,15,56,656,656,1
ghost_relocated_high_657_657_66,1775059020,2026-04-01,15,57,657,657,1
ghost_relocated_high_658_658_67,1775059080,2026-04-01,15,58,658,658,1
ghost_relocated_high_679_679_68,1775060340,2026-04-01,16,19,679,679,1
ghost_relocated_high_710_710_69,1775062200,2026-04-01,16,50,710,710,1
ghost_relocated_high_723_723_70,1775062980,2026-04-01,17,3,723,723,1
ghost_relocated_high_724_724_71,1775063040,2026-04-01,17,4,724,724,1
ghost_relocated_low_774_772_72,1775066040,2026-04-01,17,54,774,772,1
ghost_relocated_low_776_776_73,1775066160,2026-04-01,17,56,776,776,1
ghost_relocated_low_777_777_74,1775066220,2026-04-01,17,57,777,777,1
ghost_relocated_low_778_778_75,1775066280,2026-04-01,17,58,778,778,1
ghost_relocated_low_779_779_76,1775066340,2026-04-01,17,59,779,779,1
ghost_relocated_low_780_780_77,1775066400,2026-04-01,18,0,780,780,1
ghost_relocated_low_781_781_78,1775066460,2026-04-01,18,1,781,781,1
ghost_relocated_low_782_782_79,1775066520,2026-04-01,18,2,782,782,1
ghost_relocated_low_783_783_80,1775066580,2026-04-01,18,3,783,783,1
ghost_relocated_low_784_784_81,1775066640,2026-04-01,18,4,784,784,1
ghost_relocated_low_795_795_82,1775067300,2026-04-01,18,15,795,795,1
ghost_relocated_low_796_796_83,1775067360,2026-04-01,18,16,796,796,1
ghost_relocated_low_797_797_84,1775067420,2026-04-01,18,17,797,797,1
ghost_relocated_low_798_798_85,1775067480,2026-04-01,18,18,798,798,1
ghost_relocated_low_799_799_86,1775067540,2026-04-01,18,19,799,799,1
ghost_relocated_low_800_800_87,1775067600,2026-04-01,18,20,800,800,1
ghost_relocated_low_801_801_88,1775067660,2026-04-01,18,21,801,801,1
ghost_relocated_low_803_803_89,1775067780,2026-04-01,18,23,803,803,1
ghost_relocated_low_804_804_90,1775067840,2026-04-01,18,24,804,804,1
ghost_relocated_low_805_805_91,1775067900,2026-04-01,18,25,805,805,1
ghost_relocated_low_813_813_92,1775068380,2026-04-01,18,33,813,813,1
ghost_relocated_low_814_814_93,1775068440,2026-04-01,18,34,814,814,1
ghost_relocated_low_815_815_94,1775068500,2026-04-01,18,35,815,815,1
ghost_relocated_low_816_816_95,1775068560,2026-04-01,18,36,816,816,1
ghost_relocated_high_866_866_96,1775071560,2026-04-01,19,26,866,866,1
ghost_relocated_high_867_867_97,1775071620,2026-04-01,19,27,867,867,1
ghost_relocated_high_881_881_98,1775072460,2026-04-01,19,41,881,881,1
ghost_relocated_low_931_899_99,1775075460,2026-04-01,20,31,931,899,1
ghost_relocated_high_949_900_100,1775076540,2026-04-01,20,49,949,900,1
ghost_relocated_low_1014_1012_101,1775084040,2026-04-01,22,54,1014,1012,1
ghost_relocated_high_1062_1034_102,1775086920,2026-04-01,23,42,1062,1034,1
ghost_relocated_low_1084_1071_103,1775088240,2026-04-02,0,4,1084,1071,1
ghost_relocated_low_1092_1092_104,1775088720,2026-04-02,0,12,1092,1092,1
ghost_relocated_low_1111_1111_105,1775089860,2026-04-02,0,31,1111,1111,1
ghost_relocated_low_1143_1143_106,1775091780,2026-04-02,1,3,1143,1143,1
ghost_relocated_low_1145_1145_107,1775091900,2026-04-02,1,5,1145,1145,1
ghost_relocated_low_1146_1146_108,1775091960,2026-04-02,1,6,1146,1146,1
ghost_relocated_low_1147_1147_109,1775092020,2026-04-02,1,7,1147,1147,1
ghost_relocated_low_1156_1156_110,1775092560,2026-04-02,1,16,1156,1156,1
ghost_relocated_low_1157_1157_111,1775092620,2026-04-02,1,17,1157,1157,1
ghost_relocated_low_1158_1158_112,1775092680,2026-04-02,1,18,1158,1158,1
ghost_relocated_low_1159_1159_113,1775092740,2026-04-02,1,19,1159,1159,1
ghost_relocated_low_1162_1162_114,1775092920,2026-04-02,1,22,1162,1162,1
ghost_relocated_low_1165_1165_115,1775093100,2026-04-02,1,25,1165,1165,1
ghost_relocated_low_1170_1170_116,1775093400,2026-04-02,1,30,1170,1170,1
ghost_relocated_low_1171_1171_117,1775093460,2026-04-02,1,31,1171,1171,1
ghost_relocated_low_1172_1172_118,1775093520,2026-04-02,1,32,1172,1172,1
ghost_relocated_low_1173_1173_119,1775093580,2026-04-02,1,33,1173,1173,1
ghost_relocated_low_1187_1187_120,1775094420,2026-04-02,1,47,1187,1187,1
ghost_relocated_low_1188_1188_121,1775094480,2026-04-02,1,48,1188,1188,1
ghost_relocated_low_1189_1188_122,1775094540,2026-04-02,1,49,1189,1188,1
ghost_relocated_low_1209_1209_123,1775095740,2026-04-02,2,9,1209,1209,1
ghost_relocated_low_1210_1210_124,1775095800,2026-04-02,2,10,1210,1210,1
ghost_relocated_low_1211_1211_125,1775095860,2026-04-02,2,11,1211,1211,1
ghost_relocated_low_1212_1212_126,1775095920,2026-04-02,2,12,1212,1212,1
ghost_relocated_low_1213_1213_127,1775095980,2026-04-02,2,13,1213,1213,1
ghost_relocated_low_1214_1214_128,1775096040,2026-04-02,2,14,1214,1214,1
ghost_relocated_low_1232_1232_129,1775097120,2026-04-02,2,32,1232,1232,1
ghost_relocated_low_1237_1237_130,1775097420,2026-04-02,2,37,1237,1237,1
ghost_relocated_low_1238_1238_131,1775097480,2026-04-02,2,38,1238,1238,1
ghost_relocated_low_1263_1263_132,1775098980,2026-04-02,3,3,1263,1263,1
ghost_relocated_low_1298_1298_133,1775101080,2026-04-02,3,38,1298,1298,1
ghost_relocated_low_1300_1300_134,1775101200,2026-04-02,3,40,1300,1300,1
ghost_relocated_low_1301_1301_135,1775101260,2026-04-02,3,41,1301,1301,1
ghost_relocated_low_1302_1302_136,1775101320,2026-04-02,3,42,1302,1302,1
ghost_relocated_low_1309_1309_137,1775101740,2026-04-02,3,49,1309,1309,1
ghost_relocated_low_1310_1310_138,1775101800,2026-04-02,3,50,1310,1310,1
ghost_relocated_low_1312_1312_139,1775101920,2026-04-02,3,52,1312,1312,1
ghost_relocated_low_1316_1316_140,1775102160,2026-04-02,3,56,1316,1316,1
ghost_relocated_low_1325_1325_141,1775102700,2026-04-02,4,5,1325,1325,1
ghost_relocated_low_1335_1325_142,1775103300,2026-04-02,4,15,1335,1325,1
ghost_relocated_low_1356_1356_143,1775104560,2026-04-02,4,36,1356,1356,1
ghost_relocated_low_1358_1358_144,1775104680,2026-04-02,4,38,1358,1358,1
ghost_relocated_low_1360_1360_145,1775104800,2026-04-02,4,40,1360,1360,1
ghost_relocated_low_1361_1361_146,1775104860,2026-04-02,4,41,1361,1361,1
ghost_relocated_low_1373_1373_147,1775105580,2026-04-02,4,53,1373,1373,1
ghost_relocated_low_1374_1374_148,1775105640,2026-04-02,4,54,1374,1374,1
ghost_relocated_low_1405_1405_149,1775107500,2026-04-02,5,25,1405,1405,1
ghost_relocated_low_1416_1416_150,1775108160,2026-04-02,5,36,1416,1416,1
ghost_relocated_low_1417_1417_151,1775108220,2026-04-02,5,37,1417,1417,1
ghost_relocated_low_1418_1418_152,1775108280,2026-04-02,5,38,1418,1418,1
ghost_relocated_low_1423_1423_153,1775108580,2026-04-02,5,43,1423,1423,1
ghost_relocated_low_1424_1424_154,1775108640,2026-04-02,5,44,1424,1424,1
ghost_relocated_low_1425_1425_155,1775108700,2026-04-02,5,45,1425,1425,1
ghost_relocated_low_1426_1426_156,1775108760,2026-04-02,5,46,1426,1426,1
ghost_relocated_low_1427_1427_157,1775108820,2026-04-02,5,47,1427,1427,1
ghost_relocated_low_1429_1429_158,1775108940,2026-04-02,5,49,1429,1429,1
ghost_relocated_low_1430_1430_159,1775109000,2026-04-02,5,50,1430,1430,1
ghost_relocated_low_1431_1431_160,1775109060,2026-04-02,5,51,1431,1431,1
ghost_relocated_low_1439_1439_161,1775109540,2026-04-02,5,59,1439,1439,1
ghost_relocated_low_1453_1453_162,1775110380,2026-04-02,6,13,1453,1453,1
ghost_relocated_low_1454_1454_163,1775110440,2026-04-02,6,14,1454,1454,1
ghost_relocated_low_1460_1454_164,1775110800,2026-04-02,6,20,1460,1454,1
ghost_relocated_high_1504_1500_165,1775113440,2026-04-02,7,4,1504,1500,1
ghost_relocated_high_1506_1506_166,1775113560,2026-04-02,7,6,1506,1506,1
ghost_relocated_high_1515_1515_167,1775114100,2026-04-02,7,15,1515,1515,1
ghost_relocated_high_1516_1516_168,1775114160,2026-04-02,7,16,1516,1516,1
ghost_relocated_high_1536_1536_169,1775115360,2026-04-02,7,36,1536,1536,1
ghost_relocated_high_1537_1537_170,1775115420,2026-04-02,7,37,1537,1537,1
ghost_relocated_high_1538_1538_171,1775115480,2026-04-02,7,38,1538,1538,1
ghost_relocated_high_1539_1539_172,1775115540,2026-04-02,7,39,1539,1539,1
ghost_relocated_high_1541_1541_173,1775115660,2026-04-02,7,41,1541,1541,1
ghost_relocated_high_1545_1545_174,1775115900,2026-04-02,7,45,1545,1545,1
ghost_relocated_high_1546_1546_175,1775115960,2026-04-02,7,46,1546,1546,1
ghost_relocated_high_1547_1547_176,1775116020,2026-04-02,7,47,1547,1547,1
ghost_relocated_high_1548_1548_177,1775116080,2026-04-02,7,48,1548,1548,1
ghost_relocated_high_1550_1550_178,1775116200,2026-04-02,7,50,1550,1550,1
ghost_relocated_high_1552_1552_179,1775116320,2026-04-02,7,52,1552,1552,1
ghost_relocated_high_1553_1553_180,1775116380,2026-04-02,7,53,1553,1553,1
ghost_relocated_high_1556_1556_181,1775116560,2026-04-02,7,56,1556,1556,1
ghost_relocated_high_1557_1557_182,1775116620,2026-04-02,7,57,1557,1557,1
ghost_relocated_high_1558_1558_183,1775116680,2026-04-02,7,58,1558,1558,1
ghost_relocated_high_1559_1559_184,1775116740,2026-04-02,7,59,1559,1559,1
ghost_relocated_low_1609_1581_185,1775119740,2026-04-02,8,49,1609,1581,1
ghost_relocated_low_1655_1655_186,1775122500,2026-04-02,9,35,1655,1655,1
ghost_relocated_low_1668_1668_187,1775123280,2026-04-02,9,48,1668,1668,1
ghost_relocated_low_1680_1680_188,1775124000,2026-04-02,10,0,1680,1680,1
ghost_relocated_low_1686_1686_189,1775124360,2026-04-02,10,6,1686,1686,1
ghost_relocated_low_1687_1687_190,1775124420,2026-04-02,10,7,1687,1687,1
ghost_relocated_low_1690_1690_191,1775124600,2026-04-02,10,10,1690,1690,1
ghost_relocated_low_1691_1691_192,1775124660,2026-04-02,10,11,1691,1691,1
ghost_relocated_low_1693_1693_193,1775124780,2026-04-02,10,13,1693,1693,1
ghost_relocated_low_1694_1694_194,1775124840,2026-04-02,10,14,1694,1694,1
ghost_relocated_low_1695_1695_195,1775124900,2026-04-02,10,15,1695,1695,1
ghost_relocated_low_1696_1696_196,1775124960,2026-04-02,10,16,1696,1696,1
ghost_relocated_low_1697_1697_197,1775125020,2026-04-02,10,17,1697,1697,1
ghost_relocated_low_1711_1711_198,1775125860,2026-04-02,10,31,1711,1711,1
ghost_relocated_low_1747_1747_199,1775128020,2026-04-02,11,7,1747,1747,1
ghost_relocated_low_1749_1749_200,1775128140,2026-04-02,11,9,1749,1749,1
ghost_relocated_low_1750_1750_201,1775128200,2026-04-02,11,10,1750,1750,1
ghost_relocated_low_1751_1751_202,1775128260,2026-04-02,11,11,1751,1751,1
ghost_relocated_low_1755_1755_203,1775128500,2026-04-02,11,15,1755,1755,1
ghost_relocated_low_1756_1756_204,1775128560,2026-04-02,11,16,1756,1756,1
ghost_relocated_low_1758_1758_205,1775128680,2026-04-02,11,18,1758,1758,1
ghost_relocated_low_1768_1768_206,1775129280,2026-04-02,11,28,1768,1768,1
ghost_relocated_low_1769_1769_207,1775129340,2026-04-02,11,29,1769,1769,1
ghost_relocated_low_1770_1770_208,1775129400,2026-04-02,11,30,1770,1770,1
ghost_relocated_low_1777_1777_209,1775129820,2026-04-02,11,37,1777,1777,1
ghost_relocated_low_1778_1778_210,1775129880,2026-04-02,11,38,1778,1778,1
ghost_relocated_low_1779_1779_211,1775129940,2026-04-02,11,39,1779,1779,1
ghost_relocated_low_1780_1780_212,1775130000,2026-04-02,11,40,1780,1780,1
ghost_relocated_low_1781_1781_213,1775130060,2026-04-02,11,41,1781,1781,1
ghost_relocated_low_1782_1782_214,1775130120,2026-04-02,11,42,1782,1782,1
ghost_relocated_low_1783_1783_215,1775130180,2026-04-02,11,43,1783,1783,1
ghost_relocated_low_1791_1783_216,1775130660,2026-04-02,11,51,1791,1783,1
ghost_relocated_low_1798_1798_217,1775131080,2026-04-02,11,58,1798,1798,1
ghost_relocated_low_1799_1799_218,1775131140,2026-04-02,11,59,1799,1799,1
ghost_relocated_low_1800_1800_219,1775131200,2026-04-02,12,0,1800,1800,1
ghost_relocated_low_1802_1802_220,1775131320,2026-04-02,12,2,1802,1802,1
ghost_relocated_low_1810_1810_221,1775131800,2026-04-02,12,10,1810,1810,1
ghost_relocated_low_1812_1812_222,1775131920,2026-04-02,12,12,1812,1812,1
ghost_relocated_high_1862_1850_223,1775134920,2026-04-02,13,2,1862,1850,1
ghost_relocated_high_1888_1888_224,1775136480,2026-04-02,13,28,1888,1888,1
ghost_relocated_high_1889_1889_225,1775136540,2026-04-02,13,29,1889,1889,1
ghost_relocated_high_1890_1890_226,1775136600,2026-04-02,13,30,1890,1890,1
ghost_relocated_high_1891_1891_227,1775136660,2026-04-02,13,31,1891,1891,1
ghost_relocated_high_1913_1913_228,1775137980,2026-04-02,13,53,1913,1913,1
ghost_relocated_high_1914_1914_229,1775138040,2026-04-02,13,54,1914,1914,1
ghost_relocated_high_1917_1917_230,1775138220,2026-04-02,13,57,1917,1917,1
ghost_relocated_high_1918_1918_231,1775138280,2026-04-02,13,58,1918,1918,1
ghost_relocated_high_1919_1919_232,1775138340,2026-04-02,13,59,1919,1919,1
ghost_relocated_high_1920_1920_233,1775138400,2026-04-02,14,0,1920,1920,1
ghost_relocated_high_1926_1926_234,1775138760,2026-04-02,14,6,1926,1926,1
ghost_relocated_high_1931_1931_235,1775139060,2026-04-02,14,11,1931,1931,1
ghost_relocated_high_1936_1936_236,1775139360,2026-04-02,14,16,1936,1936,1
ghost_relocated_high_1941_1941_237,1775139660,2026-04-02,14,21,1941,1941,1
ghost_relocated_high_1950_1941_238,1775140200,2026-04-02,14,30,1950,1941,1
ghost_relocated_high_1953_1953_239,1775140380,2026-04-02,14,33,1953,1953,1
ghost_relocated_high_1955_1955_240,1775140500,2026-04-02,14,35,1955,1955,1
ghost_relocated_high_1956_1956_241,1775140560,2026-04-02,14,36,1956,1956,1
ghost_relocated_high_1957_1957_242,1775140620,2026-04-02,14,37,1957,1957,1
ghost_relocated_low_2007_1972_243,1775143620,2026-04-02,15,27,2007,1972,1
ghost_relocated_low_2048_2048_244,1775146080,2026-04-02,16,8,2048,2048,1
ghost_relocated_low_2059_2059_245,1775146740,2026-04-02,16,19,2059,2059,1
ghost_relocated_low_2060_2060_246,1775146800,2026-04-02,16,20,2060,2060,1
ghost_relocated_high_2110_2080_247,1775149800,2026-04-02,17,10,2110,2080,1
ghost_relocated_high_2116_2116_248,1775150160,2026-04-02,17,16,2116,2116,1
ghost_relocated_high_2125_2125_249,1775150700,2026-04-02,17,25,2125,2125,1
ghost_relocated_low_2175_2152_250,1775153700,2026-04-02,18,15,2175,2152,1
ghost_relocated_high_2202_2201_251,1775155320,2026-04-02,18,42,2202,2201,1
ghost_relocated_high_2206_2206_252,1775155560,2026-04-02,18,46,2206,2206,1
ghost_relocated_high_2207_2207_253,1775155620,2026-04-02,18,47,2207,2207,1
ghost_relocated_high_2212_2212_254,1775155920,2026-04-02,18,52,2212,2212,1
ghost_relocated_high_2213_2213_255,1775155980,2026-04-02,18,53,2213,2213,1
ghost_relocated_high_2225_2225_256,1775156700,2026-04-02,19,5,2225,2225,1
ghost_relocated_high_2230_2230_257,1775157000,2026-04-02,19,10,2230,2230,1
ghost_relocated_high_2231_2231_258,1775157060,2026-04-02,19,11,2231,2231,1
ghost_relocated_high_2270_2270_259,1775159400,2026-04-02,19,50,2270,2270,1
ghost_relocated_high_2274_2274_260,1775159640,2026-04-02,19,54,2274,2274,1
ghost_relocated_high_2275_2275_261,1775159700,2026-04-02,19,55,2275,2275,1
ghost_relocated_high_2279_2279_262,1775159940,2026-04-02,19,59,2279,2279,1
ghost_relocated_high_2280_2280_263,1775160000,2026-04-02,20,0,2280,2280,1
ghost_relocated_high_2281_2281_264,1775160060,2026-04-02,20,1,2281,2281,1
ghost_relocated_high_2309_2309_265,1775161740,2026-04-02,20,29,2309,2309,1
ghost_relocated_low_2359_2359_266,1775168340,2026-04-02,22,19,2359,2359,1
ghost_relocated_low_2360_2360_267,1775168400,2026-04-02,22,20,2360,2360,1
ghost_relocated_high_2410_2372_268,1775171460,2026-04-02,23,11,2410,2372,1
ghost_relocated_high_2459_2459_269,1775174400,2026-04-03,0,0,2459,2459,1
ghost_relocated_high_2460_2460_270,1775174460,2026-04-03,0,1,2460,2460,1
ghost_relocated_low_2510_2504_271,1775177460,2026-04-03,0,51,2510,2504,1
ghost_relocated_low_2532_2532_272,1775178780,2026-04-03,1,13,2532,2532,1
ghost_relocated_low_2553_2553_273,1775180040,2026-04-03,1,34,2553,2553,1
ghost_relocated_low_2559_2559_274,1775180400,2026-04-03,1,40,2559,2559,1
ghost_relocated_low_2564_2564_275,1775180700,2026-04-03,1,45,2564,2564,1
ghost_relocated_low_2565_2565_276,1775180760,2026-04-03,1,46,2565,2565,1
ghost_relocated_low_2576_2576_277,1775181420,2026-04-03,1,57,2576,2576,1
ghost_relocated_low_2581_2581_278,1775181720,2026-04-03,2,2,2581,2581,1
ghost_relocated_low_2584_2584_279,1775181900,2026-04-03,2,5,2584,2584,1
ghost_relocated_low_2585_2585_280,1775181960,2026-04-03,2,6,2585,2585,1
ghost_relocated_low_2603_2603_281,1775183040,2026-04-03,2,24,2603,2603,1
ghost_relocated_low_2605_2605_282,1775183160,2026-04-03,2,26,2605,2605,1
ghost_relocated_low_2606_2606_283,1775183220,2026-04-03,2,27,2606,2606,1
ghost_relocated_low_2612_2612_284,1775183580,2026-04-03,2,33,2612,2612,1
ghost_relocated_low_2613_2613_285,1775183640,2026-04-03,2,34,2613,2613,1
ghost_relocated_low_2620_2620_286,1775184060,2026-04-03,2,41,2620,2620,1
ghost_relocated_low_2627_2627_287,1775184480,2026-04-03,2,48,2627,2627,1
ghost_relocated_low_2629_2629_288,1775184600,2026-04-03,2,50,2629,2629,1
ghost_relocated_low_2630_2630_289,1775184660,2026-04-03,2,51,2630,2630,1
ghost_relocated_high_2680_2632_290,1775187660,2026-04-03,3,41,2680,2632,1
ghost_relocated_high_2792_2764_291,1775194380,2026-04-03,5,33,2792,2764,1
ghost_relocated_high_2802_2802_292,1775194980,2026-04-03,5,43,2802,2802,1
ghost_relocated_high_2805_2805_293,1775195160,2026-04-03,5,46,2805,2805,1
ghost_relocated_low_2855_2850_294,1775198160,2026-04-03,6,36,2855,2850,1
ghost_relocated_low_2872_2872_295,1775199180,2026-04-03,6,53,2872,2872,1
ghost_relocated_low_2873_2873_296,1775199240,2026-04-03,6,54,2873,2873,1
ghost_relocated_low_2874_2874_297,1775199300,2026-04-03,6,55,2874,2874,1
ghost_relocated_low_2882_2882_298,1775199780,2026-04-03,7,3,2882,2882,1
ghost_relocated_low_2883_2883_299,1775199840,2026-04-03,7,4,2883,2883,1
ghost_relocated_low_2884_2884_300,1775199900,2026-04-03,7,5,2884,2884,1
ghost_relocated_low_2886_2886_301,1775200020,2026-04-03,7,7,2886,2886,1
ghost_relocated_low_2887_2887_302,1775200080,2026-04-03,7,8,2887,2887,1
ghost_relocated_low_2888_2888_303,1775200140,2026-04-03,7,9,2888,2888,1
ghost_relocated_low_2889_2889_304,1775200200,2026-04-03,7,10,2889,2889,1
ghost_relocated_high_2939_2917_305,1775203200,2026-04-03,8,0,2939,2917,1
ghost_relocated_high_2940_2940_306,1775203260,2026-04-03,8,1,2940,2940,1
ghost_relocated_high_2941_2941_307,1775203320,2026-04-03,8,2,2941,2941,1
ghost_relocated_low_2991_2962_308,1775206320,2026-04-03,8,52,2991,2962,1
ghost_relocated_low_3010_3010_309,1775207460,2026-04-03,9,11,3010,3010,1
ghost_relocated_low_3012_3012_310,1775207580,2026-04-03,9,13,3012,3012,1
ghost_relocated_low_3015_3015_311,1775207760,2026-04-03,9,16,3015,3015,1
ghost_relocated_high_3065_3019_312,1775211060,2026-04-03,10,11,3065,3019,1
ghost_relocated_high_3117_3077_313,1775214180,2026-04-03,11,3,3117,3077,1
ghost_relocated_high_3134_3134_314,1775215200,2026-04-03,11,20,3134,3134,1
ghost_relocated_high_3135_3135_315,1775215260,2026-04-03,11,21,3135,3135,1
ghost_relocated_high_3143_3143_316,1775215740,2026-04-03,11,29,3143,3143,1
ghost_relocated_high_3148_3148_317,1775216040,2026-04-03,11,34,3148,3148,1
ghost_relocated_high_3152_3152_318,1775216280,2026-04-03,11,38,3152,3152,1
ghost_relocated_high_3153_3153_319,1775216340,2026-04-03,11,39,3153,3153,1
ghost_relocated_high_3172_3153_320,1775217480,2026-04-03,11,58,3172,3153,1
ghost_relocated_high_3176_3176_321,1775217720,2026-04-03,12,2,3176,3176,1
ghost_relocated_high_3177_3177_322,1775217780,2026-04-03,12,3,3177,3177,1
ghost_relocated_high_3204_3204_323,1775219400,2026-04-03,12,30,3204,3204,1
ghost_relocated_low_3254_3252_324,1775426700,2026-04-05,22,5,3254,3252,1
ghost_relocated_low_3255_3255_325,1775426760,2026-04-05,22,6,3255,3255,1
ghost_relocated_low_3257_3257_326,1775426880,2026-04-05,22,8,3257,3257,1
ghost_relocated_low_3258_3258_327,1775426940,2026-04-05,22,9,3258,3258,1
ghost_relocated_low_3259_3259_328,1775427000,2026-04-05,22,10,3259,3259,1
ghost_relocated_low_3260_3260_329,1775427060,2026-04-05,22,11,3260,3260,1
ghost_relocated_high_3310_3307_330,1775430060,2026-04-05,23,1,3310,3307,1
ghost_relocated_low_3357_3313_331,1775432880,2026-04-05,23,48,3357,3313,1
ghost_relocated_high_3534_3513_332,1775443500,2026-04-06,2,45,3534,3513,1
ghost_relocated_low_3563_3563_333,1775445240,2026-04-06,3,14,3563,3563,1
ghost_relocated_low_3567_3567_334,1775445480,2026-04-06,3,18,3567,3567,1
ghost_relocated_low_3568_3568_335,1775445540,2026-04-06,3,19,3568,3568,1
ghost_relocated_high_3618_3613_336,1775448540,2026-04-06,4,9,3618,3613,1
ghost_relocated_high_3643_3643_337,1775450040,2026-04-06,4,34,3643,3643,1
ghost_relocated_high_3644_3644_338,1775450100,2026-04-06,4,35,3644,3644,1
ghost_relocated_high_3647_3647_339,1775450280,2026-04-06,4,38,3647,3647,1
ghost_relocated_high_3650_3650_340,1775450460,2026-04-06,4,41,3650,3650,1
ghost_relocated_high_3651_3651_341,1775450520,2026-04-06,4,42,3651,3651,1
ghost_relocated_high_3657_3657_342,1775450880,2026-04-06,4,48,3657,3657,1
ghost_relocated_high_3661_3661_343,1775451120,2026-04-06,4,52,3661,3661,1
ghost_relocated_high_3678_3678_344,1775452140,2026-04-06,5,9,3678,3678,1
ghost_relocated_low_3728_3717_345,1775455140,2026-04-06,5,59,3728,3717,1
ghost_relocated_high_3767_3743_346,1775457480,2026-04-06,6,38,3767,3743,1
ghost_relocated_high_3779_3779_347,1775458200,2026-04-06,6,50,3779,3779,1
ghost_relocated_low_3829_3800_348,1775461200,2026-04-06,7,40,3829,3800,1
ghost_relocated_high_3850_3849_349,1775462460,2026-04-06,8,1,3850,3849,1
ghost_relocated_high_3852_3852_350,1775462580,2026-04-06,8,3,3852,3852,1
ghost_relocated_high_3854_3854_351,1775462700,2026-04-06,8,5,3854,3854,1
ghost_relocated_high_3866_3866_352,1775463420,2026-04-06,8,17,3866,3866,1
ghost_relocated_high_3871_3871_353,1775463720,2026-04-06,8,22,3871,3871,1
ghost_relocated_high_3872_3872_354,1775463780,2026-04-06,8,23,3872,3872,1
ghost_relocated_high_3873_3873_355,1775463840,2026-04-06,8,24,3873,3873,1
ghost_relocated_high_3874_3874_356,1775463900,2026-04-06,8,25,3874,3874,1
ghost_relocated_high_3875_3875_357,1775463960,2026-04-06,8,26,3875,3875,1
ghost_relocated_high_3881_3881_358,1775464320,2026-04-06,8,32,3881,3881,1
ghost_relocated_high_3883_3883_359,1775464440,2026-04-06,8,34,3883,3883,1
ghost_relocated_high_3884_3884_360,1775464500,2026-04-06,8,35,3884,3884,1
ghost_relocated_high_3885_3885_361,1775464560,2026-04-06,8,36,3885,3885,1
ghost_relocated_high_3891_3891_362,1775464920,2026-04-06,8,42,3891,3891,1
ghost_relocated_high_3914_3914_363,1775466300,2026-04-06,9,5,3914,3914,1
ghost_relocated_low_3964_3963_364,1775469300,2026-04-06,9,55,3964,3963,1
ghost_relocated_low_3969_3969_365,1775469600,2026-04-06,10,0,3969,3969,1
ghost_relocated_low_3970_3970_366,1775469660,2026-04-06,10,1,3970,3970,1
ghost_relocated_low_3972_3972_367,1775469780,2026-04-06,10,3,3972,3972,1
ghost_relocated_low_4015_4015_368,1775472360,2026-04-06,10,46,4015,4015,1
ghost_relocated_high_4065_4017_369,1775475360,2026-04-06,11,36,4065,4017,1
ghost_relocated_high_4135_4135_370,1775479560,2026-04-06,12,46,4135,4135,1
ghost_relocated_high_4180_4180_371,1775482260,2026-04-06,13,31,4180,4180,1
ghost_relocated_high_4181_4181_372,1775482320,2026-04-06,13,32,4181,4181,1
ghost_relocated_high_4182_4182_373,1775482380,2026-04-06,13,33,4182,4182,1
ghost_relocated_high_4184_4184_374,1775482500,2026-04-06,13,35,4184,4184,1
ghost_relocated_high_4195_4195_375,1775483160,2026-04-06,13,46,4195,4195,1
ghost_relocated_high_4200_4200_376,1775483460,2026-04-06,13,51,4200,4200,1
ghost_relocated_high_4208_4208_377,1775483940,2026-04-06,13,59,4208,4208,1
ghost_relocated_high_4209_4209_378,1775484000,2026-04-06,14,0,4209,4209,1
ghost_relocated_high_4236_4209_379,1775485620,2026-04-06,14,27,4236,4209,1
ghost_relocated_low_4259_4258_380,1775487000,2026-04-06,14,50,4259,4258,1
ghost_relocated_low_4302_4302_381,1775489580,2026-04-06,15,33,4302,4302,1
ghost_relocated_high_4352_4322_382,1775492580,2026-04-06,16,23,4352,4322,1
ghost_relocated_high_4366_4366_383,1775493420,2026-04-06,16,37,4366,4366,1
ghost_relocated_high_4367_4367_384,1775493480,2026-04-06,16,38,4367,4367,1
ghost_relocated_low_4417_4403_385,1775496480,2026-04-06,17,28,4417,4403,1
ghost_relocated_high_4453_4423_386,1775498640,2026-04-06,18,4,4453,4423,1
ghost_relocated_high_4468_4468_387,1775499540,2026-04-06,18,19,4468,4468,1
ghost_relocated_high_4470_4470_388,1775499660,2026-04-06,18,21,4470,4470,1
ghost_relocated_high_4472_4472_389,1775499780,2026-04-06,18,23,4472,4472,1
ghost_relocated_high_4473_4473_390,1775499840,2026-04-06,18,24,4473,4473,1
ghost_relocated_low_4523_4483_391,1775502840,2026-04-06,19,14,4523,4483,1
ghost_relocated_high_4600_4559_392,1775507460,2026-04-06,20,31,4600,4559,1
ghost_relocated_low_4609_4587_393,1775508000,2026-04-06,20,40,4609,4587,1
ghost_relocated_low_4652_4652_394,1775514180,2026-04-06,22,23,4652,4652,1
ghost_relocated_low_4653_4653_395,1775514240,2026-04-06,22,24,4653,4653,1
ghost_relocated_low_4685_4685_396,1775516160,2026-04-06,22,56,4685,4685,1
ghost_relocated_high_4735_4704_397,1775519160,2026-04-06,23,46,4735,4704,1
ghost_relocated_low_4754_4751_398,1775520300,2026-04-07,0,5,4754,4751,1
ghost_relocated_low_4755_4755_399,1775520360,2026-04-07,0,6,4755,4755,1
ghost_relocated_high_4805_4766_400,1775523360,2026-04-07,0,56,4805,4766,1
ghost_relocated_low_4816_4810_401,1775524020,2026-04-07,1,7,4816,4810,1
ghost_relocated_low_4818_4818_402,1775524140,2026-04-07,1,9,4818,4818,1
ghost_relocated_low_4819_4819_403,1775524200,2026-04-07,1,10,4819,4819,1
ghost_relocated_low_4823_4823_404,1775524440,2026-04-07,1,14,4823,4823,1
ghost_relocated_low_4846_4846_405,1775525820,2026-04-07,1,37,4846,4846,1
ghost_relocated_low_4847_4847_406,1775525880,2026-04-07,1,38,4847,4847,1
ghost_relocated_low_4848_4848_407,1775525940,2026-04-07,1,39,4848,4848,1
ghost_relocated_low_4853_4853_408,1775526240,2026-04-07,1,44,4853,4853,1
ghost_relocated_low_4858_4858_409,1775526540,2026-04-07,1,49,4858,4858,1
ghost_relocated_low_4859_4859_410,1775526600,2026-04-07,1,50,4859,4859,1
ghost_relocated_low_4860_4860_411,1775526660,2026-04-07,1,51,4860,4860,1
ghost_relocated_low_4861_4861_412,1775526720,2026-04-07,1,52,4861,4861,1
ghost_relocated_low_4865_4865_413,1775526960,2026-04-07,1,56,4865,4865,1
ghost_relocated_low_4866_4866_414,1775527020,2026-04-07,1,57,4866,4866,1
ghost_relocated_low_4869_4869_415,1775527200,2026-04-07,2,0,4869,4869,1
ghost_relocated_low_4870_4870_416,1775527260,2026-04-07,2,1,4870,4870,1
ghost_relocated_low_4876_4876_417,1775527620,2026-04-07,2,7,4876,4876,1
ghost_relocated_high_4926_4917_418,1775530620,2026-04-07,2,57,4926,4917,1
ghost_relocated_high_4960_4960_419,1775532660,2026-04-07,3,31,4960,4960,1
ghost_relocated_low_5010_5008_420,1775535660,2026-04-07,4,21,5010,5008,1
ghost_relocated_high_5058_5039_421,1775538540,2026-04-07,5,9,5058,5039,1
ghost_relocated_low_5089_5085_422,1775540400,2026-04-07,5,40,5089,5085,1
ghost_relocated_low_5090_5090_423,1775540460,2026-04-07,5,41,5090,5090,1
ghost_relocated_low_5091_5091_424,1775540520,2026-04-07,5,42,5091,5091,1
ghost_relocated_low_5094_5094_425,1775540700,2026-04-07,5,45,5094,5094,1
ghost_relocated_high_5144_5139_426,1775543700,2026-04-07,6,35,5144,5139,1
ghost_relocated_high_5169_5169_427,1775545200,2026-04-07,7,0,5169,5169,1
ghost_relocated_high_5171_5171_428,1775545320,2026-04-07,7,2,5171,5171,1
ghost_relocated_low_5221_5192_429,1775548320,2026-04-07,7,52,5221,5192,1
ghost_relocated_high_5242_5231_430,1775549580,2026-04-07,8,13,5242,5231,1
ghost_relocated_high_5250_5250_431,1775550060,2026-04-07,8,21,5250,5250,1
ghost_relocated_high_5253_5253_432,1775550240,2026-04-07,8,24,5253,5253,1
ghost_relocated_high_5261_5261_433,1775550720,2026-04-07,8,32,5261,5261,1
ghost_relocated_high_5263_5263_434,1775550840,2026-04-07,8,34,5263,5263,1
ghost_relocated_high_5264_5264_435,1775550900,2026-04-07,8,35,5264,5264,1
ghost_relocated_high_5299_5299_436,1775553000,2026-04-07,9,10,5299,5299,1
ghost_relocated_high_5301_5301_437,1775553120,2026-04-07,9,12,5301,5301,1
ghost_relocated_high_5306_5306_438,1775553420,2026-04-07,9,17,5306,5306,1
ghost_relocated_high_5315_5315_439,1775553960,2026-04-07,9,26,5315,5315,1
ghost_relocated_high_5316_5316_440,1775554020,2026-04-07,9,27,5316,5316,1
ghost_relocated_high_5321_5321_441,1775554320,2026-04-07,9,32,5321,5321,1
ghost_relocated_high_5323_5323_442,1775554440,2026-04-07,9,34,5323,5323,1
ghost_relocated_low_5373_5358_443,1775557440,2026-04-07,10,24,5373,5358,1
ghost_relocated_low_5388_5388_444,1775558340,2026-04-07,10,39,5388,5388,1
ghost_relocated_low_5390_5390_445,1775558460,2026-04-07,10,41,5390,5390,1
ghost_relocated_low_5392_5392_446,1775558580,2026-04-07,10,43,5392,5392,1
ghost_relocated_low_5394_5394_447,1775558700,2026-04-07,10,45,5394,5394,1
ghost_relocated_low_5395_5395_448,1775558760,2026-04-07,10,46,5395,5395,1
ghost_relocated_low_5397_5397_449,1775558880,2026-04-07,10,48,5397,5397,1
ghost_relocated_low_5399_5399_450,1775559000,2026-04-07,10,50,5399,5399,1
ghost_relocated_low_5401_5401_451,1775559120,2026-04-07,10,52,5401,5401,1
ghost_relocated_low_5402_5402_452,1775559180,2026-04-07,10,53,5402,5402,1
ghost_relocated_low_5405_5405_453,1775559360,2026-04-07,10,56,5405,5405,1
ghost_relocated_low_5445_5445_454,1775561760,2026-04-07,11,36,5445,5445,1
ghost_relocated_low_5446_5446_455,1775561820,2026-04-07,11,37,5446,5446,1
ghost_relocated_low_5475_5475_456,1775563560,2026-04-07,12,6,5475,5475,1
ghost_relocated_high_5525_5524_457,1775566560,2026-04-07,12,56,5525,5524,1
ghost_relocated_high_5559_5559_458,1775568600,2026-04-07,13,30,5559,5559,1
ghost_relocated_low_5609_5597_459,1775571600,2026-04-07,14,20,5609,5597,1
ghost_relocated_high_5647_5622_460,1775573880,2026-04-07,14,58,5647,5622,1
ghost_relocated_high_5705_5704_461,1775577360,2026-04-07,15,56,5705,5704,1
ghost_relocated_high_5711_5711_462,1775577720,2026-04-07,16,2,5711,5711,1
ghost_relocated_high_5712_5712_463,1775577780,2026-04-07,16,3,5712,5712,1
ghost_relocated_high_5757_5757_464,1775580480,2026-04-07,16,48,5757,5757,1
ghost_relocated_high_5804_5804_465,1775583300,2026-04-07,17,35,5804,5804,1
ghost_relocated_high_5805_5805_466,1775583360,2026-04-07,17,36,5805,5805,1
ghost_relocated_high_5840_5805_467,1775585460,2026-04-07,18,11,5840,5805,1
ghost_relocated_low_5855_5855_468,1775586360,2026-04-07,18,26,5855,5855,1
ghost_relocated_low_5860_5860_469,1775586660,2026-04-07,18,31,5860,5860,1
ghost_relocated_low_5867_5867_470,1775587080,2026-04-07,18,38,5867,5867,1
ghost_relocated_low_5868_5868_471,1775587140,2026-04-07,18,39,5868,5868,1
ghost_relocated_low_5869_5869_472,1775587200,2026-04-07,18,40,5869,5869,1
ghost_relocated_low_5870_5870_473,1775587260,2026-04-07,18,41,5870,5870,1
ghost_relocated_low_5871_5871_474,1775587320,2026-04-07,18,42,5871,5871,1
ghost_relocated_low_5872_5872_475,1775587380,2026-04-07,18,43,5872,5872,1
ghost_relocated_low_5874_5874_476,1775587500,2026-04-07,18,45,5874,5874,1
ghost_relocated_low_5878_5878_477,1775587740,2026-04-07,18,49,5878,5878,1
ghost_relocated_low_5879_5879_478,1775587800,2026-04-07,18,50,5879,5879,1
ghost_relocated_low_5880_5880_479,1775587860,2026-04-07,18,51,5880,5880,1
ghost_relocated_low_5881_5881_480,1775587920,2026-04-07,18,52,5881,5881,1
ghost_relocated_low_5882_5882_481,1775587980,2026-04-07,18,53,5882,5882,1
ghost_relocated_low_5883_5883_482,1775588040,2026-04-07,18,54,5883,5883,1
ghost_relocated_low_5884_5884_483,1775588100,2026-04-07,18,55,5884,5884,1
ghost_relocated_low_5885_5885_484,1775588160,2026-04-07,18,56,5885,5885,1
ghost_relocated_high_5935_5935_485,1775591160,2026-04-07,19,46,5935,5935,1
ghost_relocated_high_5941_5941_486,1775591520,2026-04-07,19,52,5941,5941,1
ghost_relocated_high_5944_5944_487,1775591700,2026-04-07,19,55,5944,5944,1
ghost_relocated_high_5945_5945_488,1775591760,2026-04-07,19,56,5945,5945,1
ghost_relocated_high_5948_5948_489,1775591940,2026-04-07,19,59,5948,5948,1
ghost_relocated_high_5950_5950_490,1775592060,2026-04-07,20,1,5950,5950,1
ghost_relocated_high_5951_5951_491,1775592120,2026-04-07,20,2,5951,5951,1
ghost_relocated_high_5952_5952_492,1775592180,2026-04-07,20,3,5952,5952,1
ghost_relocated_high_5963_5963_493,1775592840,2026-04-07,20,14,5963,5963,1
ghost_relocated_high_5964_5964_494,1775592900,2026-04-07,20,15,5964,5964,1
ghost_relocated_high_5990_5990_495,1775594460,2026-04-07,20,41,5990,5990,1
ghost_relocated_high_5991_5991_496,1775594520,2026-04-07,20,42,5991,5991,1
ghost_relocated_high_6009_6009_497,1775599200,2026-04-07,22,0,6009,6009,1
ghost_relocated_high_6041_6041_498,1775601120,2026-04-07,22,32,6041,6041,1
ghost_relocated_high_6046_6046_499,1775601420,2026-04-07,22,37,6046,6046,1
ghost_relocated_high_6047_6047_500,1775601480,2026-04-07,22,38,6047,6047,1
ghost_relocated_high_6048_6048_501,1775601540,2026-04-07,22,39,6048,6048,1
ghost_relocated_high_6060_6060_502,1775602260,2026-04-07,22,51,6060,6060,1
ghost_relocated_high_6061_6061_503,1775602320,2026-04-07,22,52,6061,6061,1
ghost_relocated_high_6062_6062_504,1775602380,2026-04-07,22,53,6062,6062,1
ghost_relocated_high_6063_6063_505,1775602440,2026-04-07,22,54,6063,6063,1
ghost_relocated_high_6065_6065_506,1775602560,2026-04-07,22,56,6065,6065,1
ghost_relocated_high_6066_6066_507,1775602620,2026-04-07,22,57,6066,6066,1
ghost_relocated_high_6067_6067_508,1775602680,2026-04-07,22,58,6067,6067,1
ghost_relocated_high_6068_6068_509,1775602740,2026-04-07,22,59,6068,6068,1
ghost_relocated_high_6069_6069_510,1775602800,2026-04-07,23,0,6069,6069,1
ghost_relocated_high_6070_6070_511,1775602860,2026-04-07,23,1,6070,6070,1
ghost_relocated_high_6071_6071_512,1775602920,2026-04-07,23,2,6071,6071,1
ghost_relocated_high_6072_6072_513,1775602980,2026-04-07,23,3,6072,6072,1
ghost_relocated_high_6073_6073_514,1775603040,2026-04-07,23,4,6073,6073,1
ghost_relocated_high_6089_6089_515,1775604000,2026-04-07,23,20,6089,6089,1
ghost_relocated_high_6090_6090_516,1775604060,2026-04-07,23,21,6090,6090,1
ghost_relocated_high_6091_6091_517,1775604120,2026-04-07,23,22,6091,6091,1
ghost_relocated_high_6092_6092_518,1775604180,2026-04-07,23,23,6092,6092,1
ghost_relocated_high_6093_6093_519,1775604240,2026-04-07,23,24,6093,6093,1
ghost_relocated_high_6094_6094_520,1775604300,2026-04-07,23,25,6094,6094,1
ghost_relocated_high_6131_6131_521,1775606520,2026-04-08,0,2,6131,6131,1
ghost_relocated_high_6178_6178_522,1775609340,2026-04-08,0,49,6178,6178,1
ghost_relocated_high_6179_6179_523,1775609400,2026-04-08,0,50,6179,6179,1
ghost_relocated_high_6180_6180_524,1775609460,2026-04-08,0,51,6180,6180,1
ghost_relocated_high_6182_6182_525,1775609580,2026-04-08,0,53,6182,6182,1
ghost_relocated_high_6197_6197_526,1775610480,2026-04-08,1,8,6197,6197,1
ghost_relocated_high_6215_6197_527,1775611560,2026-04-08,1,26,6215,6197,1
ghost_relocated_high_6241_6241_528,1775613120,2026-04-08,1,52,6241,6241,1
ghost_relocated_high_6251_6251_529,1775613720,2026-04-08,2,2,6251,6251,1
ghost_relocated_high_6284_6284_530,1775615700,2026-04-08,2,35,6284,6284,1
ghost_relocated_high_6287_6287_531,1775615880,2026-04-08,2,38,6287,6287,1
ghost_relocated_high_6299_6299_532,1775616600,2026-04-08,2,50,6299,6299,1
ghost_relocated_high_6309_6309_533,1775617200,2026-04-08,3,0,6309,6309,1
ghost_relocated_low_6359_6336_534,1775620200,2026-04-08,3,50,6359,6336,1
ghost_relocated_high_6387_6385_535,1775621880,2026-04-08,4,18,6387,6385,1
ghost_relocated_low_6435_6431_536,1775624760,2026-04-08,5,6,6435,6431,1
ghost_relocated_high_6492_6490_537,1775628180,2026-04-08,6,3,6492,6490,1
ghost_relocated_high_6495_6495_538,1775628360,2026-04-08,6,6,6495,6495,1
ghost_relocated_high_6505_6505_539,1775628960,2026-04-08,6,16,6505,6505,1
ghost_relocated_low_6555_6552_540,1775631960,2026-04-08,7,6,6555,6552,1
ghost_relocated_low_6583_6583_541,1775633640,2026-04-08,7,34,6583,6583,1
ghost_relocated_low_6592_6592_542,1775634180,2026-04-08,7,43,6592,6592,1
ghost_relocated_low_6597_6597_543,1775634480,2026-04-08,7,48,6597,6597,1
ghost_relocated_low_6607_6607_544,1775635080,2026-04-08,7,58,6607,6607,1
ghost_relocated_low_6613_6613_545,1775635440,2026-04-08,8,4,6613,6613,1
ghost_relocated_low_6623_6613_546,1775636040,2026-04-08,8,14,6623,6613,1
ghost_relocated_high_6663_6660_547,1775638440,2026-04-08,8,54,6663,6660,1
ghost_relocated_high_6666_6666_548,1775638620,2026-04-08,8,57,6666,6666,1
ghost_relocated_high_6667_6667_549,1775638680,2026-04-08,8,58,6667,6667,1
ghost_relocated_high_6668_6668_550,1775638740,2026-04-08,8,59,6668,6668,1
ghost_relocated_high_6669_6669_551,1775638800,2026-04-08,9,0,6669,6669,1
ghost_relocated_high_6670_6670_552,1775638860,2026-04-08,9,1,6670,6670,1
ghost_relocated_high_6680_6680_553,1775639460,2026-04-08,9,11,6680,6680,1
ghost_relocated_high_6681_6681_554,1775639520,2026-04-08,9,12,6681,6681,1
ghost_relocated_high_6682_6682_555,1775639580,2026-04-08,9,13,6682,6682,1
ghost_relocated_low_6732_6713_556,1775642580,2026-04-08,10,3,6732,6713,1
ghost_relocated_low_6794_6794_557,1775646300,2026-04-08,11,5,6794,6794,1
ghost_relocated_low_6795_6795_558,1775646360,2026-04-08,11,6,6795,6795,1
ghost_relocated_low_6811_6811_559,1775647320,2026-04-08,11,22,6811,6811,1
ghost_relocated_low_6816_6811_560,1775647620,2026-04-08,11,27,6816,6811,1
ghost_relocated_high_6861_6856_561,1775650320,2026-04-08,12,12,6861,6856,1
ghost_relocated_low_6906_6870_562,1775653020,2026-04-08,12,57,6906,6870,1
ghost_relocated_high_6920_6918_563,1775653860,2026-04-08,13,11,6920,6918,1
ghost_relocated_high_6939_6939_564,1775655000,2026-04-08,13,30,6939,6939,1
ghost_relocated_low_6989_6977_565,1775658000,2026-04-08,14,20,6989,6977,1
ghost_relocated_low_6999_6999_566,1775658600,2026-04-08,14,30,6999,6999,1
ghost_relocated_low_7000_7000_567,1775658660,2026-04-08,14,31,7000,7000,1
ghost_relocated_low_7005_7005_568,1775658960,2026-04-08,14,36,7005,7005,1
ghost_relocated_low_7014_7014_569,1775659500,2026-04-08,14,45,7014,7014,1
ghost_relocated_low_7015_7015_570,1775659560,2026-04-08,14,46,7015,7015,1
ghost_relocated_low_7016_7016_571,1775659620,2026-04-08,14,47,7016,7016,1
ghost_relocated_low_7021_7021_572,1775659920,2026-04-08,14,52,7021,7021,1
ghost_relocated_low_7022_7022_573,1775659980,2026-04-08,14,53,7022,7022,1
ghost_relocated_low_7024_7024_574,1775660100,2026-04-08,14,55,7024,7024,1
ghost_relocated_low_7025_7025_575,1775660160,2026-04-08,14,56,7025,7025,1
ghost_relocated_high_7075_7075_576,1775663160,2026-04-08,15,46,7075,7075,1
ghost_relocated_high_7076_7076_577,1775663220,2026-04-08,15,47,7076,7076,1
ghost_relocated_high_7078_7078_578,1775663340,2026-04-08,15,49,7078,7078,1
ghost_relocated_high_7079_7079_579,1775663400,2026-04-08,15,50,7079,7079,1
ghost_relocated_high_7081_7081_580,1775663520,2026-04-08,15,52,7081,7081,1
ghost_relocated_high_7082_7082_581,1775663580,2026-04-08,15,53,7082,7082,1
ghost_relocated_high_7086_7086_582,1775663820,2026-04-08,15,57,7086,7086,1
ghost_relocated_high_7089_7089_583,1775664000,2026-04-08,16,0,7089,7089,1
ghost_relocated_high_7090_7090_584,1775664060,2026-04-08,16,1,7090,7090,1
ghost_relocated_high_7091_7091_585,1775664120,2026-04-08,16,2,7091,7091,1
ghost_relocated_high_7092_7092_586,1775664180,2026-04-08,16,3,7092,7092,1
ghost_relocated_high_7126_7126_587,1775666220,2026-04-08,16,37,7126,7126,1
ghost_relocated_high_7129_7129_588,1775666400,2026-04-08,16,40,7129,7129,1
ghost_relocated_high_7130_7130_589,1775666460,2026-04-08,16,41,7130,7130,1
ghost_relocated_high_7131_7131_590,1775666520,2026-04-08,16,42,7131,7131,1
ghost_relocated_high_7135_7135_591,1775666760,2026-04-08,16,46,7135,7135,1
ghost_relocated_high_7137_7137_592,1775666880,2026-04-08,16,48,7137,7137,1
ghost_relocated_high_7138_7138_593,1775666940,2026-04-08,16,49,7138,7138,1
ghost_relocated_high_7140_7140_594,1775667060,2026-04-08,16,51,7140,7140,1
ghost_relocated_high_7141_7141_595,1775667120,2026-04-08,16,52,7141,7141,1
ghost_relocated_high_7144_7144_596,1775667300,2026-04-08,16,55,7144,7144,1
ghost_relocated_low_7194_7186_597,1775670300,2026-04-08,17,45,7194,7186,1
ghost_relocated_low_7227_7227_598,1775672280,2026-04-08,18,18,7227,7227,1
ghost_relocated_low_7228_7228_599,1775672340,2026-04-08,18,19,7228,7228,1
ghost_relocated_low_7249_7249_600,1775673600,2026-04-08,18,40,7249,7249,1
ghost_relocated_low_7250_7250_601,1775673660,2026-04-08,18,41,7250,7250,1
ghost_relocated_low_7251_7251_602,1775673720,2026-04-08,18,42,7251,7251,1
ghost_relocated_low_7252_7252_603,1775673780,2026-04-08,18,43,7252,7252,1
ghost_relocated_low_7253_7253_604,1775673840,2026-04-08,18,44,7253,7253,1
ghost_relocated_low_7254_7254_605,1775673900,2026-04-08,18,45,7254,7254,1
ghost_relocated_low_7258_7258_606,1775674140,2026-04-08,18,49,7258,7258,1
ghost_relocated_low_7259_7259_607,1775674200,2026-04-08,18,50,7259,7259,1
ghost_relocated_low_7262_7262_608,1775674380,2026-04-08,18,53,7262,7262,1
ghost_relocated_low_7263_7263_609,1775674440,2026-04-08,18,54,7263,7263,1
ghost_relocated_low_7264_7264_610,1775674500,2026-04-08,18,55,7264,7264,1
ghost_relocated_low_7265_7265_611,1775674560,2026-04-08,18,56,7265,7265,1
ghost_relocated_low_7266_7266_612,1775674620,2026-04-08,18,57,7266,7266,1
ghost_relocated_low_7267_7267_613,1775674680,2026-04-08,18,58,7267,7267,1
ghost_relocated_low_7268_7268_614,1775674740,2026-04-08,18,59,7268,7268,1
ghost_relocated_low_7269_7269_615,1775674800,2026-04-08,19,0,7269,7269,1
ghost_relocated_low_7270_7270_616,1775674860,2026-04-08,19,1,7270,7270,1
ghost_relocated_low_7276_7270_617,1775675220,2026-04-08,19,7,7276,7270,1
ghost_relocated_high_7320_7319_618,1775677860,2026-04-08,19,51,7320,7319,1
ghost_relocated_high_7322_7322_619,1775677980,2026-04-08,19,53,7322,7322,1
ghost_relocated_high_7323_7323_620,1775678040,2026-04-08,19,54,7323,7323,1
ghost_relocated_high_7326_7326_621,1775678220,2026-04-08,19,57,7326,7326,1
ghost_relocated_high_7327_7327_622,1775678280,2026-04-08,19,58,7327,7327,1
ghost_relocated_high_7328_7328_623,1775678340,2026-04-08,19,59,7328,7328,1
ghost_relocated_low_7378_7372_624,1775681340,2026-04-08,20,49,7378,7372,1
ghost_relocated_low_7388_7388_625,1775681940,2026-04-08,20,59,7388,7388,1
ghost_relocated_low_7389_7389_626,1775685600,2026-04-08,22,0,7389,7389,1
ghost_relocated_low_7407_7407_627,1775686680,2026-04-08,22,18,7407,7407,1
ghost_relocated_low_7408_7408_628,1775686740,2026-04-08,22,19,7408,7408,1
ghost_relocated_low_7409_7409_629,1775686800,2026-04-08,22,20,7409,7409,1
ghost_relocated_low_7410_7410_630,1775686860,2026-04-08,22,21,7410,7410,1
ghost_relocated_low_7448_7410_631,1775689140,2026-04-08,22,59,7448,7410,1
ghost_relocated_high_7460_7454_632,1775689860,2026-04-08,23,11,7460,7454,1
ghost_relocated_low_7504_7504_633,1775692500,2026-04-08,23,55,7504,7504,1
ghost_relocated_low_7509_7509_634,1775692800,2026-04-09,0,0,7509,7509,1
ghost_relocated_low_7510_7510_635,1775692860,2026-04-09,0,1,7510,7510,1
ghost_relocated_low_7511_7511_636,1775692920,2026-04-09,0,2,7511,7511,1
ghost_relocated_low_7512_7512_637,1775692980,2026-04-09,0,3,7512,7512,1
ghost_relocated_low_7513_7513_638,1775693040,2026-04-09,0,4,7513,7513,1
ghost_relocated_high_7563_7530_639,1775696040,2026-04-09,0,54,7563,7530,1
ghost_relocated_high_7636_7636_640,1775700420,2026-04-09,2,7,7636,7636,1
ghost_relocated_high_7642_7636_641,1775700780,2026-04-09,2,13,7642,7636,1
ghost_relocated_high_7679_7679_642,1775703000,2026-04-09,2,50,7679,7679,1
ghost_relocated_high_7680_7680_643,1775703060,2026-04-09,2,51,7680,7680,1
ghost_relocated_low_7730_7710_644,1775706060,2026-04-09,3,41,7730,7710,1
ghost_relocated_low_7735_7735_645,1775706360,2026-04-09,3,46,7735,7735,1
ghost_relocated_low_7736_7736_646,1775706420,2026-04-09,3,47,7736,7736,1
ghost_relocated_low_7770_7770_647,1775708460,2026-04-09,4,21,7770,7770,1
ghost_relocated_low_7779_7779_648,1775709000,2026-04-09,4,30,7779,7779,1
ghost_relocated_low_7817_7817_649,1775711280,2026-04-09,5,8,7817,7817,1
ghost_relocated_low_7818_7818_650,1775711340,2026-04-09,5,9,7818,7818,1
ghost_relocated_low_7819_7819_651,1775711400,2026-04-09,5,10,7819,7819,1
ghost_relocated_high_7869_7847_652,1775714400,2026-04-09,6,0,7869,7847,1
ghost_relocated_high_7871_7871_653,1775714520,2026-04-09,6,2,7871,7871,1
ghost_relocated_high_7872_7872_654,1775714580,2026-04-09,6,3,7872,7872,1
ghost_relocated_low_7922_7920_655,1775717580,2026-04-09,6,53,7922,7920,1
ghost_relocated_low_7938_7938_656,1775718540,2026-04-09,7,9,7938,7938,1
ghost_relocated_low_7941_7941_657,1775718720,2026-04-09,7,12,7941,7941,1
ghost_relocated_low_7945_7945_658,1775718960,2026-04-09,7,16,7945,7945,1
ghost_relocated_low_7946_7946_659,1775719020,2026-04-09,7,17,7946,7946,1
ghost_relocated_low_7947_7947_660,1775719080,2026-04-09,7,18,7947,7947,1
ghost_relocated_low_7949_7949_661,1775719200,2026-04-09,7,20,7949,7949,1
ghost_relocated_low_7950_7950_662,1775719260,2026-04-09,7,21,7950,7950,1
ghost_relocated_low_7961_7961_663,1775719920,2026-04-09,7,32,7961,7961,1
ghost_relocated_low_7963_7963_664,1775720040,2026-04-09,7,34,7963,7963,1
ghost_relocated_low_7964_7964_665,1775720100,2026-04-09,7,35,7964,7964,1
ghost_relocated_low_7969_7969_666,1775720400,2026-04-09,7,40,7969,7969,1
ghost_relocated_low_7970_7970_667,1775720460,2026-04-09,7,41,7970,7970,1
ghost_relocated_low_7971_7971_668,1775720520,2026-04-09,7,42,7971,7971,1
ghost_relocated_low_7972_7972_669,1775720580,2026-04-09,7,43,7972,7972,1
ghost_relocated_low_7973_7973_670,1775720640,2026-04-09,7,44,7973,7973,1
ghost_relocated_low_7975_7975_671,1775720760,2026-04-09,7,46,7975,7975,1
ghost_relocated_low_7976_7976_672,1775720820,2026-04-09,7,47,7976,7976,1
ghost_relocated_low_7979_7976_673,1775721000,2026-04-09,7,50,7979,7976,1
ghost_relocated_low_7981_7981_674,1775721120,2026-04-09,7,52,7981,7981,1
ghost_relocated_low_7998_7998_675,1775722140,2026-04-09,8,9,7998,7998,1
ghost_relocated_low_8000_8000_676,1775722260,2026-04-09,8,11,8000,8000,1
ghost_relocated_low_8004_8004_677,1775722500,2026-04-09,8,15,8004,8004,1
ghost_relocated_high_8054_8034_678,1775725500,2026-04-09,9,5,8054,8034,1
ghost_relocated_high_8066_8066_679,1775726220,2026-04-09,9,17,8066,8066,1
ghost_relocated_high_8067_8067_680,1775726280,2026-04-09,9,18,8067,8067,1
ghost_relocated_high_8068_8068_681,1775726340,2026-04-09,9,19,8068,8068,1
ghost_relocated_high_8078_8078_682,1775726940,2026-04-09,9,29,8078,8078,1
ghost_relocated_high_8105_8105_683,1775728560,2026-04-09,9,56,8105,8105,1
ghost_relocated_high_8108_8108_684,1775728740,2026-04-09,9,59,8108,8108,1
ghost_relocated_high_8109_8109_685,1775728800,2026-04-09,10,0,8109,8109,1
ghost_relocated_high_8134_8134_686,1775730300,2026-04-09,10,25,8134,8134,1
ghost_relocated_low_8184_8169_687,1775733300,2026-04-09,11,15,8184,8169,1
ghost_relocated_low_8194_8194_688,1775733900,2026-04-09,11,25,8194,8194,1
ghost_relocated_high_8244_8239_689,1775736900,2026-04-09,12,15,8244,8239,1
ghost_relocated_high_8270_8270_690,1775738460,2026-04-09,12,41,8270,8270,1
ghost_relocated_high_8317_8317_691,1775741280,2026-04-09,13,28,8317,8317,1
ghost_relocated_high_8318_8318_692,1775741340,2026-04-09,13,29,8318,8318,1
ghost_relocated_high_8319_8319_693,1775741400,2026-04-09,13,30,8319,8319,1
ghost_relocated_high_8332_8332_694,1775742180,2026-04-09,13,43,8332,8332,1
ghost_relocated_high_8334_8334_695,1775742300,2026-04-09,13,45,8334,8334,1
ghost_relocated_low_8384_8382_696,1775745300,2026-04-09,14,35,8384,8382,1
ghost_relocated_low_8385_8385_697,1775745360,2026-04-09,14,36,8385,8385,1
ghost_relocated_high_8435_8429_698,1775748360,2026-04-09,15,26,8435,8429,1
ghost_relocated_high_8441_8441_699,1775748720,2026-04-09,15,32,8441,8441,1
ghost_relocated_high_8442_8442_700,1775748780,2026-04-09,15,33,8442,8442,1
ghost_relocated_high_8456_8456_701,1775749620,2026-04-09,15,47,8456,8456,1
ghost_relocated_high_8457_8457_702,1775749680,2026-04-09,15,48,8457,8457,1
ghost_relocated_high_8464_8464_703,1775750100,2026-04-09,15,55,8464,8464,1
ghost_relocated_high_8469_8469_704,1775750400,2026-04-09,16,0,8469,8469,1
ghost_relocated_high_8470_8470_705,1775750460,2026-04-09,16,1,8470,8470,1
ghost_relocated_high_8471_8471_706,1775750520,2026-04-09,16,2,8471,8471,1
ghost_relocated_high_8472_8472_707,1775750580,2026-04-09,16,3,8472,8472,1
ghost_relocated_low_8522_8516_708,1775753580,2026-04-09,16,53,8522,8516,1
ghost_relocated_high_8566_8548_709,1775756220,2026-04-09,17,37,8566,8548,1
ghost_relocated_high_8567_8567_710,1775756280,2026-04-09,17,38,8567,8567,1
ghost_relocated_high_8569_8569_711,1775756400,2026-04-09,17,40,8569,8569,1
ghost_relocated_low_8619_8614_712,1775759400,2026-04-09,18,30,8619,8614,1
ghost_relocated_high_8664_8661_713,1775762100,2026-04-09,19,15,8664,8661,1
ghost_relocated_high_8679_8679_714,1775763000,2026-04-09,19,30,8679,8679,1
ghost_relocated_high_8680_8680_715,1775763060,2026-04-09,19,31,8680,8680,1
ghost_relocated_high_8681_8681_716,1775763120,2026-04-09,19,32,8681,8681,1
ghost_relocated_high_8682_8682_717,1775763180,2026-04-09,19,33,8682,8682,1
ghost_relocated_high_8687_8687_718,1775763480,2026-04-09,19,38,8687,8687,1
ghost_relocated_high_8696_8696_719,1775764020,2026-04-09,19,47,8696,8696,1
ghost_relocated_high_8699_8699_720,1775764200,2026-04-09,19,50,8699,8699,1
ghost_relocated_high_8701_8701_721,1775764320,2026-04-09,19,52,8701,8701,1
ghost_relocated_low_8751_8715_722,1775767320,2026-04-09,20,42,8751,8715,1
ghost_relocated_low_8798_8798_723,1775773740,2026-04-09,22,29,8798,8798,1
ghost_relocated_low_8824_8824_724,1775775300,2026-04-09,22,55,8824,8824,1
ghost_relocated_low_8825_8825_725,1775775360,2026-04-09,22,56,8825,8825,1
ghost_relocated_low_8826_8826_726,1775775420,2026-04-09,22,57,8826,8826,1
ghost_relocated_low_8829_8829_727,1775775600,2026-04-09,23,0,8829,8829,1
ghost_relocated_low_8830_8830_728,1775775660,2026-04-09,23,1,8830,8830,1
ghost_relocated_low_8831_8831_729,1775775720,2026-04-09,23,2,8831,8831,1
ghost_relocated_low_8832_8832_730,1775775780,2026-04-09,23,3,8832,8832,1
ghost_relocated_high_8882_8877_731,1775778780,2026-04-09,23,53,8882,8877,1
ghost_relocated_high_8921_8921_732,1775781120,2026-04-10,0,32,8921,8921,1
ghost_relocated_high_8922_8922_733,1775781180,2026-04-10,0,33,8922,8922,1
ghost_relocated_high_8924_8924_734,1775781300,2026-04-10,0,35,8924,8924,1
ghost_relocated_high_8925_8925_735,1775781360,2026-04-10,0,36,8925,8925,1
ghost_relocated_high_8926_8926_736,1775781420,2026-04-10,0,37,8926,8926,1
ghost_relocated_high_8927_8927_737,1775781480,2026-04-10,0,38,8927,8927,1
ghost_relocated_high_8940_8940_738,1775782260,2026-04-10,0,51,8940,8940,1
ghost_relocated_high_8941_8941_739,1775782320,2026-04-10,0,52,8941,8941,1
ghost_relocated_high_8947_8947_740,1775782680,2026-04-10,0,58,8947,8947,1
ghost_relocated_high_8948_8948_741,1775782740,2026-04-10,0,59,8948,8948,1
ghost_relocated_high_8979_8979_742,1775784600,2026-04-10,1,30,8979,8979,1
ghost_relocated_high_8980_8980_743,1775784660,2026-04-10,1,31,8980,8980,1
ghost_relocated_high_8981_8981_744,1775784720,2026-04-10,1,32,8981,8981,1
ghost_relocated_high_8984_8984_745,1775784900,2026-04-10,1,35,8984,8984,1
ghost_relocated_high_8985_8985_746,1775784960,2026-04-10,1,36,8985,8985,1
ghost_relocated_low_9035_9031_747,1775787960,2026-04-10,2,26,9035,9031,1
ghost_relocated_high_9081_9077_748,1775790720,2026-04-10,3,12,9081,9077,1
ghost_relocated_high_9102_9102_749,1775791980,2026-04-10,3,33,9102,9102,1
ghost_relocated_high_9103_9103_750,1775792040,2026-04-10,3,34,9103,9103,1
ghost_relocated_high_9106_9106_751,1775792220,2026-04-10,3,37,9106,9106,1
ghost_relocated_high_9108_9108_752,1775792340,2026-04-10,3,39,9108,9108,1
ghost_relocated_low_9158_9153_753,1775795340,2026-04-10,4,29,9158,9153,1
ghost_relocated_low_9166_9166_754,1775795820,2026-04-10,4,37,9166,9166,1
ghost_relocated_low_9170_9170_755,1775796060,2026-04-10,4,41,9170,9170,1
ghost_relocated_high_9220_9191_756,1775799060,2026-04-10,5,31,9220,9191,1
ghost_relocated_low_9244_9244_757,1775800500,2026-04-10,5,55,9244,9244,1
ghost_relocated_low_9245_9245_758,1775800560,2026-04-10,5,56,9245,9245,1
ghost_relocated_low_9251_9251_759,1775800920,2026-04-10,6,2,9251,9251,1
ghost_relocated_low_9252_9252_760,1775800980,2026-04-10,6,3,9252,9252,1
ghost_relocated_low_9253_9253_761,1775801040,2026-04-10,6,4,9253,9253,1
ghost_relocated_low_9255_9255_762,1775801160,2026-04-10,6,6,9255,9255,1
ghost_relocated_low_9259_9259_763,1775801400,2026-04-10,6,10,9259,9259,1
ghost_relocated_low_9260_9260_764,1775801460,2026-04-10,6,11,9260,9260,1
ghost_relocated_low_9261_9261_765,1775801520,2026-04-10,6,12,9261,9261,1
ghost_relocated_low_9264_9264_766,1775801700,2026-04-10,6,15,9264,9264,1
ghost_relocated_low_9265_9265_767,1775801760,2026-04-10,6,16,9265,9265,1
ghost_relocated_low_9266_9266_768,1775801820,2026-04-10,6,17,9266,9266,1
ghost_relocated_low_9267_9267_769,1775801880,2026-04-10,6,18,9267,9267,1
ghost_relocated_low_9268_9268_770,1775801940,2026-04-10,6,19,9268,9268,1
ghost_relocated_low_9281_9281_771,1775802720,2026-04-10,6,32,9281,9281,1
ghost_relocated_low_9285_9285_772,1775802960,2026-04-10,6,36,9285,9285,1
ghost_relocated_low_9286_9286_773,1775803020,2026-04-10,6,37,9286,9286,1
ghost_relocated_low_9287_9287_774,1775803080,2026-04-10,6,38,9287,9287,1
ghost_relocated_low_9289_9289_775,1775803200,2026-04-10,6,40,9289,9289,1
ghost_relocated_low_9299_9299_776,1775803800,2026-04-10,6,50,9299,9299,1
ghost_relocated_low_9300_9300_777,1775803860,2026-04-10,6,51,9300,9300,1
ghost_relocated_high_9350_9346_778,1775806860,2026-04-10,7,41,9350,9346,1
ghost_relocated_low_9396_9387_779,1775809620,2026-04-10,8,27,9396,9387,1
ghost_relocated_high_9437_9411_780,1775812080,2026-04-10,9,8,9437,9411,1
ghost_relocated_high_9447_9447_781,1775812680,2026-04-10,9,18,9447,9447,1
ghost_relocated_high_9448_9448_782,1775812740,2026-04-10,9,19,9448,9448,1
ghost_relocated_low_9498_9461_783,1775815740,2026-04-10,10,9,9498,9461,1
ghost_relocated_low_9631_9607_784,1775823720,2026-04-10,12,22,9631,9607,1
ghost_relocated_high_9657_9638_785,1775825280,2026-04-10,12,48,9657,9638,1
ghost_relocated_low_9688_9646_786,1775827140,2026-04-10,13,19,9688,9646,1
ghost_relocated_low_9709_9709_787,1775828400,2026-04-10,13,40,9709,9709,1
ghost_relocated_low_9730_9730_788,1775829660,2026-04-10,14,1,9730,9730,1
ghost_relocated_low_9734_9734_789,1775829900,2026-04-10,14,5,9734,9734,1
ghost_relocated_low_9736_9736_790,1775830020,2026-04-10,14,7,9736,9736,1
ghost_relocated_low_9739_9739_791,1775830200,2026-04-10,14,10,9739,9739,1
ghost_relocated_low_9740_9740_792,1775830260,2026-04-10,14,11,9740,9740,1
ghost_relocated_low_9752_9740_793,1775830980,2026-04-10,14,23,9752,9740,1
ghost_relocated_high_9790_9761_794,1775833260,2026-04-10,15,1,9790,9761,1
ghost_relocated_high_9804_9804_795,1775834100,2026-04-10,15,15,9804,9804,1
ghost_relocated_high_9807_9807_796,1775834280,2026-04-10,15,18,9807,9807,1
ghost_relocated_high_9812_9812_797,1775834580,2026-04-10,15,23,9812,9812,1
ghost_relocated_high_9813_9813_798,1775834640,2026-04-10,15,24,9813,9813,1
ghost_relocated_low_9863_9846_799,1775837640,2026-04-10,16,14,9863,9846,1
ghost_relocated_low_9889_9889_800,1775839200,2026-04-10,16,40,9889,9889,1
ghost_relocated_low_9890_9890_801,1775839260,2026-04-10,16,41,9890,9890,1
ghost_relocated_low_9891_9891_802,1775839320,2026-04-10,16,42,9891,9891,1
ghost_relocated_low_9893_9893_803,1775839440,2026-04-10,16,44,9893,9893,1
ghost_relocated_high_9943_9902_804,1775842440,2026-04-10,17,34,9943,9902,1
ghost_relocated_high_9962_9962_805,1775843580,2026-04-10,17,53,9962,9962,1
ghost_relocated_high_9963_9963_806,1775843640,2026-04-10,17,54,9963,9963,1
ghost_relocated_high_9964_9964_807,1775843700,2026-04-10,17,55,9964,9964,1
ghost_relocated_high_9989_9989_808,1775845200,2026-04-10,18,20,9989,9989,1
ghost_relocated_high_9990_9990_809,1775845260,2026-04-10,18,21,9990,9990,1
ghost_relocated_high_10041_10041_810,1775848320,2026-04-10,19,12,10041,10041,1
ghost_relocated_high_10042_10042_811,1775848380,2026-04-10,19,13,10042,10042,1
ghost_relocated_high_10043_10043_812,1775848440,2026-04-10,19,14,10043,10043,1
ghost_relocated_high_10047_10047_813,1775848680,2026-04-10,19,18,10047,10047,1
ghost_relocated_high_10048_10048_814,1775848740,2026-04-10,19,19,10048,10048,1
ghost_relocated_high_10049_10049_815,1775848800,2026-04-10,19,20,10049,10049,1
ghost_relocated_high_10062_10049_816,1775849580,2026-04-10,19,33,10062,10049,1
ghost_relocated_high_10099_10099_817,1775851800,2026-04-10,20,10,10099,10099,1
ghost_relocated_high_10105_10105_818,1775852160,2026-04-10,20,16,10105,10105,1
ghost_relocated_high_10112_10112_819,1775852580,2026-04-10,20,23,10112,10112,1
ghost_relocated_high_10113_10113_820,1775852640,2026-04-10,20,24,10113,10113,1
ghost_relocated_high_10114_10114_821,1775852700,2026-04-10,20,25,10114,10114,1
ghost_relocated_high_10115_10115_822,1775852760,2026-04-10,20,26,10115,10115,1
ghost_relocated_high_10116_10116_823,1775852820,2026-04-10,20,27,10116,10116,1
ghost_relocated_high_10117_10117_824,1775852880,2026-04-10,20,28,10117,10117,1
ghost_relocated_high_10121_10121_825,1775853120,2026-04-10,20,32,10121,10121,1
ghost_relocated_high_10122_10122_826,1775853180,2026-04-10,20,33,10122,10122,1
ghost_relocated_high_10131_10131_827,1775853720,2026-04-10,20,42,10131,10131,1
ghost_relocated_high_10133_10133_828,1775853840,2026-04-10,20,44,10133,10133,1
ghost_relocated_high_10134_10134_829,1775853900,2026-04-10,20,45,10134,10134,1
ghost_relocated_high_10146_10146_830,1775854620,2026-04-10,20,57,10146,10146,1
ghost_relocated_high_10147_10147_831,1775854680,2026-04-10,20,58,10147,10147,1
ghost_relocated_high_10148_10148_832,1775854740,2026-04-10,20,59,10148,10148,1
ghost_relocated_low_10198_10149_833,1776034140,2026-04-12,22,49,10198,10149,1
ghost_relocated_high_10199_10161_834,1776034200,2026-04-12,22,50,10199,10161,1
ghost_relocated_high_10302_10302_835,1776040380,2026-04-13,0,33,10302,10302,1
ghost_relocated_high_10308_10302_836,1776040740,2026-04-13,0,39,10308,10302,1
ghost_relocated_high_10310_10310_837,1776040860,2026-04-13,0,41,10310,10310,1
ghost_relocated_high_10317_10317_838,1776041280,2026-04-13,0,48,10317,10317,1
ghost_relocated_high_10320_10320_839,1776041460,2026-04-13,0,51,10320,10320,1
ghost_relocated_high_10321_10321_840,1776041520,2026-04-13,0,52,10321,10321,1
ghost_relocated_high_10322_10322_841,1776041580,2026-04-13,0,53,10322,10322,1
ghost_relocated_high_10323_10323_842,1776041640,2026-04-13,0,54,10323,10323,1
ghost_relocated_high_10329_10329_843,1776042000,2026-04-13,1,0,10329,10329,1
ghost_relocated_high_10332_10332_844,1776042180,2026-04-13,1,3,10332,10332,1
ghost_relocated_high_10333_10333_845,1776042240,2026-04-13,1,4,10333,10333,1
ghost_relocated_high_10339_10339_846,1776042600,2026-04-13,1,10,10339,10339,1
ghost_relocated_high_10343_10343_847,1776042840,2026-04-13,1,14,10343,10343,1
ghost_relocated_high_10364_10364_848,1776044100,2026-04-13,1,35,10364,10364,1
ghost_relocated_high_10386_10386_849,1776045420,2026-04-13,1,57,10386,10386,1
ghost_relocated_low_10436_10415_850,1776048420,2026-04-13,2,47,10436,10415,1
ghost_relocated_low_10460_10460_851,1776049860,2026-04-13,3,11,10460,10460,1
ghost_relocated_low_10462_10462_852,1776049980,2026-04-13,3,13,10462,10462,1
ghost_relocated_low_10499_10462_853,1776052200,2026-04-13,3,50,10499,10462,1
ghost_relocated_low_10513_10513_854,1776053040,2026-04-13,4,4,10513,10513,1
ghost_relocated_high_10563_10563_855,1776056040,2026-04-13,4,54,10563,10563,1
ghost_relocated_high_10564_10564_856,1776056100,2026-04-13,4,55,10564,10564,1
ghost_relocated_low_10614_10586_857,1776059100,2026-04-13,5,45,10614,10586,1
ghost_relocated_high_10636_10631_858,1776060420,2026-04-13,6,7,10636,10631,1
ghost_relocated_high_10644_10644_859,1776060900,2026-04-13,6,15,10644,10644,1
ghost_relocated_high_10645_10645_860,1776060960,2026-04-13,6,16,10645,10645,1
ghost_relocated_high_10646_10646_861,1776061020,2026-04-13,6,17,10646,10646,1
ghost_relocated_high_10650_10650_862,1776061260,2026-04-13,6,21,10650,10650,1
ghost_relocated_high_10653_10653_863,1776061440,2026-04-13,6,24,10653,10653,1
ghost_relocated_high_10689_10689_864,1776063600,2026-04-13,7,0,10689,10689,1
ghost_relocated_high_10690_10690_865,1776063660,2026-04-13,7,1,10690,10690,1
ghost_relocated_low_10740_10714_866,1776066660,2026-04-13,7,51,10740,10714,1
ghost_relocated_high_10764_10752_867,1776068100,2026-04-13,8,15,10764,10752,1
ghost_relocated_low_10802_10790_868,1776070380,2026-04-13,8,53,10802,10790,1
ghost_relocated_high_10840_10837_869,1776072660,2026-04-13,9,31,10840,10837,1
ghost_relocated_high_10844_10844_870,1776072900,2026-04-13,9,35,10844,10844,1
ghost_relocated_low_10894_10859_871,1776075900,2026-04-13,10,25,10894,10859,1
ghost_relocated_low_10965_10965_872,1776080160,2026-04-13,11,36,10965,10965,1
ghost_relocated_low_10979_10979_873,1776081000,2026-04-13,11,50,10979,10979,1
ghost_relocated_low_10985_10985_874,1776081360,2026-04-13,11,56,10985,10985,1
ghost_relocated_low_10989_10989_875,1776081600,2026-04-13,12,0,10989,10989,1
ghost_relocated_low_10990_10990_876,1776081660,2026-04-13,12,1,10990,10990,1
ghost_relocated_low_10991_10991_877,1776081720,2026-04-13,12,2,10991,10991,1
ghost_relocated_high_11041_11036_878,1776084720,2026-04-13,12,52,11041,11036,1
ghost_relocated_high_11042_11042_879,1776084780,2026-04-13,12,53,11042,11042,1
ghost_relocated_high_11044_11044_880,1776084900,2026-04-13,12,55,11044,11044,1
ghost_relocated_high_11049_11049_881,1776085200,2026-04-13,13,0,11049,11049,1
ghost_relocated_high_11050_11050_882,1776085260,2026-04-13,13,1,11050,11050,1
ghost_relocated_high_11053_11053_883,1776085440,2026-04-13,13,4,11053,11053,1
ghost_relocated_high_11068_11068_884,1776086340,2026-04-13,13,19,11068,11068,1
ghost_relocated_high_11069_11069_885,1776086400,2026-04-13,13,20,11069,11069,1
ghost_relocated_high_11070_11070_886,1776086460,2026-04-13,13,21,11070,11070,1
ghost_relocated_high_11072_11072_887,1776086580,2026-04-13,13,23,11072,11072,1
ghost_relocated_high_11073_11073_888,1776086640,2026-04-13,13,24,11073,11073,1
ghost_relocated_high_11074_11074_889,1776086700,2026-04-13,13,25,11074,11074,1
ghost_relocated_high_11077_11077_890,1776086880,2026-04-13,13,28,11077,11077,1
ghost_relocated_high_11078_11078_891,1776086940,2026-04-13,13,29,11078,11078,1
ghost_relocated_high_11079_11079_892,1776087000,2026-04-13,13,30,11079,11079,1
ghost_relocated_high_11098_11098_893,1776088140,2026-04-13,13,49,11098,11098,1
ghost_relocated_high_11099_11099_894,1776088200,2026-04-13,13,50,11099,11099,1
ghost_relocated_high_11108_11108_895,1776088740,2026-04-13,13,59,11108,11108,1
ghost_relocated_high_11109_11109_896,1776088800,2026-04-13,14,0,11109,11109,1
ghost_relocated_high_11110_11110_897,1776088860,2026-04-13,14,1,11110,11110,1
ghost_relocated_high_11115_11115_898,1776089160,2026-04-13,14,6,11115,11115,1
ghost_relocated_high_11116_11116_899,1776089220,2026-04-13,14,7,11116,11116,1
ghost_relocated_high_11163_11163_900,1776092040,2026-04-13,14,54,11163,11163,1
ghost_relocated_high_11166_11166_901,1776092220,2026-04-13,14,57,11166,11166,1
ghost_relocated_high_11167_11167_902,1776092280,2026-04-13,14,58,11167,11167,1
ghost_relocated_low_11217_11200_903,1776095280,2026-04-13,15,48,11217,11200,1
ghost_relocated_low_11230_11230_904,1776096060,2026-04-13,16,1,11230,11230,1
ghost_relocated_low_11231_11231_905,1776096120,2026-04-13,16,2,11231,11231,1
ghost_relocated_low_11234_11234_906,1776096300,2026-04-13,16,5,11234,11234,1
ghost_relocated_high_11284_11280_907,1776099300,2026-04-13,16,55,11284,11280,1
ghost_relocated_high_11308_11308_908,1776100740,2026-04-13,17,19,11308,11308,1
ghost_relocated_low_11358_11339_909,1776103740,2026-04-13,18,9,11358,11339,1
ghost_relocated_low_11374_11374_910,1776104700,2026-04-13,18,25,11374,11374,1
ghost_relocated_low_11376_11376_911,1776104820,2026-04-13,18,27,11376,11376,1
ghost_relocated_high_11426_11404_912,1776107820,2026-04-13,19,17,11426,11404,1
ghost_relocated_high_11431_11431_913,1776108120,2026-04-13,19,22,11431,11431,1
ghost_relocated_high_11432_11432_914,1776108180,2026-04-13,19,23,11432,11432,1
ghost_relocated_high_11434_11434_915,1776108300,2026-04-13,19,25,11434,11434,1
ghost_relocated_high_11440_11440_916,1776108660,2026-04-13,19,31,11440,11440,1
ghost_relocated_high_11441_11441_917,1776108720,2026-04-13,19,32,11441,11441,1
ghost_relocated_high_11442_11442_918,1776108780,2026-04-13,19,33,11442,11442,1
ghost_relocated_high_11445_11445_919,1776108960,2026-04-13,19,36,11445,11445,1
ghost_relocated_high_11459_11459_920,1776109800,2026-04-13,19,50,11459,11459,1
ghost_relocated_high_11460_11460_921,1776109860,2026-04-13,19,51,11460,11460,1
ghost_relocated_high_11462_11462_922,1776109980,2026-04-13,19,53,11462,11462,1
ghost_relocated_high_11463_11463_923,1776110040,2026-04-13,19,54,11463,11463,1
ghost_relocated_high_11464_11464_924,1776110100,2026-04-13,19,55,11464,11464,1
ghost_relocated_high_11465_11465_925,1776110160,2026-04-13,19,56,11465,11465,1
ghost_relocated_high_11468_11468_926,1776110340,2026-04-13,19,59,11468,11468,1
ghost_relocated_high_11474_11474_927,1776110700,2026-04-13,20,5,11474,11474,1
ghost_relocated_high_11475_11475_928,1776110760,2026-04-13,20,6,11475,11475,1
ghost_relocated_high_11483_11483_929,1776111240,2026-04-13,20,14,11483,11483,1
ghost_relocated_high_11489_11489_930,1776111600,2026-04-13,20,20,11489,11489,1
ghost_relocated_high_11503_11503_931,1776112440,2026-04-13,20,34,11503,11503,1
ghost_relocated_high_11504_11504_932,1776112500,2026-04-13,20,35,11504,11504,1
ghost_relocated_high_11505_11505_933,1776112560,2026-04-13,20,36,11505,11505,1
ghost_relocated_high_11526_11526_934,1776113820,2026-04-13,20,57,11526,11526,1
ghost_relocated_high_11528_11528_935,1776113940,2026-04-13,20,59,11528,11528,1
ghost_relocated_low_11578_11529_936,1776120540,2026-04-13,22,49,11578,11529,1
ghost_relocated_low_11649_11649_937,1776124800,2026-04-14,0,0,11649,11649,1
ghost_relocated_low_11654_11654_938,1776125100,2026-04-14,0,5,11654,11654,1
ghost_relocated_low_11655_11655_939,1776125160,2026-04-14,0,6,11655,11655,1
ghost_relocated_high_11705_11688_940,1776128160,2026-04-14,0,56,11705,11688,1
ghost_relocated_low_11836_11794_941,1776136020,2026-04-14,3,7,11836,11794,1
ghost_relocated_low_11837_11837_942,1776136080,2026-04-14,3,8,11837,11837,1
ghost_relocated_low_11852_11852_943,1776136980,2026-04-14,3,23,11852,11852,1
ghost_relocated_low_11854_11854_944,1776137100,2026-04-14,3,25,11854,11854,1
ghost_relocated_low_11855_11855_945,1776137160,2026-04-14,3,26,11855,11855,1
ghost_relocated_high_11905_11904_946,1776140160,2026-04-14,4,16,11905,11904,1
ghost_relocated_high_11906_11906_947,1776140220,2026-04-14,4,17,11906,11906,1
ghost_relocated_high_11909_11909_948,1776140400,2026-04-14,4,20,11909,11909,1
ghost_relocated_high_11911_11911_949,1776140520,2026-04-14,4,22,11911,11911,1
ghost_relocated_high_11914_11914_950,1776140700,2026-04-14,4,25,11914,11914,1
ghost_relocated_high_11938_11938_951,1776142140,2026-04-14,4,49,11938,11938,1
ghost_relocated_high_11944_11944_952,1776142500,2026-04-14,4,55,11944,11944,1
ghost_relocated_high_11947_11947_953,1776142680,2026-04-14,4,58,11947,11947,1
ghost_relocated_high_11959_11959_954,1776143400,2026-04-14,5,10,11959,11959,1
ghost_relocated_high_11970_11970_955,1776144060,2026-04-14,5,21,11970,11970,1
ghost_relocated_low_12020_12019_956,1776147060,2026-04-14,6,11,12020,12019,1
ghost_relocated_low_12025_12025_957,1776147360,2026-04-14,6,16,12025,12025,1
ghost_relocated_low_12032_12032_958,1776147780,2026-04-14,6,23,12032,12032,1
ghost_relocated_low_12033_12033_959,1776147840,2026-04-14,6,24,12033,12033,1
ghost_relocated_high_12083_12078_960,1776150840,2026-04-14,7,14,12083,12078,1
ghost_relocated_high_12099_12099_961,1776151800,2026-04-14,7,30,12099,12099,1
ghost_relocated_high_12109_12109_962,1776152400,2026-04-14,7,40,12109,12109,1
ghost_relocated_high_12157_12157_963,1776155280,2026-04-14,8,28,12157,12157,1
ghost_relocated_high_12158_12158_964,1776155340,2026-04-14,8,29,12158,12158,1
ghost_relocated_high_12159_12159_965,1776155400,2026-04-14,8,30,12159,12159,1
ghost_relocated_high_12171_12171_966,1776156120,2026-04-14,8,42,12171,12171,1
ghost_relocated_high_12173_12173_967,1776156240,2026-04-14,8,44,12173,12173,1
ghost_relocated_high_12174_12174_968,1776156300,2026-04-14,8,45,12174,12174,1
ghost_relocated_high_12178_12178_969,1776156540,2026-04-14,8,49,12178,12178,1
ghost_relocated_high_12180_12180_970,1776156660,2026-04-14,8,51,12180,12180,1
ghost_relocated_high_12181_12181_971,1776156720,2026-04-14,8,52,12181,12181,1
ghost_relocated_high_12189_12189_972,1776157200,2026-04-14,9,0,12189,12189,1
ghost_relocated_high_12190_12190_973,1776157260,2026-04-14,9,1,12190,12190,1
ghost_relocated_high_12191_12191_974,1776157320,2026-04-14,9,2,12191,12191,1
ghost_relocated_low_12241_12238_975,1776160320,2026-04-14,9,52,12241,12238,1
ghost_relocated_low_12243_12243_976,1776160440,2026-04-14,9,54,12243,12243,1
ghost_relocated_low_12251_12251_977,1776160920,2026-04-14,10,2,12251,12251,1
ghost_relocated_low_12287_12287_978,1776163080,2026-04-14,10,38,12287,12287,1
ghost_relocated_low_12293_12293_979,1776163440,2026-04-14,10,44,12293,12293,1
ghost_relocated_low_12309_12309_980,1776164400,2026-04-14,11,0,12309,12309,1
ghost_relocated_low_12323_12309_981,1776165240,2026-04-14,11,14,12323,12309,1
ghost_relocated_high_12359_12359_982,1776167400,2026-04-14,11,50,12359,12359,1
ghost_relocated_high_12366_12366_983,1776167820,2026-04-14,11,57,12366,12366,1
ghost_relocated_high_12398_12398_984,1776169740,2026-04-14,12,29,12398,12398,1
ghost_relocated_high_12399_12399_985,1776169800,2026-04-14,12,30,12399,12399,1
ghost_relocated_low_12449_12423_986,1776172800,2026-04-14,13,20,12449,12423,1
ghost_relocated_low_12455_12455_987,1776173160,2026-04-14,13,26,12455,12455,1
ghost_relocated_low_12456_12456_988,1776173220,2026-04-14,13,27,12456,12456,1
ghost_relocated_high_12507_12506_989,1776176280,2026-04-14,14,18,12507,12506,1
ghost_relocated_high_12510_12510_990,1776176460,2026-04-14,14,21,12510,12510,1
ghost_relocated_high_12511_12511_991,1776176520,2026-04-14,14,22,12511,12511,1
ghost_relocated_high_12513_12513_992,1776176640,2026-04-14,14,24,12513,12513,1
ghost_relocated_high_12517_12517_993,1776176880,2026-04-14,14,28,12517,12517,1
ghost_relocated_high_12518_12518_994,1776176940,2026-04-14,14,29,12518,12518,1
ghost_relocated_high_12519_12519_995,1776177000,2026-04-14,14,30,12519,12519,1
ghost_relocated_high_12520_12520_996,1776177060,2026-04-14,14,31,12520,12520,1
ghost_relocated_high_12524_12524_997,1776177300,2026-04-14,14,35,12524,12524,1
ghost_relocated_high_12544_12544_998,1776178500,2026-04-14,14,55,12544,12544,1
ghost_relocated_high_12569_12569_999,1776180000,2026-04-14,15,20,12569,12569,1
ghost_relocated_high_12570_12570_1000,1776180060,2026-04-14,15,21,12570,12570,1
ghost_relocated_high_12571_12571_1001,1776180120,2026-04-14,15,22,12571,12571,1
ghost_relocated_high_12574_12574_1002,1776180300,2026-04-14,15,25,12574,12574,1
ghost_relocated_high_12575_12575_1003,1776180360,2026-04-14,15,26,12575,12575,1
ghost_relocated_high_12580_12580_1004,1776180660,2026-04-14,15,31,12580,12580,1
ghost_relocated_high_12581_12581_1005,1776180720,2026-04-14,15,32,12581,12581,1
ghost_relocated_high_12585_12585_1006,1776180960,2026-04-14,15,36,12585,12585,1
ghost_relocated_high_12587_12587_1007,1776181080,2026-04-14,15,38,12587,12587,1
ghost_relocated_high_12588_12588_1008,1776181140,2026-04-14,15,39,12588,12588,1
ghost_relocated_high_12592_12592_1009,1776181380,2026-04-14,15,43,12592,12592,1
ghost_relocated_high_12594_12594_1010,1776181500,2026-04-14,15,45,12594,12594,1
ghost_relocated_high_12595_12595_1011,1776181560,2026-04-14,15,46,12595,12595,1
ghost_relocated_high_12597_12597_1012,1776181680,2026-04-14,15,48,12597,12597,1
ghost_relocated_high_12598_12598_1013,1776181740,2026-04-14,15,49,12598,12598,1
ghost_relocated_high_12599_12599_1014,1776181800,2026-04-14,15,50,12599,12599,1
ghost_relocated_high_12600_12600_1015,1776181860,2026-04-14,15,51,12600,12600,1
ghost_relocated_high_12605_12600_1016,1776182160,2026-04-14,15,56,12605,12600,1
ghost_relocated_high_12626_12626_1017,1776183420,2026-04-14,16,17,12626,12626,1
ghost_relocated_high_12627_12627_1018,1776183480,2026-04-14,16,18,12627,12627,1
ghost_relocated_high_12628_12628_1019,1776183540,2026-04-14,16,19,12628,12628,1
ghost_relocated_high_12629_12629_1020,1776183600,2026-04-14,16,20,12629,12629,1
ghost_relocated_high_12632_12632_1021,1776183780,2026-04-14,16,23,12632,12632,1
ghost_relocated_high_12634_12634_1022,1776183900,2026-04-14,16,25,12634,12634,1
ghost_relocated_high_12635_12635_1023,1776183960,2026-04-14,16,26,12635,12635,1
ghost_relocated_high_12636_12636_1024,1776184020,2026-04-14,16,27,12636,12636,1
ghost_relocated_high_12639_12639_1025,1776184200,2026-04-14,16,30,12639,12639,1
ghost_relocated_high_12640_12640_1026,1776184260,2026-04-14,16,31,12640,12640,1
ghost_relocated_high_12658_12658_1027,1776185340,2026-04-14,16,49,12658,12658,1
ghost_relocated_high_12659_12659_1028,1776185400,2026-04-14,16,50,12659,12659,1
ghost_relocated_high_12686_12686_1029,1776187020,2026-04-14,17,17,12686,12686,1
ghost_relocated_high_12687_12687_1030,1776187080,2026-04-14,17,18,12687,12687,1
ghost_relocated_high_12688_12688_1031,1776187140,2026-04-14,17,19,12688,12688,1
ghost_relocated_high_12689_12689_1032,1776187200,2026-04-14,17,20,12689,12689,1
ghost_relocated_high_12691_12691_1033,1776187320,2026-04-14,17,22,12691,12691,1
ghost_relocated_high_12692_12692_1034,1776187380,2026-04-14,17,23,12692,12692,1
ghost_relocated_high_12693_12693_1035,1776187440,2026-04-14,17,24,12693,12693,1
ghost_relocated_high_12707_12707_1036,1776188280,2026-04-14,17,38,12707,12707,1
ghost_relocated_high_12709_12709_1037,1776188400,2026-04-14,17,40,12709,12709,1
ghost_relocated_high_12710_12710_1038,1776188460,2026-04-14,17,41,12710,12710,1
ghost_relocated_high_12711_12711_1039,1776188520,2026-04-14,17,42,12711,12711,1
ghost_relocated_high_12717_12717_1040,1776188880,2026-04-14,17,48,12717,12717,1
ghost_relocated_high_12719_12719_1041,1776189000,2026-04-14,17,50,12719,12719,1
ghost_relocated_low_12769_12754_1042,1776192000,2026-04-14,18,40,12769,12754,1
ghost_relocated_high_12804_12801_1043,1776194100,2026-04-14,19,15,12804,12801,1
ghost_relocated_high_12805_12805_1044,1776194160,2026-04-14,19,16,12805,12805,1
ghost_relocated_high_12806_12806_1045,1776194220,2026-04-14,19,17,12806,12806,1
ghost_relocated_high_12809_12809_1046,1776194400,2026-04-14,19,20,12809,12809,1
ghost_relocated_high_12810_12810_1047,1776194460,2026-04-14,19,21,12810,12810,1
ghost_relocated_high_12811_12811_1048,1776194520,2026-04-14,19,22,12811,12811,1
ghost_relocated_high_12812_12812_1049,1776194580,2026-04-14,19,23,12812,12812,1
ghost_relocated_high_12813_12813_1050,1776194640,2026-04-14,19,24,12813,12813,1
ghost_relocated_high_12814_12814_1051,1776194700,2026-04-14,19,25,12814,12814,1
ghost_relocated_high_12821_12821_1052,1776195120,2026-04-14,19,32,12821,12821,1
ghost_relocated_high_12848_12848_1053,1776196740,2026-04-14,19,59,12848,12848,1
ghost_relocated_low_12898_12852_1054,1776199740,2026-04-14,20,49,12898,12852,1
ghost_relocated_high_12959_12918_1055,1776207000,2026-04-14,22,50,12959,12918,1
ghost_relocated_low_12968_12943_1056,1776207540,2026-04-14,22,59,12968,12943,1
ghost_relocated_low_13069_13069_1057,1776213600,2026-04-15,0,40,13069,13069,1
ghost_relocated_low_13071_13071_1058,1776213720,2026-04-15,0,42,13071,13071,1
ghost_relocated_high_13121_13108_1059,1776216720,2026-04-15,1,32,13121,13108,1
ghost_relocated_high_13137_13137_1060,1776217680,2026-04-15,1,48,13137,13137,1
ghost_relocated_low_13187_13184_1061,1776220680,2026-04-15,2,38,13187,13184,1
ghost_relocated_low_13191_13191_1062,1776220920,2026-04-15,2,42,13191,13191,1
ghost_relocated_high_13241_13241_1063,1776223920,2026-04-15,3,32,13241,13241,1
ghost_relocated_high_13245_13245_1064,1776224160,2026-04-15,3,36,13245,13245,1
ghost_relocated_high_13247_13247_1065,1776224280,2026-04-15,3,38,13247,13247,1
ghost_relocated_high_13248_13248_1066,1776224340,2026-04-15,3,39,13248,13248,1
ghost_relocated_high_13255_13255_1067,1776224760,2026-04-15,3,46,13255,13255,1
ghost_relocated_high_13256_13256_1068,1776224820,2026-04-15,3,47,13256,13256,1
ghost_relocated_high_13257_13257_1069,1776224880,2026-04-15,3,48,13257,13257,1
ghost_relocated_high_13259_13259_1070,1776225000,2026-04-15,3,50,13259,13259,1
ghost_relocated_high_13261_13261_1071,1776225120,2026-04-15,3,52,13261,13261,1
ghost_relocated_high_13264_13264_1072,1776225300,2026-04-15,3,55,13264,13264,1
ghost_relocated_high_13265_13265_1073,1776225360,2026-04-15,3,56,13265,13265,1
ghost_relocated_low_13315_13277_1074,1776228360,2026-04-15,4,46,13315,13277,1
ghost_relocated_low_13317_13317_1075,1776228480,2026-04-15,4,48,13317,13317,1
ghost_relocated_low_13327_13327_1076,1776229080,2026-04-15,4,58,13327,13327,1
ghost_relocated_low_13333_13333_1077,1776229440,2026-04-15,5,4,13333,13333,1
ghost_relocated_low_13334_13334_1078,1776229500,2026-04-15,5,5,13334,13334,1
ghost_relocated_low_13335_13335_1079,1776229560,2026-04-15,5,6,13335,13335,1
ghost_relocated_low_13350_13350_1080,1776230460,2026-04-15,5,21,13350,13350,1
ghost_relocated_low_13351_13351_1081,1776230520,2026-04-15,5,22,13351,13351,1
ghost_relocated_low_13352_13352_1082,1776230580,2026-04-15,5,23,13352,13352,1
ghost_relocated_low_13357_13357_1083,1776230880,2026-04-15,5,28,13357,13357,1
ghost_relocated_low_13359_13359_1084,1776231000,2026-04-15,5,30,13359,13359,1
ghost_relocated_low_13366_13366_1085,1776231420,2026-04-15,5,37,13366,13366,1
ghost_relocated_low_13372_13372_1086,1776231780,2026-04-15,5,43,13372,13372,1
ghost_relocated_low_13373_13373_1087,1776231840,2026-04-15,5,44,13373,13373,1
ghost_relocated_low_13375_13375_1088,1776231960,2026-04-15,5,46,13375,13375,1
ghost_relocated_low_13379_13375_1089,1776232200,2026-04-15,5,50,13379,13375,1
ghost_relocated_low_13380_13380_1090,1776232260,2026-04-15,5,51,13380,13380,1
ghost_relocated_high_13430_13427_1091,1776235260,2026-04-15,6,41,13430,13427,1
ghost_relocated_high_13455_13455_1092,1776236760,2026-04-15,7,6,13455,13455,1
ghost_relocated_high_13490_13490_1093,1776238860,2026-04-15,7,41,13490,13490,1
ghost_relocated_high_13498_13498_1094,1776239340,2026-04-15,7,49,13498,13498,1
ghost_relocated_high_13499_13499_1095,1776239400,2026-04-15,7,50,13499,13499,1
ghost_relocated_high_13500_13500_1096,1776239460,2026-04-15,7,51,13500,13500,1
ghost_relocated_high_13511_13511_1097,1776240120,2026-04-15,8,2,13511,13511,1
ghost_relocated_high_13534_13534_1098,1776241500,2026-04-15,8,25,13534,13534,1
ghost_relocated_high_13537_13537_1099,1776241680,2026-04-15,8,28,13537,13537,1
ghost_relocated_high_13538_13538_1100,1776241740,2026-04-15,8,29,13538,13538,1
ghost_relocated_high_13539_13539_1101,1776241800,2026-04-15,8,30,13539,13539,1
ghost_relocated_high_13542_13542_1102,1776241980,2026-04-15,8,33,13542,13542,1
ghost_relocated_high_13543_13543_1103,1776242040,2026-04-15,8,34,13543,13543,1
ghost_relocated_high_13544_13543_1104,1776242100,2026-04-15,8,35,13544,13543,1
ghost_relocated_high_13551_13551_1105,1776242520,2026-04-15,8,42,13551,13551,1
ghost_relocated_high_13563_13563_1106,1776243240,2026-04-15,8,54,13563,13563,1
ghost_relocated_high_13564_13564_1107,1776243300,2026-04-15,8,55,13564,13564,1
ghost_relocated_high_13565_13565_1108,1776243360,2026-04-15,8,56,13565,13565,1
ghost_relocated_high_13570_13570_1109,1776243660,2026-04-15,9,1,13570,13570,1
ghost_relocated_low_13620_13608_1110,1776246660,2026-04-15,9,51,13620,13608,1
ghost_relocated_low_13628_13628_1111,1776247140,2026-04-15,9,59,13628,13628,1
ghost_relocated_low_13629_13629_1112,1776247200,2026-04-15,10,0,13629,13629,1
ghost_relocated_low_13644_13644_1113,1776248100,2026-04-15,10,15,13644,13644,1
ghost_relocated_low_13645_13645_1114,1776248160,2026-04-15,10,16,13645,13645,1
ghost_relocated_low_13651_13651_1115,1776248520,2026-04-15,10,22,13651,13651,1
ghost_relocated_low_13655_13655_1116,1776248760,2026-04-15,10,26,13655,13655,1
ghost_relocated_low_13656_13656_1117,1776248820,2026-04-15,10,27,13656,13656,1
ghost_relocated_low_13662_13662_1118,1776249180,2026-04-15,10,33,13662,13662,1
ghost_relocated_high_13712_13703_1119,1776252180,2026-04-15,11,23,13712,13703,1
ghost_relocated_high_13720_13720_1120,1776252660,2026-04-15,11,31,13720,13720,1
ghost_relocated_high_13735_13735_1121,1776253560,2026-04-15,11,46,13735,13735,1
ghost_relocated_low_13785_13765_1122,1776256560,2026-04-15,12,36,13785,13765,1
ghost_relocated_high_13815_13790_1123,1776258360,2026-04-15,13,6,13815,13790,1
ghost_relocated_high_13834_13834_1124,1776259500,2026-04-15,13,25,13834,13834,1
ghost_relocated_high_13835_13835_1125,1776259560,2026-04-15,13,26,13835,13835,1
ghost_relocated_high_13837_13837_1126,1776259680,2026-04-15,13,28,13837,13837,1
ghost_relocated_high_13839_13839_1127,1776259800,2026-04-15,13,30,13839,13839,1
ghost_relocated_high_13847_13847_1128,1776260280,2026-04-15,13,38,13847,13847,1
ghost_relocated_high_13848_13848_1129,1776260340,2026-04-15,13,39,13848,13848,1
ghost_relocated_high_13849_13849_1130,1776260400,2026-04-15,13,40,13849,13849,1
ghost_relocated_high_13862_13862_1131,1776261180,2026-04-15,13,53,13862,13862,1
ghost_relocated_high_13866_13866_1132,1776261420,2026-04-15,13,57,13866,13866,1
ghost_relocated_high_13867_13867_1133,1776261480,2026-04-15,13,58,13867,13867,1
ghost_relocated_high_13868_13868_1134,1776261540,2026-04-15,13,59,13868,13868,1
ghost_relocated_high_13869_13869_1135,1776261600,2026-04-15,14,0,13869,13869,1
ghost_relocated_high_13871_13871_1136,1776261720,2026-04-15,14,2,13871,13871,1
ghost_relocated_high_13872_13872_1137,1776261780,2026-04-15,14,3,13872,13872,1
ghost_relocated_high_13883_13883_1138,1776262440,2026-04-15,14,14,13883,13883,1
ghost_relocated_high_13884_13884_1139,1776262500,2026-04-15,14,15,13884,13884,1
ghost_relocated_high_13885_13885_1140,1776262560,2026-04-15,14,16,13885,13885,1
ghost_relocated_high_13886_13886_1141,1776262620,2026-04-15,14,17,13886,13886,1
ghost_relocated_high_13892_13892_1142,1776262980,2026-04-15,14,23,13892,13892,1
ghost_relocated_high_13893_13893_1143,1776263040,2026-04-15,14,24,13893,13893,1
ghost_relocated_high_13895_13895_1144,1776263160,2026-04-15,14,26,13895,13895,1
ghost_relocated_high_13898_13898_1145,1776263340,2026-04-15,14,29,13898,13898,1
ghost_relocated_high_13899_13899_1146,1776263400,2026-04-15,14,30,13899,13899,1
ghost_relocated_high_13900_13900_1147,1776263460,2026-04-15,14,31,13900,13900,1
ghost_relocated_high_13901_13901_1148,1776263520,2026-04-15,14,32,13901,13901,1
ghost_relocated_high_13902_13902_1149,1776263580,2026-04-15,14,33,13902,13902,1
ghost_relocated_high_13918_13918_1150,1776264540,2026-04-15,14,49,13918,13918,1
ghost_relocated_high_13919_13919_1151,1776264600,2026-04-15,14,50,13919,13919,1
ghost_relocated_high_13922_13922_1152,1776264780,2026-04-15,14,53,13922,13922,1
ghost_relocated_high_13925_13925_1153,1776264960,2026-04-15,14,56,13925,13925,1
ghost_relocated_high_13931_13931_1154,1776265320,2026-04-15,15,2,13931,13931,1
ghost_relocated_high_13941_13941_1155,1776265920,2026-04-15,15,12,13941,13941,1
ghost_relocated_high_13943_13943_1156,1776266040,2026-04-15,15,14,13943,13943,1
ghost_relocated_high_13944_13944_1157,1776266100,2026-04-15,15,15,13944,13944,1
ghost_relocated_high_13945_13945_1158,1776266160,2026-04-15,15,16,13945,13945,1
ghost_relocated_high_13950_13950_1159,1776266460,2026-04-15,15,21,13950,13950,1
ghost_relocated_high_13951_13951_1160,1776266520,2026-04-15,15,22,13951,13951,1
ghost_relocated_high_13955_13955_1161,1776266760,2026-04-15,15,26,13955,13955,1
ghost_relocated_high_13956_13956_1162,1776266820,2026-04-15,15,27,13956,13956,1
ghost_relocated_high_13957_13957_1163,1776266880,2026-04-15,15,28,13957,13957,1
ghost_relocated_high_13971_13971_1164,1776267720,2026-04-15,15,42,13971,13971,1
ghost_relocated_high_13972_13972_1165,1776267780,2026-04-15,15,43,13972,13972,1
ghost_relocated_high_13974_13974_1166,1776267900,2026-04-15,15,45,13974,13974,1
ghost_relocated_high_13977_13977_1167,1776268080,2026-04-15,15,48,13977,13977,1
ghost_relocated_high_13978_13978_1168,1776268140,2026-04-15,15,49,13978,13978,1
ghost_relocated_high_13997_13997_1169,1776269280,2026-04-15,16,8,13997,13997,1
ghost_relocated_high_14006_14006_1170,1776269820,2026-04-15,16,17,14006,14006,1
ghost_relocated_high_14007_14007_1171,1776269880,2026-04-15,16,18,14007,14007,1
ghost_relocated_high_14008_14008_1172,1776269940,2026-04-15,16,19,14008,14008,1
ghost_relocated_high_14009_14009_1173,1776270000,2026-04-15,16,20,14009,14009,1
ghost_relocated_high_14010_14010_1174,1776270060,2026-04-15,16,21,14010,14010,1
ghost_relocated_high_14012_14012_1175,1776270180,2026-04-15,16,23,14012,14012,1
ghost_relocated_low_14062_14045_1176,1776273180,2026-04-15,17,13,14062,14045,1
ghost_relocated_high_14095_14085_1177,1776275160,2026-04-15,17,46,14095,14085,1
ghost_relocated_high_14111_14111_1178,1776276120,2026-04-15,18,2,14111,14111,1
ghost_relocated_high_14122_14122_1179,1776276780,2026-04-15,18,13,14122,14122,1
ghost_relocated_high_14123_14123_1180,1776276840,2026-04-15,18,14,14123,14123,1
ghost_relocated_high_14124_14124_1181,1776276900,2026-04-15,18,15,14124,14124,1
ghost_relocated_high_14125_14125_1182,1776276960,2026-04-15,18,16,14125,14125,1
ghost_relocated_high_14140_14140_1183,1776277860,2026-04-15,18,31,14140,14140,1
ghost_relocated_high_14142_14142_1184,1776277980,2026-04-15,18,33,14142,14142,1
ghost_relocated_high_14143_14143_1185,1776278040,2026-04-15,18,34,14143,14143,1
ghost_relocated_high_14144_14144_1186,1776278100,2026-04-15,18,35,14144,14144,1
ghost_relocated_high_14145_14145_1187,1776278160,2026-04-15,18,36,14145,14145,1
ghost_relocated_high_14159_14159_1188,1776279000,2026-04-15,18,50,14159,14159,1
ghost_relocated_high_14160_14160_1189,1776279060,2026-04-15,18,51,14160,14160,1
ghost_relocated_high_14161_14161_1190,1776279120,2026-04-15,18,52,14161,14161,1
ghost_relocated_high_14164_14164_1191,1776279300,2026-04-15,18,55,14164,14164,1
ghost_relocated_high_14165_14165_1192,1776279360,2026-04-15,18,56,14165,14165,1
ghost_relocated_high_14166_14166_1193,1776279420,2026-04-15,18,57,14166,14166,1
ghost_relocated_high_14174_14174_1194,1776279900,2026-04-15,19,5,14174,14174,1
ghost_relocated_high_14175_14175_1195,1776279960,2026-04-15,19,6,14175,14175,1
ghost_relocated_high_14176_14176_1196,1776280020,2026-04-15,19,7,14176,14176,1
ghost_relocated_high_14177_14177_1197,1776280080,2026-04-15,19,8,14177,14177,1
ghost_relocated_high_14178_14178_1198,1776280140,2026-04-15,19,9,14178,14178,1
ghost_relocated_high_14179_14179_1199,1776280200,2026-04-15,19,10,14179,14179,1
ghost_relocated_high_14180_14180_1200,1776280260,2026-04-15,19,11,14180,14180,1
ghost_relocated_high_14194_14194_1201,1776281100,2026-04-15,19,25,14194,14194,1
ghost_relocated_high_14196_14196_1202,1776281220,2026-04-15,19,27,14196,14196,1
ghost_relocated_high_14197_14197_1203,1776281280,2026-04-15,19,28,14197,14197,1
ghost_relocated_high_14198_14198_1204,1776281340,2026-04-15,19,29,14198,14198,1
ghost_relocated_high_14199_14199_1205,1776281400,2026-04-15,19,30,14199,14199,1
ghost_relocated_high_14201_14201_1206,1776281520,2026-04-15,19,32,14201,14201,1
ghost_relocated_high_14203_14203_1207,1776281640,2026-04-15,19,34,14203,14203,1
ghost_relocated_high_14204_14204_1208,1776281700,2026-04-15,19,35,14204,14204,1
ghost_relocated_high_14219_14219_1209,1776282600,2026-04-15,19,50,14219,14219,1
ghost_relocated_high_14224_14224_1210,1776282900,2026-04-15,19,55,14224,14224,1
ghost_relocated_high_14227_14227_1211,1776283080,2026-04-15,19,58,14227,14227,1
ghost_relocated_high_14228_14228_1212,1776283140,2026-04-15,19,59,14228,14228,1
ghost_relocated_low_14278_14242_1213,1776286140,2026-04-15,20,49,14278,14242,1
ghost_relocated_low_14563_14528_1214,1776306840,2026-04-16,2,34,14563,14528,1
ghost_relocated_low_14623_14623_1215,1776310440,2026-04-16,3,34,14623,14623,1
ghost_relocated_low_14644_14623_1216,1776311700,2026-04-16,3,55,14644,14623,1
ghost_relocated_low_14649_14649_1217,1776312000,2026-04-16,4,0,14649,14649,1
ghost_relocated_low_14651_14651_1218,1776312120,2026-04-16,4,2,14651,14651,1
ghost_relocated_low_14653_14653_1219,1776312240,2026-04-16,4,4,14653,14653,1
ghost_relocated_low_14672_14672_1220,1776313380,2026-04-16,4,23,14672,14672,1
ghost_relocated_low_14675_14675_1221,1776313560,2026-04-16,4,26,14675,14675,1
ghost_relocated_low_14680_14680_1222,1776313860,2026-04-16,4,31,14680,14680,1
ghost_relocated_low_14709_14709_1223,1776315600,2026-04-16,5,0,14709,14709,1
ghost_relocated_low_14710_14710_1224,1776315660,2026-04-16,5,1,14710,14710,1
ghost_relocated_low_14711_14711_1225,1776315720,2026-04-16,5,2,14711,14711,1
ghost_relocated_high_14761_14761_1226,1776318720,2026-04-16,5,52,14761,14761,1
ghost_relocated_high_14762_14762_1227,1776318780,2026-04-16,5,53,14762,14762,1
ghost_relocated_high_14769_14769_1228,1776319200,2026-04-16,6,0,14769,14769,1
ghost_relocated_high_14770_14770_1229,1776319260,2026-04-16,6,1,14770,14770,1
ghost_relocated_high_14771_14771_1230,1776319320,2026-04-16,6,2,14771,14771,1
ghost_relocated_high_14775_14775_1231,1776319560,2026-04-16,6,6,14775,14775,1
ghost_relocated_high_14776_14776_1232,1776319620,2026-04-16,6,7,14776,14776,1
ghost_relocated_high_14778_14778_1233,1776319740,2026-04-16,6,9,14778,14778,1
ghost_relocated_high_14779_14779_1234,1776319800,2026-04-16,6,10,14779,14779,1
ghost_relocated_high_14782_14782_1235,1776319980,2026-04-16,6,13,14782,14782,1
ghost_relocated_low_14832_14789_1236,1776322980,2026-04-16,7,3,14832,14789,1
ghost_relocated_low_14834_14834_1237,1776323100,2026-04-16,7,5,14834,14834,1
ghost_relocated_low_14835_14835_1238,1776323160,2026-04-16,7,6,14835,14835,1
ghost_relocated_low_14837_14837_1239,1776323280,2026-04-16,7,8,14837,14837,1
ghost_relocated_low_14884_14884_1240,1776326100,2026-04-16,7,55,14884,14884,1
ghost_relocated_low_14886_14886_1241,1776326220,2026-04-16,7,57,14886,14886,1
ghost_relocated_low_14891_14891_1242,1776326520,2026-04-16,8,2,14891,14891,1
ghost_relocated_low_14892_14892_1243,1776326580,2026-04-16,8,3,14892,14892,1
ghost_relocated_low_14893_14893_1244,1776326640,2026-04-16,8,4,14893,14893,1
ghost_relocated_low_14894_14894_1245,1776326700,2026-04-16,8,5,14894,14894,1
ghost_relocated_low_14897_14897_1246,1776326880,2026-04-16,8,8,14897,14897,1
ghost_relocated_low_14903_14903_1247,1776327240,2026-04-16,8,14,14903,14903,1
ghost_relocated_low_14917_14917_1248,1776328080,2026-04-16,8,28,14917,14917,1
ghost_relocated_low_14919_14919_1249,1776328200,2026-04-16,8,30,14919,14919,1
ghost_relocated_low_14921_14921_1250,1776328320,2026-04-16,8,32,14921,14921,1
ghost_relocated_low_14922_14922_1251,1776328380,2026-04-16,8,33,14922,14922,1
ghost_relocated_low_14924_14924_1252,1776328500,2026-04-16,8,35,14924,14924,1
ghost_relocated_high_14974_14962_1253,1776331500,2026-04-16,9,25,14974,14962,1
ghost_relocated_high_15010_15010_1254,1776333660,2026-04-16,10,1,15010,15010,1
ghost_relocated_high_15011_15011_1255,1776333720,2026-04-16,10,2,15011,15011,1
ghost_relocated_high_15012_15012_1256,1776333780,2026-04-16,10,3,15012,15012,1
ghost_relocated_high_15014_15014_1257,1776333900,2026-04-16,10,5,15014,15014,1
ghost_relocated_low_15064_15056_1258,1776336900,2026-04-16,10,55,15064,15056,1
ghost_relocated_high_15106_15080_1259,1776339420,2026-04-16,11,37,15106,15080,1
ghost_relocated_high_15119_15119_1260,1776340200,2026-04-16,11,50,15119,15119,1
ghost_relocated_high_15130_15130_1261,1776340860,2026-04-16,12,1,15130,15130,1
ghost_relocated_high_15131_15131_1262,1776340920,2026-04-16,12,2,15131,15131,1
ghost_relocated_high_15164_15164_1263,1776342900,2026-04-16,12,35,15164,15164,1
ghost_relocated_low_15214_15183_1264,1776345900,2026-04-16,13,25,15214,15183,1
ghost_relocated_low_15219_15219_1265,1776346200,2026-04-16,13,30,15219,15219,1
ghost_relocated_low_15220_15220_1266,1776346260,2026-04-16,13,31,15220,15220,1
ghost_relocated_low_15225_15225_1267,1776346560,2026-04-16,13,36,15225,15225,1
ghost_relocated_low_15226_15226_1268,1776346620,2026-04-16,13,37,15226,15226,1
ghost_relocated_low_15230_15230_1269,1776346860,2026-04-16,13,41,15230,15230,1
ghost_relocated_low_15240_15240_1270,1776347460,2026-04-16,13,51,15240,15240,1
ghost_relocated_low_15241_15241_1271,1776347520,2026-04-16,13,52,15241,15241,1
ghost_relocated_low_15242_15242_1272,1776347580,2026-04-16,13,53,15242,15242,1
ghost_relocated_low_15243_15243_1273,1776347640,2026-04-16,13,54,15243,15243,1
ghost_relocated_low_15244_15244_1274,1776347700,2026-04-16,13,55,15244,15244,1
ghost_relocated_low_15269_15244_1275,1776349200,2026-04-16,14,20,15269,15244,1
ghost_relocated_high_15294_15294_1276,1776350700,2026-04-16,14,45,15294,15294,1
ghost_relocated_high_15298_15298_1277,1776350940,2026-04-16,14,49,15298,15298,1
ghost_relocated_high_15299_15299_1278,1776351000,2026-04-16,14,50,15299,15299,1
ghost_relocated_high_15300_15300_1279,1776351060,2026-04-16,14,51,15300,15300,1
ghost_relocated_high_15311_15311_1280,1776351720,2026-04-16,15,2,15311,15311,1
ghost_relocated_high_15312_15312_1281,1776351780,2026-04-16,15,3,15312,15312,1
ghost_relocated_high_15313_15313_1282,1776351840,2026-04-16,15,4,15313,15313,1
ghost_relocated_high_15314_15314_1283,1776351900,2026-04-16,15,5,15314,15314,1
ghost_relocated_high_15315_15315_1284,1776351960,2026-04-16,15,6,15315,15315,1
ghost_relocated_high_15317_15317_1285,1776352080,2026-04-16,15,8,15317,15317,1
ghost_relocated_high_15318_15318_1286,1776352140,2026-04-16,15,9,15318,15318,1
ghost_relocated_high_15319_15319_1287,1776352200,2026-04-16,15,10,15319,15319,1
ghost_relocated_high_15320_15320_1288,1776352260,2026-04-16,15,11,15320,15320,1
ghost_relocated_high_15324_15324_1289,1776352500,2026-04-16,15,15,15324,15324,1
ghost_relocated_high_15331_15331_1290,1776352920,2026-04-16,15,22,15331,15331,1
ghost_relocated_high_15335_15335_1291,1776353160,2026-04-16,15,26,15335,15335,1
ghost_relocated_high_15336_15336_1292,1776353220,2026-04-16,15,27,15336,15336,1
ghost_relocated_high_15337_15337_1293,1776353280,2026-04-16,15,28,15337,15337,1
ghost_relocated_high_15345_15345_1294,1776353760,2026-04-16,15,36,15345,15345,1
ghost_relocated_high_15346_15346_1295,1776353820,2026-04-16,15,37,15346,15346,1
ghost_relocated_high_15369_15369_1296,1776355200,2026-04-16,16,0,15369,15369,1
ghost_relocated_high_15380_15380_1297,1776355860,2026-04-16,16,11,15380,15380,1
ghost_relocated_high_15381_15381_1298,1776355920,2026-04-16,16,12,15381,15381,1
ghost_relocated_high_15384_15384_1299,1776356100,2026-04-16,16,15,15384,15384,1
ghost_relocated_high_15386_15386_1300,1776356220,2026-04-16,16,17,15386,15386,1
ghost_relocated_high_15387_15387_1301,1776356280,2026-04-16,16,18,15387,15387,1
ghost_relocated_low_15437_15402_1302,1776359280,2026-04-16,17,8,15437,15402,1
ghost_relocated_high_15452_15415_1303,1776360180,2026-04-16,17,23,15452,15415,1
ghost_relocated_low_15527_15517_1304,1776364680,2026-04-16,18,38,15527,15517,1
ghost_relocated_high_15567_15551_1305,1776367080,2026-04-16,19,18,15567,15551,1
ghost_relocated_high_15584_15584_1306,1776368100,2026-04-16,19,35,15584,15584,1
ghost_relocated_high_15589_15589_1307,1776368400,2026-04-16,19,40,15589,15589,1
ghost_relocated_high_15590_15590_1308,1776368460,2026-04-16,19,41,15590,15590,1
ghost_relocated_high_15591_15591_1309,1776368520,2026-04-16,19,42,15591,15591,1
ghost_relocated_high_15595_15595_1310,1776368760,2026-04-16,19,46,15595,15595,1
ghost_relocated_high_15598_15598_1311,1776368940,2026-04-16,19,49,15598,15598,1
ghost_relocated_high_15599_15599_1312,1776369000,2026-04-16,19,50,15599,15599,1
ghost_relocated_high_15607_15607_1313,1776369480,2026-04-16,19,58,15607,15607,1
ghost_relocated_low_15658_15616_1314,1776372540,2026-04-16,20,49,15658,15616,1
ghost_relocated_high_15719_15699_1315,1776379800,2026-04-16,22,50,15719,15699,1
ghost_relocated_low_15749_15742_1316,1776381600,2026-04-16,23,20,15749,15742,1
ghost_relocated_high_15792_15769_1317,1776384180,2026-04-17,0,3,15792,15769,1
ghost_relocated_high_15810_15810_1318,1776385260,2026-04-17,0,21,15810,15810,1
ghost_relocated_high_15815_15815_1319,1776385560,2026-04-17,0,26,15815,15815,1
ghost_relocated_high_15816_15816_1320,1776385620,2026-04-17,0,27,15816,15816,1
ghost_relocated_high_15819_15819_1321,1776385800,2026-04-17,0,30,15819,15819,1
ghost_relocated_high_15822_15822_1322,1776385980,2026-04-17,0,33,15822,15822,1
ghost_relocated_high_15854_15822_1323,1776387900,2026-04-17,1,5,15854,15822,1
ghost_relocated_high_15856_15856_1324,1776388020,2026-04-17,1,7,15856,15856,1
ghost_relocated_low_15906_15872_1325,1776391020,2026-04-17,1,57,15906,15872,1
ghost_relocated_low_15917_15917_1326,1776391680,2026-04-17,2,8,15917,15917,1
ghost_relocated_low_15918_15918_1327,1776391740,2026-04-17,2,9,15918,15918,1
ghost_relocated_low_15933_15933_1328,1776392640,2026-04-17,2,24,15933,15933,1
ghost_relocated_low_15934_15934_1329,1776392700,2026-04-17,2,25,15934,15934,1
ghost_relocated_low_15983_15983_1330,1776395640,2026-04-17,3,14,15983,15983,1
ghost_relocated_low_15984_15984_1331,1776395700,2026-04-17,3,15,15984,15984,1
ghost_relocated_low_16004_16004_1332,1776396900,2026-04-17,3,35,16004,16004,1
ghost_relocated_low_16006_16006_1333,1776397020,2026-04-17,3,37,16006,16006,1
ghost_relocated_high_16056_16056_1334,1776400020,2026-04-17,4,27,16056,16056,1
ghost_relocated_high_16057_16057_1335,1776400080,2026-04-17,4,28,16057,16057,1
ghost_relocated_low_16107_16092_1336,1776403080,2026-04-17,5,18,16107,16092,1
ghost_relocated_high_16142_16141_1337,1776405180,2026-04-17,5,53,16142,16141,1
ghost_relocated_high_16149_16149_1338,1776405600,2026-04-17,6,0,16149,16149,1
ghost_relocated_high_16155_16155_1339,1776405960,2026-04-17,6,6,16155,16155,1
ghost_relocated_high_16156_16156_1340,1776406020,2026-04-17,6,7,16156,16156,1
ghost_relocated_low_16206_16185_1341,1776409020,2026-04-17,6,57,16206,16185,1
ghost_relocated_high_16235_16216_1342,1776410760,2026-04-17,7,26,16235,16216,1
ghost_relocated_high_16263_16263_1343,1776412440,2026-04-17,7,54,16263,16263,1
ghost_relocated_high_16265_16265_1344,1776412560,2026-04-17,7,56,16265,16265,1
ghost_relocated_high_16266_16266_1345,1776412620,2026-04-17,7,57,16266,16266,1
ghost_relocated_high_16269_16269_1346,1776412800,2026-04-17,8,0,16269,16269,1
ghost_relocated_high_16272_16272_1347,1776412980,2026-04-17,8,3,16272,16272,1
ghost_relocated_high_16273_16273_1348,1776413040,2026-04-17,8,4,16273,16273,1
ghost_relocated_high_16289_16289_1349,1776414000,2026-04-17,8,20,16289,16289,1
ghost_relocated_high_16297_16297_1350,1776414480,2026-04-17,8,28,16297,16297,1
ghost_relocated_high_16298_16298_1351,1776414540,2026-04-17,8,29,16298,16298,1
ghost_relocated_high_16299_16299_1352,1776414600,2026-04-17,8,30,16299,16299,1
ghost_relocated_high_16309_16309_1353,1776415200,2026-04-17,8,40,16309,16309,1
ghost_relocated_high_16310_16310_1354,1776415260,2026-04-17,8,41,16310,16310,1
ghost_relocated_high_16311_16311_1355,1776415320,2026-04-17,8,42,16311,16311,1
ghost_relocated_high_16312_16312_1356,1776415380,2026-04-17,8,43,16312,16312,1
ghost_relocated_high_16313_16313_1357,1776415440,2026-04-17,8,44,16313,16313,1
ghost_relocated_high_16318_16318_1358,1776415740,2026-04-17,8,49,16318,16318,1
ghost_relocated_high_16319_16319_1359,1776415800,2026-04-17,8,50,16319,16319,1
ghost_relocated_high_16320_16320_1360,1776415860,2026-04-17,8,51,16320,16320,1
ghost_relocated_high_16323_16323_1361,1776416040,2026-04-17,8,54,16323,16323,1
ghost_relocated_high_16324_16324_1362,1776416100,2026-04-17,8,55,16324,16324,1
ghost_relocated_high_16325_16325_1363,1776416160,2026-04-17,8,56,16325,16325,1
ghost_relocated_high_16336_16336_1364,1776416820,2026-04-17,9,7,16336,16336,1
ghost_relocated_high_16337_16337_1365,1776416880,2026-04-17,9,8,16337,16337,1
ghost_relocated_high_16358_16358_1366,1776418140,2026-04-17,9,29,16358,16358,1
ghost_relocated_high_16380_16380_1367,1776419460,2026-04-17,9,51,16380,16380,1
ghost_relocated_high_16381_16381_1368,1776419520,2026-04-17,9,52,16381,16381,1
ghost_relocated_high_16382_16382_1369,1776419580,2026-04-17,9,53,16382,16382,1
ghost_relocated_high_16383_16383_1370,1776419640,2026-04-17,9,54,16383,16383,1
ghost_relocated_high_16386_16386_1371,1776419820,2026-04-17,9,57,16386,16386,1
ghost_relocated_high_16387_16387_1372,1776419880,2026-04-17,9,58,16387,16387,1
ghost_relocated_high_16396_16396_1373,1776420420,2026-04-17,10,7,16396,16396,1
ghost_relocated_high_16397_16397_1374,1776420480,2026-04-17,10,8,16397,16397,1
ghost_relocated_high_16398_16398_1375,1776420540,2026-04-17,10,9,16398,16398,1
ghost_relocated_high_16399_16399_1376,1776420600,2026-04-17,10,10,16399,16399,1
ghost_relocated_high_16402_16402_1377,1776420780,2026-04-17,10,13,16402,16402,1
ghost_relocated_low_16452_16432_1378,1776423780,2026-04-17,11,3,16452,16432,1
ghost_relocated_high_16482_16480_1379,1776425580,2026-04-17,11,33,16482,16480,1
ghost_relocated_high_16486_16486_1380,1776425820,2026-04-17,11,37,16486,16486,1
ghost_relocated_high_16495_16495_1381,1776426360,2026-04-17,11,46,16495,16495,1
ghost_relocated_high_16497_16497_1382,1776426480,2026-04-17,11,48,16497,16497,1
ghost_relocated_high_16499_16499_1383,1776426600,2026-04-17,11,50,16499,16499,1
ghost_relocated_high_16500_16500_1384,1776426660,2026-04-17,11,51,16500,16500,1
ghost_relocated_high_16504_16504_1385,1776426900,2026-04-17,11,55,16504,16504,1
ghost_relocated_high_16509_16509_1386,1776427200,2026-04-17,12,0,16509,16509,1
ghost_relocated_high_16510_16510_1387,1776427260,2026-04-17,12,1,16510,16510,1
ghost_relocated_high_16511_16511_1388,1776427320,2026-04-17,12,2,16511,16511,1
ghost_relocated_high_16512_16512_1389,1776427380,2026-04-17,12,3,16512,16512,1
ghost_relocated_high_16513_16513_1390,1776427440,2026-04-17,12,4,16513,16513,1
ghost_relocated_high_16514_16514_1391,1776427500,2026-04-17,12,5,16514,16514,1
ghost_relocated_high_16515_16515_1392,1776427560,2026-04-17,12,6,16515,16515,1
ghost_relocated_high_16521_16521_1393,1776427920,2026-04-17,12,12,16521,16521,1
ghost_relocated_high_16522_16522_1394,1776427980,2026-04-17,12,13,16522,16522,1
ghost_relocated_high_16533_16533_1395,1776428640,2026-04-17,12,24,16533,16533,1
ghost_relocated_high_16534_16534_1396,1776428700,2026-04-17,12,25,16534,16534,1
ghost_relocated_high_16539_16539_1397,1776429000,2026-04-17,12,30,16539,16539,1
ghost_relocated_high_16555_16555_1398,1776429960,2026-04-17,12,46,16555,16555,1
ghost_relocated_high_16556_16556_1399,1776430020,2026-04-17,12,47,16556,16556,1
ghost_relocated_high_16557_16557_1400,1776430080,2026-04-17,12,48,16557,16557,1
ghost_relocated_high_16558_16558_1401,1776430140,2026-04-17,12,49,16558,16558,1
ghost_relocated_high_16559_16559_1402,1776430200,2026-04-17,12,50,16559,16559,1
ghost_relocated_high_16568_16568_1403,1776430740,2026-04-17,12,59,16568,16568,1
ghost_relocated_high_16575_16575_1404,1776431160,2026-04-17,13,6,16575,16575,1
ghost_relocated_high_16576_16576_1405,1776431220,2026-04-17,13,7,16576,16576,1
ghost_relocated_high_16577_16577_1406,1776431280,2026-04-17,13,8,16577,16577,1
ghost_relocated_high_16578_16578_1407,1776431340,2026-04-17,13,9,16578,16578,1
ghost_relocated_high_16579_16579_1408,1776431400,2026-04-17,13,10,16579,16579,1
ghost_relocated_high_16580_16580_1409,1776431460,2026-04-17,13,11,16580,16580,1
ghost_relocated_high_16583_16583_1410,1776431640,2026-04-17,13,14,16583,16583,1
ghost_relocated_low_16633_16602_1411,1776434640,2026-04-17,14,4,16633,16602,1
ghost_relocated_low_16775_16749_1412,1776443160,2026-04-17,16,26,16775,16749,1
ghost_relocated_high_16799_16785_1413,1776444600,2026-04-17,16,50,16799,16785,1
ghost_relocated_low_16835_16833_1414,1776446760,2026-04-17,17,26,16835,16833,1
ghost_relocated_high_16883_16856_1415,1776449640,2026-04-17,18,14,16883,16856,1
ghost_relocated_high_16941_16907_1416,1776453120,2026-04-17,19,12,16941,16907,1
ghost_relocated_high_16968_16968_1417,1776454740,2026-04-17,19,39,16968,16968,1
ghost_relocated_high_16969_16969_1418,1776454800,2026-04-17,19,40,16969,16969,1
ghost_relocated_high_16971_16971_1419,1776454920,2026-04-17,19,42,16971,16971,1
ghost_relocated_high_16972_16972_1420,1776454980,2026-04-17,19,43,16972,16972,1
ghost_relocated_high_16984_16984_1421,1776455700,2026-04-17,19,55,16984,16984,1
ghost_relocated_high_16985_16985_1422,1776455760,2026-04-17,19,56,16985,16985,1
ghost_relocated_high_16988_16988_1423,1776455940,2026-04-17,19,59,16988,16988,1
ghost_relocated_high_16989_16989_1424,1776456000,2026-04-17,20,0,16989,16989,1
ghost_relocated_high_16991_16991_1425,1776456120,2026-04-17,20,2,16991,16991,1
ghost_relocated_high_16993_16991_1426,1776456240,2026-04-17,20,4,16993,16991,1
ghost_relocated_high_16995_16995_1427,1776456360,2026-04-17,20,6,16995,16995,1
ghost_relocated_high_17001_17001_1428,1776456720,2026-04-17,20,12,17001,17001,1
ghost_relocated_high_17002_17002_1429,1776456780,2026-04-17,20,13,17002,17002,1
ghost_relocated_high_17003_17003_1430,1776456840,2026-04-17,20,14,17003,17003,1
ghost_relocated_high_17005_17005_1431,1776456960,2026-04-17,20,16,17005,17005,1
ghost_relocated_low_17055_17049_1432,1776636360,2026-04-19,22,6,17055,17049,1
ghost_relocated_high_17099_17099_1433,1776639000,2026-04-19,22,50,17099,17099,1
ghost_relocated_high_17101_17101_1434,1776639120,2026-04-19,22,52,17101,17101,1
ghost_relocated_high_17102_17102_1435,1776639180,2026-04-19,22,53,17102,17102,1
ghost_relocated_high_17104_17104_1436,1776639300,2026-04-19,22,55,17104,17104,1
ghost_relocated_high_17118_17118_1437,1776640140,2026-04-19,23,9,17118,17118,1
ghost_relocated_high_17119_17119_1438,1776640200,2026-04-19,23,10,17119,17119,1
ghost_relocated_low_17169_17169_1439,1776643200,2026-04-20,0,0,17169,17169,1
ghost_relocated_low_17176_17176_1440,1776643620,2026-04-20,0,7,17176,17176,1
ghost_relocated_low_17177_17177_1441,1776643680,2026-04-20,0,8,17177,17177,1
ghost_relocated_high_17227_17218_1442,1776646680,2026-04-20,0,58,17227,17218,1
ghost_relocated_high_17230_17230_1443,1776646860,2026-04-20,1,1,17230,17230,1
ghost_relocated_high_17231_17231_1444,1776646920,2026-04-20,1,2,17231,17231,1
ghost_relocated_high_17234_17234_1445,1776647100,2026-04-20,1,5,17234,17234,1
ghost_relocated_high_17238_17238_1446,1776647340,2026-04-20,1,9,17238,17238,1
ghost_relocated_high_17239_17239_1447,1776647400,2026-04-20,1,10,17239,17239,1
ghost_relocated_high_17240_17240_1448,1776647460,2026-04-20,1,11,17240,17240,1
ghost_relocated_high_17268_17268_1449,1776649140,2026-04-20,1,39,17268,17268,1
ghost_relocated_high_17271_17271_1450,1776649320,2026-04-20,1,42,17271,17271,1
ghost_relocated_high_17282_17282_1451,1776649980,2026-04-20,1,53,17282,17282,1
ghost_relocated_high_17284_17284_1452,1776650100,2026-04-20,1,55,17284,17284,1
ghost_relocated_high_17285_17285_1453,1776650160,2026-04-20,1,56,17285,17285,1
ghost_relocated_low_17335_17303_1454,1776653160,2026-04-20,2,46,17335,17303,1
ghost_relocated_low_17336_17336_1455,1776653220,2026-04-20,2,47,17336,17336,1
ghost_relocated_low_17337_17337_1456,1776653280,2026-04-20,2,48,17337,17337,1
ghost_relocated_low_17366_17366_1457,1776655020,2026-04-20,3,17,17366,17366,1
ghost_relocated_low_17395_17395_1458,1776656760,2026-04-20,3,46,17395,17395,1
ghost_relocated_low_17405_17405_1459,1776657360,2026-04-20,3,56,17405,17405,1
ghost_relocated_low_17407_17407_1460,1776657480,2026-04-20,3,58,17407,17407,1
ghost_relocated_low_17409_17409_1461,1776657600,2026-04-20,4,0,17409,17409,1
ghost_relocated_low_17411_17411_1462,1776657720,2026-04-20,4,2,17411,17411,1
ghost_relocated_low_17429_17429_1463,1776658800,2026-04-20,4,20,17429,17429,1
ghost_relocated_low_17430_17430_1464,1776658860,2026-04-20,4,21,17430,17430,1
ghost_relocated_low_17440_17440_1465,1776659460,2026-04-20,4,31,17440,17440,1
ghost_relocated_low_17443_17443_1466,1776659640,2026-04-20,4,34,17443,17443,1
ghost_relocated_low_17444_17444_1467,1776659700,2026-04-20,4,35,17444,17444,1
ghost_relocated_low_17445_17445_1468,1776659760,2026-04-20,4,36,17445,17445,1
ghost_relocated_low_17446_17446_1469,1776659820,2026-04-20,4,37,17446,17446,1
ghost_relocated_low_17447_17447_1470,1776659880,2026-04-20,4,38,17447,17447,1
ghost_relocated_low_17495_17495_1471,1776662760,2026-04-20,5,26,17495,17495,1
ghost_relocated_low_17499_17499_1472,1776663000,2026-04-20,5,30,17499,17499,1
ghost_relocated_low_17500_17500_1473,1776663060,2026-04-20,5,31,17500,17500,1
ghost_relocated_low_17509_17509_1474,1776663600,2026-04-20,5,40,17509,17509,1
ghost_relocated_low_17513_17513_1475,1776663840,2026-04-20,5,44,17513,17513,1
ghost_relocated_high_17563_17559_1476,1776666840,2026-04-20,6,34,17563,17559,1
ghost_relocated_high_17585_17585_1477,1776668160,2026-04-20,6,56,17585,17585,1
ghost_relocated_high_17586_17586_1478,1776668220,2026-04-20,6,57,17586,17586,1
ghost_relocated_high_17589_17589_1479,1776668400,2026-04-20,7,0,17589,17589,1
ghost_relocated_high_17592_17592_1480,1776668580,2026-04-20,7,3,17592,17592,1
ghost_relocated_high_17610_17610_1481,1776669660,2026-04-20,7,21,17610,17610,1
ghost_relocated_high_17611_17611_1482,1776669720,2026-04-20,7,22,17611,17611,1
ghost_relocated_low_17661_17656_1483,1776672720,2026-04-20,8,12,17661,17656,1
ghost_relocated_high_17706_17706_1484,1776675420,2026-04-20,8,57,17706,17706,1
ghost_relocated_high_17707_17707_1485,1776675480,2026-04-20,8,58,17707,17707,1
ghost_relocated_high_17714_17714_1486,1776675900,2026-04-20,9,5,17714,17714,1
ghost_relocated_high_17715_17715_1487,1776675960,2026-04-20,9,6,17715,17715,1
ghost_relocated_low_17765_17727_1488,1776678960,2026-04-20,9,56,17765,17727,1
ghost_relocated_low_17830_17830_1489,1776682860,2026-04-20,11,1,17830,17830,1
ghost_relocated_low_17832_17832_1490,1776682980,2026-04-20,11,3,17832,17832,1
ghost_relocated_low_17833_17833_1491,1776683040,2026-04-20,11,4,17833,17833,1
ghost_relocated_high_17883_17876_1492,1776686040,2026-04-20,11,54,17883,17876,1
ghost_relocated_high_17893_17893_1493,1776686640,2026-04-20,12,4,17893,17893,1
ghost_relocated_high_17910_17910_1494,1776687660,2026-04-20,12,21,17910,17910,1
ghost_relocated_high_17919_17919_1495,1776688200,2026-04-20,12,30,17919,17919,1
ghost_relocated_high_17924_17924_1496,1776688500,2026-04-20,12,35,17924,17924,1
ghost_relocated_high_17925_17925_1497,1776688560,2026-04-20,12,36,17925,17925,1
ghost_relocated_high_17932_17932_1498,1776688980,2026-04-20,12,43,17932,17932,1
ghost_relocated_high_17934_17934_1499,1776689100,2026-04-20,12,45,17934,17934,1
ghost_relocated_high_17936_17936_1500,1776689220,2026-04-20,12,47,17936,17936,1
ghost_relocated_high_17937_17937_1501,1776689280,2026-04-20,12,48,17937,17937,1
ghost_relocated_high_17938_17938_1502,1776689340,2026-04-20,12,49,17938,17938,1
ghost_relocated_high_17939_17939_1503,1776689400,2026-04-20,12,50,17939,17939,1
ghost_relocated_high_17940_17940_1504,1776689460,2026-04-20,12,51,17940,17940,1
ghost_relocated_high_17957_17957_1505,1776690480,2026-04-20,13,8,17957,17957,1
ghost_relocated_high_17979_17979_1506,1776691800,2026-04-20,13,30,17979,17979,1
ghost_relocated_low_18029_17998_1507,1776694800,2026-04-20,14,20,18029,17998,1
ghost_relocated_low_18040_18040_1508,1776695460,2026-04-20,14,31,18040,18040,1
ghost_relocated_low_18043_18043_1509,1776695640,2026-04-20,14,34,18043,18043,1
ghost_relocated_low_18050_18050_1510,1776696060,2026-04-20,14,41,18050,18050,1
ghost_relocated_low_18055_18055_1511,1776696360,2026-04-20,14,46,18055,18055,1
ghost_relocated_low_18060_18060_1512,1776696660,2026-04-20,14,51,18060,18060,1
ghost_relocated_low_18072_18072_1513,1776697380,2026-04-20,15,3,18072,18072,1
ghost_relocated_low_18073_18073_1514,1776697440,2026-04-20,15,4,18073,18073,1
ghost_relocated_low_18074_18074_1515,1776697500,2026-04-20,15,5,18074,18074,1
ghost_relocated_low_18075_18075_1516,1776697560,2026-04-20,15,6,18075,18075,1
ghost_relocated_low_18076_18076_1517,1776697620,2026-04-20,15,7,18076,18076,1
ghost_relocated_high_18126_18098_1518,1776700620,2026-04-20,15,57,18126,18098,1
ghost_relocated_high_18208_18208_1519,1776705540,2026-04-20,17,19,18208,18208,1
ghost_relocated_high_18212_18212_1520,1776705780,2026-04-20,17,23,18212,18212,1
ghost_relocated_high_18213_18213_1521,1776705840,2026-04-20,17,24,18213,18213,1
ghost_relocated_high_18229_18229_1522,1776706800,2026-04-20,17,40,18229,18229,1
ghost_relocated_high_18238_18238_1523,1776707340,2026-04-20,17,49,18238,18238,1
ghost_relocated_high_18239_18239_1524,1776707400,2026-04-20,17,50,18239,18239,1
ghost_relocated_high_18240_18240_1525,1776707460,2026-04-20,17,51,18240,18240,1
ghost_relocated_high_18243_18243_1526,1776707640,2026-04-20,17,54,18243,18243,1
ghost_relocated_high_18257_18257_1527,1776708480,2026-04-20,18,8,18257,18257,1
ghost_relocated_high_18268_18268_1528,1776709140,2026-04-20,18,19,18268,18268,1
ghost_relocated_high_18269_18269_1529,1776709200,2026-04-20,18,20,18269,18269,1
ghost_relocated_high_18273_18273_1530,1776709440,2026-04-20,18,24,18273,18273,1
ghost_relocated_high_18276_18276_1531,1776709620,2026-04-20,18,27,18276,18276,1
ghost_relocated_high_18277_18277_1532,1776709680,2026-04-20,18,28,18277,18277,1
ghost_relocated_high_18300_18300_1533,1776711060,2026-04-20,18,51,18300,18300,1
ghost_relocated_high_18303_18303_1534,1776711240,2026-04-20,18,54,18303,18303,1
ghost_relocated_high_18304_18304_1535,1776711300,2026-04-20,18,55,18304,18304,1
ghost_relocated_low_18354_18353_1536,1776714300,2026-04-20,19,45,18354,18353,1
ghost_relocated_low_18355_18355_1537,1776714360,2026-04-20,19,46,18355,18355,1
ghost_relocated_low_18361_18361_1538,1776714720,2026-04-20,19,52,18361,18361,1
ghost_relocated_high_18411_18406_1539,1776717720,2026-04-20,20,42,18411,18406,1
ghost_relocated_high_18434_18434_1540,1776722700,2026-04-20,22,5,18434,18434,1
ghost_relocated_high_18435_18435_1541,1776722760,2026-04-20,22,6,18435,18435,1
ghost_relocated_low_18485_18459_1542,1776725760,2026-04-20,22,56,18485,18459,1
ghost_relocated_low_18512_18512_1543,1776727380,2026-04-20,23,23,18512,18512,1
ghost_relocated_low_18539_18539_1544,1776729000,2026-04-20,23,50,18539,18539,1
ghost_relocated_low_18545_18545_1545,1776729360,2026-04-20,23,56,18545,18545,1
ghost_relocated_low_18581_18581_1546,1776731520,2026-04-21,0,32,18581,18581,1
ghost_relocated_low_18582_18582_1547,1776731580,2026-04-21,0,33,18582,18582,1
ghost_relocated_low_18587_18587_1548,1776731880,2026-04-21,0,38,18587,18587,1
ghost_relocated_high_18637_18596_1549,1776734880,2026-04-21,1,28,18637,18596,1
ghost_relocated_low_18646_18625_1550,1776735420,2026-04-21,1,37,18646,18625,1
ghost_relocated_low_18664_18664_1551,1776736500,2026-04-21,1,55,18664,18664,1
ghost_relocated_low_18665_18665_1552,1776736560,2026-04-21,1,56,18665,18665,1
ghost_relocated_low_18667_18667_1553,1776736680,2026-04-21,1,58,18667,18667,1
ghost_relocated_high_18717_18688_1554,1776739680,2026-04-21,2,48,18717,18688,1
ghost_relocated_high_18801_18794_1555,1776744720,2026-04-21,4,12,18801,18794,1
ghost_relocated_high_18804_18804_1556,1776744900,2026-04-21,4,15,18804,18804,1
ghost_relocated_high_18812_18812_1557,1776745380,2026-04-21,4,23,18812,18812,1
ghost_relocated_high_18813_18813_1558,1776745440,2026-04-21,4,24,18813,18813,1
ghost_relocated_high_18815_18815_1559,1776745560,2026-04-21,4,26,18815,18815,1
ghost_relocated_high_18820_18820_1560,1776745860,2026-04-21,4,31,18820,18820,1
ghost_relocated_high_18825_18825_1561,1776746160,2026-04-21,4,36,18825,18825,1
ghost_relocated_high_18826_18826_1562,1776746220,2026-04-21,4,37,18826,18826,1
ghost_relocated_high_18827_18827_1563,1776746280,2026-04-21,4,38,18827,18827,1
ghost_relocated_high_18853_18853_1564,1776747840,2026-04-21,5,4,18853,18853,1
ghost_relocated_high_18854_18854_1565,1776747900,2026-04-21,5,5,18854,18854,1
ghost_relocated_high_18855_18855_1566,1776747960,2026-04-21,5,6,18855,18855,1
ghost_relocated_high_18875_18875_1567,1776749160,2026-04-21,5,26,18875,18875,1
ghost_relocated_high_18916_18916_1568,1776751680,2026-04-21,6,8,18916,18916,1
ghost_relocated_high_18918_18918_1569,1776751800,2026-04-21,6,10,18918,18918,1
ghost_relocated_high_18948_18918_1570,1776753600,2026-04-21,6,40,18948,18918,1
ghost_relocated_low_18968_18968_1571,1776754800,2026-04-21,7,0,18968,18968,1
ghost_relocated_low_18970_18970_1572,1776754920,2026-04-21,7,2,18970,18970,1
ghost_relocated_low_18971_18971_1573,1776754980,2026-04-21,7,3,18971,18971,1
ghost_relocated_low_18972_18972_1574,1776755040,2026-04-21,7,4,18972,18972,1
ghost_relocated_low_18985_18985_1575,1776755820,2026-04-21,7,17,18985,18985,1
ghost_relocated_low_19001_19001_1576,1776756780,2026-04-21,7,33,19001,19001,1
ghost_relocated_low_19002_19002_1577,1776756840,2026-04-21,7,34,19002,19002,1
ghost_relocated_low_19034_19034_1578,1776758760,2026-04-21,8,6,19034,19034,1
ghost_relocated_high_19084_19075_1579,1776761760,2026-04-21,8,56,19084,19075,1
ghost_relocated_low_19125_19096_1580,1776764220,2026-04-21,9,37,19125,19096,1
ghost_relocated_high_19146_19143_1581,1776765480,2026-04-21,9,58,19146,19143,1
ghost_relocated_high_19154_19154_1582,1776765960,2026-04-21,10,6,19154,19154,1
ghost_relocated_high_19155_19155_1583,1776766020,2026-04-21,10,7,19155,19155,1
ghost_relocated_high_19156_19156_1584,1776766080,2026-04-21,10,8,19156,19156,1
ghost_relocated_high_19157_19157_1585,1776766140,2026-04-21,10,9,19157,19157,1
ghost_relocated_high_19186_19186_1586,1776767880,2026-04-21,10,38,19186,19186,1
ghost_relocated_high_19187_19187_1587,1776767940,2026-04-21,10,39,19187,19187,1
ghost_relocated_high_19193_19193_1588,1776768300,2026-04-21,10,45,19193,19193,1
ghost_relocated_high_19197_19197_1589,1776768540,2026-04-21,10,49,19197,19197,1
ghost_relocated_high_19198_19198_1590,1776768600,2026-04-21,10,50,19198,19198,1
ghost_relocated_high_19199_19199_1591,1776768660,2026-04-21,10,51,19199,19199,1
ghost_relocated_high_19203_19203_1592,1776768900,2026-04-21,10,55,19203,19203,1
ghost_relocated_high_19204_19204_1593,1776768960,2026-04-21,10,56,19204,19204,1
ghost_relocated_high_19214_19214_1594,1776769560,2026-04-21,11,6,19214,19214,1
ghost_relocated_high_19240_19240_1595,1776771120,2026-04-21,11,32,19240,19240,1
ghost_relocated_high_19241_19241_1596,1776771180,2026-04-21,11,33,19241,19241,1
ghost_relocated_high_19244_19244_1597,1776771360,2026-04-21,11,36,19244,19244,1
ghost_relocated_high_19247_19247_1598,1776771540,2026-04-21,11,39,19247,19247,1
ghost_relocated_high_19248_19248_1599,1776771600,2026-04-21,11,40,19248,19248,1
ghost_relocated_high_19267_19248_1600,1776772740,2026-04-21,11,59,19267,19248,1
ghost_relocated_low_19298_19288_1601,1776774600,2026-04-21,12,30,19298,19288,1
ghost_relocated_low_19306_19306_1602,1776775080,2026-04-21,12,38,19306,19306,1
ghost_relocated_low_19311_19311_1603,1776775380,2026-04-21,12,43,19311,19311,1
ghost_relocated_low_19312_19312_1604,1776775440,2026-04-21,12,44,19312,19312,1
ghost_relocated_low_19318_19318_1605,1776775800,2026-04-21,12,50,19318,19318,1
ghost_relocated_low_19325_19325_1606,1776776220,2026-04-21,12,57,19325,19325,1
ghost_relocated_low_19332_19332_1607,1776776640,2026-04-21,13,4,19332,19332,1
ghost_relocated_low_19333_19333_1608,1776776700,2026-04-21,13,5,19333,19333,1
ghost_relocated_low_19336_19336_1609,1776776880,2026-04-21,13,8,19336,19336,1
ghost_relocated_low_19351_19351_1610,1776777780,2026-04-21,13,23,19351,19351,1
ghost_relocated_low_19358_19358_1611,1776778200,2026-04-21,13,30,19358,19358,1
ghost_relocated_low_19359_19359_1612,1776778260,2026-04-21,13,31,19359,19359,1
ghost_relocated_low_19360_19360_1613,1776778320,2026-04-21,13,32,19360,19360,1
ghost_relocated_low_19363_19363_1614,1776778500,2026-04-21,13,35,19363,19363,1
ghost_relocated_high_19413_19405_1615,1776781500,2026-04-21,14,25,19413,19405,1
ghost_relocated_low_19455_19453_1616,1776784020,2026-04-21,15,7,19455,19453,1
ghost_relocated_high_19503_19468_1617,1776786900,2026-04-21,15,55,19503,19468,1
ghost_relocated_high_19638_19611_1618,1776795000,2026-04-21,18,10,19638,19611,1
ghost_relocated_low_19661_19644_1619,1776796380,2026-04-21,18,33,19661,19644,1
ghost_relocated_low_19730_19730_1620,1776800520,2026-04-21,19,42,19730,19730,1
ghost_relocated_low_19731_19731_1621,1776800580,2026-04-21,19,43,19731,19731,1
ghost_relocated_low_19732_19732_1622,1776800640,2026-04-21,19,44,19732,19732,1
ghost_relocated_high_19782_19760_1623,1776803640,2026-04-21,20,34,19782,19760,1
ghost_relocated_low_19810_19795_1624,1776808920,2026-04-21,22,2,19810,19795,1
ghost_relocated_high_19916_19916_1625,1776815280,2026-04-21,23,48,19916,19916,1
ghost_relocated_high_19918_19918_1626,1776815400,2026-04-21,23,50,19918,19918,1
ghost_relocated_high_19919_19919_1627,1776815460,2026-04-21,23,51,19919,19919,1
ghost_relocated_high_19928_19928_1628,1776816000,2026-04-22,0,0,19928,19928,1
ghost_relocated_high_19936_19936_1629,1776816480,2026-04-22,0,8,19936,19936,1
ghost_relocated_high_19937_19937_1630,1776816540,2026-04-22,0,9,19937,19937,1
ghost_relocated_high_19938_19938_1631,1776816600,2026-04-22,0,10,19938,19938,1
ghost_relocated_high_19939_19939_1632,1776816660,2026-04-22,0,11,19939,19939,1
ghost_relocated_high_19940_19940_1633,1776816720,2026-04-22,0,12,19940,19940,1
ghost_relocated_high_19942_19942_1634,1776816840,2026-04-22,0,14,19942,19942,1
ghost_relocated_high_19945_19945_1635,1776817020,2026-04-22,0,17,19945,19945,1
ghost_relocated_high_19946_19946_1636,1776817080,2026-04-22,0,18,19946,19946,1
ghost_relocated_high_19950_19950_1637,1776817320,2026-04-22,0,22,19950,19950,1
ghost_relocated_high_19959_19959_1638,1776817860,2026-04-22,0,31,19959,19959,1
ghost_relocated_low_20009_19979_1639,1776820860,2026-04-22,1,21,20009,19979,1
ghost_relocated_low_20127_20122_1640,1776827940,2026-04-22,3,19,20127,20122,1
ghost_relocated_low_20128_20128_1641,1776828000,2026-04-22,3,20,20128,20128,1
ghost_relocated_high_20178_20140_1642,1776831000,2026-04-22,4,10,20178,20140,1
ghost_relocated_high_20244_20244_1643,1776834960,2026-04-22,5,16,20244,20244,1
ghost_relocated_high_20253_20253_1644,1776835500,2026-04-22,5,25,20253,20253,1
ghost_relocated_high_20278_20253_1645,1776837000,2026-04-22,5,50,20278,20253,1
ghost_relocated_low_20303_20297_1646,1776838500,2026-04-22,6,15,20303,20297,1
ghost_relocated_low_20305_20305_1647,1776838620,2026-04-22,6,17,20305,20305,1
ghost_relocated_high_20355_20318_1648,1776841620,2026-04-22,7,7,20355,20318,1
ghost_relocated_high_20357_20357_1649,1776841740,2026-04-22,7,9,20357,20357,1
ghost_relocated_high_20358_20358_1650,1776841800,2026-04-22,7,10,20358,20358,1
ghost_relocated_high_20362_20362_1651,1776842040,2026-04-22,7,14,20362,20362,1
ghost_relocated_high_20373_20373_1652,1776842700,2026-04-22,7,25,20373,20373,1
ghost_relocated_high_20375_20375_1653,1776842820,2026-04-22,7,27,20375,20375,1
ghost_relocated_high_20377_20377_1654,1776842940,2026-04-22,7,29,20377,20377,1
ghost_relocated_high_20380_20380_1655,1776843120,2026-04-22,7,32,20380,20380,1
ghost_relocated_high_20383_20383_1656,1776843300,2026-04-22,7,35,20383,20383,1
ghost_relocated_high_20391_20391_1657,1776843780,2026-04-22,7,43,20391,20391,1
ghost_relocated_high_20392_20392_1658,1776843840,2026-04-22,7,44,20392,20392,1
ghost_relocated_low_20442_20442_1659,1776846840,2026-04-22,8,34,20442,20442,1
ghost_relocated_low_20444_20444_1660,1776846960,2026-04-22,8,36,20444,20444,1
ghost_relocated_low_20446_20446_1661,1776847080,2026-04-22,8,38,20446,20446,1
ghost_relocated_low_20447_20447_1662,1776847140,2026-04-22,8,39,20447,20447,1
ghost_relocated_low_20448_20448_1663,1776847200,2026-04-22,8,40,20448,20448,1
ghost_relocated_high_20498_20496_1664,1776850200,2026-04-22,9,30,20498,20496,1
ghost_relocated_high_20514_20514_1665,1776851160,2026-04-22,9,46,20514,20514,1
ghost_relocated_low_20564_20541_1666,1776854160,2026-04-22,10,36,20564,20541,1
ghost_relocated_high_20591_20564_1667,1776855780,2026-04-22,11,3,20591,20564,1
ghost_relocated_high_20650_20650_1668,1776859320,2026-04-22,12,2,20650,20650,1
ghost_relocated_high_20651_20651_1669,1776859380,2026-04-22,12,3,20651,20651,1
ghost_relocated_high_20652_20652_1670,1776859440,2026-04-22,12,4,20652,20652,1
ghost_relocated_high_20654_20654_1671,1776859560,2026-04-22,12,6,20654,20654,1
ghost_relocated_high_20655_20655_1672,1776859620,2026-04-22,12,7,20655,20655,1
ghost_relocated_high_20660_20660_1673,1776859920,2026-04-22,12,12,20660,20660,1
ghost_relocated_high_20661_20661_1674,1776859980,2026-04-22,12,13,20661,20661,1
ghost_relocated_high_20662_20662_1675,1776860040,2026-04-22,12,14,20662,20662,1
ghost_relocated_high_20681_20662_1676,1776861180,2026-04-22,12,33,20681,20662,1
ghost_relocated_low_20712_20710_1677,1776863040,2026-04-22,13,4,20712,20710,1
ghost_relocated_low_20741_20741_1678,1776864780,2026-04-22,13,33,20741,20741,1
ghost_relocated_low_20759_20759_1679,1776865860,2026-04-22,13,51,20759,20759,1
ghost_relocated_high_20809_20808_1680,1776868860,2026-04-22,14,41,20809,20808,1
ghost_relocated_high_20852_20852_1681,1776871440,2026-04-22,15,24,20852,20852,1
ghost_relocated_low_20902_20873_1682,1776874440,2026-04-22,16,14,20902,20873,1
ghost_relocated_low_20918_20918_1683,1776875400,2026-04-22,16,30,20918,20918,1
ghost_relocated_low_20946_20946_1684,1776877080,2026-04-22,16,58,20946,20946,1
ghost_relocated_high_20996_20971_1685,1776880080,2026-04-22,17,48,20996,20971,1
ghost_relocated_low_21021_20995_1686,1776881580,2026-04-22,18,13,21021,20995,1
ghost_relocated_low_21024_21024_1687,1776881760,2026-04-22,18,16,21024,21024,1
ghost_relocated_low_21025_21025_1688,1776881820,2026-04-22,18,17,21025,21025,1
ghost_relocated_low_21028_21028_1689,1776882000,2026-04-22,18,20,21028,21028,1
ghost_relocated_low_21029_21029_1690,1776882060,2026-04-22,18,21,21029,21029,1
ghost_relocated_low_21030_21030_1691,1776882120,2026-04-22,18,22,21030,21030,1
ghost_relocated_low_21031_21031_1692,1776882180,2026-04-22,18,23,21031,21031,1
ghost_relocated_low_21068_21068_1693,1776884400,2026-04-22,19,0,21068,21068,1
ghost_relocated_low_21069_21069_1694,1776884460,2026-04-22,19,1,21069,21069,1
ghost_relocated_high_21119_21118_1695,1776887460,2026-04-22,19,51,21119,21118,1
ghost_relocated_high_21122_21122_1696,1776887640,2026-04-22,19,54,21122,21122,1
ghost_relocated_high_21130_21130_1697,1776888120,2026-04-22,20,2,21130,21130,1
ghost_relocated_high_21132_21132_1698,1776888240,2026-04-22,20,4,21132,21132,1
ghost_relocated_high_21136_21136_1699,1776888480,2026-04-22,20,8,21136,21136,1
ghost_relocated_low_21186_21164_1700,1776891480,2026-04-22,20,58,21186,21164,1
ghost_relocated_low_21188_21188_1701,1776895200,2026-04-22,22,0,21188,21188,1
ghost_relocated_high_21238_21205_1702,1776898200,2026-04-22,22,50,21238,21205,1
ghost_relocated_high_21272_21272_1703,1776900240,2026-04-22,23,24,21272,21272,1
ghost_relocated_low_21322_21322_1704,1776903240,2026-04-23,0,14,21322,21322,1
ghost_relocated_low_21323_21323_1705,1776903300,2026-04-23,0,15,21323,21323,1
ghost_relocated_low_21324_21324_1706,1776903360,2026-04-23,0,16,21324,21324,1
ghost_relocated_low_21325_21325_1707,1776903420,2026-04-23,0,17,21325,21325,1
ghost_relocated_high_21375_21338_1708,1776906420,2026-04-23,1,7,21375,21338,1
ghost_relocated_high_21578_21571_1709,1776918600,2026-04-23,4,30,21578,21571,1
ghost_relocated_high_21581_21581_1710,1776918780,2026-04-23,4,33,21581,21581,1
ghost_relocated_high_21582_21582_1711,1776918840,2026-04-23,4,34,21582,21582,1
ghost_relocated_high_21583_21583_1712,1776918900,2026-04-23,4,35,21583,21583,1
ghost_relocated_high_21599_21599_1713,1776919860,2026-04-23,4,51,21599,21599,1
ghost_relocated_high_21605_21605_1714,1776920220,2026-04-23,4,57,21605,21605,1
ghost_relocated_high_21606_21606_1715,1776920280,2026-04-23,4,58,21606,21606,1
ghost_relocated_high_21607_21607_1716,1776920340,2026-04-23,4,59,21607,21607,1
ghost_relocated_high_21608_21608_1717,1776920400,2026-04-23,5,0,21608,21608,1
ghost_relocated_high_21609_21609_1718,1776920460,2026-04-23,5,1,21609,21609,1
ghost_relocated_high_21610_21610_1719,1776920520,2026-04-23,5,2,21610,21610,1
ghost_relocated_high_21611_21611_1720,1776920580,2026-04-23,5,3,21611,21611,1
ghost_relocated_high_21660_21660_1721,1776923520,2026-04-23,5,52,21660,21660,1
ghost_relocated_high_21663_21663_1722,1776923700,2026-04-23,5,55,21663,21663,1
ghost_relocated_high_21664_21664_1723,1776923760,2026-04-23,5,56,21664,21664,1
ghost_relocated_high_21668_21668_1724,1776924000,2026-04-23,6,0,21668,21668,1
ghost_relocated_high_21669_21669_1725,1776924060,2026-04-23,6,1,21669,21669,1
ghost_relocated_high_21673_21673_1726,1776924300,2026-04-23,6,5,21673,21673,1
ghost_relocated_high_21674_21674_1727,1776924360,2026-04-23,6,6,21674,21674,1
ghost_relocated_high_21677_21677_1728,1776924540,2026-04-23,6,9,21677,21677,1
ghost_relocated_high_21685_21685_1729,1776925020,2026-04-23,6,17,21685,21685,1
ghost_relocated_high_21696_21696_1730,1776925680,2026-04-23,6,28,21696,21696,1
ghost_relocated_high_21698_21696_1731,1776925800,2026-04-23,6,30,21698,21696,1
ghost_relocated_low_21746_21725_1732,1776928680,2026-04-23,7,18,21746,21725,1
ghost_relocated_low_21749_21749_1733,1776928860,2026-04-23,7,21,21749,21749,1
ghost_relocated_low_21765_21765_1734,1776929820,2026-04-23,7,37,21765,21765,1
ghost_relocated_low_21766_21766_1735,1776929880,2026-04-23,7,38,21766,21766,1
ghost_relocated_low_21793_21793_1736,1776931500,2026-04-23,8,5,21793,21793,1
ghost_relocated_low_21795_21795_1737,1776931620,2026-04-23,8,7,21795,21795,1
ghost_relocated_low_21796_21796_1738,1776931680,2026-04-23,8,8,21796,21796,1
ghost_relocated_low_21797_21797_1739,1776931740,2026-04-23,8,9,21797,21797,1
ghost_relocated_low_21827_21827_1740,1776933540,2026-04-23,8,39,21827,21827,1
ghost_relocated_low_21828_21828_1741,1776933600,2026-04-23,8,40,21828,21828,1
ghost_relocated_low_21829_21829_1742,1776933660,2026-04-23,8,41,21829,21829,1
ghost_relocated_low_21831_21831_1743,1776933780,2026-04-23,8,43,21831,21831,1
ghost_relocated_low_21832_21832_1744,1776933840,2026-04-23,8,44,21832,21832,1
ghost_relocated_low_21833_21833_1745,1776933900,2026-04-23,8,45,21833,21833,1
ghost_relocated_low_21834_21834_1746,1776933960,2026-04-23,8,46,21834,21834,1
ghost_relocated_low_21836_21836_1747,1776934080,2026-04-23,8,48,21836,21836,1
ghost_relocated_low_21837_21837_1748,1776934140,2026-04-23,8,49,21837,21837,1
ghost_relocated_low_21838_21838_1749,1776934200,2026-04-23,8,50,21838,21838,1
ghost_relocated_low_21850_21850_1750,1776934920,2026-04-23,9,2,21850,21850,1
ghost_relocated_low_21851_21851_1751,1776934980,2026-04-23,9,3,21851,21851,1
ghost_relocated_low_21852_21852_1752,1776935040,2026-04-23,9,4,21852,21852,1
ghost_relocated_low_21853_21853_1753,1776935100,2026-04-23,9,5,21853,21853,1
ghost_relocated_low_21855_21855_1754,1776935220,2026-04-23,9,7,21855,21855,1
ghost_relocated_low_21856_21856_1755,1776935280,2026-04-23,9,8,21856,21856,1
ghost_relocated_high_21906_21879_1756,1776938280,2026-04-23,9,58,21906,21879,1
ghost_relocated_low_21929_21921_1757,1776939660,2026-04-23,10,21,21929,21921,1
ghost_relocated_high_21971_21970_1758,1776942180,2026-04-23,11,3,21971,21970,1
ghost_relocated_high_21976_21976_1759,1776942480,2026-04-23,11,8,21976,21976,1
ghost_relocated_high_21978_21978_1760,1776942600,2026-04-23,11,10,21978,21978,1
ghost_relocated_high_22013_22013_1761,1776944700,2026-04-23,11,45,22013,22013,1
ghost_relocated_high_22014_22014_1762,1776944760,2026-04-23,11,46,22014,22014,1
ghost_relocated_high_22015_22015_1763,1776944820,2026-04-23,11,47,22015,22015,1
ghost_relocated_high_22016_22016_1764,1776944880,2026-04-23,11,48,22016,22016,1
ghost_relocated_high_22020_22020_1765,1776945120,2026-04-23,11,52,22020,22020,1
ghost_relocated_high_22022_22022_1766,1776945240,2026-04-23,11,54,22022,22022,1
ghost_relocated_high_22023_22023_1767,1776945300,2026-04-23,11,55,22023,22023,1
ghost_relocated_high_22024_22024_1768,1776945360,2026-04-23,11,56,22024,22024,1
ghost_relocated_high_22025_22025_1769,1776945420,2026-04-23,11,57,22025,22025,1
ghost_relocated_high_22029_22029_1770,1776945660,2026-04-23,12,1,22029,22029,1
ghost_relocated_high_22030_22030_1771,1776945720,2026-04-23,12,2,22030,22030,1
ghost_relocated_high_22034_22034_1772,1776945960,2026-04-23,12,6,22034,22034,1
ghost_relocated_high_22037_22037_1773,1776946140,2026-04-23,12,9,22037,22037,1
ghost_relocated_high_22039_22039_1774,1776946260,2026-04-23,12,11,22039,22039,1
ghost_relocated_high_22052_22039_1775,1776947040,2026-04-23,12,24,22052,22039,1
ghost_relocated_low_22089_22074_1776,1776949260,2026-04-23,13,1,22089,22074,1
ghost_relocated_high_22124_22124_1777,1776951360,2026-04-23,13,36,22124,22124,1
ghost_relocated_high_22126_22126_1778,1776951480,2026-04-23,13,38,22126,22126,1
ghost_relocated_high_22127_22127_1779,1776951540,2026-04-23,13,39,22127,22127,1
ghost_relocated_high_22128_22128_1780,1776951600,2026-04-23,13,40,22128,22128,1
ghost_relocated_high_22129_22129_1781,1776951660,2026-04-23,13,41,22129,22129,1
ghost_relocated_high_22132_22132_1782,1776951840,2026-04-23,13,44,22132,22132,1
ghost_relocated_high_22134_22134_1783,1776951960,2026-04-23,13,46,22134,22134,1
ghost_relocated_high_22135_22135_1784,1776952020,2026-04-23,13,47,22135,22135,1
ghost_relocated_high_22136_22136_1785,1776952080,2026-04-23,13,48,22136,22136,1
ghost_relocated_low_22186_22150_1786,1776955080,2026-04-23,14,38,22186,22150,1
ghost_relocated_low_22291_22273_1787,1776961380,2026-04-23,16,23,22291,22273,1
ghost_relocated_high_22323_22304_1788,1776963300,2026-04-23,16,55,22323,22304,1
ghost_relocated_low_22354_22350_1789,1776965160,2026-04-23,17,26,22354,22350,1
ghost_relocated_low_22359_22359_1790,1776965460,2026-04-23,17,31,22359,22359,1
ghost_relocated_low_22365_22365_1791,1776965820,2026-04-23,17,37,22365,22365,1
ghost_relocated_low_22368_22368_1792,1776966000,2026-04-23,17,40,22368,22368,1
ghost_relocated_low_22369_22369_1793,1776966060,2026-04-23,17,41,22369,22369,1
ghost_relocated_low_22370_22370_1794,1776966120,2026-04-23,17,42,22370,22370,1
ghost_relocated_low_22372_22372_1795,1776966240,2026-04-23,17,44,22372,22372,1
ghost_relocated_low_22373_22373_1796,1776966300,2026-04-23,17,45,22373,22373,1
ghost_relocated_low_22374_22374_1797,1776966360,2026-04-23,17,46,22374,22374,1
ghost_relocated_high_22424_22424_1798,1776969360,2026-04-23,18,36,22424,22424,1
ghost_relocated_low_22474_22450_1799,1776972360,2026-04-23,19,26,22474,22450,1
ghost_relocated_low_22498_22498_1800,1776973800,2026-04-23,19,50,22498,22498,1
ghost_relocated_high_22548_22513_1801,1776976800,2026-04-23,20,40,22548,22513,1
ghost_relocated_low_22563_22525_1802,1776977700,2026-04-23,20,55,22563,22525,1
ghost_relocated_low_22768_22741_1803,1776993600,2026-04-24,1,20,22768,22741,1
ghost_relocated_low_22780_22780_1804,1776994320,2026-04-24,1,32,22780,22780,1
ghost_relocated_low_22785_22785_1805,1776994620,2026-04-24,1,37,22785,22785,1
ghost_relocated_low_22818_22818_1806,1776996600,2026-04-24,2,10,22818,22818,1
ghost_relocated_low_22820_22820_1807,1776996720,2026-04-24,2,12,22820,22820,1
ghost_relocated_low_22821_22821_1808,1776996780,2026-04-24,2,13,22821,22821,1
ghost_relocated_low_22829_22829_1809,1776997260,2026-04-24,2,21,22829,22829,1
ghost_relocated_low_22830_22830_1810,1776997320,2026-04-24,2,22,22830,22830,1
ghost_relocated_low_22831_22831_1811,1776997380,2026-04-24,2,23,22831,22831,1
ghost_relocated_low_22832_22832_1812,1776997440,2026-04-24,2,24,22832,22832,1
ghost_relocated_low_22833_22833_1813,1776997500,2026-04-24,2,25,22833,22833,1
ghost_relocated_low_22834_22834_1814,1776997560,2026-04-24,2,26,22834,22834,1
ghost_relocated_low_22856_22856_1815,1776998880,2026-04-24,2,48,22856,22856,1
ghost_relocated_low_22858_22858_1816,1776999000,2026-04-24,2,50,22858,22858,1
ghost_relocated_low_22859_22859_1817,1776999060,2026-04-24,2,51,22859,22859,1
ghost_relocated_low_22860_22860_1818,1776999120,2026-04-24,2,52,22860,22860,1
ghost_relocated_low_22872_22872_1819,1776999840,2026-04-24,3,4,22872,22872,1
ghost_relocated_low_22880_22880_1820,1777000320,2026-04-24,3,12,22880,22880,1
ghost_relocated_low_22883_22883_1821,1777000500,2026-04-24,3,15,22883,22883,1
ghost_relocated_low_22891_22891_1822,1777000980,2026-04-24,3,23,22891,22891,1
ghost_relocated_low_22892_22892_1823,1777001040,2026-04-24,3,24,22892,22892,1
ghost_relocated_low_22897_22897_1824,1777001340,2026-04-24,3,29,22897,22897,1
ghost_relocated_low_22898_22898_1825,1777001400,2026-04-24,3,30,22898,22898,1
ghost_relocated_low_22899_22899_1826,1777001460,2026-04-24,3,31,22899,22899,1
ghost_relocated_low_22900_22900_1827,1777001520,2026-04-24,3,32,22900,22900,1
ghost_relocated_low_22928_22928_1828,1777003200,2026-04-24,4,0,22928,22928,1
ghost_relocated_low_22953_22953_1829,1777004700,2026-04-24,4,25,22953,22953,1
ghost_relocated_high_23003_23003_1830,1777007700,2026-04-24,5,15,23003,23003,1
ghost_relocated_high_23012_23012_1831,1777008240,2026-04-24,5,24,23012,23012,1
ghost_relocated_high_23014_23014_1832,1777008360,2026-04-24,5,26,23014,23014,1
ghost_relocated_high_23015_23015_1833,1777008420,2026-04-24,5,27,23015,23015,1
ghost_relocated_high_23019_23019_1834,1777008660,2026-04-24,5,31,23019,23019,1
ghost_relocated_high_23020_23020_1835,1777008720,2026-04-24,5,32,23020,23020,1
ghost_relocated_high_23023_23023_1836,1777008900,2026-04-24,5,35,23023,23023,1
ghost_relocated_high_23025_23025_1837,1777009020,2026-04-24,5,37,23025,23025,1
ghost_relocated_high_23030_23030_1838,1777009320,2026-04-24,5,42,23030,23030,1
ghost_relocated_high_23031_23031_1839,1777009380,2026-04-24,5,43,23031,23031,1
ghost_relocated_high_23032_23032_1840,1777009440,2026-04-24,5,44,23032,23032,1
ghost_relocated_high_23037_23037_1841,1777009740,2026-04-24,5,49,23037,23037,1
ghost_relocated_high_23038_23038_1842,1777009800,2026-04-24,5,50,23038,23038,1
ghost_relocated_high_23040_23040_1843,1777009920,2026-04-24,5,52,23040,23040,1
ghost_relocated_high_23048_23048_1844,1777010400,2026-04-24,6,0,23048,23048,1
ghost_relocated_high_23049_23049_1845,1777010460,2026-04-24,6,1,23049,23049,1
ghost_relocated_high_23050_23050_1846,1777010520,2026-04-24,6,2,23050,23050,1
ghost_relocated_high_23051_23051_1847,1777010580,2026-04-24,6,3,23051,23051,1
ghost_relocated_high_23052_23052_1848,1777010640,2026-04-24,6,4,23052,23052,1
ghost_relocated_low_23102_23098_1849,1777013640,2026-04-24,6,54,23102,23098,1
ghost_relocated_high_23148_23135_1850,1777016400,2026-04-24,7,40,23148,23135,1
ghost_relocated_high_23183_23183_1851,1777018500,2026-04-24,8,15,23183,23183,1
ghost_relocated_high_23184_23184_1852,1777018560,2026-04-24,8,16,23184,23184,1
ghost_relocated_high_23187_23187_1853,1777018740,2026-04-24,8,19,23187,23187,1
ghost_relocated_high_23188_23188_1854,1777018800,2026-04-24,8,20,23188,23188,1
ghost_relocated_high_23189_23189_1855,1777018860,2026-04-24,8,21,23189,23189,1
ghost_relocated_high_23222_23189_1856,1777020840,2026-04-24,8,54,23222,23189,1
ghost_relocated_low_23239_23230_1857,1777021860,2026-04-24,9,11,23239,23230,1
ghost_relocated_low_23250_23250_1858,1777022520,2026-04-24,9,22,23250,23250,1
ghost_relocated_high_23300_23300_1859,1777025520,2026-04-24,10,12,23300,23300,1
ghost_relocated_high_23301_23301_1860,1777025580,2026-04-24,10,13,23301,23301,1
ghost_relocated_high_23304_23304_1861,1777025760,2026-04-24,10,16,23304,23304,1
ghost_relocated_high_23305_23305_1862,1777025820,2026-04-24,10,17,23305,23305,1
ghost_relocated_high_23306_23306_1863,1777025880,2026-04-24,10,18,23306,23306,1
ghost_relocated_high_23309_23309_1864,1777026060,2026-04-24,10,21,23309,23309,1
ghost_relocated_high_23311_23311_1865,1777026180,2026-04-24,10,23,23311,23311,1
ghost_relocated_high_23312_23312_1866,1777026240,2026-04-24,10,24,23312,23312,1
ghost_relocated_high_23313_23313_1867,1777026300,2026-04-24,10,25,23313,23313,1
ghost_relocated_high_23314_23314_1868,1777026360,2026-04-24,10,26,23314,23314,1
ghost_relocated_high_23315_23315_1869,1777026420,2026-04-24,10,27,23315,23315,1
ghost_relocated_high_23316_23316_1870,1777026480,2026-04-24,10,28,23316,23316,1
ghost_relocated_high_23320_23320_1871,1777026720,2026-04-24,10,32,23320,23320,1
ghost_relocated_high_23323_23323_1872,1777026900,2026-04-24,10,35,23323,23323,1
ghost_relocated_high_23324_23324_1873,1777026960,2026-04-24,10,36,23324,23324,1
ghost_relocated_high_23352_23352_1874,1777028640,2026-04-24,11,4,23352,23352,1
ghost_relocated_high_23353_23353_1875,1777028700,2026-04-24,11,5,23353,23353,1
ghost_relocated_high_23355_23355_1876,1777028820,2026-04-24,11,7,23355,23355,1
ghost_relocated_high_23356_23356_1877,1777028880,2026-04-24,11,8,23356,23356,1
ghost_relocated_high_23357_23357_1878,1777028940,2026-04-24,11,9,23357,23357,1
ghost_relocated_high_23359_23359_1879,1777029060,2026-04-24,11,11,23359,23359,1
ghost_relocated_high_23369_23369_1880,1777029660,2026-04-24,11,21,23369,23369,1
ghost_relocated_high_23370_23370_1881,1777029720,2026-04-24,11,22,23370,23370,1
ghost_relocated_high_23371_23371_1882,1777029780,2026-04-24,11,23,23371,23371,1
ghost_relocated_high_23372_23372_1883,1777029840,2026-04-24,11,24,23372,23372,1
ghost_relocated_high_23373_23373_1884,1777029900,2026-04-24,11,25,23373,23373,1
ghost_relocated_high_23374_23374_1885,1777029960,2026-04-24,11,26,23374,23374,1
ghost_relocated_high_23377_23377_1886,1777030140,2026-04-24,11,29,23377,23377,1
ghost_relocated_high_23378_23378_1887,1777030200,2026-04-24,11,30,23378,23378,1
ghost_relocated_low_23428_23406_1888,1777033200,2026-04-24,12,20,23428,23406,1
ghost_relocated_low_23430_23430_1889,1777033320,2026-04-24,12,22,23430,23430,1
ghost_relocated_low_23442_23442_1890,1777034040,2026-04-24,12,34,23442,23442,1
ghost_relocated_low_23443_23443_1891,1777034100,2026-04-24,12,35,23443,23443,1
ghost_relocated_low_23444_23444_1892,1777034160,2026-04-24,12,36,23444,23444,1
ghost_relocated_low_23445_23445_1893,1777034220,2026-04-24,12,37,23445,23445,1
ghost_relocated_low_23457_23457_1894,1777034940,2026-04-24,12,49,23457,23457,1
ghost_relocated_low_23458_23458_1895,1777035000,2026-04-24,12,50,23458,23458,1
ghost_relocated_low_23461_23461_1896,1777035180,2026-04-24,12,53,23461,23461,1
ghost_relocated_low_23462_23462_1897,1777035240,2026-04-24,12,54,23462,23462,1
ghost_relocated_low_23498_23498_1898,1777037400,2026-04-24,13,30,23498,23498,1
ghost_relocated_low_23522_23522_1899,1777038840,2026-04-24,13,54,23522,23522,1
ghost_relocated_low_23523_23523_1900,1777038900,2026-04-24,13,55,23523,23523,1
ghost_relocated_low_23524_23524_1901,1777038960,2026-04-24,13,56,23524,23524,1
ghost_relocated_high_23574_23574_1902,1777041960,2026-04-24,14,46,23574,23574,1
ghost_relocated_high_23581_23581_1903,1777042380,2026-04-24,14,53,23581,23581,1
ghost_relocated_high_23583_23583_1904,1777042500,2026-04-24,14,55,23583,23583,1
ghost_relocated_high_23584_23584_1905,1777042560,2026-04-24,14,56,23584,23584,1
ghost_relocated_high_23585_23585_1906,1777042620,2026-04-24,14,57,23585,23585,1
ghost_relocated_high_23588_23588_1907,1777042800,2026-04-24,15,0,23588,23588,1
ghost_relocated_high_23589_23589_1908,1777042860,2026-04-24,15,1,23589,23589,1
ghost_relocated_high_23591_23591_1909,1777042980,2026-04-24,15,3,23591,23591,1
ghost_relocated_high_23597_23597_1910,1777043340,2026-04-24,15,9,23597,23597,1
ghost_relocated_high_23600_23600_1911,1777043520,2026-04-24,15,12,23600,23600,1
ghost_relocated_high_23601_23601_1912,1777043580,2026-04-24,15,13,23601,23601,1
ghost_relocated_high_23602_23602_1913,1777043640,2026-04-24,15,14,23602,23602,1
ghost_relocated_high_23603_23603_1914,1777043700,2026-04-24,15,15,23603,23603,1
ghost_relocated_high_23611_23611_1915,1777044180,2026-04-24,15,23,23611,23611,1
ghost_relocated_high_23612_23612_1916,1777044240,2026-04-24,15,24,23612,23612,1
ghost_relocated_high_23618_23618_1917,1777044600,2026-04-24,15,30,23618,23618,1
ghost_relocated_high_23619_23619_1918,1777044660,2026-04-24,15,31,23619,23619,1
ghost_relocated_high_23620_23620_1919,1777044720,2026-04-24,15,32,23620,23620,1
ghost_relocated_high_23632_23632_1920,1777045440,2026-04-24,15,44,23632,23632,1
ghost_relocated_high_23633_23633_1921,1777045500,2026-04-24,15,45,23633,23633,1
ghost_relocated_high_23678_23678_1922,1777048200,2026-04-24,16,30,23678,23678,1
ghost_relocated_high_23679_23679_1923,1777048260,2026-04-24,16,31,23679,23679,1
ghost_relocated_high_23683_23683_1924,1777048500,2026-04-24,16,35,23683,23683,1
ghost_relocated_high_23685_23685_1925,1777048620,2026-04-24,16,37,23685,23685,1
ghost_relocated_low_23735_23731_1926,1777051620,2026-04-24,17,27,23735,23731,1
ghost_relocated_high_23781_23762_1927,1777054380,2026-04-24,18,13,23781,23762,1
ghost_relocated_low_23812_23791_1928,1777056240,2026-04-24,18,44,23812,23791,1
ghost_relocated_low_23895_23864_1929,1777061220,2026-04-24,20,7,23895,23864,1
ghost_relocated_low_23948_23948_1930,1777240800,2026-04-26,22,0,23948,23948,1
ghost_relocated_low_23949_23949_1931,1777240860,2026-04-26,22,1,23949,23949,1
ghost_relocated_low_23951_23951_1932,1777240980,2026-04-26,22,3,23951,23951,1
ghost_relocated_low_23952_23952_1933,1777241040,2026-04-26,22,4,23952,23952,1
ghost_relocated_low_23953_23953_1934,1777241100,2026-04-26,22,5,23953,23953,1
ghost_relocated_low_23954_23954_1935,1777241160,2026-04-26,22,6,23954,23954,1
ghost_relocated_low_23997_23954_1936,1777243740,2026-04-26,22,49,23997,23954,1
ghost_relocated_high_24004_24002_1937,1777244160,2026-04-26,22,56,24004,24002,1
ghost_relocated_high_24007_24007_1938,1777244340,2026-04-26,22,59,24007,24007,1
ghost_relocated_low_24057_24039_1939,1777247340,2026-04-26,23,49,24057,24039,1
ghost_relocated_high_24089_24089_1940,1777249260,2026-04-27,0,21,24089,24089,1
ghost_relocated_high_24105_24105_1941,1777250220,2026-04-27,0,37,24105,24105,1
ghost_relocated_high_24106_24106_1942,1777250280,2026-04-27,0,38,24106,24106,1
ghost_relocated_high_24107_24107_1943,1777250340,2026-04-27,0,39,24107,24107,1
ghost_relocated_high_24108_24108_1944,1777250400,2026-04-27,0,40,24108,24108,1
ghost_relocated_high_24109_24109_1945,1777250460,2026-04-27,0,41,24109,24109,1
ghost_relocated_high_24110_24110_1946,1777250520,2026-04-27,0,42,24110,24110,1
ghost_relocated_high_24114_24114_1947,1777250760,2026-04-27,0,46,24114,24114,1
ghost_relocated_high_24123_24123_1948,1777251300,2026-04-27,0,55,24123,24123,1
ghost_relocated_high_24125_24125_1949,1777251420,2026-04-27,0,57,24125,24125,1
ghost_relocated_high_24126_24126_1950,1777251480,2026-04-27,0,58,24126,24126,1
ghost_relocated_high_24128_24128_1951,1777251600,2026-04-27,1,0,24128,24128,1
ghost_relocated_high_24129_24129_1952,1777251660,2026-04-27,1,1,24129,24129,1
ghost_relocated_high_24159_24159_1953,1777253460,2026-04-27,1,31,24159,24159,1
ghost_relocated_high_24160_24160_1954,1777253520,2026-04-27,1,32,24160,24160,1
ghost_relocated_high_24161_24161_1955,1777253580,2026-04-27,1,33,24161,24161,1
ghost_relocated_high_24162_24162_1956,1777253640,2026-04-27,1,34,24162,24162,1
ghost_relocated_high_24163_24163_1957,1777253700,2026-04-27,1,35,24163,24163,1
ghost_relocated_high_24167_24167_1958,1777253940,2026-04-27,1,39,24167,24167,1
ghost_relocated_high_24177_24177_1959,1777254540,2026-04-27,1,49,24177,24177,1
ghost_relocated_high_24178_24178_1960,1777254600,2026-04-27,1,50,24178,24178,1
ghost_relocated_high_24179_24179_1961,1777254660,2026-04-27,1,51,24179,24179,1
ghost_relocated_high_24188_24188_1962,1777255200,2026-04-27,2,0,24188,24188,1
ghost_relocated_low_24238_24208_1963,1777258200,2026-04-27,2,50,24238,24208,1
ghost_relocated_high_24309_24287_1964,1777262460,2026-04-27,4,1,24309,24287,1
ghost_relocated_high_24338_24338_1965,1777264200,2026-04-27,4,30,24338,24338,1
ghost_relocated_high_24346_24346_1966,1777264680,2026-04-27,4,38,24346,24346,1
ghost_relocated_high_24347_24347_1967,1777264740,2026-04-27,4,39,24347,24347,1
ghost_relocated_high_24362_24347_1968,1777265640,2026-04-27,4,54,24362,24347,1
ghost_relocated_low_24397_24397_1969,1777267740,2026-04-27,5,29,24397,24397,1
ghost_relocated_low_24398_24398_1970,1777267800,2026-04-27,5,30,24398,24398,1
ghost_relocated_low_24403_24403_1971,1777268100,2026-04-27,5,35,24403,24403,1
ghost_relocated_low_24428_24428_1972,1777269600,2026-04-27,6,0,24428,24428,1
ghost_relocated_low_24432_24432_1973,1777269840,2026-04-27,6,4,24432,24432,1
ghost_relocated_low_24433_24433_1974,1777269900,2026-04-27,6,5,24433,24433,1
ghost_relocated_low_24443_24443_1975,1777270500,2026-04-27,6,15,24443,24443,1
ghost_relocated_low_24459_24459_1976,1777271460,2026-04-27,6,31,24459,24459,1
ghost_relocated_low_24469_24469_1977,1777272060,2026-04-27,6,41,24469,24469,1
ghost_relocated_low_24488_24488_1978,1777273200,2026-04-27,7,0,24488,24488,1
ghost_relocated_low_24493_24493_1979,1777273500,2026-04-27,7,5,24493,24493,1
ghost_relocated_low_24494_24494_1980,1777273560,2026-04-27,7,6,24494,24494,1
ghost_relocated_low_24496_24496_1981,1777273680,2026-04-27,7,8,24496,24496,1
ghost_relocated_low_24497_24497_1982,1777273740,2026-04-27,7,9,24497,24497,1
ghost_relocated_low_24498_24498_1983,1777273800,2026-04-27,7,10,24498,24498,1
ghost_relocated_low_24500_24500_1984,1777273920,2026-04-27,7,12,24500,24500,1
ghost_relocated_low_24525_24525_1985,1777275420,2026-04-27,7,37,24525,24525,1
ghost_relocated_low_24555_24555_1986,1777277220,2026-04-27,8,7,24555,24555,1
ghost_relocated_low_24556_24556_1987,1777277280,2026-04-27,8,8,24556,24556,1
ghost_relocated_low_24557_24557_1988,1777277340,2026-04-27,8,9,24557,24557,1
ghost_relocated_low_24563_24563_1989,1777277700,2026-04-27,8,15,24563,24563,1
ghost_relocated_high_24613_24609_1990,1777280700,2026-04-27,9,5,24613,24609,1
ghost_relocated_high_24621_24621_1991,1777281180,2026-04-27,9,13,24621,24621,1
ghost_relocated_high_24622_24622_1992,1777281240,2026-04-27,9,14,24622,24622,1
ghost_relocated_high_24625_24625_1993,1777281420,2026-04-27,9,17,24625,24625,1
ghost_relocated_high_24639_24639_1994,1777282260,2026-04-27,9,31,24639,24639,1
ghost_relocated_high_24640_24640_1995,1777282320,2026-04-27,9,32,24640,24640,1
ghost_relocated_high_24659_24659_1996,1777283460,2026-04-27,9,51,24659,24659,1
ghost_relocated_high_24660_24660_1997,1777283520,2026-04-27,9,52,24660,24660,1
ghost_relocated_high_24662_24662_1998,1777283640,2026-04-27,9,54,24662,24662,1
ghost_relocated_high_24663_24663_1999,1777283700,2026-04-27,9,55,24663,24663,1
ghost_relocated_high_24704_24704_2000,1777286160,2026-04-27,10,36,24704,24704,1
ghost_relocated_high_24706_24706_2001,1777286280,2026-04-27,10,38,24706,24706,1
ghost_relocated_high_24708_24708_2002,1777286400,2026-04-27,10,40,24708,24708,1
ghost_relocated_high_24709_24709_2003,1777286460,2026-04-27,10,41,24709,24709,1
ghost_relocated_high_24720_24720_2004,1777287120,2026-04-27,10,52,24720,24720,1
ghost_relocated_high_24721_24721_2005,1777287180,2026-04-27,10,53,24721,24721,1
ghost_relocated_high_24723_24723_2006,1777287300,2026-04-27,10,55,24723,24723,1
ghost_relocated_high_24731_24723_2007,1777287780,2026-04-27,11,3,24731,24723,1
ghost_relocated_high_24733_24733_2008,1777287900,2026-04-27,11,5,24733,24733,1
ghost_relocated_high_24734_24734_2009,1777287960,2026-04-27,11,6,24734,24734,1
ghost_relocated_high_24736_24736_2010,1777288080,2026-04-27,11,8,24736,24736,1
ghost_relocated_high_24738_24738_2011,1777288200,2026-04-27,11,10,24738,24738,1
ghost_relocated_high_24739_24739_2012,1777288260,2026-04-27,11,11,24739,24739,1
ghost_relocated_high_24741_24741_2013,1777288380,2026-04-27,11,13,24741,24741,1
ghost_relocated_high_24742_24742_2014,1777288440,2026-04-27,11,14,24742,24742,1
ghost_relocated_high_24750_24750_2015,1777288920,2026-04-27,11,22,24750,24750,1
ghost_relocated_high_24751_24751_2016,1777288980,2026-04-27,11,23,24751,24751,1
ghost_relocated_high_24756_24756_2017,1777289280,2026-04-27,11,28,24756,24756,1
ghost_relocated_high_24757_24757_2018,1777289340,2026-04-27,11,29,24757,24757,1
ghost_relocated_high_24760_24760_2019,1777289520,2026-04-27,11,32,24760,24760,1
ghost_relocated_low_24810_24810_2020,1777292520,2026-04-27,12,22,24810,24810,1
ghost_relocated_low_24811_24811_2021,1777292580,2026-04-27,12,23,24811,24811,1
ghost_relocated_low_24812_24812_2022,1777292640,2026-04-27,12,24,24812,24812,1
ghost_relocated_low_24813_24813_2023,1777292700,2026-04-27,12,25,24813,24813,1
ghost_relocated_low_24814_24814_2024,1777292760,2026-04-27,12,26,24814,24814,1
ghost_relocated_low_24815_24815_2025,1777292820,2026-04-27,12,27,24815,24815,1
ghost_relocated_low_24816_24816_2026,1777292880,2026-04-27,12,28,24816,24816,1
ghost_relocated_low_24825_24825_2027,1777293420,2026-04-27,12,37,24825,24825,1
ghost_relocated_low_24826_24826_2028,1777293480,2026-04-27,12,38,24826,24826,1
ghost_relocated_low_24827_24827_2029,1777293540,2026-04-27,12,39,24827,24827,1
ghost_relocated_low_24852_24852_2030,1777295040,2026-04-27,13,4,24852,24852,1
ghost_relocated_low_24878_24878_2031,1777296600,2026-04-27,13,30,24878,24878,1
ghost_relocated_low_24879_24879_2032,1777296660,2026-04-27,13,31,24879,24879,1
ghost_relocated_low_24883_24883_2033,1777296900,2026-04-27,13,35,24883,24883,1
ghost_relocated_low_24884_24884_2034,1777296960,2026-04-27,13,36,24884,24884,1
ghost_relocated_low_24894_24894_2035,1777297560,2026-04-27,13,46,24894,24894,1
ghost_relocated_low_24895_24895_2036,1777297620,2026-04-27,13,47,24895,24895,1
ghost_relocated_low_24898_24898_2037,1777297800,2026-04-27,13,50,24898,24898,1
ghost_relocated_low_24899_24899_2038,1777297860,2026-04-27,13,51,24899,24899,1
ghost_relocated_low_24900_24900_2039,1777297920,2026-04-27,13,52,24900,24900,1
ghost_relocated_high_24950_24907_2040,1777300920,2026-04-27,14,42,24950,24907,1
ghost_relocated_high_25040_25040_2041,1777306320,2026-04-27,16,12,25040,25040,1
ghost_relocated_high_25043_25043_2042,1777306500,2026-04-27,16,15,25043,25043,1
ghost_relocated_high_25044_25044_2043,1777306560,2026-04-27,16,16,25044,25044,1
ghost_relocated_high_25047_25047_2044,1777306740,2026-04-27,16,19,25047,25047,1
ghost_relocated_high_25061_25061_2045,1777307580,2026-04-27,16,33,25061,25061,1
ghost_relocated_high_25062_25062_2046,1777307640,2026-04-27,16,34,25062,25062,1
ghost_relocated_high_25063_25063_2047,1777307700,2026-04-27,16,35,25063,25063,1
ghost_relocated_high_25067_25067_2048,1777307940,2026-04-27,16,39,25067,25067,1
ghost_relocated_high_25068_25068_2049,1777308000,2026-04-27,16,40,25068,25068,1
ghost_relocated_high_25069_25069_2050,1777308060,2026-04-27,16,41,25069,25069,1
ghost_relocated_high_25070_25070_2051,1777308120,2026-04-27,16,42,25070,25070,1
ghost_relocated_high_25098_25098_2052,1777309800,2026-04-27,17,10,25098,25098,1
ghost_relocated_high_25099_25099_2053,1777309860,2026-04-27,17,11,25099,25099,1
ghost_relocated_high_25100_25100_2054,1777309920,2026-04-27,17,12,25100,25100,1
ghost_relocated_high_25102_25102_2055,1777310040,2026-04-27,17,14,25102,25102,1
ghost_relocated_high_25103_25103_2056,1777310100,2026-04-27,17,15,25103,25103,1
ghost_relocated_high_25111_25111_2057,1777310580,2026-04-27,17,23,25111,25111,1
ghost_relocated_high_25118_25118_2058,1777311000,2026-04-27,17,30,25118,25118,1
ghost_relocated_high_25119_25119_2059,1777311060,2026-04-27,17,31,25119,25119,1
ghost_relocated_high_25120_25120_2060,1777311120,2026-04-27,17,32,25120,25120,1
ghost_relocated_high_25121_25121_2061,1777311180,2026-04-27,17,33,25121,25121,1
ghost_relocated_high_25122_25122_2062,1777311240,2026-04-27,17,34,25122,25122,1
ghost_relocated_high_25123_25123_2063,1777311300,2026-04-27,17,35,25123,25123,1
ghost_relocated_high_25138_25138_2064,1777312200,2026-04-27,17,50,25138,25138,1
ghost_relocated_low_25188_25142_2065,1777315200,2026-04-27,18,40,25188,25142,1
ghost_relocated_low_25189_25189_2066,1777315260,2026-04-27,18,41,25189,25189,1
ghost_relocated_low_25190_25190_2067,1777315320,2026-04-27,18,42,25190,25190,1
ghost_relocated_low_25191_25191_2068,1777315380,2026-04-27,18,43,25191,25191,1
ghost_relocated_low_25192_25192_2069,1777315440,2026-04-27,18,44,25192,25192,1
ghost_relocated_low_25193_25193_2070,1777315500,2026-04-27,18,45,25193,25193,1
ghost_relocated_low_25201_25201_2071,1777315980,2026-04-27,18,53,25201,25201,1
ghost_relocated_low_25202_25202_2072,1777316040,2026-04-27,18,54,25202,25202,1
ghost_relocated_low_25214_25214_2073,1777316760,2026-04-27,19,6,25214,25214,1
ghost_relocated_high_25264_25258_2074,1777319760,2026-04-27,19,56,25264,25258,1
ghost_relocated_low_25308_25291_2075,1777322400,2026-04-27,20,40,25308,25291,1
ghost_relocated_low_25396_25383_2076,1777331280,2026-04-27,23,8,25396,25383,1
ghost_relocated_low_25397_25397_2077,1777331340,2026-04-27,23,9,25397,25397,1
ghost_relocated_high_25447_25428_2078,1777334340,2026-04-27,23,59,25447,25428,1
ghost_relocated_high_25457_25457_2079,1777334940,2026-04-28,0,9,25457,25457,1
ghost_relocated_high_25458_25458_2080,1777335000,2026-04-28,0,10,25458,25458,1
ghost_relocated_high_25459_25459_2081,1777335060,2026-04-28,0,11,25459,25459,1
ghost_relocated_low_25509_25475_2082,1777338060,2026-04-28,1,1,25509,25475,1
ghost_relocated_low_25517_25517_2083,1777338540,2026-04-28,1,9,25517,25517,1
ghost_relocated_low_25558_25558_2084,1777341000,2026-04-28,1,50,25558,25558,1
ghost_relocated_low_25565_25565_2085,1777341420,2026-04-28,1,57,25565,25565,1
ghost_relocated_low_25566_25566_2086,1777341480,2026-04-28,1,58,25566,25566,1
ghost_relocated_low_25567_25567_2087,1777341540,2026-04-28,1,59,25567,25567,1
ghost_relocated_low_25568_25568_2088,1777341600,2026-04-28,2,0,25568,25568,1
ghost_relocated_low_25569_25569_2089,1777341660,2026-04-28,2,1,25569,25569,1
ghost_relocated_low_25599_25569_2090,1777343460,2026-04-28,2,31,25599,25569,1
ghost_relocated_low_25607_25607_2091,1777343940,2026-04-28,2,39,25607,25607,1
ghost_relocated_low_25608_25608_2092,1777344000,2026-04-28,2,40,25608,25608,1
ghost_relocated_low_25609_25609_2093,1777344060,2026-04-28,2,41,25609,25609,1
ghost_relocated_low_25617_25617_2094,1777344540,2026-04-28,2,49,25617,25617,1
ghost_relocated_low_25623_25623_2095,1777344900,2026-04-28,2,55,25623,25623,1
ghost_relocated_low_25624_25624_2096,1777344960,2026-04-28,2,56,25624,25624,1
ghost_relocated_low_25625_25625_2097,1777345020,2026-04-28,2,57,25625,25625,1
ghost_relocated_low_25626_25626_2098,1777345080,2026-04-28,2,58,25626,25626,1
ghost_relocated_high_25676_25658_2099,1777348080,2026-04-28,3,48,25676,25658,1
ghost_relocated_high_25705_25705_2100,1777349820,2026-04-28,4,17,25705,25705,1
ghost_relocated_high_25720_25720_2101,1777350720,2026-04-28,4,32,25720,25720,1
ghost_relocated_high_25721_25721_2102,1777350780,2026-04-28,4,33,25721,25721,1
ghost_relocated_high_25722_25722_2103,1777350840,2026-04-28,4,34,25722,25722,1
ghost_relocated_high_25734_25734_2104,1777351560,2026-04-28,4,46,25734,25734,1
ghost_relocated_high_25743_25734_2105,1777352100,2026-04-28,4,55,25743,25734,1
ghost_relocated_low_25784_25784_2106,1777354560,2026-04-28,5,36,25784,25784,1
ghost_relocated_low_25785_25785_2107,1777354620,2026-04-28,5,37,25785,25785,1
ghost_relocated_low_25786_25786_2108,1777354680,2026-04-28,5,38,25786,25786,1
ghost_relocated_high_25836_25789_2109,1777357680,2026-04-28,6,28,25836,25789,1
ghost_relocated_high_25921_25911_2110,1777362780,2026-04-28,7,53,25921,25911,1
ghost_relocated_high_25957_25957_2111,1777364940,2026-04-28,8,29,25957,25957,1
ghost_relocated_high_25986_25957_2112,1777366680,2026-04-28,8,58,25986,25957,1
ghost_relocated_low_26007_25996_2113,1777367940,2026-04-28,9,19,26007,25996,1
ghost_relocated_low_26010_26010_2114,1777368120,2026-04-28,9,22,26010,26010,1
ghost_relocated_low_26011_26011_2115,1777368180,2026-04-28,9,23,26011,26011,1
ghost_relocated_low_26012_26012_2116,1777368240,2026-04-28,9,24,26012,26012,1
ghost_relocated_low_26013_26013_2117,1777368300,2026-04-28,9,25,26013,26013,1
ghost_relocated_low_26014_26014_2118,1777368360,2026-04-28,9,26,26014,26014,1
ghost_relocated_low_26015_26015_2119,1777368420,2026-04-28,9,27,26015,26015,1
ghost_relocated_low_26019_26019_2120,1777368660,2026-04-28,9,31,26019,26019,1
ghost_relocated_low_26020_26020_2121,1777368720,2026-04-28,9,32,26020,26020,1
ghost_relocated_low_26021_26021_2122,1777368780,2026-04-28,9,33,26021,26021,1
ghost_relocated_low_26027_26027_2123,1777369140,2026-04-28,9,39,26027,26027,1
ghost_relocated_low_26028_26028_2124,1777369200,2026-04-28,9,40,26028,26028,1
ghost_relocated_low_26031_26031_2125,1777369380,2026-04-28,9,43,26031,26031,1
ghost_relocated_low_26033_26033_2126,1777369500,2026-04-28,9,45,26033,26033,1
ghost_relocated_low_26034_26034_2127,1777369560,2026-04-28,9,46,26034,26034,1
ghost_relocated_low_26035_26035_2128,1777369620,2026-04-28,9,47,26035,26035,1
ghost_relocated_low_26036_26036_2129,1777369680,2026-04-28,9,48,26036,26036,1
ghost_relocated_low_26038_26038_2130,1777369800,2026-04-28,9,50,26038,26038,1
ghost_relocated_low_26039_26039_2131,1777369860,2026-04-28,9,51,26039,26039,1
ghost_relocated_low_26065_26065_2132,1777371420,2026-04-28,10,17,26065,26065,1
ghost_relocated_low_26093_26093_2133,1777373100,2026-04-28,10,45,26093,26093,1
ghost_relocated_low_26095_26095_2134,1777373220,2026-04-28,10,47,26095,26095,1
ghost_relocated_low_26096_26096_2135,1777373280,2026-04-28,10,48,26096,26096,1
ghost_relocated_low_26112_26112_2136,1777374240,2026-04-28,11,4,26112,26112,1
ghost_relocated_low_26114_26114_2137,1777374360,2026-04-28,11,6,26114,26114,1
ghost_relocated_low_26115_26115_2138,1777374420,2026-04-28,11,7,26115,26115,1
ghost_relocated_low_26116_26116_2139,1777374480,2026-04-28,11,8,26116,26116,1
ghost_relocated_low_26117_26117_2140,1777374540,2026-04-28,11,9,26117,26117,1
ghost_relocated_low_26118_26118_2141,1777374600,2026-04-28,11,10,26118,26118,1
ghost_relocated_low_26119_26119_2142,1777374660,2026-04-28,11,11,26119,26119,1
ghost_relocated_low_26120_26120_2143,1777374720,2026-04-28,11,12,26120,26120,1
ghost_relocated_low_26121_26121_2144,1777374780,2026-04-28,11,13,26121,26121,1
ghost_relocated_low_26124_26124_2145,1777374960,2026-04-28,11,16,26124,26124,1
ghost_relocated_low_26125_26125_2146,1777375020,2026-04-28,11,17,26125,26125,1
ghost_relocated_low_26126_26126_2147,1777375080,2026-04-28,11,18,26126,26126,1
ghost_relocated_low_26129_26129_2148,1777375260,2026-04-28,11,21,26129,26129,1
ghost_relocated_low_26131_26131_2149,1777375380,2026-04-28,11,23,26131,26131,1
ghost_relocated_low_26135_26135_2150,1777375620,2026-04-28,11,27,26135,26135,1
ghost_relocated_low_26136_26136_2151,1777375680,2026-04-28,11,28,26136,26136,1
ghost_relocated_low_26139_26139_2152,1777375860,2026-04-28,11,31,26139,26139,1
ghost_relocated_low_26146_26146_2153,1777376280,2026-04-28,11,38,26146,26146,1
ghost_relocated_low_26147_26147_2154,1777376340,2026-04-28,11,39,26147,26147,1
ghost_relocated_low_26148_26148_2155,1777376400,2026-04-28,11,40,26148,26148,1
ghost_relocated_low_26149_26149_2156,1777376460,2026-04-28,11,41,26149,26149,1
ghost_relocated_low_26159_26159_2157,1777377060,2026-04-28,11,51,26159,26159,1
ghost_relocated_low_26160_26160_2158,1777377120,2026-04-28,11,52,26160,26160,1
ghost_relocated_low_26168_26168_2159,1777377600,2026-04-28,12,0,26168,26168,1
ghost_relocated_low_26178_26178_2160,1777378200,2026-04-28,12,10,26178,26178,1
ghost_relocated_low_26179_26179_2161,1777378260,2026-04-28,12,11,26179,26179,1
ghost_relocated_low_26190_26190_2162,1777378920,2026-04-28,12,22,26190,26190,1
ghost_relocated_low_26191_26191_2163,1777378980,2026-04-28,12,23,26191,26191,1
ghost_relocated_low_26199_26199_2164,1777379460,2026-04-28,12,31,26199,26199,1
ghost_relocated_high_26249_26229_2165,1777382460,2026-04-28,13,21,26249,26229,1
ghost_relocated_high_26257_26257_2166,1777382940,2026-04-28,13,29,26257,26257,1
ghost_relocated_high_26265_26265_2167,1777383420,2026-04-28,13,37,26265,26265,1
ghost_relocated_high_26266_26266_2168,1777383480,2026-04-28,13,38,26266,26266,1
ghost_relocated_high_26269_26269_2169,1777383660,2026-04-28,13,41,26269,26269,1
ghost_relocated_high_26270_26270_2170,1777383720,2026-04-28,13,42,26270,26270,1
ghost_relocated_high_26271_26271_2171,1777383780,2026-04-28,13,43,26271,26271,1
ghost_relocated_high_26276_26276_2172,1777384080,2026-04-28,13,48,26276,26276,1
ghost_relocated_high_26277_26277_2173,1777384140,2026-04-28,13,49,26277,26277,1
ghost_relocated_high_26309_26277_2174,1777386060,2026-04-28,14,21,26309,26277,1
ghost_relocated_low_26327_26327_2175,1777387140,2026-04-28,14,39,26327,26327,1
ghost_relocated_low_26329_26329_2176,1777387260,2026-04-28,14,41,26329,26329,1
ghost_relocated_low_26338_26338_2177,1777387800,2026-04-28,14,50,26338,26338,1
ghost_relocated_low_26339_26339_2178,1777387860,2026-04-28,14,51,26339,26339,1
ghost_relocated_low_26343_26343_2179,1777388100,2026-04-28,14,55,26343,26343,1
ghost_relocated_low_26383_26383_2180,1777390500,2026-04-28,15,35,26383,26383,1
ghost_relocated_low_26396_26396_2181,1777391280,2026-04-28,15,48,26396,26396,1
ghost_relocated_low_26397_26397_2182,1777391340,2026-04-28,15,49,26397,26397,1
ghost_relocated_high_26447_26431_2183,1777394340,2026-04-28,16,39,26447,26431,1
ghost_relocated_high_26461_26461_2184,1777395180,2026-04-28,16,53,26461,26461,1
ghost_relocated_high_26462_26462_2185,1777395240,2026-04-28,16,54,26462,26462,1
ghost_relocated_high_26463_26463_2186,1777395300,2026-04-28,16,55,26463,26463,1
ghost_relocated_high_26469_26469_2187,1777395660,2026-04-28,17,1,26469,26469,1
ghost_relocated_high_26501_26501_2188,1777397580,2026-04-28,17,33,26501,26501,1
ghost_relocated_high_26502_26502_2189,1777397640,2026-04-28,17,34,26502,26502,1
ghost_relocated_high_26503_26503_2190,1777397700,2026-04-28,17,35,26503,26503,1
ghost_relocated_high_26506_26506_2191,1777397880,2026-04-28,17,38,26506,26506,1
ghost_relocated_high_26507_26507_2192,1777397940,2026-04-28,17,39,26507,26507,1
ghost_relocated_high_26508_26508_2193,1777398000,2026-04-28,17,40,26508,26508,1
ghost_relocated_high_26509_26509_2194,1777398060,2026-04-28,17,41,26509,26509,1
ghost_relocated_high_26510_26510_2195,1777398120,2026-04-28,17,42,26510,26510,1
ghost_relocated_high_26520_26520_2196,1777398720,2026-04-28,17,52,26520,26520,1
ghost_relocated_high_26522_26522_2197,1777398840,2026-04-28,17,54,26522,26522,1
ghost_relocated_high_26523_26523_2198,1777398900,2026-04-28,17,55,26523,26523,1
ghost_relocated_high_26525_26525_2199,1777399020,2026-04-28,17,57,26525,26525,1
ghost_relocated_high_26528_26528_2200,1777399200,2026-04-28,18,0,26528,26528,1
ghost_relocated_high_26543_26543_2201,1777400100,2026-04-28,18,15,26543,26543,1
ghost_relocated_high_26545_26545_2202,1777400220,2026-04-28,18,17,26545,26545,1
ghost_relocated_high_26546_26546_2203,1777400280,2026-04-28,18,18,26546,26546,1
ghost_relocated_high_26547_26547_2204,1777400340,2026-04-28,18,19,26547,26547,1
ghost_relocated_high_26548_26548_2205,1777400400,2026-04-28,18,20,26548,26548,1
ghost_relocated_high_26549_26549_2206,1777400460,2026-04-28,18,21,26549,26549,1
ghost_relocated_high_26551_26551_2207,1777400580,2026-04-28,18,23,26551,26551,1
ghost_relocated_high_26579_26579_2208,1777402260,2026-04-28,18,51,26579,26579,1
ghost_relocated_high_26580_26580_2209,1777402320,2026-04-28,18,52,26580,26580,1
ghost_relocated_high_26582_26582_2210,1777402440,2026-04-28,18,54,26582,26582,1
ghost_relocated_high_26587_26587_2211,1777402740,2026-04-28,18,59,26587,26587,1
ghost_relocated_high_26588_26588_2212,1777402800,2026-04-28,19,0,26588,26588,1
ghost_relocated_high_26589_26589_2213,1777402860,2026-04-28,19,1,26589,26589,1
ghost_relocated_high_26590_26590_2214,1777402920,2026-04-28,19,2,26590,26590,1
ghost_relocated_high_26593_26593_2215,1777403100,2026-04-28,19,5,26593,26593,1
ghost_relocated_high_26594_26594_2216,1777403160,2026-04-28,19,6,26594,26594,1
ghost_relocated_high_26595_26595_2217,1777403220,2026-04-28,19,7,26595,26595,1
ghost_relocated_high_26599_26599_2218,1777403460,2026-04-28,19,11,26599,26599,1
ghost_relocated_low_26649_26649_2219,1777406460,2026-04-28,20,1,26649,26649,1
ghost_relocated_high_26699_26666_2220,1777409460,2026-04-28,20,51,26699,26666,1
ghost_relocated_high_26708_26708_2221,1777413600,2026-04-28,22,0,26708,26708,1
ghost_relocated_high_26709_26709_2222,1777413660,2026-04-28,22,1,26709,26709,1
ghost_relocated_high_26711_26711_2223,1777413780,2026-04-28,22,3,26711,26711,1
ghost_relocated_low_26762_26733_2224,1777416840,2026-04-28,22,54,26762,26733,1
ghost_relocated_low_26895_26895_2225,1777424820,2026-04-29,1,7,26895,26895,1
ghost_relocated_low_26896_26896_2226,1777424880,2026-04-29,1,8,26896,26896,1
ghost_relocated_low_26908_26896_2227,1777425600,2026-04-29,1,20,26908,26896,1
ghost_relocated_high_26946_26930_2228,1777427880,2026-04-29,1,58,26946,26930,1
ghost_relocated_high_26958_26958_2229,1777428600,2026-04-29,2,10,26958,26958,1
ghost_relocated_high_26964_26964_2230,1777428960,2026-04-29,2,16,26964,26964,1
ghost_relocated_high_26965_26965_2231,1777429020,2026-04-29,2,17,26965,26965,1
ghost_relocated_high_26966_26966_2232,1777429080,2026-04-29,2,18,26966,26966,1
ghost_relocated_high_26967_26967_2233,1777429140,2026-04-29,2,19,26967,26967,1
ghost_relocated_high_27014_27014_2234,1777431960,2026-04-29,3,6,27014,27014,1
ghost_relocated_high_27017_27017_2235,1777432140,2026-04-29,3,9,27017,27017,1
ghost_relocated_high_27018_27018_2236,1777432200,2026-04-29,3,10,27018,27018,1
ghost_relocated_low_27068_27060_2237,1777435200,2026-04-29,4,0,27068,27060,1
ghost_relocated_low_27155_27153_2238,1777440420,2026-04-29,5,27,27155,27153,1
ghost_relocated_high_27203_27193_2239,1777443300,2026-04-29,6,15,27203,27193,1
ghost_relocated_low_27243_27243_2240,1777445700,2026-04-29,6,55,27243,27243,1
ghost_relocated_low_27246_27246_2241,1777445880,2026-04-29,6,58,27246,27246,1
ghost_relocated_low_27247_27247_2242,1777445940,2026-04-29,6,59,27247,27247,1
ghost_relocated_low_27259_27259_2243,1777446660,2026-04-29,7,11,27259,27259,1
ghost_relocated_low_27261_27261_2244,1777446780,2026-04-29,7,13,27261,27261,1
ghost_relocated_low_27262_27262_2245,1777446840,2026-04-29,7,14,27262,27262,1
ghost_relocated_low_27263_27263_2246,1777446900,2026-04-29,7,15,27263,27263,1
ghost_relocated_low_27264_27264_2247,1777446960,2026-04-29,7,16,27264,27264,1
ghost_relocated_low_27265_27265_2248,1777447020,2026-04-29,7,17,27265,27265,1
ghost_relocated_low_27267_27267_2249,1777447140,2026-04-29,7,19,27267,27267,1
ghost_relocated_low_27268_27268_2250,1777447200,2026-04-29,7,20,27268,27268,1
ghost_relocated_low_27289_27289_2251,1777448460,2026-04-29,7,41,27289,27289,1
ghost_relocated_low_27290_27290_2252,1777448520,2026-04-29,7,42,27290,27290,1
ghost_relocated_low_27292_27292_2253,1777448640,2026-04-29,7,44,27292,27292,1
ghost_relocated_low_27293_27293_2254,1777448700,2026-04-29,7,45,27293,27293,1
ghost_relocated_low_27294_27294_2255,1777448760,2026-04-29,7,46,27294,27294,1
ghost_relocated_low_27295_27295_2256,1777448820,2026-04-29,7,47,27295,27295,1
ghost_relocated_low_27320_27320_2257,1777450320,2026-04-29,8,12,27320,27320,1
ghost_relocated_low_27323_27323_2258,1777450500,2026-04-29,8,15,27323,27323,1
ghost_relocated_low_27324_27324_2259,1777450560,2026-04-29,8,16,27324,27324,1
ghost_relocated_high_27374_27337_2260,1777453560,2026-04-29,9,6,27374,27337,1
ghost_relocated_high_27378_27378_2261,1777453800,2026-04-29,9,10,27378,27378,1
ghost_relocated_high_27379_27379_2262,1777453860,2026-04-29,9,11,27379,27379,1
ghost_relocated_high_27380_27380_2263,1777453920,2026-04-29,9,12,27380,27380,1
ghost_relocated_high_27382_27382_2264,1777454040,2026-04-29,9,14,27382,27382,1
ghost_relocated_high_27385_27385_2265,1777454220,2026-04-29,9,17,27385,27385,1
ghost_relocated_high_27386_27386_2266,1777454280,2026-04-29,9,18,27386,27386,1
ghost_relocated_low_27437_27429_2267,1777457340,2026-04-29,10,9,27437,27429,1
ghost_relocated_high_27479_27460_2268,1777459860,2026-04-29,10,51,27479,27460,1
ghost_relocated_low_27510_27483_2269,1777461720,2026-04-29,11,22,27510,27483,1
ghost_relocated_low_27528_27528_2270,1777462800,2026-04-29,11,40,27528,27528,1
ghost_relocated_low_27530_27530_2271,1777462920,2026-04-29,11,42,27530,27530,1
ghost_relocated_low_27531_27531_2272,1777462980,2026-04-29,11,43,27531,27531,1
ghost_relocated_low_27532_27532_2273,1777463040,2026-04-29,11,44,27532,27532,1
ghost_relocated_low_27535_27535_2274,1777463220,2026-04-29,11,47,27535,27535,1
ghost_relocated_low_27536_27536_2275,1777463280,2026-04-29,11,48,27536,27536,1
ghost_relocated_low_27552_27552_2276,1777464240,2026-04-29,12,4,27552,27552,1
ghost_relocated_low_27562_27562_2277,1777464840,2026-04-29,12,14,27562,27562,1
ghost_relocated_low_27570_27570_2278,1777465320,2026-04-29,12,22,27570,27570,1
ghost_relocated_low_27576_27570_2279,1777465680,2026-04-29,12,28,27576,27570,1
ghost_relocated_low_27578_27578_2280,1777465800,2026-04-29,12,30,27578,27578,1
ghost_relocated_low_27579_27579_2281,1777465860,2026-04-29,12,31,27579,27579,1
ghost_relocated_low_27582_27582_2282,1777466040,2026-04-29,12,34,27582,27582,1
ghost_relocated_high_27632_27610_2283,1777469040,2026-04-29,13,24,27632,27610,1
ghost_relocated_high_27693_27693_2284,1777472700,2026-04-29,14,25,27693,27693,1
ghost_relocated_high_27694_27694_2285,1777472760,2026-04-29,14,26,27694,27694,1
ghost_relocated_high_27695_27695_2286,1777472820,2026-04-29,14,27,27695,27695,1
ghost_relocated_high_27696_27696_2287,1777472880,2026-04-29,14,28,27696,27696,1
ghost_relocated_high_27697_27697_2288,1777472940,2026-04-29,14,29,27697,27697,1
ghost_relocated_high_27700_27700_2289,1777473120,2026-04-29,14,32,27700,27700,1
ghost_relocated_high_27702_27702_2290,1777473240,2026-04-29,14,34,27702,27702,1
ghost_relocated_high_27703_27703_2291,1777473300,2026-04-29,14,35,27703,27703,1
ghost_relocated_high_27704_27704_2292,1777473360,2026-04-29,14,36,27704,27704,1
ghost_relocated_high_27705_27705_2293,1777473420,2026-04-29,14,37,27705,27705,1
ghost_relocated_low_27755_27743_2294,1777476420,2026-04-29,15,27,27755,27743,1
ghost_relocated_low_27782_27782_2295,1777478040,2026-04-29,15,54,27782,27782,1
ghost_relocated_low_27818_27818_2296,1777480200,2026-04-29,16,30,27818,27818,1
ghost_relocated_low_27819_27819_2297,1777480260,2026-04-29,16,31,27819,27819,1
ghost_relocated_low_27820_27820_2298,1777480320,2026-04-29,16,32,27820,27820,1
ghost_relocated_low_27822_27822_2299,1777480440,2026-04-29,16,34,27822,27822,1
ghost_relocated_high_27872_27868_2300,1777483440,2026-04-29,17,24,27872,27868,1
ghost_relocated_high_27879_27879_2301,1777483860,2026-04-29,17,31,27879,27879,1
ghost_relocated_high_27882_27882_2302,1777484040,2026-04-29,17,34,27882,27882,1
ghost_relocated_high_27896_27896_2303,1777484880,2026-04-29,17,48,27896,27896,1
ghost_relocated_high_27899_27899_2304,1777485060,2026-04-29,17,51,27899,27899,1
ghost_relocated_high_27908_27908_2305,1777485600,2026-04-29,18,0,27908,27908,1
ghost_relocated_high_27944_27944_2306,1777487760,2026-04-29,18,36,27944,27944,1
ghost_relocated_high_27961_27961_2307,1777488780,2026-04-29,18,53,27961,27961,1
ghost_relocated_high_27963_27963_2308,1777488900,2026-04-29,18,55,27963,27963,1
ghost_relocated_high_27964_27964_2309,1777488960,2026-04-29,18,56,27964,27964,1
ghost_relocated_high_27965_27965_2310,1777489020,2026-04-29,18,57,27965,27965,1
ghost_relocated_high_27966_27966_2311,1777489080,2026-04-29,18,58,27966,27966,1
ghost_relocated_high_27967_27967_2312,1777489140,2026-04-29,18,59,27967,27967,1
ghost_relocated_high_27968_27968_2313,1777489200,2026-04-29,19,0,27968,27968,1
ghost_relocated_high_27980_27980_2314,1777489920,2026-04-29,19,12,27980,27980,1
ghost_relocated_high_27981_27981_2315,1777489980,2026-04-29,19,13,27981,27981,1
ghost_relocated_high_27982_27982_2316,1777490040,2026-04-29,19,14,27982,27982,1
ghost_relocated_high_27983_27983_2317,1777490100,2026-04-29,19,15,27983,27983,1
ghost_relocated_high_28028_28028_2318,1777492800,2026-04-29,20,0,28028,28028,1
ghost_relocated_high_28030_28030_2319,1777492920,2026-04-29,20,2,28030,28030,1
ghost_relocated_high_28031_28031_2320,1777492980,2026-04-29,20,3,28031,28031,1
ghost_relocated_low_28081_28046_2321,1777495980,2026-04-29,20,53,28081,28046,1
ghost_relocated_high_28096_28096_2322,1777500480,2026-04-29,22,8,28096,28096,1
ghost_relocated_high_28097_28097_2323,1777500540,2026-04-29,22,9,28097,28097,1
ghost_relocated_high_28098_28098_2324,1777500600,2026-04-29,22,10,28098,28098,1
ghost_relocated_high_28099_28099_2325,1777500660,2026-04-29,22,11,28099,28099,1
ghost_relocated_high_28101_28101_2326,1777500780,2026-04-29,22,13,28101,28101,1
ghost_relocated_high_28102_28102_2327,1777500840,2026-04-29,22,14,28102,28102,1
ghost_relocated_high_28103_28103_2328,1777500900,2026-04-29,22,15,28103,28103,1
ghost_relocated_high_28104_28104_2329,1777500960,2026-04-29,22,16,28104,28104,1
ghost_relocated_high_28105_28105_2330,1777501020,2026-04-29,22,17,28105,28105,1
ghost_relocated_high_28107_28107_2331,1777501140,2026-04-29,22,19,28107,28107,1
ghost_relocated_low_28157_28129_2332,1777504140,2026-04-29,23,9,28157,28129,1
ghost_relocated_high_28218_28217_2333,1777507800,2026-04-30,0,10,28218,28217,1
ghost_relocated_high_28221_28221_2334,1777507980,2026-04-30,0,13,28221,28221,1
ghost_relocated_high_28238_28238_2335,1777509000,2026-04-30,0,30,28238,28238,1
ghost_relocated_high_28245_28245_2336,1777509420,2026-04-30,0,37,28245,28245,1
ghost_relocated_high_28246_28246_2337,1777509480,2026-04-30,0,38,28246,28246,1
ghost_relocated_high_28247_28247_2338,1777509540,2026-04-30,0,39,28247,28247,1
ghost_relocated_low_28297_28285_2339,1777512540,2026-04-30,1,29,28297,28285,1
ghost_relocated_low_28304_28304_2340,1777512960,2026-04-30,1,36,28304,28304,1
ghost_relocated_low_28346_28346_2341,1777515480,2026-04-30,2,18,28346,28346,1
ghost_relocated_low_28347_28347_2342,1777515540,2026-04-30,2,19,28347,28347,1
ghost_relocated_low_28348_28348_2343,1777515600,2026-04-30,2,20,28348,28348,1
ghost_relocated_low_28349_28349_2344,1777515660,2026-04-30,2,21,28349,28349,1
ghost_relocated_low_28353_28353_2345,1777515900,2026-04-30,2,25,28353,28353,1
ghost_relocated_low_28354_28354_2346,1777515960,2026-04-30,2,26,28354,28354,1
ghost_relocated_low_28355_28355_2347,1777516020,2026-04-30,2,27,28355,28355,1
ghost_relocated_low_28357_28357_2348,1777516140,2026-04-30,2,29,28357,28357,1
ghost_relocated_low_28358_28358_2349,1777516200,2026-04-30,2,30,28358,28358,1
ghost_relocated_low_28359_28359_2350,1777516260,2026-04-30,2,31,28359,28359,1
ghost_relocated_high_28409_28365_2351,1777519260,2026-04-30,3,21,28409,28365,1
ghost_relocated_high_28557_28523_2352,1777528140,2026-04-30,5,49,28557,28523,1
ghost_relocated_high_28629_28605_2353,1777532460,2026-04-30,7,1,28629,28605,1
ghost_relocated_high_28636_28636_2354,1777532880,2026-04-30,7,8,28636,28636,1
ghost_relocated_high_28637_28637_2355,1777532940,2026-04-30,7,9,28637,28637,1
ghost_relocated_high_28638_28638_2356,1777533000,2026-04-30,7,10,28638,28638,1
ghost_relocated_high_28639_28639_2357,1777533060,2026-04-30,7,11,28639,28639,1
ghost_relocated_high_28640_28640_2358,1777533120,2026-04-30,7,12,28640,28640,1
ghost_relocated_high_28655_28655_2359,1777534020,2026-04-30,7,27,28655,28655,1
ghost_relocated_high_28656_28656_2360,1777534080,2026-04-30,7,28,28656,28656,1
ghost_relocated_high_28657_28657_2361,1777534140,2026-04-30,7,29,28657,28657,1
ghost_relocated_high_28658_28658_2362,1777534200,2026-04-30,7,30,28658,28658,1
ghost_relocated_high_28659_28659_2363,1777534260,2026-04-30,7,31,28659,28659,1
ghost_relocated_high_28661_28661_2364,1777534380,2026-04-30,7,33,28661,28661,1
ghost_relocated_high_28693_28693_2365,1777536300,2026-04-30,8,5,28693,28693,1
ghost_relocated_high_28722_28722_2366,1777538040,2026-04-30,8,34,28722,28722,1
ghost_relocated_high_28727_28727_2367,1777538340,2026-04-30,8,39,28727,28727,1
ghost_relocated_high_28728_28728_2368,1777538400,2026-04-30,8,40,28728,28728,1
ghost_relocated_high_28759_28728_2369,1777540260,2026-04-30,9,11,28759,28728,1
ghost_relocated_high_28778_28778_2370,1777541400,2026-04-30,9,30,28778,28778,1
ghost_relocated_high_28779_28779_2371,1777541460,2026-04-30,9,31,28779,28779,1
ghost_relocated_high_28819_28779_2372,1777543860,2026-04-30,10,11,28819,28779,1
ghost_relocated_low_28829_28805_2373,1777544460,2026-04-30,10,21,28829,28805,1
ghost_relocated_low_28860_28860_2374,1777546320,2026-04-30,10,52,28860,28860,1
ghost_relocated_high_28910_28898_2375,1777549320,2026-04-30,11,42,28910,28898,1
ghost_relocated_high_28943_28943_2376,1777551300,2026-04-30,12,15,28943,28943,1
ghost_relocated_high_28945_28945_2377,1777551420,2026-04-30,12,17,28945,28945,1
ghost_relocated_high_28946_28946_2378,1777551480,2026-04-30,12,18,28946,28946,1
ghost_relocated_high_28949_28949_2379,1777551660,2026-04-30,12,21,28949,28949,1
ghost_relocated_high_28955_28955_2380,1777552020,2026-04-30,12,27,28955,28955,1
ghost_relocated_high_28957_28957_2381,1777552140,2026-04-30,12,29,28957,28957,1
ghost_relocated_high_28958_28958_2382,1777552200,2026-04-30,12,30,28958,28958,1
ghost_relocated_low_29008_28972_2383,1777555200,2026-04-30,13,20,29008,28972,1
ghost_relocated_low_29018_29018_2384,1777555800,2026-04-30,13,30,29018,29018,1
ghost_relocated_low_29019_29019_2385,1777555860,2026-04-30,13,31,29019,29019,1
ghost_relocated_low_29020_29020_2386,1777555920,2026-04-30,13,32,29020,29020,1
ghost_relocated_low_29021_29021_2387,1777555980,2026-04-30,13,33,29021,29021,1
ghost_relocated_low_29022_29022_2388,1777556040,2026-04-30,13,34,29022,29022,1
ghost_relocated_low_29023_29023_2389,1777556100,2026-04-30,13,35,29023,29023,1
ghost_relocated_low_29025_29025_2390,1777556220,2026-04-30,13,37,29025,29025,1
ghost_relocated_low_29026_29026_2391,1777556280,2026-04-30,13,38,29026,29026,1
ghost_relocated_low_29027_29027_2392,1777556340,2026-04-30,13,39,29027,29027,1
ghost_relocated_low_29028_29028_2393,1777556400,2026-04-30,13,40,29028,29028,1
ghost_relocated_low_29040_29040_2394,1777557120,2026-04-30,13,52,29040,29040,1
ghost_relocated_low_29042_29042_2395,1777557240,2026-04-30,13,54,29042,29042,1
ghost_relocated_low_29043_29043_2396,1777557300,2026-04-30,13,55,29043,29043,1
ghost_relocated_low_29044_29044_2397,1777557360,2026-04-30,13,56,29044,29044,1
ghost_relocated_low_29045_29045_2398,1777557420,2026-04-30,13,57,29045,29045,1
ghost_relocated_low_29046_29046_2399,1777557480,2026-04-30,13,58,29046,29046,1
ghost_relocated_low_29057_29057_2400,1777558140,2026-04-30,14,9,29057,29057,1
ghost_relocated_low_29064_29064_2401,1777558560,2026-04-30,14,16,29064,29064,1
ghost_relocated_low_29065_29065_2402,1777558620,2026-04-30,14,17,29065,29065,1
ghost_relocated_high_29115_29109_2403,1777561620,2026-04-30,15,7,29115,29109,1
ghost_relocated_high_29117_29117_2404,1777561740,2026-04-30,15,9,29117,29117,1
ghost_relocated_high_29118_29118_2405,1777561800,2026-04-30,15,10,29118,29118,1
ghost_relocated_high_29119_29119_2406,1777561860,2026-04-30,15,11,29119,29119,1
ghost_relocated_high_29137_29137_2407,1777562940,2026-04-30,15,29,29137,29137,1
ghost_relocated_high_29138_29138_2408,1777563000,2026-04-30,15,30,29138,29138,1
ghost_relocated_high_29139_29139_2409,1777563060,2026-04-30,15,31,29139,29139,1
ghost_relocated_low_29189_29155_2410,1777566060,2026-04-30,16,21,29189,29155,1
ghost_relocated_high_29205_29183_2411,1777567020,2026-04-30,16,37,29205,29183,1
ghost_relocated_high_29238_29238_2412,1777569000,2026-04-30,17,10,29238,29238,1
ghost_relocated_high_29239_29239_2413,1777569060,2026-04-30,17,11,29239,29239,1
ghost_relocated_high_29240_29240_2414,1777569120,2026-04-30,17,12,29240,29240,1
ghost_relocated_high_29241_29241_2415,1777569180,2026-04-30,17,13,29241,29241,1
ghost_relocated_high_29254_29254_2416,1777569960,2026-04-30,17,26,29254,29254,1
ghost_relocated_high_29257_29257_2417,1777570140,2026-04-30,17,29,29257,29257,1
ghost_relocated_high_29258_29258_2418,1777570200,2026-04-30,17,30,29258,29258,1
ghost_relocated_high_29259_29259_2419,1777570260,2026-04-30,17,31,29259,29259,1
ghost_relocated_high_29270_29270_2420,1777570920,2026-04-30,17,42,29270,29270,1
ghost_relocated_high_29273_29273_2421,1777571100,2026-04-30,17,45,29273,29273,1
ghost_relocated_high_29274_29274_2422,1777571160,2026-04-30,17,46,29274,29274,1
ghost_relocated_high_29275_29274_2423,1777571220,2026-04-30,17,47,29275,29274,1
ghost_relocated_high_29281_29281_2424,1777571580,2026-04-30,17,53,29281,29281,1
ghost_relocated_high_29284_29284_2425,1777571760,2026-04-30,17,56,29284,29284,1
ghost_relocated_high_29285_29285_2426,1777571820,2026-04-30,17,57,29285,29285,1
ghost_relocated_high_29286_29286_2427,1777571880,2026-04-30,17,58,29286,29286,1
ghost_relocated_high_29287_29287_2428,1777571940,2026-04-30,17,59,29287,29287,1
ghost_relocated_high_29288_29288_2429,1777572000,2026-04-30,18,0,29288,29288,1
ghost_relocated_high_29289_29289_2430,1777572060,2026-04-30,18,1,29289,29289,1
ghost_relocated_high_29290_29290_2431,1777572120,2026-04-30,18,2,29290,29290,1
ghost_relocated_high_29291_29291_2432,1777572180,2026-04-30,18,3,29291,29291,1
ghost_relocated_high_29324_29324_2433,1777574160,2026-04-30,18,36,29324,29324,1
ghost_relocated_high_29326_29326_2434,1777574280,2026-04-30,18,38,29326,29326,1
ghost_relocated_high_29358_29358_2435,1777576200,2026-04-30,19,10,29358,29358,1
ghost_relocated_high_29361_29361_2436,1777576380,2026-04-30,19,13,29361,29361,1
ghost_relocated_high_29363_29363_2437,1777576500,2026-04-30,19,15,29363,29363,1
ghost_relocated_high_29364_29364_2438,1777576560,2026-04-30,19,16,29364,29364,1
ghost_relocated_high_29365_29365_2439,1777576620,2026-04-30,19,17,29365,29365,1
ghost_relocated_high_29373_29373_2440,1777577100,2026-04-30,19,25,29373,29373,1
ghost_relocated_high_29391_29391_2441,1777578180,2026-04-30,19,43,29391,29391,1
ghost_relocated_high_29392_29392_2442,1777578240,2026-04-30,19,44,29392,29392,1
ghost_relocated_high_29393_29393_2443,1777578300,2026-04-30,19,45,29393,29393,1
ghost_relocated_high_29398_29398_2444,1777578600,2026-04-30,19,50,29398,29398,1
ghost_relocated_low_29448_29409_2445,1777581600,2026-04-30,20,40,29448,29409,1
ghost_relocated_high_29459_29441_2446,1777582260,2026-04-30,20,51,29459,29441,1
ghost_relocated_high_29468_29468_2447,1777586400,2026-04-30,22,0,29468,29468,1
ghost_relocated_high_29476_29476_2448,1777586880,2026-04-30,22,8,29476,29476,1
ghost_relocated_low_29526_29525_2449,1777589880,2026-04-30,22,58,29526,29525,1
ghost_relocated_high_29575_29564_2450,1777592820,2026-04-30,23,47,29575,29564,1
ghost_relocated_high_29606_29606_2451,1777594680,2026-05-01,0,18,29606,29606,1
ghost_relocated_high_29608_29608_2452,1777594800,2026-05-01,0,20,29608,29608,1
ghost_relocated_high_29609_29609_2453,1777594860,2026-05-01,0,21,29609,29609,1
ghost_relocated_high_29619_29619_2454,1777595460,2026-05-01,0,31,29619,29619,1
ghost_relocated_high_29621_29621_2455,1777595580,2026-05-01,0,33,29621,29621,1
ghost_relocated_high_29623_29623_2456,1777595700,2026-05-01,0,35,29623,29623,1
ghost_relocated_high_29634_29634_2457,1777596360,2026-05-01,0,46,29634,29634,1
ghost_relocated_high_29637_29637_2458,1777596540,2026-05-01,0,49,29637,29637,1
ghost_relocated_high_29663_29663_2459,1777598100,2026-05-01,1,15,29663,29663,1
ghost_relocated_high_29670_29670_2460,1777598520,2026-05-01,1,22,29670,29670,1
ghost_relocated_high_29671_29671_2461,1777598580,2026-05-01,1,23,29671,29671,1
ghost_relocated_high_29673_29673_2462,1777598700,2026-05-01,1,25,29673,29673,1
ghost_relocated_high_29678_29678_2463,1777599000,2026-05-01,1,30,29678,29678,1
ghost_relocated_high_29679_29679_2464,1777599060,2026-05-01,1,31,29679,29679,1
ghost_relocated_low_29729_29689_2465,1777602060,2026-05-01,2,21,29729,29689,1
ghost_relocated_low_29730_29730_2466,1777602120,2026-05-01,2,22,29730,29730,1
ghost_relocated_low_29731_29731_2467,1777602180,2026-05-01,2,23,29731,29731,1
ghost_relocated_low_29732_29732_2468,1777602240,2026-05-01,2,24,29732,29732,1
ghost_relocated_low_29734_29734_2469,1777602360,2026-05-01,2,26,29734,29734,1
ghost_relocated_low_29736_29736_2470,1777602480,2026-05-01,2,28,29736,29736,1
ghost_relocated_low_29741_29741_2471,1777602780,2026-05-01,2,33,29741,29741,1
ghost_relocated_low_29742_29742_2472,1777602840,2026-05-01,2,34,29742,29742,1
ghost_relocated_low_29746_29746_2473,1777603080,2026-05-01,2,38,29746,29746,1
ghost_relocated_low_29747_29747_2474,1777603140,2026-05-01,2,39,29747,29747,1
ghost_relocated_low_29754_29754_2475,1777603560,2026-05-01,2,46,29754,29754,1
ghost_relocated_high_29804_29799_2476,1777606560,2026-05-01,3,36,29804,29799,1
ghost_relocated_low_29849_29831_2477,1777609260,2026-05-01,4,21,29849,29831,1
ghost_relocated_low_29871_29871_2478,1777610580,2026-05-01,4,43,29871,29871,1
ghost_relocated_low_29889_29889_2479,1777611660,2026-05-01,5,1,29889,29889,1
ghost_relocated_high_29939_29894_2480,1777614660,2026-05-01,5,51,29939,29894,1
ghost_relocated_low_29944_29943_2481,1777614960,2026-05-01,5,56,29944,29943,1
ghost_relocated_low_29946_29946_2482,1777615080,2026-05-01,5,58,29946,29946,1
ghost_relocated_low_29947_29947_2483,1777615140,2026-05-01,5,59,29947,29947,1
ghost_relocated_low_29969_29969_2484,1777616460,2026-05-01,6,21,29969,29969,1
ghost_relocated_low_29974_29974_2485,1777616760,2026-05-01,6,26,29974,29974,1
ghost_relocated_low_29978_29978_2486,1777617000,2026-05-01,6,30,29978,29978,1
ghost_relocated_low_29980_29980_2487,1777617120,2026-05-01,6,32,29980,29980,1
ghost_relocated_low_29983_29983_2488,1777617300,2026-05-01,6,35,29983,29983,1
ghost_relocated_low_29984_29984_2489,1777617360,2026-05-01,6,36,29984,29984,1
ghost_relocated_low_29985_29985_2490,1777617420,2026-05-01,6,37,29985,29985,1
ghost_relocated_low_29986_29986_2491,1777617480,2026-05-01,6,38,29986,29986,1
ghost_relocated_low_29987_29987_2492,1777617540,2026-05-01,6,39,29987,29987,1
ghost_relocated_low_29991_29991_2493,1777617780,2026-05-01,6,43,29991,29991,1
ghost_relocated_low_29993_29993_2494,1777617900,2026-05-01,6,45,29993,29993,1
ghost_relocated_low_29994_29994_2495,1777617960,2026-05-01,6,46,29994,29994,1
ghost_relocated_low_30004_30004_2496,1777618560,2026-05-01,6,56,30004,30004,1
ghost_relocated_low_30047_30047_2497,1777621140,2026-05-01,7,39,30047,30047,1
ghost_relocated_low_30048_30048_2498,1777621200,2026-05-01,7,40,30048,30048,1
ghost_relocated_low_30063_30063_2499,1777622100,2026-05-01,7,55,30063,30063,1
ghost_relocated_low_30064_30064_2500,1777622160,2026-05-01,7,56,30064,30064,1
ghost_relocated_low_30065_30065_2501,1777622220,2026-05-01,7,57,30065,30065,1
ghost_relocated_low_30079_30065_2502,1777623060,2026-05-01,8,11,30079,30065,1
ghost_relocated_low_30100_30100_2503,1777624320,2026-05-01,8,32,30100,30100,1
ghost_relocated_low_30104_30104_2504,1777624560,2026-05-01,8,36,30104,30104,1
ghost_relocated_low_30107_30107_2505,1777624740,2026-05-01,8,39,30107,30107,1
ghost_relocated_low_30108_30108_2506,1777624800,2026-05-01,8,40,30108,30108,1
ghost_relocated_low_30111_30111_2507,1777624980,2026-05-01,8,43,30111,30111,1
ghost_relocated_low_30113_30113_2508,1777625100,2026-05-01,8,45,30113,30113,1
ghost_relocated_low_30115_30115_2509,1777625220,2026-05-01,8,47,30115,30115,1
ghost_relocated_low_30116_30116_2510,1777625280,2026-05-01,8,48,30116,30116,1
ghost_relocated_low_30117_30117_2511,1777625340,2026-05-01,8,49,30117,30117,1
ghost_relocated_low_30131_30131_2512,1777626180,2026-05-01,9,3,30131,30131,1
ghost_relocated_low_30132_30132_2513,1777626240,2026-05-01,9,4,30132,30132,1
ghost_relocated_high_30183_30182_2514,1777629300,2026-05-01,9,55,30183,30182,1
ghost_relocated_high_30205_30205_2515,1777630620,2026-05-01,10,17,30205,30205,1
ghost_relocated_high_30208_30208_2516,1777630800,2026-05-01,10,20,30208,30208,1
ghost_relocated_low_30258_30228_2517,1777633800,2026-05-01,11,10,30258,30228,1
ghost_relocated_high_30278_30248_2518,1777635000,2026-05-01,11,30,30278,30248,1
ghost_relocated_high_30320_30320_2519,1777637520,2026-05-01,12,12,30320,30320,1
ghost_relocated_high_30321_30321_2520,1777637580,2026-05-01,12,13,30321,30321,1
ghost_relocated_high_30322_30322_2521,1777637640,2026-05-01,12,14,30322,30322,1
ghost_relocated_high_30332_30332_2522,1777638240,2026-05-01,12,24,30332,30332,1
ghost_relocated_high_30340_30332_2523,1777638720,2026-05-01,12,32,30340,30332,1
ghost_relocated_low_30382_30354_2524,1777641240,2026-05-01,13,14,30382,30354,1
ghost_relocated_low_30491_30465_2525,1777647780,2026-05-01,15,3,30491,30465,1
ghost_relocated_high_30515_30512_2526,1777649220,2026-05-01,15,27,30515,30512,1
ghost_relocated_high_30518_30518_2527,1777649400,2026-05-01,15,30,30518,30518,1
ghost_relocated_high_30519_30519_2528,1777649460,2026-05-01,15,31,30519,30519,1
ghost_relocated_high_30525_30525_2529,1777649820,2026-05-01,15,37,30525,30525,1
ghost_relocated_high_30534_30534_2530,1777650360,2026-05-01,15,46,30534,30534,1
ghost_relocated_high_30535_30535_2531,1777650420,2026-05-01,15,47,30535,30535,1
ghost_relocated_high_30536_30536_2532,1777650480,2026-05-01,15,48,30536,30536,1
ghost_relocated_high_30538_30538_2533,1777650600,2026-05-01,15,50,30538,30538,1
ghost_relocated_low_30588_30581_2534,1777653600,2026-05-01,16,40,30588,30581,1
ghost_relocated_low_30595_30595_2535,1777654020,2026-05-01,16,47,30595,30595,1
ghost_relocated_high_30645_30638_2536,1777657020,2026-05-01,17,37,30645,30638,1
ghost_relocated_high_30661_30661_2537,1777657980,2026-05-01,17,53,30661,30661,1
ghost_relocated_low_30711_30711_2538,1777660980,2026-05-01,18,43,30711,30711,1
ghost_relocated_low_30712_30712_2539,1777661040,2026-05-01,18,44,30712,30712,1
ghost_relocated_low_30713_30713_2540,1777661100,2026-05-01,18,45,30713,30713,1
ghost_relocated_low_30714_30714_2541,1777661160,2026-05-01,18,46,30714,30714,1
ghost_relocated_high_30764_30758_2542,1777664160,2026-05-01,19,36,30764,30758,1
ghost_relocated_low_30808_30808_2543,1777666800,2026-05-01,20,20,30808,30808,1
ghost_relocated_low_30809_30809_2544,1777666860,2026-05-01,20,21,30809,30809,1
ghost_relocated_low_30828_30828_2545,1777668000,2026-05-01,20,40,30828,30828,1
ghost_relocated_low_30829_30829_2546,1777668060,2026-05-01,20,41,30829,30829,1
ghost_relocated_low_30843_30843_2547,1777668900,2026-05-01,20,55,30843,30843,1
ghost_relocated_low_30845_30845_2548,1777669020,2026-05-01,20,57,30845,30845,1
ghost_relocated_high_30895_30848_2549,1777848420,2026-05-03,22,47,30895,30848,1
ghost_relocated_low_30898_30898_2550,1777848600,2026-05-03,22,50,30898,30898,1
ghost_relocated_low_30919_30919_2551,1777849860,2026-05-03,23,11,30919,30919,1
ghost_relocated_low_30920_30920_2552,1777849920,2026-05-03,23,12,30920,30920,1
ghost_relocated_low_30923_30923_2553,1777850100,2026-05-03,23,15,30923,30923,1
ghost_relocated_low_30936_30936_2554,1777850880,2026-05-03,23,28,30936,30936,1
ghost_relocated_low_30968_30968_2555,1777852800,2026-05-04,0,0,30968,30968,1
ghost_relocated_low_30969_30969_2556,1777852860,2026-05-04,0,1,30969,30969,1
ghost_relocated_high_31019_31017_2557,1777855860,2026-05-04,0,51,31019,31017,1
ghost_relocated_high_31023_31023_2558,1777856100,2026-05-04,0,55,31023,31023,1
ghost_relocated_high_31024_31024_2559,1777856160,2026-05-04,0,56,31024,31024,1
ghost_relocated_high_31025_31025_2560,1777856220,2026-05-04,0,57,31025,31025,1
ghost_relocated_high_31028_31028_2561,1777856400,2026-05-04,1,0,31028,31028,1
ghost_relocated_high_31059_31059_2562,1777858260,2026-05-04,1,31,31059,31059,1
ghost_relocated_high_31060_31060_2563,1777858320,2026-05-04,1,32,31060,31060,1
ghost_relocated_high_31065_31065_2564,1777858620,2026-05-04,1,37,31065,31065,1
ghost_relocated_high_31077_31077_2565,1777859340,2026-05-04,1,49,31077,31077,1
ghost_relocated_high_31078_31078_2566,1777859400,2026-05-04,1,50,31078,31078,1
ghost_relocated_high_31079_31079_2567,1777859460,2026-05-04,1,51,31079,31079,1
ghost_relocated_high_31080_31080_2568,1777859520,2026-05-04,1,52,31080,31080,1
ghost_relocated_high_31084_31084_2569,1777859760,2026-05-04,1,56,31084,31084,1
ghost_relocated_high_31087_31087_2570,1777859940,2026-05-04,1,59,31087,31087,1
ghost_relocated_high_31088_31088_2571,1777860000,2026-05-04,2,0,31088,31088,1
ghost_relocated_low_31138_31117_2572,1777863000,2026-05-04,2,50,31138,31117,1
ghost_relocated_high_31167_31157_2573,1777864740,2026-05-04,3,19,31167,31157,1
ghost_relocated_low_31207_31184_2574,1777867140,2026-05-04,3,59,31207,31184,1
ghost_relocated_high_31254_31243_2575,1777869960,2026-05-04,4,46,31254,31243,1
ghost_relocated_high_31286_31286_2576,1777871880,2026-05-04,5,18,31286,31286,1
ghost_relocated_high_31287_31287_2577,1777871940,2026-05-04,5,19,31287,31287,1
ghost_relocated_high_31322_31287_2578,1777874040,2026-05-04,5,54,31322,31287,1
ghost_relocated_low_31337_31333_2579,1777874940,2026-05-04,6,9,31337,31333,1
ghost_relocated_low_31353_31353_2580,1777875900,2026-05-04,6,25,31353,31353,1
ghost_relocated_low_31354_31354_2581,1777875960,2026-05-04,6,26,31354,31354,1
ghost_relocated_low_31366_31366_2582,1777876680,2026-05-04,6,38,31366,31366,1
ghost_relocated_low_31367_31367_2583,1777876740,2026-05-04,6,39,31367,31367,1
ghost_relocated_low_31368_31368_2584,1777876800,2026-05-04,6,40,31368,31368,1
ghost_relocated_low_31369_31369_2585,1777876860,2026-05-04,6,41,31369,31369,1
ghost_relocated_low_31370_31370_2586,1777876920,2026-05-04,6,42,31370,31370,1
ghost_relocated_low_31371_31371_2587,1777876980,2026-05-04,6,43,31371,31371,1
ghost_relocated_high_31421_31410_2588,1777879980,2026-05-04,7,33,31421,31410,1
ghost_relocated_high_31434_31434_2589,1777880760,2026-05-04,7,46,31434,31434,1
ghost_relocated_low_31484_31454_2590,1777883760,2026-05-04,8,36,31484,31454,1
ghost_relocated_high_31504_31478_2591,1777884960,2026-05-04,8,56,31504,31478,1
ghost_relocated_high_31522_31522_2592,1777886040,2026-05-04,9,14,31522,31522,1
ghost_relocated_high_31538_31538_2593,1777887000,2026-05-04,9,30,31538,31538,1
ghost_relocated_high_31542_31542_2594,1777887240,2026-05-04,9,34,31542,31542,1
ghost_relocated_high_31543_31543_2595,1777887300,2026-05-04,9,35,31543,31543,1
ghost_relocated_high_31545_31545_2596,1777887420,2026-05-04,9,37,31545,31545,1
ghost_relocated_high_31546_31546_2597,1777887480,2026-05-04,9,38,31546,31546,1
ghost_relocated_high_31547_31547_2598,1777887540,2026-05-04,9,39,31547,31547,1
ghost_relocated_high_31563_31563_2599,1777888500,2026-05-04,9,55,31563,31563,1
ghost_relocated_low_31613_31589_2600,1777891500,2026-05-04,10,45,31613,31589,1
ghost_relocated_high_31639_31600_2601,1777893060,2026-05-04,11,11,31639,31600,1
ghost_relocated_high_31690_31690_2602,1777896120,2026-05-04,12,2,31690,31690,1
ghost_relocated_high_31699_31699_2603,1777896660,2026-05-04,12,11,31699,31699,1
ghost_relocated_high_31700_31700_2604,1777896720,2026-05-04,12,12,31700,31700,1
ghost_relocated_high_31701_31701_2605,1777896780,2026-05-04,12,13,31701,31701,1
ghost_relocated_high_31704_31704_2606,1777896960,2026-05-04,12,16,31704,31704,1
ghost_relocated_high_31706_31706_2607,1777897080,2026-05-04,12,18,31706,31706,1
ghost_relocated_high_31717_31706_2608,1777897740,2026-05-04,12,29,31717,31706,1
ghost_relocated_low_31756_31748_2609,1777900080,2026-05-04,13,8,31756,31748,1
ghost_relocated_high_31798_31795_2610,1777902600,2026-05-04,13,50,31798,31795,1
ghost_relocated_high_31807_31807_2611,1777903140,2026-05-04,13,59,31807,31807,1
ghost_relocated_high_31808_31808_2612,1777903200,2026-05-04,14,0,31808,31808,1
ghost_relocated_high_31820_31820_2613,1777903920,2026-05-04,14,12,31820,31820,1
ghost_relocated_high_31847_31847_2614,1777905540,2026-05-04,14,39,31847,31847,1
ghost_relocated_high_31848_31848_2615,1777905600,2026-05-04,14,40,31848,31848,1
ghost_relocated_high_31849_31849_2616,1777905660,2026-05-04,14,41,31849,31849,1
ghost_relocated_high_31850_31850_2617,1777905720,2026-05-04,14,42,31850,31850,1
ghost_relocated_high_31851_31851_2618,1777905780,2026-05-04,14,43,31851,31851,1
ghost_relocated_high_31852_31852_2619,1777905840,2026-05-04,14,44,31852,31852,1
ghost_relocated_high_31853_31853_2620,1777905900,2026-05-04,14,45,31853,31853,1
ghost_relocated_high_31854_31854_2621,1777905960,2026-05-04,14,46,31854,31854,1
ghost_relocated_low_31904_31890_2622,1777908960,2026-05-04,15,36,31904,31890,1
ghost_relocated_low_31908_31908_2623,1777909200,2026-05-04,15,40,31908,31908,1
ghost_relocated_low_31933_31933_2624,1777910700,2026-05-04,16,5,31933,31933,1
ghost_relocated_low_31935_31935_2625,1777910820,2026-05-04,16,7,31935,31935,1
ghost_relocated_low_31936_31936_2626,1777910880,2026-05-04,16,8,31936,31936,1
ghost_relocated_high_31986_31954_2627,1777913880,2026-05-04,16,58,31986,31954,1
ghost_relocated_high_31994_31994_2628,1777914360,2026-05-04,17,6,31994,31994,1
ghost_relocated_high_31999_31999_2629,1777914660,2026-05-04,17,11,31999,31999,1
ghost_relocated_high_32005_32005_2630,1777915020,2026-05-04,17,17,32005,32005,1
ghost_relocated_high_32006_32006_2631,1777915080,2026-05-04,17,18,32006,32006,1
ghost_relocated_high_32007_32007_2632,1777915140,2026-05-04,17,19,32007,32007,1
ghost_relocated_high_32008_32008_2633,1777915200,2026-05-04,17,20,32008,32008,1
ghost_relocated_high_32009_32009_2634,1777915260,2026-05-04,17,21,32009,32009,1
ghost_relocated_high_32010_32010_2635,1777915320,2026-05-04,17,22,32010,32010,1
ghost_relocated_high_32012_32012_2636,1777915440,2026-05-04,17,24,32012,32012,1
ghost_relocated_high_32050_32050_2637,1777917720,2026-05-04,18,2,32050,32050,1
ghost_relocated_high_32051_32051_2638,1777917780,2026-05-04,18,3,32051,32051,1
ghost_relocated_high_32052_32052_2639,1777917840,2026-05-04,18,4,32052,32052,1
ghost_relocated_high_32053_32053_2640,1777917900,2026-05-04,18,5,32053,32053,1
ghost_relocated_high_32054_32054_2641,1777917960,2026-05-04,18,6,32054,32054,1
ghost_relocated_low_32104_32093_2642,1777920960,2026-05-04,18,56,32104,32093,1
ghost_relocated_high_32144_32142_2643,1777923360,2026-05-04,19,36,32144,32142,1
ghost_relocated_high_32158_32158_2644,1777924200,2026-05-04,19,50,32158,32158,1
ghost_relocated_low_32208_32189_2645,1777927200,2026-05-04,20,40,32208,32189,1
ghost_relocated_high_32239_32229_2646,1777932660,2026-05-04,22,11,32239,32229,1
ghost_relocated_low_32279_32278_2647,1777935060,2026-05-04,22,51,32279,32278,1
ghost_relocated_low_32281_32281_2648,1777935180,2026-05-04,22,53,32281,32281,1
ghost_relocated_high_32331_32301_2649,1777938180,2026-05-04,23,43,32331,32301,1
ghost_relocated_high_32350_32350_2650,1777939320,2026-05-05,0,2,32350,32350,1
ghost_relocated_high_32351_32351_2651,1777939380,2026-05-05,0,3,32351,32351,1
ghost_relocated_high_32389_32351_2652,1777941660,2026-05-05,0,41,32389,32351,1
ghost_relocated_high_32401_32401_2653,1777942380,2026-05-05,0,53,32401,32401,1
ghost_relocated_high_32420_32420_2654,1777943520,2026-05-05,1,12,32420,32420,1
ghost_relocated_high_32421_32421_2655,1777943580,2026-05-05,1,13,32421,32421,1
ghost_relocated_high_32423_32423_2656,1777943700,2026-05-05,1,15,32423,32423,1
ghost_relocated_high_32424_32424_2657,1777943760,2026-05-05,1,16,32424,32424,1
ghost_relocated_high_32426_32426_2658,1777943880,2026-05-05,1,18,32426,32426,1
ghost_relocated_high_32427_32427_2659,1777943940,2026-05-05,1,19,32427,32427,1
ghost_relocated_high_32444_32444_2660,1777944960,2026-05-05,1,36,32444,32444,1
ghost_relocated_high_32445_32445_2661,1777945020,2026-05-05,1,37,32445,32445,1
ghost_relocated_low_32495_32451_2662,1777948020,2026-05-05,2,27,32495,32451,1
ghost_relocated_low_32517_32517_2663,1777949340,2026-05-05,2,49,32517,32517,1
ghost_relocated_high_32567_32555_2664,1777952340,2026-05-05,3,39,32567,32555,1
ghost_relocated_high_32589_32589_2665,1777953660,2026-05-05,4,1,32589,32589,1
ghost_relocated_high_32591_32591_2666,1777953780,2026-05-05,4,3,32591,32591,1
ghost_relocated_high_32592_32592_2667,1777953840,2026-05-05,4,4,32592,32592,1
ghost_relocated_low_32642_32624_2668,1777956840,2026-05-05,4,54,32642,32624,1
ghost_relocated_low_32646_32646_2669,1777957080,2026-05-05,4,58,32646,32646,1
ghost_relocated_low_32647_32647_2670,1777957140,2026-05-05,4,59,32647,32647,1
ghost_relocated_low_32648_32648_2671,1777957200,2026-05-05,5,0,32648,32648,1
ghost_relocated_high_32698_32687_2672,1777960200,2026-05-05,5,50,32698,32687,1
ghost_relocated_high_32705_32705_2673,1777960620,2026-05-05,5,57,32705,32705,1
ghost_relocated_high_32708_32708_2674,1777960800,2026-05-05,6,0,32708,32708,1
ghost_relocated_high_32709_32709_2675,1777960860,2026-05-05,6,1,32709,32709,1
ghost_relocated_high_32759_32759_2676,1777963860,2026-05-05,6,51,32759,32759,1
ghost_relocated_high_32761_32761_2677,1777963980,2026-05-05,6,53,32761,32761,1
ghost_relocated_high_32763_32763_2678,1777964100,2026-05-05,6,55,32763,32763,1
ghost_relocated_high_32768_32768_2679,1777964400,2026-05-05,7,0,32768,32768,1
ghost_relocated_high_32769_32769_2680,1777964460,2026-05-05,7,1,32769,32769,1
ghost_relocated_high_32770_32770_2681,1777964520,2026-05-05,7,2,32770,32770,1
ghost_relocated_high_32772_32772_2682,1777964640,2026-05-05,7,4,32772,32772,1
ghost_relocated_high_32774_32774_2683,1777964760,2026-05-05,7,6,32774,32774,1
ghost_relocated_high_32782_32774_2684,1777965240,2026-05-05,7,14,32782,32774,1
ghost_relocated_high_32804_32804_2685,1777966560,2026-05-05,7,36,32804,32804,1
ghost_relocated_high_32806_32806_2686,1777966680,2026-05-05,7,38,32806,32806,1
ghost_relocated_high_32807_32807_2687,1777966740,2026-05-05,7,39,32807,32807,1
ghost_relocated_high_32810_32810_2688,1777966920,2026-05-05,7,42,32810,32810,1
ghost_relocated_high_32840_32840_2689,1777968720,2026-05-05,8,12,32840,32840,1
ghost_relocated_high_32841_32841_2690,1777968780,2026-05-05,8,13,32841,32841,1
ghost_relocated_high_32853_32853_2691,1777969500,2026-05-05,8,25,32853,32853,1
ghost_relocated_high_32873_32873_2692,1777970700,2026-05-05,8,45,32873,32873,1
ghost_relocated_high_32874_32873_2693,1777970760,2026-05-05,8,46,32874,32873,1
ghost_relocated_high_32918_32918_2694,1777973400,2026-05-05,9,30,32918,32918,1
ghost_relocated_high_32919_32919_2695,1777973460,2026-05-05,9,31,32919,32919,1
ghost_relocated_high_32934_32934_2696,1777974360,2026-05-05,9,46,32934,32934,1
ghost_relocated_high_32935_32935_2697,1777974420,2026-05-05,9,47,32935,32935,1
ghost_relocated_high_32944_32935_2698,1777974960,2026-05-05,9,56,32944,32935,1
ghost_relocated_high_32982_32982_2699,1777977240,2026-05-05,10,34,32982,32982,1
ghost_relocated_low_33032_33026_2700,1777980240,2026-05-05,11,24,33032,33026,1
ghost_relocated_high_33077_33076_2701,1777982940,2026-05-05,12,9,33077,33076,1
ghost_relocated_high_33078_33078_2702,1777983000,2026-05-05,12,10,33078,33078,1
ghost_relocated_high_33079_33079_2703,1777983060,2026-05-05,12,11,33079,33079,1
ghost_relocated_high_33081_33081_2704,1777983180,2026-05-05,12,13,33081,33081,1
ghost_relocated_high_33082_33082_2705,1777983240,2026-05-05,12,14,33082,33082,1
ghost_relocated_high_33083_33083_2706,1777983300,2026-05-05,12,15,33083,33083,1
ghost_relocated_low_33133_33116_2707,1777986300,2026-05-05,13,5,33133,33116,1
ghost_relocated_low_33372_33336_2708,1778000640,2026-05-05,17,4,33372,33336,1
ghost_relocated_high_33386_33386_2709,1778001480,2026-05-05,17,18,33386,33386,1
ghost_relocated_high_33388_33388_2710,1778001600,2026-05-05,17,20,33388,33388,1
ghost_relocated_high_33394_33394_2711,1778001960,2026-05-05,17,26,33394,33394,1
ghost_relocated_high_33396_33396_2712,1778002080,2026-05-05,17,28,33396,33396,1
ghost_relocated_high_33397_33397_2713,1778002140,2026-05-05,17,29,33397,33397,1
ghost_relocated_high_33398_33398_2714,1778002200,2026-05-05,17,30,33398,33398,1
ghost_relocated_high_33404_33404_2715,1778002560,2026-05-05,17,36,33404,33404,1
ghost_relocated_high_33405_33405_2716,1778002620,2026-05-05,17,37,33405,33405,1
ghost_relocated_high_33411_33411_2717,1778002980,2026-05-05,17,43,33411,33411,1
ghost_relocated_high_33413_33413_2718,1778003100,2026-05-05,17,45,33413,33413,1
ghost_relocated_high_33419_33419_2719,1778003460,2026-05-05,17,51,33419,33419,1
ghost_relocated_high_33420_33420_2720,1778003520,2026-05-05,17,52,33420,33420,1
ghost_relocated_high_33421_33421_2721,1778003580,2026-05-05,17,53,33421,33421,1
ghost_relocated_high_33432_33432_2722,1778004240,2026-05-05,18,4,33432,33432,1
ghost_relocated_high_33433_33433_2723,1778004300,2026-05-05,18,5,33433,33433,1
ghost_relocated_high_33435_33435_2724,1778004420,2026-05-05,18,7,33435,33435,1
ghost_relocated_high_33440_33440_2725,1778004720,2026-05-05,18,12,33440,33440,1
ghost_relocated_high_33441_33441_2726,1778004780,2026-05-05,18,13,33441,33441,1
ghost_relocated_high_33442_33442_2727,1778004840,2026-05-05,18,14,33442,33442,1
ghost_relocated_low_33492_33481_2728,1778007840,2026-05-05,19,4,33492,33481,1
ghost_relocated_low_33523_33523_2729,1778009700,2026-05-05,19,35,33523,33523,1
ghost_relocated_low_33524_33524_2730,1778009760,2026-05-05,19,36,33524,33524,1
ghost_relocated_low_33530_33530_2731,1778010120,2026-05-05,19,42,33530,33530,1
ghost_relocated_low_33537_33537_2732,1778010540,2026-05-05,19,49,33537,33537,1
ghost_relocated_low_33538_33538_2733,1778010600,2026-05-05,19,50,33538,33538,1
ghost_relocated_low_33539_33539_2734,1778010660,2026-05-05,19,51,33539,33539,1
ghost_relocated_low_33540_33540_2735,1778010720,2026-05-05,19,52,33540,33540,1
ghost_relocated_low_33541_33541_2736,1778010780,2026-05-05,19,53,33541,33541,1
ghost_relocated_low_33542_33542_2737,1778010840,2026-05-05,19,54,33542,33542,1
ghost_relocated_low_33543_33543_2738,1778010900,2026-05-05,19,55,33543,33543,1
ghost_relocated_low_33549_33543_2739,1778011260,2026-05-05,20,1,33549,33543,1
ghost_relocated_high_33593_33576_2740,1778013900,2026-05-05,20,45,33593,33576,1
ghost_relocated_high_33608_33608_2741,1778018400,2026-05-05,22,0,33608,33608,1
ghost_relocated_high_33614_33614_2742,1778018760,2026-05-05,22,6,33614,33614,1
ghost_relocated_high_33630_33630_2743,1778019720,2026-05-05,22,22,33630,33630,1
ghost_relocated_high_33631_33631_2744,1778019780,2026-05-05,22,23,33631,33631,1
ghost_relocated_high_33632_33632_2745,1778019840,2026-05-05,22,24,33632,33632,1
ghost_relocated_high_33633_33633_2746,1778019900,2026-05-05,22,25,33633,33633,1
ghost_relocated_high_33635_33635_2747,1778020020,2026-05-05,22,27,33635,33635,1
ghost_relocated_high_33636_33636_2748,1778020080,2026-05-05,22,28,33636,33636,1
ghost_relocated_high_33640_33640_2749,1778020320,2026-05-05,22,32,33640,33640,1
ghost_relocated_high_33643_33643_2750,1778020500,2026-05-05,22,35,33643,33643,1
ghost_relocated_high_33645_33645_2751,1778020620,2026-05-05,22,37,33645,33645,1
ghost_relocated_high_33646_33646_2752,1778020680,2026-05-05,22,38,33646,33646,1
ghost_relocated_high_33653_33653_2753,1778021100,2026-05-05,22,45,33653,33653,1
ghost_relocated_high_33657_33657_2754,1778021340,2026-05-05,22,49,33657,33657,1
ghost_relocated_high_33660_33660_2755,1778021520,2026-05-05,22,52,33660,33660,1
ghost_relocated_low_33710_33661_2756,1778024520,2026-05-05,23,42,33710,33661,1
ghost_relocated_low_33734_33734_2757,1778025960,2026-05-06,0,6,33734,33734,1
ghost_relocated_low_33743_33743_2758,1778026500,2026-05-06,0,15,33743,33743,1
ghost_relocated_low_33744_33744_2759,1778026560,2026-05-06,0,16,33744,33744,1
ghost_relocated_low_33749_33749_2760,1778026860,2026-05-06,0,21,33749,33749,1
ghost_relocated_low_33754_33754_2761,1778027160,2026-05-06,0,26,33754,33754,1
ghost_relocated_low_33755_33755_2762,1778027220,2026-05-06,0,27,33755,33755,1
ghost_relocated_low_33756_33756_2763,1778027280,2026-05-06,0,28,33756,33756,1
ghost_relocated_low_33757_33757_2764,1778027340,2026-05-06,0,29,33757,33757,1
ghost_relocated_high_33807_33806_2765,1778030340,2026-05-06,1,19,33807,33806,1
ghost_relocated_high_33809_33809_2766,1778030460,2026-05-06,1,21,33809,33809,1
ghost_relocated_low_33859_33843_2767,1778033460,2026-05-06,2,11,33859,33843,1
ghost_relocated_low_33878_33878_2768,1778034600,2026-05-06,2,30,33878,33878,1
ghost_relocated_low_33887_33887_2769,1778035140,2026-05-06,2,39,33887,33887,1
ghost_relocated_low_33889_33889_2770,1778035260,2026-05-06,2,41,33889,33889,1
ghost_relocated_low_33890_33890_2771,1778035320,2026-05-06,2,42,33890,33890,1
ghost_relocated_high_33940_33939_2772,1778038320,2026-05-06,3,32,33940,33939,1
ghost_relocated_high_33943_33943_2773,1778038500,2026-05-06,3,35,33943,33943,1
ghost_relocated_high_33944_33944_2774,1778038560,2026-05-06,3,36,33944,33944,1
ghost_relocated_high_33945_33945_2775,1778038620,2026-05-06,3,37,33945,33945,1
ghost_relocated_low_33995_33958_2776,1778041620,2026-05-06,4,27,33995,33958,1
ghost_relocated_low_34130_34130_2777,1778049720,2026-05-06,6,42,34130,34130,1
ghost_relocated_low_34139_34130_2778,1778050260,2026-05-06,6,51,34139,34130,1
ghost_relocated_high_34180_34157_2779,1778052720,2026-05-06,7,32,34180,34157,1
ghost_relocated_low_34207_34168_2780,1778054340,2026-05-06,7,59,34207,34168,1
ghost_relocated_low_34314_34273_2781,1778060760,2026-05-06,9,46,34314,34273,1
ghost_relocated_low_34448_34445_2782,1778068800,2026-05-06,12,0,34448,34445,1
ghost_relocated_low_34450_34450_2783,1778068920,2026-05-06,12,2,34450,34450,1
ghost_relocated_low_34451_34451_2784,1778068980,2026-05-06,12,3,34451,34451,1
ghost_relocated_low_34452_34452_2785,1778069040,2026-05-06,12,4,34452,34452,1
ghost_relocated_low_34453_34453_2786,1778069100,2026-05-06,12,5,34453,34453,1
ghost_relocated_low_34454_34454_2787,1778069160,2026-05-06,12,6,34454,34454,1
ghost_relocated_low_34462_34462_2788,1778069640,2026-05-06,12,14,34462,34462,1
ghost_relocated_low_34463_34463_2789,1778069700,2026-05-06,12,15,34463,34463,1
ghost_relocated_low_34512_34512_2790,1778072640,2026-05-06,13,4,34512,34512,1
ghost_relocated_low_34514_34514_2791,1778072760,2026-05-06,13,6,34514,34514,1
ghost_relocated_low_34515_34515_2792,1778072820,2026-05-06,13,7,34515,34515,1
ghost_relocated_low_34516_34516_2793,1778072880,2026-05-06,13,8,34516,34516,1
ghost_relocated_low_34528_34528_2794,1778073600,2026-05-06,13,20,34528,34528,1
ghost_relocated_low_34532_34532_2795,1778073840,2026-05-06,13,24,34532,34532,1
ghost_relocated_low_34536_34536_2796,1778074080,2026-05-06,13,28,34536,34536,1
ghost_relocated_low_34538_34538_2797,1778074200,2026-05-06,13,30,34538,34538,1
ghost_relocated_high_34588_34563_2798,1778077200,2026-05-06,14,20,34588,34563,1
ghost_relocated_high_34608_34608_2799,1778078400,2026-05-06,14,40,34608,34608,1
ghost_relocated_high_34610_34610_2800,1778078520,2026-05-06,14,42,34610,34610,1
ghost_relocated_high_34611_34611_2801,1778078580,2026-05-06,14,43,34611,34611,1
ghost_relocated_high_34613_34613_2802,1778078700,2026-05-06,14,45,34613,34613,1
ghost_relocated_high_34620_34620_2803,1778079120,2026-05-06,14,52,34620,34620,1
ghost_relocated_high_34621_34621_2804,1778079180,2026-05-06,14,53,34621,34621,1
ghost_relocated_high_34623_34623_2805,1778079300,2026-05-06,14,55,34623,34623,1
ghost_relocated_high_34624_34624_2806,1778079360,2026-05-06,14,56,34624,34624,1
ghost_relocated_high_34629_34629_2807,1778079660,2026-05-06,15,1,34629,34629,1
ghost_relocated_high_34633_34633_2808,1778079900,2026-05-06,15,5,34633,34633,1
ghost_relocated_high_34634_34634_2809,1778079960,2026-05-06,15,6,34634,34634,1
ghost_relocated_high_34635_34635_2810,1778080020,2026-05-06,15,7,34635,34635,1
ghost_relocated_high_34645_34645_2811,1778080620,2026-05-06,15,17,34645,34645,1
ghost_relocated_high_34646_34646_2812,1778080680,2026-05-06,15,18,34646,34646,1
ghost_relocated_high_34647_34647_2813,1778080740,2026-05-06,15,19,34647,34647,1
ghost_relocated_high_34649_34649_2814,1778080860,2026-05-06,15,21,34649,34649,1
ghost_relocated_high_34653_34653_2815,1778081100,2026-05-06,15,25,34653,34653,1
ghost_relocated_high_34654_34654_2816,1778081160,2026-05-06,15,26,34654,34654,1
ghost_relocated_high_34658_34658_2817,1778081400,2026-05-06,15,30,34658,34658,1
ghost_relocated_high_34660_34660_2818,1778081520,2026-05-06,15,32,34660,34660,1
ghost_relocated_high_34698_34698_2819,1778083800,2026-05-06,16,10,34698,34698,1
ghost_relocated_high_34699_34699_2820,1778083860,2026-05-06,16,11,34699,34699,1
ghost_relocated_high_34701_34701_2821,1778083980,2026-05-06,16,13,34701,34701,1
ghost_relocated_high_34702_34702_2822,1778084040,2026-05-06,16,14,34702,34702,1
ghost_relocated_low_34752_34746_2823,1778087040,2026-05-06,17,4,34752,34746,1
ghost_relocated_high_34796_34785_2824,1778089680,2026-05-06,17,48,34796,34785,1
ghost_relocated_high_34814_34814_2825,1778090760,2026-05-06,18,6,34814,34814,1
ghost_relocated_high_34816_34816_2826,1778090880,2026-05-06,18,8,34816,34816,1
ghost_relocated_high_34817_34817_2827,1778090940,2026-05-06,18,9,34817,34817,1
ghost_relocated_high_34818_34818_2828,1778091000,2026-05-06,18,10,34818,34818,1
ghost_relocated_high_34819_34819_2829,1778091060,2026-05-06,18,11,34819,34819,1
ghost_relocated_high_34822_34822_2830,1778091240,2026-05-06,18,14,34822,34822,1
ghost_relocated_high_34823_34823_2831,1778091300,2026-05-06,18,15,34823,34823,1
ghost_relocated_high_34824_34824_2832,1778091360,2026-05-06,18,16,34824,34824,1
ghost_relocated_high_34825_34825_2833,1778091420,2026-05-06,18,17,34825,34825,1
ghost_relocated_high_34842_34842_2834,1778092440,2026-05-06,18,34,34842,34842,1
ghost_relocated_high_34843_34843_2835,1778092500,2026-05-06,18,35,34843,34843,1
ghost_relocated_high_34845_34845_2836,1778092620,2026-05-06,18,37,34845,34845,1
ghost_relocated_high_34877_34877_2837,1778094540,2026-05-06,19,9,34877,34877,1
ghost_relocated_high_34878_34878_2838,1778094600,2026-05-06,19,10,34878,34878,1
ghost_relocated_high_34880_34880_2839,1778094720,2026-05-06,19,12,34880,34880,1
ghost_relocated_high_34881_34881_2840,1778094780,2026-05-06,19,13,34881,34881,1
ghost_relocated_high_34882_34882_2841,1778094840,2026-05-06,19,14,34882,34882,1
ghost_relocated_high_34884_34884_2842,1778094960,2026-05-06,19,16,34884,34884,1
ghost_relocated_high_34888_34888_2843,1778095200,2026-05-06,19,20,34888,34888,1
ghost_relocated_high_34889_34889_2844,1778095260,2026-05-06,19,21,34889,34889,1
ghost_relocated_high_34890_34890_2845,1778095320,2026-05-06,19,22,34890,34890,1
ghost_relocated_high_34896_34896_2846,1778095680,2026-05-06,19,28,34896,34896,1
ghost_relocated_high_34897_34897_2847,1778095740,2026-05-06,19,29,34897,34897,1
ghost_relocated_high_34922_34922_2848,1778097240,2026-05-06,19,54,34922,34922,1
ghost_relocated_high_34923_34923_2849,1778097300,2026-05-06,19,55,34923,34923,1
ghost_relocated_high_34924_34924_2850,1778097360,2026-05-06,19,56,34924,34924,1
ghost_relocated_high_34925_34925_2851,1778097420,2026-05-06,19,57,34925,34925,1
ghost_relocated_high_34926_34926_2852,1778097480,2026-05-06,19,58,34926,34926,1
ghost_relocated_high_34927_34927_2853,1778097540,2026-05-06,19,59,34927,34927,1
ghost_relocated_high_34930_34930_2854,1778097720,2026-05-06,20,2,34930,34930,1
ghost_relocated_high_34934_34934_2855,1778097960,2026-05-06,20,6,34934,34934,1
ghost_relocated_high_34935_34935_2856,1778098020,2026-05-06,20,7,34935,34935,1
ghost_relocated_high_34937_34937_2857,1778098140,2026-05-06,20,9,34937,34937,1
ghost_relocated_high_34941_34941_2858,1778098380,2026-05-06,20,13,34941,34941,1
ghost_relocated_high_34942_34942_2859,1778098440,2026-05-06,20,14,34942,34942,1
ghost_relocated_low_34992_34988_2860,1778105040,2026-05-06,22,4,34992,34988,1
ghost_relocated_high_35038_34990_2861,1778107800,2026-05-06,22,50,35038,34990,1
ghost_relocated_low_35159_35151_2862,1778115060,2026-05-07,0,51,35159,35151,1
ghost_relocated_high_35201_35197_2863,1778117580,2026-05-07,1,33,35201,35197,1
ghost_relocated_high_35204_35204_2864,1778117760,2026-05-07,1,36,35204,35204,1
ghost_relocated_high_35205_35205_2865,1778117820,2026-05-07,1,37,35205,35205,1
ghost_relocated_high_35206_35206_2866,1778117880,2026-05-07,1,38,35206,35206,1
ghost_relocated_high_35207_35207_2867,1778117940,2026-05-07,1,39,35207,35207,1
ghost_relocated_high_35208_35208_2868,1778118000,2026-05-07,1,40,35208,35208,1
ghost_relocated_high_35213_35213_2869,1778118300,2026-05-07,1,45,35213,35213,1
ghost_relocated_high_35215_35215_2870,1778118420,2026-05-07,1,47,35215,35215,1
ghost_relocated_high_35216_35216_2871,1778118480,2026-05-07,1,48,35216,35216,1
ghost_relocated_high_35217_35217_2872,1778118540,2026-05-07,1,49,35217,35217,1
ghost_relocated_high_35218_35218_2873,1778118600,2026-05-07,1,50,35218,35218,1
ghost_relocated_high_35219_35219_2874,1778118660,2026-05-07,1,51,35219,35219,1
ghost_relocated_low_35269_35242_2875,1778121660,2026-05-07,2,41,35269,35242,1
ghost_relocated_high_35292_35258_2876,1778123040,2026-05-07,3,4,35292,35258,1
ghost_relocated_high_35307_35307_2877,1778123940,2026-05-07,3,19,35307,35307,1
ghost_relocated_high_35316_35316_2878,1778124480,2026-05-07,3,28,35316,35316,1
ghost_relocated_high_35330_35330_2879,1778125320,2026-05-07,3,42,35330,35330,1
ghost_relocated_high_35332_35332_2880,1778125440,2026-05-07,3,44,35332,35332,1
ghost_relocated_high_35333_35333_2881,1778125500,2026-05-07,3,45,35333,35333,1
ghost_relocated_high_35335_35335_2882,1778125620,2026-05-07,3,47,35335,35335,1
ghost_relocated_high_35341_35341_2883,1778125980,2026-05-07,3,53,35341,35341,1
ghost_relocated_high_35342_35342_2884,1778126040,2026-05-07,3,54,35342,35342,1
ghost_relocated_high_35361_35361_2885,1778127180,2026-05-07,4,13,35361,35361,1
ghost_relocated_high_35362_35362_2886,1778127240,2026-05-07,4,14,35362,35362,1
ghost_relocated_high_35364_35364_2887,1778127360,2026-05-07,4,16,35364,35364,1
ghost_relocated_high_35365_35365_2888,1778127420,2026-05-07,4,17,35365,35365,1
ghost_relocated_high_35366_35366_2889,1778127480,2026-05-07,4,18,35366,35366,1
ghost_relocated_high_35367_35367_2890,1778127540,2026-05-07,4,19,35367,35367,1
ghost_relocated_high_35369_35369_2891,1778127660,2026-05-07,4,21,35369,35369,1
ghost_relocated_high_35373_35373_2892,1778127900,2026-05-07,4,25,35373,35373,1
ghost_relocated_high_35374_35374_2893,1778127960,2026-05-07,4,26,35374,35374,1
ghost_relocated_high_35380_35380_2894,1778128320,2026-05-07,4,32,35380,35380,1
ghost_relocated_high_35411_35411_2895,1778130180,2026-05-07,5,3,35411,35411,1
ghost_relocated_high_35412_35412_2896,1778130240,2026-05-07,5,4,35412,35412,1
ghost_relocated_high_35441_35441_2897,1778131980,2026-05-07,5,33,35441,35441,1
ghost_relocated_high_35445_35445_2898,1778132220,2026-05-07,5,37,35445,35445,1
ghost_relocated_high_35447_35447_2899,1778132340,2026-05-07,5,39,35447,35447,1
ghost_relocated_high_35448_35448_2900,1778132400,2026-05-07,5,40,35448,35448,1
ghost_relocated_high_35449_35449_2901,1778132460,2026-05-07,5,41,35449,35449,1
ghost_relocated_high_35452_35452_2902,1778132640,2026-05-07,5,44,35452,35452,1
ghost_relocated_high_35467_35452_2903,1778133540,2026-05-07,5,59,35467,35452,1
ghost_relocated_high_35469_35469_2904,1778133660,2026-05-07,6,1,35469,35469,1
ghost_relocated_high_35511_35511_2905,1778136180,2026-05-07,6,43,35511,35511,1
ghost_relocated_high_35512_35512_2906,1778136240,2026-05-07,6,44,35512,35512,1
ghost_relocated_high_35533_35512_2907,1778137500,2026-05-07,7,5,35533,35512,1
ghost_relocated_high_35535_35535_2908,1778137620,2026-05-07,7,7,35535,35535,1
ghost_relocated_high_35536_35536_2909,1778137680,2026-05-07,7,8,35536,35536,1
ghost_relocated_high_35539_35539_2910,1778137860,2026-05-07,7,11,35539,35539,1
ghost_relocated_high_35541_35541_2911,1778137980,2026-05-07,7,13,35541,35541,1
ghost_relocated_high_35542_35542_2912,1778138040,2026-05-07,7,14,35542,35542,1
ghost_relocated_high_35543_35543_2913,1778138100,2026-05-07,7,15,35543,35543,1
ghost_relocated_high_35591_35591_2914,1778140980,2026-05-07,8,3,35591,35591,1
ghost_relocated_high_35592_35592_2915,1778141040,2026-05-07,8,4,35592,35592,1
ghost_relocated_high_35593_35593_2916,1778141100,2026-05-07,8,5,35593,35593,1
ghost_relocated_low_35643_35637_2917,1778144100,2026-05-07,8,55,35643,35637,1
ghost_relocated_low_35646_35646_2918,1778144280,2026-05-07,8,58,35646,35646,1
ghost_relocated_low_35648_35648_2919,1778144400,2026-05-07,9,0,35648,35648,1
ghost_relocated_low_35650_35650_2920,1778144520,2026-05-07,9,2,35650,35650,1
ghost_relocated_low_35651_35651_2921,1778144580,2026-05-07,9,3,35651,35651,1
ghost_relocated_low_35653_35653_2922,1778144700,2026-05-07,9,5,35653,35653,1
ghost_relocated_low_35654_35654_2923,1778144760,2026-05-07,9,6,35654,35654,1
ghost_relocated_high_35704_35670_2924,1778147760,2026-05-07,9,56,35704,35670,1
ghost_relocated_low_35747_35719_2925,1778150340,2026-05-07,10,39,35747,35719,1
ghost_relocated_high_35769_35768_2926,1778151660,2026-05-07,11,1,35769,35768,1
ghost_relocated_low_35818_35798_2927,1778154600,2026-05-07,11,50,35818,35798,1
ghost_relocated_high_35848_35840_2928,1778156400,2026-05-07,12,20,35848,35840,1
ghost_relocated_high_35863_35863_2929,1778157300,2026-05-07,12,35,35863,35863,1
ghost_relocated_high_35865_35865_2930,1778157420,2026-05-07,12,37,35865,35865,1
ghost_relocated_high_35866_35866_2931,1778157480,2026-05-07,12,38,35866,35866,1
ghost_relocated_high_35867_35867_2932,1778157540,2026-05-07,12,39,35867,35867,1
ghost_relocated_high_35871_35871_2933,1778157780,2026-05-07,12,43,35871,35871,1
ghost_relocated_high_35872_35872_2934,1778157840,2026-05-07,12,44,35872,35872,1
ghost_relocated_high_35874_35874_2935,1778157960,2026-05-07,12,46,35874,35874,1
ghost_relocated_high_35915_35915_2936,1778160420,2026-05-07,13,27,35915,35915,1
ghost_relocated_high_35918_35918_2937,1778160600,2026-05-07,13,30,35918,35918,1
ghost_relocated_high_35921_35921_2938,1778160780,2026-05-07,13,33,35921,35921,1
ghost_relocated_high_35923_35923_2939,1778160900,2026-05-07,13,35,35923,35923,1
ghost_relocated_high_35926_35926_2940,1778161080,2026-05-07,13,38,35926,35926,1
ghost_relocated_high_35928_35928_2941,1778161200,2026-05-07,13,40,35928,35928,1
ghost_relocated_high_35942_35942_2942,1778162040,2026-05-07,13,54,35942,35942,1
ghost_relocated_high_35943_35943_2943,1778162100,2026-05-07,13,55,35943,35943,1
ghost_relocated_high_35944_35944_2944,1778162160,2026-05-07,13,56,35944,35944,1
ghost_relocated_high_35952_35952_2945,1778162640,2026-05-07,14,4,35952,35952,1
ghost_relocated_high_35953_35953_2946,1778162700,2026-05-07,14,5,35953,35953,1
ghost_relocated_high_35954_35954_2947,1778162760,2026-05-07,14,6,35954,35954,1
ghost_relocated_high_35955_35955_2948,1778162820,2026-05-07,14,7,35955,35955,1
ghost_relocated_high_35958_35958_2949,1778163000,2026-05-07,14,10,35958,35958,1
ghost_relocated_high_35959_35959_2950,1778163060,2026-05-07,14,11,35959,35959,1
ghost_relocated_high_35960_35960_2951,1778163120,2026-05-07,14,12,35960,35960,1
ghost_relocated_high_35963_35963_2952,1778163300,2026-05-07,14,15,35963,35963,1
ghost_relocated_high_35968_35968_2953,1778163600,2026-05-07,14,20,35968,35968,1
ghost_relocated_high_35969_35969_2954,1778163660,2026-05-07,14,21,35969,35969,1
ghost_relocated_high_35970_35970_2955,1778163720,2026-05-07,14,22,35970,35970,1
ghost_relocated_high_35984_35970_2956,1778164560,2026-05-07,14,36,35984,35970,1
ghost_relocated_high_35987_35987_2957,1778164740,2026-05-07,14,39,35987,35987,1
ghost_relocated_high_35988_35988_2958,1778164800,2026-05-07,14,40,35988,35988,1
ghost_relocated_high_35993_35993_2959,1778165100,2026-05-07,14,45,35993,35993,1
ghost_relocated_high_35994_35994_2960,1778165160,2026-05-07,14,46,35994,35994,1
ghost_relocated_high_36002_36002_2961,1778165640,2026-05-07,14,54,36002,36002,1
ghost_relocated_high_36003_36003_2962,1778165700,2026-05-07,14,55,36003,36003,1
ghost_relocated_low_36053_36034_2963,1778168700,2026-05-07,15,45,36053,36034,1
ghost_relocated_low_36060_36060_2964,1778169120,2026-05-07,15,52,36060,36060,1
ghost_relocated_low_36061_36061_2965,1778169180,2026-05-07,15,53,36061,36061,1
ghost_relocated_low_36063_36063_2966,1778169300,2026-05-07,15,55,36063,36063,1
ghost_relocated_low_36064_36064_2967,1778169360,2026-05-07,15,56,36064,36064,1
ghost_relocated_low_36065_36065_2968,1778169420,2026-05-07,15,57,36065,36065,1
ghost_relocated_low_36066_36066_2969,1778169480,2026-05-07,15,58,36066,36066,1
ghost_relocated_low_36067_36067_2970,1778169540,2026-05-07,15,59,36067,36067,1
ghost_relocated_low_36068_36068_2971,1778169600,2026-05-07,16,0,36068,36068,1
ghost_relocated_low_36070_36070_2972,1778169720,2026-05-07,16,2,36070,36070,1
ghost_relocated_low_36073_36073_2973,1778169900,2026-05-07,16,5,36073,36073,1
ghost_relocated_low_36074_36074_2974,1778169960,2026-05-07,16,6,36074,36074,1
ghost_relocated_low_36075_36075_2975,1778170020,2026-05-07,16,7,36075,36075,1
ghost_relocated_low_36076_36076_2976,1778170080,2026-05-07,16,8,36076,36076,1
ghost_relocated_low_36079_36079_2977,1778170260,2026-05-07,16,11,36079,36079,1
ghost_relocated_low_36080_36080_2978,1778170320,2026-05-07,16,12,36080,36080,1
ghost_relocated_low_36083_36083_2979,1778170500,2026-05-07,16,15,36083,36083,1
ghost_relocated_high_36133_36102_2980,1778173500,2026-05-07,17,5,36133,36102,1
ghost_relocated_high_36205_36195_2981,1778177820,2026-05-07,18,17,36205,36195,1
ghost_relocated_low_36245_36238_2982,1778180220,2026-05-07,18,57,36245,36238,1
ghost_relocated_high_36288_36288_2983,1778182800,2026-05-07,19,40,36288,36288,1
ghost_relocated_high_36293_36293_2984,1778183100,2026-05-07,19,45,36293,36293,1
ghost_relocated_high_36298_36298_2985,1778183400,2026-05-07,19,50,36298,36298,1
ghost_relocated_high_36299_36299_2986,1778183460,2026-05-07,19,51,36299,36299,1
ghost_relocated_high_36310_36310_2987,1778184120,2026-05-07,20,2,36310,36310,1
ghost_relocated_high_36312_36312_2988,1778184240,2026-05-07,20,4,36312,36312,1
ghost_relocated_low_36362_36348_2989,1778187240,2026-05-07,20,54,36362,36348,1
ghost_relocated_low_36364_36364_2990,1778187360,2026-05-07,20,56,36364,36364,1
ghost_relocated_low_36365_36365_2991,1778187420,2026-05-07,20,57,36365,36365,1
ghost_relocated_low_36368_36368_2992,1778191200,2026-05-07,22,0,36368,36368,1
ghost_relocated_high_36418_36389_2993,1778194200,2026-05-07,22,50,36418,36389,1
ghost_relocated_high_36476_36473_2994,1778197680,2026-05-07,23,48,36476,36473,1
ghost_relocated_high_36477_36477_2995,1778197740,2026-05-07,23,49,36477,36477,1
ghost_relocated_high_36478_36478_2996,1778197800,2026-05-07,23,50,36478,36478,1
ghost_relocated_high_36479_36479_2997,1778197860,2026-05-07,23,51,36479,36479,1
ghost_relocated_high_36480_36480_2998,1778197920,2026-05-07,23,52,36480,36480,1
ghost_relocated_high_36481_36481_2999,1778197980,2026-05-07,23,53,36481,36481,1
ghost_relocated_high_36485_36485_3000,1778198220,2026-05-07,23,57,36485,36485,1
ghost_relocated_high_36487_36487_3001,1778198340,2026-05-07,23,59,36487,36487,1
ghost_relocated_high_36488_36488_3002,1778198400,2026-05-08,0,0,36488,36488,1
ghost_relocated_high_36489_36489_3003,1778198460,2026-05-08,0,1,36489,36489,1
ghost_relocated_high_36493_36493_3004,1778198700,2026-05-08,0,5,36493,36493,1
ghost_relocated_high_36494_36494_3005,1778198760,2026-05-08,0,6,36494,36494,1
ghost_relocated_high_36525_36525_3006,1778200620,2026-05-08,0,37,36525,36525,1
ghost_relocated_high_36529_36529_3007,1778200860,2026-05-08,0,41,36529,36529,1
ghost_relocated_high_36530_36530_3008,1778200920,2026-05-08,0,42,36530,36530,1
ghost_relocated_high_36547_36547_3009,1778201940,2026-05-08,0,59,36547,36547,1
ghost_relocated_high_36548_36548_3010,1778202000,2026-05-08,1,0,36548,36548,1
ghost_relocated_high_36549_36549_3011,1778202060,2026-05-08,1,1,36549,36549,1
ghost_relocated_high_36554_36554_3012,1778202360,2026-05-08,1,6,36554,36554,1
ghost_relocated_high_36556_36556_3013,1778202480,2026-05-08,1,8,36556,36556,1
ghost_relocated_high_36568_36568_3014,1778203200,2026-05-08,1,20,36568,36568,1
ghost_relocated_high_36569_36569_3015,1778203260,2026-05-08,1,21,36569,36569,1
ghost_relocated_high_36570_36570_3016,1778203320,2026-05-08,1,22,36570,36570,1
ghost_relocated_low_36620_36609_3017,1778206320,2026-05-08,2,12,36620,36609,1
ghost_relocated_low_36623_36623_3018,1778206500,2026-05-08,2,15,36623,36623,1
ghost_relocated_low_36624_36624_3019,1778206560,2026-05-08,2,16,36624,36624,1
ghost_relocated_low_36625_36625_3020,1778206620,2026-05-08,2,17,36625,36625,1
ghost_relocated_low_36627_36627_3021,1778206740,2026-05-08,2,19,36627,36627,1
ghost_relocated_low_36628_36628_3022,1778206800,2026-05-08,2,20,36628,36628,1
ghost_relocated_low_36629_36629_3023,1778206860,2026-05-08,2,21,36629,36629,1
ghost_relocated_low_36630_36630_3024,1778206920,2026-05-08,2,22,36630,36630,1
ghost_relocated_low_36631_36631_3025,1778206980,2026-05-08,2,23,36631,36631,1
ghost_relocated_low_36643_36643_3026,1778207700,2026-05-08,2,35,36643,36643,1
ghost_relocated_low_36644_36644_3027,1778207760,2026-05-08,2,36,36644,36644,1
ghost_relocated_high_36694_36657_3028,1778210760,2026-05-08,3,26,36694,36657,1
ghost_relocated_low_36707_36688_3029,1778211540,2026-05-08,3,39,36707,36688,1
ghost_relocated_high_36820_36818_3030,1778218320,2026-05-08,5,32,36820,36818,1
ghost_relocated_low_36868_36848_3031,1778221200,2026-05-08,6,20,36868,36848,1
ghost_relocated_low_36957_36922_3032,1778226540,2026-05-08,7,49,36957,36922,1
ghost_relocated_high_36972_36972_3033,1778227440,2026-05-08,8,4,36972,36972,1
ghost_relocated_high_36973_36973_3034,1778227500,2026-05-08,8,5,36973,36973,1
ghost_relocated_high_36977_36977_3035,1778227740,2026-05-08,8,9,36977,36977,1
ghost_relocated_high_36978_36978_3036,1778227800,2026-05-08,8,10,36978,36978,1
ghost_relocated_high_36979_36979_3037,1778227860,2026-05-08,8,11,36979,36979,1
ghost_relocated_high_36980_36980_3038,1778227920,2026-05-08,8,12,36980,36980,1
ghost_relocated_high_37029_37029_3039,1778230860,2026-05-08,9,1,37029,37029,1
ghost_relocated_high_37030_37030_3040,1778230920,2026-05-08,9,2,37030,37030,1
ghost_relocated_high_37031_37031_3041,1778230980,2026-05-08,9,3,37031,37031,1
ghost_relocated_high_37032_37032_3042,1778231040,2026-05-08,9,4,37032,37032,1
ghost_relocated_high_37033_37033_3043,1778231100,2026-05-08,9,5,37033,37033,1
ghost_relocated_high_37034_37034_3044,1778231160,2026-05-08,9,6,37034,37034,1
ghost_relocated_high_37037_37037_3045,1778231340,2026-05-08,9,9,37037,37037,1
ghost_relocated_high_37038_37038_3046,1778231400,2026-05-08,9,10,37038,37038,1
ghost_relocated_high_37040_37040_3047,1778231520,2026-05-08,9,12,37040,37040,1
ghost_relocated_high_37049_37049_3048,1778232060,2026-05-08,9,21,37049,37049,1
ghost_relocated_high_37052_37052_3049,1778232240,2026-05-08,9,24,37052,37052,1
ghost_relocated_high_37054_37054_3050,1778232360,2026-05-08,9,26,37054,37054,1
ghost_relocated_high_37055_37055_3051,1778232420,2026-05-08,9,27,37055,37055,1
ghost_relocated_high_37056_37056_3052,1778232480,2026-05-08,9,28,37056,37056,1
ghost_relocated_low_37106_37081_3053,1778235480,2026-05-08,10,18,37106,37081,1
ghost_relocated_high_37131_37129_3054,1778236980,2026-05-08,10,43,37131,37129,1
ghost_relocated_high_37173_37173_3055,1778239500,2026-05-08,11,25,37173,37173,1
ghost_relocated_high_37174_37174_3056,1778239560,2026-05-08,11,26,37174,37174,1
ghost_relocated_high_37177_37177_3057,1778239740,2026-05-08,11,29,37177,37177,1
ghost_relocated_high_37180_37180_3058,1778239920,2026-05-08,11,32,37180,37180,1
ghost_relocated_high_37190_37190_3059,1778240520,2026-05-08,11,42,37190,37190,1
ghost_relocated_high_37191_37191_3060,1778240580,2026-05-08,11,43,37191,37191,1
ghost_relocated_high_37193_37193_3061,1778240700,2026-05-08,11,45,37193,37193,1
ghost_relocated_high_37196_37196_3062,1778240880,2026-05-08,11,48,37196,37196,1
ghost_relocated_high_37197_37197_3063,1778240940,2026-05-08,11,49,37197,37197,1
ghost_relocated_high_37198_37198_3064,1778241000,2026-05-08,11,50,37198,37198,1
ghost_relocated_high_37199_37199_3065,1778241060,2026-05-08,11,51,37199,37199,1
ghost_relocated_high_37200_37200_3066,1778241120,2026-05-08,11,52,37200,37200,1
ghost_relocated_high_37238_37238_3067,1778243400,2026-05-08,12,30,37238,37238,1
ghost_relocated_high_37241_37241_3068,1778243580,2026-05-08,12,33,37241,37241,1
ghost_relocated_high_37242_37242_3069,1778243640,2026-05-08,12,34,37242,37242,1
ghost_relocated_high_37243_37243_3070,1778243700,2026-05-08,12,35,37243,37243,1
ghost_relocated_high_37244_37244_3071,1778243760,2026-05-08,12,36,37244,37244,1
ghost_relocated_high_37251_37251_3072,1778244180,2026-05-08,12,43,37251,37251,1
ghost_relocated_low_37301_37298_3073,1778247180,2026-05-08,13,33,37301,37298,1
ghost_relocated_high_37348_37328_3074,1778250000,2026-05-08,14,20,37348,37328,1
ghost_relocated_high_37350_37350_3075,1778250120,2026-05-08,14,22,37350,37350,1
ghost_relocated_high_37352_37352_3076,1778250240,2026-05-08,14,24,37352,37352,1
ghost_relocated_high_37353_37353_3077,1778250300,2026-05-08,14,25,37353,37353,1
ghost_relocated_high_37384_37384_3078,1778252160,2026-05-08,14,56,37384,37384,1
ghost_relocated_high_37386_37386_3079,1778252280,2026-05-08,14,58,37386,37386,1
ghost_relocated_high_37390_37390_3080,1778252520,2026-05-08,15,2,37390,37390,1
ghost_relocated_high_37392_37392_3081,1778252640,2026-05-08,15,4,37392,37392,1
ghost_relocated_high_37394_37394_3082,1778252760,2026-05-08,15,6,37394,37394,1
ghost_relocated_high_37418_37418_3083,1778254200,2026-05-08,15,30,37418,37418,1
ghost_relocated_high_37420_37420_3084,1778254320,2026-05-08,15,32,37420,37420,1
ghost_relocated_high_37423_37423_3085,1778254500,2026-05-08,15,35,37423,37423,1
ghost_relocated_high_37424_37424_3086,1778254560,2026-05-08,15,36,37424,37424,1
ghost_relocated_high_37425_37425_3087,1778254620,2026-05-08,15,37,37425,37425,1
ghost_relocated_high_37435_37435_3088,1778255220,2026-05-08,15,47,37435,37435,1
ghost_relocated_high_37462_37462_3089,1778256840,2026-05-08,16,14,37462,37462,1
ghost_relocated_high_37472_37472_3090,1778257440,2026-05-08,16,24,37472,37472,1
ghost_relocated_high_37473_37473_3091,1778257500,2026-05-08,16,25,37473,37473,1
ghost_relocated_high_37474_37474_3092,1778257560,2026-05-08,16,26,37474,37474,1
ghost_relocated_high_37475_37475_3093,1778257620,2026-05-08,16,27,37475,37475,1
ghost_relocated_high_37476_37476_3094,1778257680,2026-05-08,16,28,37476,37476,1
ghost_relocated_high_37501_37501_3095,1778259180,2026-05-08,16,53,37501,37501,1
ghost_relocated_high_37502_37502_3096,1778259240,2026-05-08,16,54,37502,37502,1
ghost_relocated_high_37508_37508_3097,1778259600,2026-05-08,17,0,37508,37508,1
ghost_relocated_high_37509_37509_3098,1778259660,2026-05-08,17,1,37509,37509,1
ghost_relocated_high_37510_37510_3099,1778259720,2026-05-08,17,2,37510,37510,1
ghost_relocated_high_37512_37512_3100,1778259840,2026-05-08,17,4,37512,37512,1
ghost_relocated_high_37513_37513_3101,1778259900,2026-05-08,17,5,37513,37513,1
ghost_relocated_high_37527_37527_3102,1778260740,2026-05-08,17,19,37527,37527,1
ghost_relocated_high_37529_37529_3103,1778260860,2026-05-08,17,21,37529,37529,1
ghost_relocated_high_37530_37530_3104,1778260920,2026-05-08,17,22,37530,37530,1
ghost_relocated_high_37532_37532_3105,1778261040,2026-05-08,17,24,37532,37532,1
ghost_relocated_high_37533_37533_3106,1778261100,2026-05-08,17,25,37533,37533,1
ghost_relocated_high_37544_37544_3107,1778261760,2026-05-08,17,36,37544,37544,1
ghost_relocated_low_37594_37560_3108,1778264760,2026-05-08,18,26,37594,37560,1
ghost_relocated_high_37610_37568_3109,1778265720,2026-05-08,18,42,37610,37568,1
ghost_relocated_high_37645_37645_3110,1778267820,2026-05-08,19,17,37645,37645,1
ghost_relocated_high_37676_37676_3111,1778269680,2026-05-08,19,48,37676,37676,1
ghost_relocated_high_37677_37677_3112,1778269740,2026-05-08,19,49,37677,37677,1
ghost_relocated_high_37678_37678_3113,1778269800,2026-05-08,19,50,37678,37678,1
ghost_relocated_high_37682_37682_3114,1778270040,2026-05-08,19,54,37682,37682,1
ghost_relocated_high_37683_37683_3115,1778270100,2026-05-08,19,55,37683,37683,1
ghost_relocated_high_37686_37686_3116,1778270280,2026-05-08,19,58,37686,37686,1
ghost_relocated_high_37687_37687_3117,1778270340,2026-05-08,19,59,37687,37687,1
ghost_relocated_high_37688_37688_3118,1778270400,2026-05-08,20,0,37688,37688,1
ghost_relocated_high_37689_37689_3119,1778270460,2026-05-08,20,1,37689,37689,1
ghost_relocated_low_37739_37708_3120,1778273460,2026-05-08,20,51,37739,37708,1
ghost_relocated_low_37744_37744_3121,1778273760,2026-05-08,20,56,37744,37744,1
ghost_relocated_low_37745_37745_3122,1778273820,2026-05-08,20,57,37745,37745,1
ghost_relocated_low_37748_37748_3123,1778450400,2026-05-10,22,0,37748,37748,1
ghost_relocated_low_37749_37749_3124,1778450460,2026-05-10,22,1,37749,37749,1
ghost_relocated_low_37750_37750_3125,1778450520,2026-05-10,22,2,37750,37750,1
ghost_relocated_low_37765_37765_3126,1778451420,2026-05-10,22,17,37765,37765,1
ghost_relocated_high_37815_37814_3127,1778454420,2026-05-10,23,7,37815,37814,1
ghost_relocated_high_37816_37816_3128,1778454480,2026-05-10,23,8,37816,37816,1
ghost_relocated_high_37817_37817_3129,1778454540,2026-05-10,23,9,37817,37817,1
ghost_relocated_high_37818_37818_3130,1778454600,2026-05-10,23,10,37818,37818,1
ghost_relocated_high_37828_37828_3131,1778455200,2026-05-10,23,20,37828,37828,1
ghost_relocated_high_37873_37873_3132,1778457900,2026-05-11,0,5,37873,37873,1
ghost_relocated_high_37874_37874_3133,1778457960,2026-05-11,0,6,37874,37874,1
ghost_relocated_high_37875_37875_3134,1778458020,2026-05-11,0,7,37875,37875,1
ghost_relocated_high_37876_37876_3135,1778458080,2026-05-11,0,8,37876,37876,1
ghost_relocated_high_37877_37877_3136,1778458140,2026-05-11,0,9,37877,37877,1
ghost_relocated_high_37878_37878_3137,1778458200,2026-05-11,0,10,37878,37878,1
ghost_relocated_high_37880_37880_3138,1778458320,2026-05-11,0,12,37880,37880,1
ghost_relocated_high_37888_37888_3139,1778458800,2026-05-11,0,20,37888,37888,1
ghost_relocated_high_37889_37889_3140,1778458860,2026-05-11,0,21,37889,37889,1
ghost_relocated_high_37890_37890_3141,1778458920,2026-05-11,0,22,37890,37890,1
ghost_relocated_high_37892_37892_3142,1778459040,2026-05-11,0,24,37892,37892,1
ghost_relocated_high_37893_37893_3143,1778459100,2026-05-11,0,25,37893,37893,1
ghost_relocated_high_37894_37894_3144,1778459160,2026-05-11,0,26,37894,37894,1
ghost_relocated_high_37898_37898_3145,1778459400,2026-05-11,0,30,37898,37898,1
ghost_relocated_high_37902_37902_3146,1778459640,2026-05-11,0,34,37902,37902,1
ghost_relocated_high_37904_37904_3147,1778459760,2026-05-11,0,36,37904,37904,1
ghost_relocated_low_37954_37933_3148,1778462760,2026-05-11,1,26,37954,37933,1
ghost_relocated_high_37983_37978_3149,1778464500,2026-05-11,1,55,37983,37978,1
ghost_relocated_high_37990_37990_3150,1778464920,2026-05-11,2,2,37990,37990,1
ghost_relocated_high_37991_37991_3151,1778464980,2026-05-11,2,3,37991,37991,1
ghost_relocated_high_37992_37992_3152,1778465040,2026-05-11,2,4,37992,37992,1
ghost_relocated_high_38018_38018_3153,1778466600,2026-05-11,2,30,38018,38018,1
ghost_relocated_low_38068_38056_3154,1778469600,2026-05-11,3,20,38068,38056,1
ghost_relocated_high_38106_38078_3155,1778471880,2026-05-11,3,58,38106,38078,1
ghost_relocated_high_38171_38168_3156,1778475780,2026-05-11,5,3,38171,38168,1
ghost_relocated_high_38172_38172_3157,1778475840,2026-05-11,5,4,38172,38172,1
ghost_relocated_high_38188_38188_3158,1778476800,2026-05-11,5,20,38188,38188,1
ghost_relocated_high_38191_38191_3159,1778476980,2026-05-11,5,23,38191,38191,1
ghost_relocated_low_38241_38213_3160,1778479980,2026-05-11,6,13,38241,38213,1
ghost_relocated_high_38263_38255_3161,1778481300,2026-05-11,6,35,38263,38255,1
ghost_relocated_low_38305_38305_3162,1778483820,2026-05-11,7,17,38305,38305,1
ghost_relocated_low_38306_38306_3163,1778483880,2026-05-11,7,18,38306,38306,1
ghost_relocated_low_38356_38356_3164,1778486880,2026-05-11,8,8,38356,38356,1
ghost_relocated_low_38357_38357_3165,1778486940,2026-05-11,8,9,38357,38357,1
ghost_relocated_low_38358_38358_3166,1778487000,2026-05-11,8,10,38358,38358,1
ghost_relocated_low_38359_38359_3167,1778487060,2026-05-11,8,11,38359,38359,1
ghost_relocated_low_38377_38377_3168,1778488140,2026-05-11,8,29,38377,38377,1
ghost_relocated_low_38378_38378_3169,1778488200,2026-05-11,8,30,38378,38378,1
ghost_relocated_low_38383_38383_3170,1778488500,2026-05-11,8,35,38383,38383,1
ghost_relocated_low_38403_38383_3171,1778489700,2026-05-11,8,55,38403,38383,1
ghost_relocated_high_38433_38432_3172,1778491500,2026-05-11,9,25,38433,38432,1
ghost_relocated_high_38440_38440_3173,1778491920,2026-05-11,9,32,38440,38440,1
ghost_relocated_high_38451_38451_3174,1778492580,2026-05-11,9,43,38451,38451,1
ghost_relocated_high_38452_38452_3175,1778492640,2026-05-11,9,44,38452,38452,1
ghost_relocated_high_38453_38453_3176,1778492700,2026-05-11,9,45,38453,38453,1
ghost_relocated_high_38454_38454_3177,1778492760,2026-05-11,9,46,38454,38454,1
ghost_relocated_high_38455_38455_3178,1778492820,2026-05-11,9,47,38455,38455,1
ghost_relocated_high_38456_38456_3179,1778492880,2026-05-11,9,48,38456,38456,1
ghost_relocated_low_38506_38505_3180,1778495880,2026-05-11,10,38,38506,38505,1
ghost_relocated_low_38507_38507_3181,1778495940,2026-05-11,10,39,38507,38507,1
ghost_relocated_low_38515_38515_3182,1778496420,2026-05-11,10,47,38515,38515,1
ghost_relocated_high_38565_38559_3183,1778499420,2026-05-11,11,37,38565,38559,1
ghost_relocated_low_38609_38608_3184,1778502060,2026-05-11,12,21,38609,38608,1
ghost_relocated_low_38631_38631_3185,1778503380,2026-05-11,12,43,38631,38631,1
ghost_relocated_low_38632_38632_3186,1778503440,2026-05-11,12,44,38632,38632,1
ghost_relocated_low_38635_38635_3187,1778503620,2026-05-11,12,47,38635,38635,1
ghost_relocated_high_38685_38682_3188,1778506620,2026-05-11,13,37,38685,38682,1
ghost_relocated_low_38732_38707_3189,1778509440,2026-05-11,14,24,38732,38707,1
ghost_relocated_low_38737_38737_3190,1778509740,2026-05-11,14,29,38737,38737,1
ghost_relocated_low_38739_38739_3191,1778509860,2026-05-11,14,31,38739,38739,1
ghost_relocated_high_38790_38763_3192,1778512920,2026-05-11,15,22,38790,38763,1
ghost_relocated_high_38794_38794_3193,1778513160,2026-05-11,15,26,38794,38794,1
ghost_relocated_high_38795_38795_3194,1778513220,2026-05-11,15,27,38795,38795,1
ghost_relocated_high_38796_38796_3195,1778513280,2026-05-11,15,28,38796,38796,1
ghost_relocated_high_38797_38797_3196,1778513340,2026-05-11,15,29,38797,38797,1
ghost_relocated_high_38798_38798_3197,1778513400,2026-05-11,15,30,38798,38798,1
ghost_relocated_high_38817_38817_3198,1778514540,2026-05-11,15,49,38817,38817,1
ghost_relocated_high_38818_38818_3199,1778514600,2026-05-11,15,50,38818,38818,1
ghost_relocated_high_38820_38820_3200,1778514720,2026-05-11,15,52,38820,38820,1
ghost_relocated_high_38821_38821_3201,1778514780,2026-05-11,15,53,38821,38821,1
ghost_relocated_high_38822_38822_3202,1778514840,2026-05-11,15,54,38822,38822,1
ghost_relocated_high_38823_38823_3203,1778514900,2026-05-11,15,55,38823,38823,1
ghost_relocated_high_38829_38829_3204,1778515260,2026-05-11,16,1,38829,38829,1
ghost_relocated_high_38834_38834_3205,1778515560,2026-05-11,16,6,38834,38834,1
ghost_relocated_high_38835_38835_3206,1778515620,2026-05-11,16,7,38835,38835,1
ghost_relocated_high_38837_38837_3207,1778515740,2026-05-11,16,9,38837,38837,1
ghost_relocated_high_38838_38838_3208,1778515800,2026-05-11,16,10,38838,38838,1
ghost_relocated_low_38888_38870_3209,1778518800,2026-05-11,17,0,38888,38870,1
ghost_relocated_high_38920_38919_3210,1778520720,2026-05-11,17,32,38920,38919,1
ghost_relocated_high_38923_38923_3211,1778520900,2026-05-11,17,35,38923,38923,1
ghost_relocated_high_38924_38924_3212,1778520960,2026-05-11,17,36,38924,38924,1
ghost_relocated_high_38925_38925_3213,1778521020,2026-05-11,17,37,38925,38925,1
ghost_relocated_high_38926_38926_3214,1778521080,2026-05-11,17,38,38926,38926,1
ghost_relocated_high_38933_38933_3215,1778521500,2026-05-11,17,45,38933,38933,1
ghost_relocated_high_38934_38934_3216,1778521560,2026-05-11,17,46,38934,38934,1
ghost_relocated_low_38984_38947_3217,1778524560,2026-05-11,18,36,38984,38947,1
ghost_relocated_low_38989_38989_3218,1778524860,2026-05-11,18,41,38989,38989,1
ghost_relocated_low_38993_38993_3219,1778525100,2026-05-11,18,45,38993,38993,1
ghost_relocated_low_39002_39002_3220,1778525640,2026-05-11,18,54,39002,39002,1
ghost_relocated_low_39003_39003_3221,1778525700,2026-05-11,18,55,39003,39003,1
ghost_relocated_low_39005_39005_3222,1778525820,2026-05-11,18,57,39005,39005,1
ghost_relocated_low_39006_39006_3223,1778525880,2026-05-11,18,58,39006,39006,1
ghost_relocated_low_39007_39007_3224,1778525940,2026-05-11,18,59,39007,39007,1
ghost_relocated_low_39008_39008_3225,1778526000,2026-05-11,19,0,39008,39008,1
ghost_relocated_low_39012_39012_3226,1778526240,2026-05-11,19,4,39012,39012,1
ghost_relocated_low_39013_39013_3227,1778526300,2026-05-11,19,5,39013,39013,1
ghost_relocated_low_39034_39034_3228,1778527560,2026-05-11,19,26,39034,39034,1
ghost_relocated_low_39035_39035_3229,1778527620,2026-05-11,19,27,39035,39035,1
ghost_relocated_low_39079_39079_3230,1778530260,2026-05-11,20,11,39079,39079,1
ghost_relocated_high_39129_39129_3231,1778536860,2026-05-11,22,1,39129,39129,1
ghost_relocated_high_39130_39130_3232,1778536920,2026-05-11,22,2,39130,39130,1
ghost_relocated_high_39139_39139_3233,1778537460,2026-05-11,22,11,39139,39139,1
ghost_relocated_high_39140_39140_3234,1778537520,2026-05-11,22,12,39140,39140,1
ghost_relocated_high_39147_39147_3235,1778537940,2026-05-11,22,19,39147,39147,1
ghost_relocated_high_39148_39148_3236,1778538000,2026-05-11,22,20,39148,39148,1
ghost_relocated_high_39149_39149_3237,1778538060,2026-05-11,22,21,39149,39149,1
ghost_relocated_high_39158_39158_3238,1778538600,2026-05-11,22,30,39158,39158,1
ghost_relocated_high_39160_39160_3239,1778538720,2026-05-11,22,32,39160,39160,1
ghost_relocated_high_39161_39161_3240,1778538780,2026-05-11,22,33,39161,39161,1
ghost_relocated_high_39164_39164_3241,1778538960,2026-05-11,22,36,39164,39164,1
ghost_relocated_high_39165_39165_3242,1778539020,2026-05-11,22,37,39165,39165,1
ghost_relocated_high_39166_39166_3243,1778539080,2026-05-11,22,38,39166,39166,1
ghost_relocated_high_39167_39167_3244,1778539140,2026-05-11,22,39,39167,39167,1
ghost_relocated_high_39168_39168_3245,1778539200,2026-05-11,22,40,39168,39168,1
ghost_relocated_high_39171_39171_3246,1778539380,2026-05-11,22,43,39171,39171,1
ghost_relocated_high_39172_39172_3247,1778539440,2026-05-11,22,44,39172,39172,1
ghost_relocated_high_39173_39173_3248,1778539500,2026-05-11,22,45,39173,39173,1
ghost_relocated_high_39174_39174_3249,1778539560,2026-05-11,22,46,39174,39174,1
ghost_relocated_low_39224_39205_3250,1778542560,2026-05-11,23,36,39224,39205,1
ghost_relocated_low_39245_39245_3251,1778543820,2026-05-11,23,57,39245,39245,1
ghost_relocated_low_39248_39248_3252,1778544000,2026-05-12,0,0,39248,39248,1
ghost_relocated_low_39250_39250_3253,1778544120,2026-05-12,0,2,39250,39250,1
ghost_relocated_low_39252_39252_3254,1778544240,2026-05-12,0,4,39252,39252,1
ghost_relocated_low_39261_39261_3255,1778544780,2026-05-12,0,13,39261,39261,1
ghost_relocated_low_39269_39269_3256,1778545260,2026-05-12,0,21,39269,39269,1
ghost_relocated_low_39270_39270_3257,1778545320,2026-05-12,0,22,39270,39270,1
ghost_relocated_low_39271_39271_3258,1778545380,2026-05-12,0,23,39271,39271,1
ghost_relocated_high_39321_39282_3259,1778548380,2026-05-12,1,13,39321,39282,1
ghost_relocated_high_39399_39382_3260,1778553060,2026-05-12,2,31,39399,39382,1
ghost_relocated_high_39420_39420_3261,1778554320,2026-05-12,2,52,39420,39420,1
ghost_relocated_high_39421_39421_3262,1778554380,2026-05-12,2,53,39421,39421,1
ghost_relocated_low_39471_39434_3263,1778557380,2026-05-12,3,43,39471,39434,1
ghost_relocated_low_39484_39484_3264,1778558160,2026-05-12,3,56,39484,39484,1
ghost_relocated_low_39492_39492_3265,1778558640,2026-05-12,4,4,39492,39492,1
ghost_relocated_low_39501_39501_3266,1778559180,2026-05-12,4,13,39501,39501,1
ghost_relocated_low_39538_39538_3267,1778561400,2026-05-12,4,50,39538,39538,1
ghost_relocated_low_39539_39539_3268,1778561460,2026-05-12,4,51,39539,39539,1
ghost_relocated_low_39540_39540_3269,1778561520,2026-05-12,4,52,39540,39540,1
ghost_relocated_low_39541_39541_3270,1778561580,2026-05-12,4,53,39541,39541,1
ghost_relocated_low_39548_39548_3271,1778562000,2026-05-12,5,0,39548,39548,1
ghost_relocated_low_39561_39561_3272,1778562780,2026-05-12,5,13,39561,39561,1
ghost_relocated_low_39563_39563_3273,1778562900,2026-05-12,5,15,39563,39563,1
ghost_relocated_low_39564_39564_3274,1778562960,2026-05-12,5,16,39564,39564,1
ghost_relocated_low_39565_39565_3275,1778563020,2026-05-12,5,17,39565,39565,1
ghost_relocated_low_39585_39585_3276,1778564220,2026-05-12,5,37,39585,39585,1
ghost_relocated_low_39616_39616_3277,1778566080,2026-05-12,6,8,39616,39616,1
ghost_relocated_low_39630_39630_3278,1778566920,2026-05-12,6,22,39630,39630,1
ghost_relocated_low_39631_39631_3279,1778566980,2026-05-12,6,23,39631,39631,1
ghost_relocated_low_39632_39632_3280,1778567040,2026-05-12,6,24,39632,39632,1
ghost_relocated_low_39634_39634_3281,1778567160,2026-05-12,6,26,39634,39634,1
ghost_relocated_low_39635_39635_3282,1778567220,2026-05-12,6,27,39635,39635,1
ghost_relocated_low_39637_39637_3283,1778567340,2026-05-12,6,29,39637,39637,1
ghost_relocated_low_39641_39641_3284,1778567580,2026-05-12,6,33,39641,39641,1
ghost_relocated_low_39646_39646_3285,1778567880,2026-05-12,6,38,39646,39646,1
ghost_relocated_low_39647_39647_3286,1778567940,2026-05-12,6,39,39647,39647,1
ghost_relocated_low_39648_39648_3287,1778568000,2026-05-12,6,40,39648,39648,1
ghost_relocated_low_39659_39659_3288,1778568660,2026-05-12,6,51,39659,39659,1
ghost_relocated_low_39661_39661_3289,1778568780,2026-05-12,6,53,39661,39661,1
ghost_relocated_low_39663_39663_3290,1778568900,2026-05-12,6,55,39663,39663,1
ghost_relocated_low_39665_39665_3291,1778569020,2026-05-12,6,57,39665,39665,1
ghost_relocated_low_39668_39668_3292,1778569200,2026-05-12,7,0,39668,39668,1
ghost_relocated_low_39670_39670_3293,1778569320,2026-05-12,7,2,39670,39670,1
ghost_relocated_low_39671_39671_3294,1778569380,2026-05-12,7,3,39671,39671,1
ghost_relocated_low_39673_39673_3295,1778569500,2026-05-12,7,5,39673,39673,1
ghost_relocated_low_39674_39674_3296,1778569560,2026-05-12,7,6,39674,39674,1
ghost_relocated_low_39675_39675_3297,1778569620,2026-05-12,7,7,39675,39675,1
ghost_relocated_low_39677_39677_3298,1778569740,2026-05-12,7,9,39677,39677,1
ghost_relocated_low_39678_39678_3299,1778569800,2026-05-12,7,10,39678,39678,1
ghost_relocated_high_39728_39690_3300,1778572800,2026-05-12,8,0,39728,39690,1
ghost_relocated_low_39755_39743_3301,1778574420,2026-05-12,8,27,39755,39743,1
ghost_relocated_high_39793_39767_3302,1778576700,2026-05-12,9,5,39793,39767,1
ghost_relocated_high_39818_39818_3303,1778578200,2026-05-12,9,30,39818,39818,1
ghost_relocated_high_39819_39819_3304,1778578260,2026-05-12,9,31,39819,39819,1
ghost_relocated_high_39847_39819_3305,1778579940,2026-05-12,9,59,39847,39819,1
ghost_relocated_high_39859_39859_3306,1778580660,2026-05-12,10,11,39859,39859,1
ghost_relocated_low_39909_39909_3307,1778583660,2026-05-12,11,1,39909,39909,1
ghost_relocated_low_39910_39910_3308,1778583720,2026-05-12,11,2,39910,39910,1
ghost_relocated_low_39911_39911_3309,1778583780,2026-05-12,11,3,39911,39911,1
ghost_relocated_low_39913_39913_3310,1778583900,2026-05-12,11,5,39913,39913,1
ghost_relocated_low_39923_39923_3311,1778584500,2026-05-12,11,15,39923,39923,1
ghost_relocated_low_39924_39924_3312,1778584560,2026-05-12,11,16,39924,39924,1
ghost_relocated_low_39925_39925_3313,1778584620,2026-05-12,11,17,39925,39925,1
ghost_relocated_low_39926_39926_3314,1778584680,2026-05-12,11,18,39926,39926,1
ghost_relocated_low_39974_39974_3315,1778587560,2026-05-12,12,6,39974,39974,1
ghost_relocated_low_39998_39998_3316,1778589000,2026-05-12,12,30,39998,39998,1
ghost_relocated_low_39999_39999_3317,1778589060,2026-05-12,12,31,39999,39999,1
ghost_relocated_low_40000_40000_3318,1778589120,2026-05-12,12,32,40000,40000,1
ghost_relocated_high_40050_40029_3319,1778592120,2026-05-12,13,22,40050,40029,1
ghost_relocated_high_40068_40068_3320,1778593200,2026-05-12,13,40,40068,40068,1
ghost_relocated_high_40069_40069_3321,1778593260,2026-05-12,13,41,40069,40069,1
ghost_relocated_high_40070_40070_3322,1778593320,2026-05-12,13,42,40070,40070,1
ghost_relocated_high_40071_40071_3323,1778593380,2026-05-12,13,43,40071,40071,1
ghost_relocated_high_40072_40072_3324,1778593440,2026-05-12,13,44,40072,40072,1
ghost_relocated_high_40073_40073_3325,1778593500,2026-05-12,13,45,40073,40073,1
ghost_relocated_low_40123_40121_3326,1778596500,2026-05-12,14,35,40123,40121,1
ghost_relocated_low_40147_40147_3327,1778597940,2026-05-12,14,59,40147,40147,1
ghost_relocated_low_40149_40149_3328,1778598060,2026-05-12,15,1,40149,40149,1
ghost_relocated_low_40150_40150_3329,1778598120,2026-05-12,15,2,40150,40150,1
ghost_relocated_low_40152_40152_3330,1778598240,2026-05-12,15,4,40152,40152,1
ghost_relocated_low_40153_40153_3331,1778598300,2026-05-12,15,5,40153,40153,1
ghost_relocated_low_40162_40162_3332,1778598840,2026-05-12,15,14,40162,40162,1
ghost_relocated_low_40163_40163_3333,1778598900,2026-05-12,15,15,40163,40163,1
ghost_relocated_low_40164_40164_3334,1778598960,2026-05-12,15,16,40164,40164,1
ghost_relocated_low_40165_40165_3335,1778599020,2026-05-12,15,17,40165,40165,1
ghost_relocated_low_40166_40166_3336,1778599080,2026-05-12,15,18,40166,40166,1
ghost_relocated_low_40169_40169_3337,1778599260,2026-05-12,15,21,40169,40169,1
ghost_relocated_low_40170_40170_3338,1778599320,2026-05-12,15,22,40170,40170,1
ghost_relocated_low_40171_40171_3339,1778599380,2026-05-12,15,23,40171,40171,1
ghost_relocated_low_40172_40172_3340,1778599440,2026-05-12,15,24,40172,40172,1
ghost_relocated_low_40173_40173_3341,1778599500,2026-05-12,15,25,40173,40173,1
ghost_relocated_low_40174_40174_3342,1778599560,2026-05-12,15,26,40174,40174,1
ghost_relocated_low_40176_40176_3343,1778599680,2026-05-12,15,28,40176,40176,1
ghost_relocated_low_40205_40205_3344,1778601420,2026-05-12,15,57,40205,40205,1
ghost_relocated_low_40206_40206_3345,1778601480,2026-05-12,15,58,40206,40206,1
ghost_relocated_low_40207_40207_3346,1778601540,2026-05-12,15,59,40207,40207,1
ghost_relocated_low_40208_40208_3347,1778601600,2026-05-12,16,0,40208,40208,1
ghost_relocated_low_40240_40240_3348,1778603520,2026-05-12,16,32,40240,40240,1
ghost_relocated_low_40249_40249_3349,1778604060,2026-05-12,16,41,40249,40249,1
ghost_relocated_low_40250_40250_3350,1778604120,2026-05-12,16,42,40250,40250,1
ghost_relocated_low_40255_40255_3351,1778604420,2026-05-12,16,47,40255,40255,1
ghost_relocated_low_40256_40256_3352,1778604480,2026-05-12,16,48,40256,40256,1
ghost_relocated_low_40260_40260_3353,1778604720,2026-05-12,16,52,40260,40260,1
ghost_relocated_low_40261_40261_3354,1778604780,2026-05-12,16,53,40261,40261,1
ghost_relocated_low_40262_40262_3355,1778604840,2026-05-12,16,54,40262,40262,1
ghost_relocated_high_40312_40292_3356,1778607840,2026-05-12,17,44,40312,40292,1
ghost_relocated_high_40328_40328_3357,1778608800,2026-05-12,18,0,40328,40328,1
ghost_relocated_high_40329_40329_3358,1778608860,2026-05-12,18,1,40329,40329,1
ghost_relocated_high_40330_40330_3359,1778608920,2026-05-12,18,2,40330,40330,1
ghost_relocated_high_40331_40331_3360,1778608980,2026-05-12,18,3,40331,40331,1
ghost_relocated_high_40342_40342_3361,1778609640,2026-05-12,18,14,40342,40342,1
ghost_relocated_high_40343_40343_3362,1778609700,2026-05-12,18,15,40343,40343,1
ghost_relocated_high_40352_40352_3363,1778610240,2026-05-12,18,24,40352,40352,1
ghost_relocated_high_40353_40353_3364,1778610300,2026-05-12,18,25,40353,40353,1
ghost_relocated_high_40354_40354_3365,1778610360,2026-05-12,18,26,40354,40354,1
ghost_relocated_high_40355_40355_3366,1778610420,2026-05-12,18,27,40355,40355,1
ghost_relocated_high_40356_40356_3367,1778610480,2026-05-12,18,28,40356,40356,1
ghost_relocated_high_40359_40359_3368,1778610660,2026-05-12,18,31,40359,40359,1
ghost_relocated_high_40399_40399_3369,1778613060,2026-05-12,19,11,40399,40399,1
ghost_relocated_high_40400_40400_3370,1778613120,2026-05-12,19,12,40400,40400,1
ghost_relocated_high_40401_40401_3371,1778613180,2026-05-12,19,13,40401,40401,1
ghost_relocated_high_40402_40402_3372,1778613240,2026-05-12,19,14,40402,40402,1
ghost_relocated_high_40403_40403_3373,1778613300,2026-05-12,19,15,40403,40403,1
ghost_relocated_high_40418_40418_3374,1778614200,2026-05-12,19,30,40418,40418,1
ghost_relocated_high_40419_40419_3375,1778614260,2026-05-12,19,31,40419,40419,1
ghost_relocated_high_40420_40420_3376,1778614320,2026-05-12,19,32,40420,40420,1
ghost_relocated_high_40421_40421_3377,1778614380,2026-05-12,19,33,40421,40421,1
ghost_relocated_high_40422_40422_3378,1778614440,2026-05-12,19,34,40422,40422,1
ghost_relocated_high_40427_40427_3379,1778614740,2026-05-12,19,39,40427,40427,1
ghost_relocated_high_40429_40429_3380,1778614860,2026-05-12,19,41,40429,40429,1
ghost_relocated_high_40430_40430_3381,1778614920,2026-05-12,19,42,40430,40430,1
ghost_relocated_high_40431_40431_3382,1778614980,2026-05-12,19,43,40431,40431,1
ghost_relocated_high_40432_40432_3383,1778615040,2026-05-12,19,44,40432,40432,1
ghost_relocated_high_40435_40435_3384,1778615220,2026-05-12,19,47,40435,40435,1
ghost_relocated_high_40436_40436_3385,1778615280,2026-05-12,19,48,40436,40436,1
ghost_relocated_high_40438_40438_3386,1778615400,2026-05-12,19,50,40438,40438,1
ghost_relocated_high_40439_40439_3387,1778615460,2026-05-12,19,51,40439,40439,1
ghost_relocated_high_40440_40440_3388,1778615520,2026-05-12,19,52,40440,40440,1
ghost_relocated_high_40441_40441_3389,1778615580,2026-05-12,19,53,40441,40441,1
ghost_relocated_low_40491_40459_3390,1778618580,2026-05-12,20,43,40491,40459,1
ghost_relocated_low_40578_40573_3391,1778627400,2026-05-12,23,10,40578,40573,1
ghost_relocated_low_40581_40581_3392,1778627580,2026-05-12,23,13,40581,40581,1
ghost_relocated_low_40589_40589_3393,1778628060,2026-05-12,23,21,40589,40589,1
ghost_relocated_low_40598_40598_3394,1778628600,2026-05-12,23,30,40598,40598,1
ghost_relocated_low_40600_40600_3395,1778628720,2026-05-12,23,32,40600,40600,1
ghost_relocated_low_40603_40603_3396,1778628900,2026-05-12,23,35,40603,40603,1
ghost_relocated_low_40606_40606_3397,1778629080,2026-05-12,23,38,40606,40606,1
ghost_relocated_low_40607_40607_3398,1778629140,2026-05-12,23,39,40607,40607,1
ghost_relocated_low_40608_40608_3399,1778629200,2026-05-12,23,40,40608,40608,1
ghost_relocated_low_40609_40609_3400,1778629260,2026-05-12,23,41,40609,40609,1
ghost_relocated_low_40610_40610_3401,1778629320,2026-05-12,23,42,40610,40610,1
ghost_relocated_low_40611_40611_3402,1778629380,2026-05-12,23,43,40611,40611,1
ghost_relocated_low_40629_40629_3403,1778630460,2026-05-13,0,1,40629,40629,1
ghost_relocated_low_40630_40630_3404,1778630520,2026-05-13,0,2,40630,40630,1
ghost_relocated_high_40680_40651_3405,1778633520,2026-05-13,0,52,40680,40651,1
ghost_relocated_high_40690_40690_3406,1778634120,2026-05-13,1,2,40690,40690,1
ghost_relocated_high_40691_40691_3407,1778634180,2026-05-13,1,3,40691,40691,1
ghost_relocated_high_40692_40692_3408,1778634240,2026-05-13,1,4,40692,40692,1
ghost_relocated_high_40696_40696_3409,1778634480,2026-05-13,1,8,40696,40696,1
ghost_relocated_high_40697_40697_3410,1778634540,2026-05-13,1,9,40697,40697,1
ghost_relocated_high_40698_40698_3411,1778634600,2026-05-13,1,10,40698,40698,1
ghost_relocated_high_40699_40699_3412,1778634660,2026-05-13,1,11,40699,40699,1
ghost_relocated_high_40700_40700_3413,1778634720,2026-05-13,1,12,40700,40700,1
ghost_relocated_high_40701_40701_3414,1778634780,2026-05-13,1,13,40701,40701,1
ghost_relocated_high_40709_40709_3415,1778635260,2026-05-13,1,21,40709,40709,1
ghost_relocated_high_40710_40710_3416,1778635320,2026-05-13,1,22,40710,40710,1
ghost_relocated_high_40718_40718_3417,1778635800,2026-05-13,1,30,40718,40718,1
ghost_relocated_high_40733_40733_3418,1778636700,2026-05-13,1,45,40733,40733,1
ghost_relocated_high_40738_40738_3419,1778637000,2026-05-13,1,50,40738,40738,1
ghost_relocated_high_40739_40739_3420,1778637060,2026-05-13,1,51,40739,40739,1
ghost_relocated_low_40789_40756_3421,1778640060,2026-05-13,2,41,40789,40756,1
ghost_relocated_high_40872_40870_3422,1778645040,2026-05-13,4,4,40872,40870,1
ghost_relocated_high_40889_40889_3423,1778646060,2026-05-13,4,21,40889,40889,1
ghost_relocated_high_40890_40890_3424,1778646120,2026-05-13,4,22,40890,40890,1
ghost_relocated_high_40893_40893_3425,1778646300,2026-05-13,4,25,40893,40893,1
ghost_relocated_high_40894_40894_3426,1778646360,2026-05-13,4,26,40894,40894,1
ghost_relocated_high_40895_40895_3427,1778646420,2026-05-13,4,27,40895,40895,1
ghost_relocated_high_40898_40898_3428,1778646600,2026-05-13,4,30,40898,40898,1
ghost_relocated_high_40899_40899_3429,1778646660,2026-05-13,4,31,40899,40899,1
ghost_relocated_high_40938_40938_3430,1778649000,2026-05-13,5,10,40938,40938,1
ghost_relocated_high_40939_40939_3431,1778649060,2026-05-13,5,11,40939,40939,1
ghost_relocated_high_40940_40940_3432,1778649120,2026-05-13,5,12,40940,40940,1
ghost_relocated_low_40990_40948_3433,1778652120,2026-05-13,6,2,40990,40948,1
ghost_relocated_low_41057_41041_3434,1778656140,2026-05-13,7,9,41057,41041,1
ghost_relocated_low_41059_41059_3435,1778656260,2026-05-13,7,11,41059,41059,1
ghost_relocated_high_41109_41109_3436,1778659260,2026-05-13,8,1,41109,41109,1
ghost_relocated_high_41110_41110_3437,1778659320,2026-05-13,8,2,41110,41110,1
ghost_relocated_high_41116_41116_3438,1778659680,2026-05-13,8,8,41116,41116,1
ghost_relocated_high_41117_41117_3439,1778659740,2026-05-13,8,9,41117,41117,1
ghost_relocated_high_41118_41118_3440,1778659800,2026-05-13,8,10,41118,41118,1
ghost_relocated_high_41123_41123_3441,1778660100,2026-05-13,8,15,41123,41123,1
ghost_relocated_high_41124_41124_3442,1778660160,2026-05-13,8,16,41124,41124,1
ghost_relocated_high_41126_41126_3443,1778660280,2026-05-13,8,18,41126,41126,1
ghost_relocated_high_41129_41129_3444,1778660460,2026-05-13,8,21,41129,41129,1
ghost_relocated_high_41130_41130_3445,1778660520,2026-05-13,8,22,41130,41130,1
ghost_relocated_low_41198_41189_3446,1778664600,2026-05-13,9,30,41198,41189,1
ghost_relocated_high_41239_41226_3447,1778667060,2026-05-13,10,11,41239,41226,1
ghost_relocated_low_41276_41262_3448,1778669280,2026-05-13,10,48,41276,41262,1
ghost_relocated_low_41292_41292_3449,1778670240,2026-05-13,11,4,41292,41292,1
ghost_relocated_low_41295_41295_3450,1778670420,2026-05-13,11,7,41295,41295,1
ghost_relocated_low_41299_41299_3451,1778670660,2026-05-13,11,11,41299,41299,1
ghost_relocated_low_41311_41311_3452,1778671380,2026-05-13,11,23,41311,41311,1
ghost_relocated_low_41312_41312_3453,1778671440,2026-05-13,11,24,41312,41312,1
ghost_relocated_low_41315_41315_3454,1778671620,2026-05-13,11,27,41315,41315,1
ghost_relocated_high_41365_41352_3455,1778674620,2026-05-13,12,17,41365,41352,1
ghost_relocated_low_41402_41388_3456,1778676840,2026-05-13,12,54,41402,41388,1
ghost_relocated_high_41438_41434_3457,1778679000,2026-05-13,13,30,41438,41434,1
ghost_relocated_low_41484_41456_3458,1778681760,2026-05-13,14,16,41484,41456,1
ghost_relocated_high_41506_41504_3459,1778683080,2026-05-13,14,38,41506,41504,1
ghost_relocated_high_41520_41520_3460,1778683920,2026-05-13,14,52,41520,41520,1
ghost_relocated_high_41521_41521_3461,1778683980,2026-05-13,14,53,41521,41521,1
ghost_relocated_high_41522_41522_3462,1778684040,2026-05-13,14,54,41522,41522,1
ghost_relocated_high_41523_41523_3463,1778684100,2026-05-13,14,55,41523,41523,1
ghost_relocated_high_41528_41528_3464,1778684400,2026-05-13,15,0,41528,41528,1
ghost_relocated_high_41529_41529_3465,1778684460,2026-05-13,15,1,41529,41529,1
ghost_relocated_high_41530_41530_3466,1778684520,2026-05-13,15,2,41530,41530,1
ghost_relocated_high_41531_41531_3467,1778684580,2026-05-13,15,3,41531,41531,1
ghost_relocated_high_41532_41532_3468,1778684640,2026-05-13,15,4,41532,41532,1
ghost_relocated_high_41569_41569_3469,1778686860,2026-05-13,15,41,41569,41569,1
ghost_relocated_high_41570_41570_3470,1778686920,2026-05-13,15,42,41570,41570,1
ghost_relocated_high_41571_41571_3471,1778686980,2026-05-13,15,43,41571,41571,1
ghost_relocated_high_41572_41572_3472,1778687040,2026-05-13,15,44,41572,41572,1
ghost_relocated_high_41602_41602_3473,1778688840,2026-05-13,16,14,41602,41602,1
ghost_relocated_high_41603_41603_3474,1778688900,2026-05-13,16,15,41603,41603,1
ghost_relocated_high_41610_41610_3475,1778689320,2026-05-13,16,22,41610,41610,1
ghost_relocated_high_41611_41611_3476,1778689380,2026-05-13,16,23,41611,41611,1
ghost_relocated_high_41612_41612_3477,1778689440,2026-05-13,16,24,41612,41612,1
ghost_relocated_high_41613_41613_3478,1778689500,2026-05-13,16,25,41613,41613,1
ghost_relocated_high_41616_41616_3479,1778689680,2026-05-13,16,28,41616,41616,1
ghost_relocated_high_41617_41617_3480,1778689740,2026-05-13,16,29,41617,41617,1
ghost_relocated_high_41623_41623_3481,1778690100,2026-05-13,16,35,41623,41623,1
ghost_relocated_high_41643_41643_3482,1778691300,2026-05-13,16,55,41643,41643,1
ghost_relocated_high_41645_41645_3483,1778691420,2026-05-13,16,57,41645,41645,1
ghost_relocated_high_41648_41648_3484,1778691600,2026-05-13,17,0,41648,41648,1
ghost_relocated_high_41649_41649_3485,1778691660,2026-05-13,17,1,41649,41649,1
ghost_relocated_high_41651_41651_3486,1778691780,2026-05-13,17,3,41651,41651,1
ghost_relocated_high_41652_41652_3487,1778691840,2026-05-13,17,4,41652,41652,1
ghost_relocated_high_41653_41653_3488,1778691900,2026-05-13,17,5,41653,41653,1
ghost_relocated_high_41654_41654_3489,1778691960,2026-05-13,17,6,41654,41654,1
ghost_relocated_high_41659_41659_3490,1778692260,2026-05-13,17,11,41659,41659,1
ghost_relocated_high_41663_41663_3491,1778692500,2026-05-13,17,15,41663,41663,1
ghost_relocated_low_41713_41708_3492,1778695500,2026-05-13,18,5,41713,41708,1
ghost_relocated_high_41758_41728_3493,1778698200,2026-05-13,18,50,41758,41728,1
ghost_relocated_low_41778_41767_3494,1778699400,2026-05-13,19,10,41778,41767,1
ghost_relocated_high_41817_41786_3495,1778701740,2026-05-13,19,49,41817,41786,1
ghost_relocated_high_41862_41862_3496,1778704440,2026-05-13,20,34,41862,41862,1
ghost_relocated_high_41863_41863_3497,1778704500,2026-05-13,20,35,41863,41863,1
ghost_relocated_high_41882_41863_3498,1778705640,2026-05-13,20,54,41882,41863,1
ghost_relocated_high_41890_41890_3499,1778709720,2026-05-13,22,2,41890,41890,1
ghost_relocated_high_41891_41891_3500,1778709780,2026-05-13,22,3,41891,41891,1
ghost_relocated_high_41893_41893_3501,1778709900,2026-05-13,22,5,41893,41893,1
ghost_relocated_high_41903_41903_3502,1778710500,2026-05-13,22,15,41903,41903,1
ghost_relocated_high_41904_41904_3503,1778710560,2026-05-13,22,16,41904,41904,1
ghost_relocated_high_41905_41905_3504,1778710620,2026-05-13,22,17,41905,41905,1
ghost_relocated_high_41933_41933_3505,1778712300,2026-05-13,22,45,41933,41933,1
ghost_relocated_high_41934_41934_3506,1778712360,2026-05-13,22,46,41934,41934,1
ghost_relocated_high_41935_41935_3507,1778712420,2026-05-13,22,47,41935,41935,1
ghost_relocated_high_41938_41938_3508,1778712600,2026-05-13,22,50,41938,41938,1
ghost_relocated_high_41939_41939_3509,1778712660,2026-05-13,22,51,41939,41939,1
ghost_relocated_high_41940_41940_3510,1778712720,2026-05-13,22,52,41940,41940,1
ghost_relocated_high_41951_41951_3511,1778713380,2026-05-13,23,3,41951,41951,1
ghost_relocated_high_41952_41952_3512,1778713440,2026-05-13,23,4,41952,41952,1
ghost_relocated_high_41953_41953_3513,1778713500,2026-05-13,23,5,41953,41953,1
ghost_relocated_high_41962_41962_3514,1778714040,2026-05-13,23,14,41962,41962,1
ghost_relocated_low_42012_42011_3515,1778717040,2026-05-14,0,4,42012,42011,1
ghost_relocated_high_42061_42055_3516,1778719980,2026-05-14,0,53,42061,42055,1
ghost_relocated_high_42066_42066_3517,1778720280,2026-05-14,0,58,42066,42066,1
ghost_relocated_high_42067_42067_3518,1778720340,2026-05-14,0,59,42067,42067,1
ghost_relocated_low_42117_42114_3519,1778723340,2026-05-14,1,49,42117,42114,1
ghost_relocated_low_42125_42125_3520,1778723820,2026-05-14,1,57,42125,42125,1
ghost_relocated_low_42126_42126_3521,1778723880,2026-05-14,1,58,42126,42126,1
ghost_relocated_low_42128_42128_3522,1778724000,2026-05-14,2,0,42128,42128,1
ghost_relocated_low_42175_42175_3523,1778726820,2026-05-14,2,47,42175,42175,1
ghost_relocated_low_42176_42176_3524,1778726880,2026-05-14,2,48,42176,42176,1
ghost_relocated_low_42178_42178_3525,1778727000,2026-05-14,2,50,42178,42178,1
ghost_relocated_low_42211_42211_3526,1778728980,2026-05-14,3,23,42211,42211,1
ghost_relocated_low_42212_42212_3527,1778729040,2026-05-14,3,24,42212,42212,1
ghost_relocated_low_42220_42220_3528,1778729520,2026-05-14,3,32,42220,42220,1
ghost_relocated_low_42223_42223_3529,1778729700,2026-05-14,3,35,42223,42223,1
ghost_relocated_low_42227_42227_3530,1778729940,2026-05-14,3,39,42227,42227,1
ghost_relocated_low_42228_42228_3531,1778730000,2026-05-14,3,40,42228,42228,1
ghost_relocated_low_42235_42235_3532,1778730420,2026-05-14,3,47,42235,42235,1
ghost_relocated_low_42236_42236_3533,1778730480,2026-05-14,3,48,42236,42236,1
ghost_relocated_low_42246_42246_3534,1778731080,2026-05-14,3,58,42246,42246,1
ghost_relocated_low_42249_42249_3535,1778731260,2026-05-14,4,1,42249,42249,1
ghost_relocated_low_42250_42250_3536,1778731320,2026-05-14,4,2,42250,42250,1
ghost_relocated_low_42253_42253_3537,1778731500,2026-05-14,4,5,42253,42253,1
ghost_relocated_high_42303_42297_3538,1778734500,2026-05-14,4,55,42303,42297,1
ghost_relocated_low_42347_42327_3539,1778737140,2026-05-14,5,39,42347,42327,1
ghost_relocated_high_42377_42374_3540,1778738940,2026-05-14,6,9,42377,42374,1
ghost_relocated_high_42391_42391_3541,1778739780,2026-05-14,6,23,42391,42391,1
ghost_relocated_low_42441_42441_3542,1778742780,2026-05-14,7,13,42441,42441,1
ghost_relocated_low_42486_42486_3543,1778745480,2026-05-14,7,58,42486,42486,1
ghost_relocated_low_42487_42487_3544,1778745540,2026-05-14,7,59,42487,42487,1
ghost_relocated_low_42490_42490_3545,1778745720,2026-05-14,8,2,42490,42490,1
ghost_relocated_low_42492_42492_3546,1778745840,2026-05-14,8,4,42492,42492,1
ghost_relocated_low_42493_42493_3547,1778745900,2026-05-14,8,5,42493,42493,1
ghost_relocated_low_42534_42534_3548,1778748360,2026-05-14,8,46,42534,42534,1
ghost_relocated_low_42558_42558_3549,1778749800,2026-05-14,9,10,42558,42558,1
ghost_relocated_low_42575_42575_3550,1778750820,2026-05-14,9,27,42575,42575,1
ghost_relocated_low_42576_42576_3551,1778750880,2026-05-14,9,28,42576,42576,1
ghost_relocated_low_42578_42578_3552,1778751000,2026-05-14,9,30,42578,42578,1
ghost_relocated_low_42583_42583_3553,1778751300,2026-05-14,9,35,42583,42583,1
ghost_relocated_low_42584_42584_3554,1778751360,2026-05-14,9,36,42584,42584,1
ghost_relocated_low_42585_42585_3555,1778751420,2026-05-14,9,37,42585,42585,1
ghost_relocated_low_42586_42586_3556,1778751480,2026-05-14,9,38,42586,42586,1
ghost_relocated_low_42587_42587_3557,1778751540,2026-05-14,9,39,42587,42587,1
ghost_relocated_high_42637_42620_3558,1778754540,2026-05-14,10,29,42637,42620,1
ghost_relocated_low_42670_42651_3559,1778756520,2026-05-14,11,2,42670,42651,1
ghost_relocated_low_42693_42693_3560,1778757900,2026-05-14,11,25,42693,42693,1
ghost_relocated_low_42694_42694_3561,1778757960,2026-05-14,11,26,42694,42694,1
ghost_relocated_low_42730_42694_3562,1778760120,2026-05-14,12,2,42730,42694,1
ghost_relocated_high_42744_42743_3563,1778760960,2026-05-14,12,16,42744,42743,1
ghost_relocated_high_42750_42750_3564,1778761320,2026-05-14,12,22,42750,42750,1
ghost_relocated_high_42752_42752_3565,1778761440,2026-05-14,12,24,42752,42752,1
ghost_relocated_high_42753_42753_3566,1778761500,2026-05-14,12,25,42753,42753,1
ghost_relocated_low_42803_42800_3567,1778764500,2026-05-14,13,15,42803,42800,1
ghost_relocated_high_42850_42838_3568,1778767320,2026-05-14,14,2,42850,42838,1
ghost_relocated_high_42888_42888_3569,1778769600,2026-05-14,14,40,42888,42888,1
ghost_relocated_high_42893_42893_3570,1778769900,2026-05-14,14,45,42893,42893,1
ghost_relocated_high_42894_42894_3571,1778769960,2026-05-14,14,46,42894,42894,1
ghost_relocated_high_42895_42895_3572,1778770020,2026-05-14,14,47,42895,42895,1
ghost_relocated_high_42898_42898_3573,1778770200,2026-05-14,14,50,42898,42898,1
ghost_relocated_high_42899_42899_3574,1778770260,2026-05-14,14,51,42899,42899,1
ghost_relocated_high_42922_42922_3575,1778771640,2026-05-14,15,14,42922,42922,1
ghost_relocated_high_42923_42923_3576,1778771700,2026-05-14,15,15,42923,42923,1
ghost_relocated_high_42924_42924_3577,1778771760,2026-05-14,15,16,42924,42924,1
ghost_relocated_high_42926_42926_3578,1778771880,2026-05-14,15,18,42926,42926,1
ghost_relocated_high_42928_42928_3579,1778772000,2026-05-14,15,20,42928,42928,1
ghost_relocated_high_42934_42934_3580,1778772360,2026-05-14,15,26,42934,42934,1
ghost_relocated_high_42935_42935_3581,1778772420,2026-05-14,15,27,42935,42935,1
ghost_relocated_high_42936_42936_3582,1778772480,2026-05-14,15,28,42936,42936,1
ghost_relocated_high_42973_42973_3583,1778774700,2026-05-14,16,5,42973,42973,1
ghost_relocated_high_42974_42974_3584,1778774760,2026-05-14,16,6,42974,42974,1
ghost_relocated_high_42979_42979_3585,1778775060,2026-05-14,16,11,42979,42979,1
ghost_relocated_high_42980_42980_3586,1778775120,2026-05-14,16,12,42980,42980,1
ghost_relocated_low_43039_43038_3587,1778778660,2026-05-14,17,11,43039,43038,1
ghost_relocated_low_43042_43042_3588,1778778840,2026-05-14,17,14,43042,43042,1
ghost_relocated_low_43043_43043_3589,1778778900,2026-05-14,17,15,43043,43043,1
ghost_relocated_low_43044_43044_3590,1778778960,2026-05-14,17,16,43044,43044,1
ghost_relocated_low_43045_43045_3591,1778779020,2026-05-14,17,17,43045,43045,1
ghost_relocated_low_43046_43046_3592,1778779080,2026-05-14,17,18,43046,43046,1
ghost_relocated_low_43047_43047_3593,1778779140,2026-05-14,17,19,43047,43047,1
ghost_relocated_low_43053_43053_3594,1778779500,2026-05-14,17,25,43053,43053,1
ghost_relocated_low_43054_43054_3595,1778779560,2026-05-14,17,26,43054,43054,1
ghost_relocated_high_43104_43084_3596,1778782560,2026-05-14,18,16,43104,43084,1
ghost_relocated_low_43134_43092_3597,1778784360,2026-05-14,18,46,43134,43092,1
ghost_relocated_low_43248_43248_3598,1778791200,2026-05-14,20,40,43248,43248,1
ghost_relocated_low_43262_43248_3599,1778792040,2026-05-14,20,54,43262,43248,1
ghost_relocated_high_43298_43271_3600,1778797800,2026-05-14,22,30,43298,43271,1
ghost_relocated_high_43324_43324_3601,1778799360,2026-05-14,22,56,43324,43324,1
ghost_relocated_high_43356_43356_3602,1778801280,2026-05-14,23,28,43356,43356,1
ghost_relocated_high_43357_43357_3603,1778801340,2026-05-14,23,29,43357,43357,1
ghost_relocated_high_43358_43358_3604,1778801400,2026-05-14,23,30,43358,43358,1
ghost_relocated_high_43360_43360_3605,1778801520,2026-05-14,23,32,43360,43360,1
ghost_relocated_high_43361_43361_3606,1778801580,2026-05-14,23,33,43361,43361,1
ghost_relocated_high_43365_43365_3607,1778801820,2026-05-14,23,37,43365,43365,1
ghost_relocated_high_43366_43366_3608,1778801880,2026-05-14,23,38,43366,43366,1
ghost_relocated_low_43416_43389_3609,1778804880,2026-05-15,0,28,43416,43389,1
ghost_relocated_low_43429_43429_3610,1778805660,2026-05-15,0,41,43429,43429,1
ghost_relocated_low_43430_43430_3611,1778805720,2026-05-15,0,42,43430,43430,1
ghost_relocated_low_43431_43431_3612,1778805780,2026-05-15,0,43,43431,43431,1
ghost_relocated_low_43469_43469_3613,1778808060,2026-05-15,1,21,43469,43469,1
ghost_relocated_low_43470_43470_3614,1778808120,2026-05-15,1,22,43470,43470,1
ghost_relocated_low_43471_43471_3615,1778808180,2026-05-15,1,23,43471,43471,1
ghost_relocated_low_43473_43473_3616,1778808300,2026-05-15,1,25,43473,43473,1
ghost_relocated_low_43476_43476_3617,1778808480,2026-05-15,1,28,43476,43476,1
ghost_relocated_low_43477_43477_3618,1778808540,2026-05-15,1,29,43477,43477,1
ghost_relocated_low_43478_43478_3619,1778808600,2026-05-15,1,30,43478,43478,1
ghost_relocated_low_43479_43479_3620,1778808660,2026-05-15,1,31,43479,43479,1
ghost_relocated_low_43480_43480_3621,1778808720,2026-05-15,1,32,43480,43480,1
ghost_relocated_low_43495_43495_3622,1778809620,2026-05-15,1,47,43495,43495,1
ghost_relocated_low_43497_43497_3623,1778809740,2026-05-15,1,49,43497,43497,1
ghost_relocated_low_43499_43499_3624,1778809860,2026-05-15,1,51,43499,43499,1
ghost_relocated_low_43501_43501_3625,1778809980,2026-05-15,1,53,43501,43501,1
ghost_relocated_low_43508_43508_3626,1778810400,2026-05-15,2,0,43508,43508,1
ghost_relocated_low_43514_43514_3627,1778810760,2026-05-15,2,6,43514,43514,1
ghost_relocated_low_43515_43515_3628,1778810820,2026-05-15,2,7,43515,43515,1
ghost_relocated_low_43523_43523_3629,1778811300,2026-05-15,2,15,43523,43523,1
ghost_relocated_low_43525_43525_3630,1778811420,2026-05-15,2,17,43525,43525,1
ghost_relocated_high_43575_43559_3631,1778814420,2026-05-15,3,7,43575,43559,1
ghost_relocated_low_43609_43604_3632,1778816460,2026-05-15,3,41,43609,43604,1
ghost_relocated_low_43641_43641_3633,1778818380,2026-05-15,4,13,43641,43641,1
ghost_relocated_low_43649_43649_3634,1778818860,2026-05-15,4,21,43649,43649,1
ghost_relocated_low_43650_43650_3635,1778818920,2026-05-15,4,22,43650,43650,1
ghost_relocated_low_43658_43658_3636,1778819400,2026-05-15,4,30,43658,43658,1
ghost_relocated_low_43659_43659_3637,1778819460,2026-05-15,4,31,43659,43659,1
ghost_relocated_low_43660_43660_3638,1778819520,2026-05-15,4,32,43660,43660,1
ghost_relocated_low_43661_43661_3639,1778819580,2026-05-15,4,33,43661,43661,1
ghost_relocated_low_43662_43662_3640,1778819640,2026-05-15,4,34,43662,43662,1
ghost_relocated_low_43675_43675_3641,1778820420,2026-05-15,4,47,43675,43675,1
ghost_relocated_low_43676_43676_3642,1778820480,2026-05-15,4,48,43676,43676,1
ghost_relocated_low_43677_43677_3643,1778820540,2026-05-15,4,49,43677,43677,1
ghost_relocated_low_43679_43679_3644,1778820660,2026-05-15,4,51,43679,43679,1
ghost_relocated_low_43680_43680_3645,1778820720,2026-05-15,4,52,43680,43680,1
ghost_relocated_low_43682_43682_3646,1778820840,2026-05-15,4,54,43682,43682,1
ghost_relocated_low_43685_43685_3647,1778821020,2026-05-15,4,57,43685,43685,1
ghost_relocated_low_43687_43687_3648,1778821140,2026-05-15,4,59,43687,43687,1
ghost_relocated_low_43688_43688_3649,1778821200,2026-05-15,5,0,43688,43688,1
ghost_relocated_low_43691_43691_3650,1778821380,2026-05-15,5,3,43691,43691,1
ghost_relocated_low_43694_43694_3651,1778821560,2026-05-15,5,6,43694,43694,1
ghost_relocated_low_43695_43695_3652,1778821620,2026-05-15,5,7,43695,43695,1
ghost_relocated_low_43696_43696_3653,1778821680,2026-05-15,5,8,43696,43696,1
ghost_relocated_low_43697_43697_3654,1778821740,2026-05-15,5,9,43697,43697,1
ghost_relocated_low_43702_43702_3655,1778822040,2026-05-15,5,14,43702,43702,1
ghost_relocated_low_43719_43719_3656,1778823060,2026-05-15,5,31,43719,43719,1
ghost_relocated_low_43720_43720_3657,1778823120,2026-05-15,5,32,43720,43720,1
ghost_relocated_low_43722_43722_3658,1778823240,2026-05-15,5,34,43722,43722,1
ghost_relocated_low_43723_43723_3659,1778823300,2026-05-15,5,35,43723,43723,1
ghost_relocated_low_43724_43724_3660,1778823360,2026-05-15,5,36,43724,43724,1
ghost_relocated_low_43725_43725_3661,1778823420,2026-05-15,5,37,43725,43725,1
ghost_relocated_low_43726_43726_3662,1778823480,2026-05-15,5,38,43726,43726,1
ghost_relocated_low_43727_43727_3663,1778823540,2026-05-15,5,39,43727,43727,1
ghost_relocated_low_43728_43728_3664,1778823600,2026-05-15,5,40,43728,43728,1
ghost_relocated_low_43731_43731_3665,1778823780,2026-05-15,5,43,43731,43731,1
ghost_relocated_low_43733_43733_3666,1778823900,2026-05-15,5,45,43733,43733,1
ghost_relocated_low_43735_43735_3667,1778824020,2026-05-15,5,47,43735,43735,1
ghost_relocated_low_43736_43736_3668,1778824080,2026-05-15,5,48,43736,43736,1
ghost_relocated_low_43737_43737_3669,1778824140,2026-05-15,5,49,43737,43737,1
ghost_relocated_low_43738_43738_3670,1778824200,2026-05-15,5,50,43738,43738,1
ghost_relocated_low_43744_43744_3671,1778824560,2026-05-15,5,56,43744,43744,1
ghost_relocated_low_43745_43745_3672,1778824620,2026-05-15,5,57,43745,43745,1
ghost_relocated_low_43746_43746_3673,1778824680,2026-05-15,5,58,43746,43746,1
ghost_relocated_low_43747_43747_3674,1778824740,2026-05-15,5,59,43747,43747,1
ghost_relocated_low_43748_43748_3675,1778824800,2026-05-15,6,0,43748,43748,1
ghost_relocated_high_43798_43793_3676,1778827800,2026-05-15,6,50,43798,43793,1
ghost_relocated_high_43809_43809_3677,1778828460,2026-05-15,7,1,43809,43809,1
ghost_relocated_high_43813_43813_3678,1778828700,2026-05-15,7,5,43813,43813,1
ghost_relocated_high_43815_43815_3679,1778828820,2026-05-15,7,7,43815,43815,1
ghost_relocated_high_43818_43818_3680,1778829000,2026-05-15,7,10,43818,43818,1
ghost_relocated_high_43819_43819_3681,1778829060,2026-05-15,7,11,43819,43819,1
ghost_relocated_high_43820_43820_3682,1778829120,2026-05-15,7,12,43820,43820,1
ghost_relocated_high_43821_43821_3683,1778829180,2026-05-15,7,13,43821,43821,1
ghost_relocated_high_43822_43822_3684,1778829240,2026-05-15,7,14,43822,43822,1
ghost_relocated_high_43823_43823_3685,1778829300,2026-05-15,7,15,43823,43823,1
ghost_relocated_high_43828_43828_3686,1778829600,2026-05-15,7,20,43828,43828,1
ghost_relocated_high_43829_43829_3687,1778829660,2026-05-15,7,21,43829,43829,1
ghost_relocated_low_43879_43875_3688,1778832660,2026-05-15,8,11,43879,43875,1
ghost_relocated_low_43883_43883_3689,1778832900,2026-05-15,8,15,43883,43883,1
ghost_relocated_low_43884_43884_3690,1778832960,2026-05-15,8,16,43884,43884,1
ghost_relocated_low_43885_43885_3691,1778833020,2026-05-15,8,17,43885,43885,1
ghost_relocated_low_43894_43894_3692,1778833560,2026-05-15,8,26,43894,43894,1
ghost_relocated_low_43895_43895_3693,1778833620,2026-05-15,8,27,43895,43895,1
ghost_relocated_low_43896_43896_3694,1778833680,2026-05-15,8,28,43896,43896,1
ghost_relocated_low_43897_43897_3695,1778833740,2026-05-15,8,29,43897,43897,1
ghost_relocated_low_43898_43898_3696,1778833800,2026-05-15,8,30,43898,43898,1
ghost_relocated_high_43948_43913_3697,1778836800,2026-05-15,9,20,43948,43913,1
ghost_relocated_high_44011_44011_3698,1778840580,2026-05-15,10,23,44011,44011,1
ghost_relocated_high_44012_44012_3699,1778840640,2026-05-15,10,24,44012,44012,1
ghost_relocated_high_44013_44013_3700,1778840700,2026-05-15,10,25,44013,44013,1
ghost_relocated_high_44029_44013_3701,1778841660,2026-05-15,10,41,44029,44013,1
ghost_relocated_high_44034_44034_3702,1778841960,2026-05-15,10,46,44034,44034,1
ghost_relocated_high_44035_44035_3703,1778842020,2026-05-15,10,47,44035,44035,1
ghost_relocated_high_44036_44036_3704,1778842080,2026-05-15,10,48,44036,44036,1
ghost_relocated_high_44037_44037_3705,1778842140,2026-05-15,10,49,44037,44037,1
ghost_relocated_high_44039_44039_3706,1778842260,2026-05-15,10,51,44039,44039,1
ghost_relocated_low_44089_44089_3707,1778845260,2026-05-15,11,41,44089,44089,1
ghost_relocated_low_44092_44092_3708,1778845440,2026-05-15,11,44,44092,44092,1
ghost_relocated_low_44093_44093_3709,1778845500,2026-05-15,11,45,44093,44093,1
ghost_relocated_low_44103_44103_3710,1778846100,2026-05-15,11,55,44103,44103,1
ghost_relocated_low_44106_44106_3711,1778846280,2026-05-15,11,58,44106,44106,1
ghost_relocated_low_44107_44107_3712,1778846340,2026-05-15,11,59,44107,44107,1
ghost_relocated_low_44108_44108_3713,1778846400,2026-05-15,12,0,44108,44108,1
ghost_relocated_low_44109_44109_3714,1778846460,2026-05-15,12,1,44109,44109,1
ghost_relocated_low_44110_44110_3715,1778846520,2026-05-15,12,2,44110,44110,1
ghost_relocated_low_44111_44111_3716,1778846580,2026-05-15,12,3,44111,44111,1
ghost_relocated_low_44114_44114_3717,1778846760,2026-05-15,12,6,44114,44114,1
ghost_relocated_low_44115_44115_3718,1778846820,2026-05-15,12,7,44115,44115,1
ghost_relocated_low_44116_44116_3719,1778846880,2026-05-15,12,8,44116,44116,1
ghost_relocated_low_44120_44120_3720,1778847120,2026-05-15,12,12,44120,44120,1
ghost_relocated_low_44121_44121_3721,1778847180,2026-05-15,12,13,44121,44121,1
ghost_relocated_low_44122_44122_3722,1778847240,2026-05-15,12,14,44122,44122,1
ghost_relocated_low_44138_44138_3723,1778848200,2026-05-15,12,30,44138,44138,1
ghost_relocated_low_44144_44144_3724,1778848560,2026-05-15,12,36,44144,44144,1
ghost_relocated_low_44145_44145_3725,1778848620,2026-05-15,12,37,44145,44145,1
ghost_relocated_low_44156_44156_3726,1778849280,2026-05-15,12,48,44156,44156,1
ghost_relocated_high_44206_44198_3727,1778852280,2026-05-15,13,38,44206,44198,1
ghost_relocated_high_44241_44241_3728,1778854380,2026-05-15,14,13,44241,44241,1
ghost_relocated_high_44242_44242_3729,1778854440,2026-05-15,14,14,44242,44242,1
ghost_relocated_high_44243_44243_3730,1778854500,2026-05-15,14,15,44243,44243,1
ghost_relocated_high_44244_44244_3731,1778854560,2026-05-15,14,16,44244,44244,1
ghost_relocated_high_44245_44245_3732,1778854620,2026-05-15,14,17,44245,44245,1
ghost_relocated_high_44246_44246_3733,1778854680,2026-05-15,14,18,44246,44246,1
ghost_relocated_high_44247_44247_3734,1778854740,2026-05-15,14,19,44247,44247,1
ghost_relocated_high_44249_44249_3735,1778854860,2026-05-15,14,21,44249,44249,1
ghost_relocated_high_44251_44251_3736,1778854980,2026-05-15,14,23,44251,44251,1
ghost_relocated_high_44265_44251_3737,1778855820,2026-05-15,14,37,44265,44251,1
ghost_relocated_low_44301_44295_3738,1778857980,2026-05-15,15,13,44301,44295,1
ghost_relocated_low_44338_44338_3739,1778860200,2026-05-15,15,50,44338,44338,1
ghost_relocated_low_44341_44341_3740,1778860380,2026-05-15,15,53,44341,44341,1
ghost_relocated_low_44343_44343_3741,1778860500,2026-05-15,15,55,44343,44343,1
ghost_relocated_low_44374_44343_3742,1778862360,2026-05-15,16,26,44374,44343,1
ghost_relocated_high_44393_44393_3743,1778863500,2026-05-15,16,45,44393,44393,1
ghost_relocated_high_44394_44394_3744,1778863560,2026-05-15,16,46,44394,44394,1
ghost_relocated_high_44414_44414_3745,1778864760,2026-05-15,17,6,44414,44414,1
ghost_relocated_high_44418_44418_3746,1778865000,2026-05-15,17,10,44418,44418,1
ghost_relocated_high_44420_44420_3747,1778865120,2026-05-15,17,12,44420,44420,1
ghost_relocated_high_44422_44422_3748,1778865240,2026-05-15,17,14,44422,44422,1
ghost_relocated_high_44423_44423_3749,1778865300,2026-05-15,17,15,44423,44423,1
ghost_relocated_high_44427_44427_3750,1778865540,2026-05-15,17,19,44427,44427,1
ghost_relocated_high_44428_44428_3751,1778865600,2026-05-15,17,20,44428,44428,1
ghost_relocated_high_44429_44429_3752,1778865660,2026-05-15,17,21,44429,44429,1
ghost_relocated_high_44430_44430_3753,1778865720,2026-05-15,17,22,44430,44430,1
ghost_relocated_high_44431_44431_3754,1778865780,2026-05-15,17,23,44431,44431,1
ghost_relocated_high_44432_44432_3755,1778865840,2026-05-15,17,24,44432,44432,1
ghost_relocated_high_44433_44433_3756,1778865900,2026-05-15,17,25,44433,44433,1
ghost_relocated_high_44434_44434_3757,1778865960,2026-05-15,17,26,44434,44434,1
ghost_relocated_high_44439_44439_3758,1778866260,2026-05-15,17,31,44439,44439,1
ghost_relocated_high_44440_44440_3759,1778866320,2026-05-15,17,32,44440,44440,1
ghost_relocated_high_44441_44441_3760,1778866380,2026-05-15,17,33,44441,44441,1
ghost_relocated_high_44442_44442_3761,1778866440,2026-05-15,17,34,44442,44442,1
ghost_relocated_high_44443_44443_3762,1778866500,2026-05-15,17,35,44443,44443,1
ghost_relocated_high_44444_44444_3763,1778866560,2026-05-15,17,36,44444,44444,1
ghost_relocated_high_44465_44465_3764,1778867820,2026-05-15,17,57,44465,44465,1
ghost_relocated_high_44467_44467_3765,1778867940,2026-05-15,17,59,44467,44467,1
ghost_relocated_high_44468_44468_3766,1778868000,2026-05-15,18,0,44468,44468,1
ghost_relocated_high_44473_44473_3767,1778868300,2026-05-15,18,5,44473,44473,1
ghost_relocated_high_44474_44474_3768,1778868360,2026-05-15,18,6,44474,44474,1
ghost_relocated_high_44475_44475_3769,1778868420,2026-05-15,18,7,44475,44475,1
ghost_relocated_high_44476_44476_3770,1778868480,2026-05-15,18,8,44476,44476,1
ghost_relocated_low_44526_44500_3771,1778871480,2026-05-15,18,58,44526,44500,1
ghost_relocated_low_44539_44539_3772,1778872260,2026-05-15,19,11,44539,44539,1
ghost_relocated_low_44540_44540_3773,1778872320,2026-05-15,19,12,44540,44540,1
ghost_relocated_low_44545_44545_3774,1778872620,2026-05-15,19,17,44545,44545,1
ghost_relocated_low_44546_44546_3775,1778872680,2026-05-15,19,18,44546,44546,1
ghost_relocated_low_44556_44556_3776,1778873280,2026-05-15,19,28,44556,44556,1
ghost_relocated_low_44574_44574_3777,1778874360,2026-05-15,19,46,44574,44574,1
ghost_relocated_low_44578_44578_3778,1778874600,2026-05-15,19,50,44578,44578,1
ghost_relocated_low_44579_44579_3779,1778874660,2026-05-15,19,51,44579,44579,1
ghost_relocated_low_44580_44580_3780,1778874720,2026-05-15,19,52,44580,44580,1
ghost_relocated_low_44581_44581_3781,1778874780,2026-05-15,19,53,44581,44581,1
ghost_relocated_low_44582_44582_3782,1778874840,2026-05-15,19,54,44582,44582,1
ghost_relocated_low_44583_44583_3783,1778874900,2026-05-15,19,55,44583,44583,1
ghost_relocated_low_44588_44588_3784,1778875200,2026-05-15,20,0,44588,44588,1
ghost_relocated_low_44589_44589_3785,1778875260,2026-05-15,20,1,44589,44589,1
ghost_relocated_low_44590_44590_3786,1778875320,2026-05-15,20,2,44590,44590,1
ghost_relocated_low_44591_44591_3787,1778875380,2026-05-15,20,3,44591,44591,1
ghost_relocated_low_44594_44594_3788,1778875560,2026-05-15,20,6,44594,44594,1
ghost_relocated_low_44597_44597_3789,1778875740,2026-05-15,20,9,44597,44597,1
ghost_relocated_low_44598_44598_3790,1778875800,2026-05-15,20,10,44598,44598,1
ghost_relocated_low_44599_44599_3791,1778875860,2026-05-15,20,11,44599,44599,1
ghost_relocated_low_44648_44648_3792,1779055200,2026-05-17,22,0,44648,44648,1
ghost_relocated_high_44698_44655_3793,1779058200,2026-05-17,22,50,44698,44655,1
ghost_relocated_low_44705_44672_3794,1779058620,2026-05-17,22,57,44705,44672,1
ghost_relocated_low_44715_44715_3795,1779059220,2026-05-17,23,7,44715,44715,1
ghost_relocated_low_44716_44716_3796,1779059280,2026-05-17,23,8,44716,44716,1
ghost_relocated_low_44728_44728_3797,1779060000,2026-05-17,23,20,44728,44728,1
ghost_relocated_low_44730_44730_3798,1779060120,2026-05-17,23,22,44730,44730,1
ghost_relocated_low_44731_44731_3799,1779060180,2026-05-17,23,23,44731,44731,1
ghost_relocated_low_44733_44733_3800,1779060300,2026-05-17,23,25,44733,44733,1
ghost_relocated_low_44734_44734_3801,1779060360,2026-05-17,23,26,44734,44734,1
ghost_relocated_low_44735_44735_3802,1779060420,2026-05-17,23,27,44735,44735,1
ghost_relocated_low_44738_44738_3803,1779060600,2026-05-17,23,30,44738,44738,1
ghost_relocated_low_44747_44747_3804,1779061140,2026-05-17,23,39,44747,44747,1
ghost_relocated_low_44748_44748_3805,1779061200,2026-05-17,23,40,44748,44748,1
ghost_relocated_low_44749_44749_3806,1779061260,2026-05-17,23,41,44749,44749,1
ghost_relocated_low_44773_44773_3807,1779062700,2026-05-18,0,5,44773,44773,1
ghost_relocated_low_44774_44774_3808,1779062760,2026-05-18,0,6,44774,44774,1
ghost_relocated_low_44775_44775_3809,1779062820,2026-05-18,0,7,44775,44775,1
ghost_relocated_low_44778_44778_3810,1779063000,2026-05-18,0,10,44778,44778,1
ghost_relocated_high_44828_44828_3811,1779066000,2026-05-18,1,0,44828,44828,1
ghost_relocated_low_44878_44866_3812,1779069000,2026-05-18,1,50,44878,44866,1
ghost_relocated_high_44916_44916_3813,1779071280,2026-05-18,2,28,44916,44916,1
ghost_relocated_high_44917_44917_3814,1779071340,2026-05-18,2,29,44917,44917,1
ghost_relocated_low_44967_44940_3815,1779074340,2026-05-18,3,19,44967,44940,1
ghost_relocated_low_45074_45038_3816,1779080760,2026-05-18,5,6,45074,45038,1
ghost_relocated_high_45088_45078_3817,1779081600,2026-05-18,5,20,45088,45078,1
ghost_relocated_high_45183_45183_3818,1779087300,2026-05-18,6,55,45183,45183,1
ghost_relocated_high_45184_45184_3819,1779087360,2026-05-18,6,56,45184,45184,1
ghost_relocated_high_45187_45187_3820,1779087540,2026-05-18,6,59,45187,45187,1
ghost_relocated_high_45188_45188_3821,1779087600,2026-05-18,7,0,45188,45188,1
ghost_relocated_high_45189_45189_3822,1779087660,2026-05-18,7,1,45189,45189,1
ghost_relocated_high_45190_45190_3823,1779087720,2026-05-18,7,2,45190,45190,1
ghost_relocated_high_45209_45190_3824,1779088860,2026-05-18,7,21,45209,45190,1
ghost_relocated_high_45217_45217_3825,1779089340,2026-05-18,7,29,45217,45217,1
ghost_relocated_high_45218_45218_3826,1779089400,2026-05-18,7,30,45218,45218,1
ghost_relocated_high_45220_45220_3827,1779089520,2026-05-18,7,32,45220,45220,1
ghost_relocated_high_45253_45253_3828,1779091500,2026-05-18,8,5,45253,45253,1
ghost_relocated_high_45270_45270_3829,1779092520,2026-05-18,8,22,45270,45270,1
ghost_relocated_high_45271_45271_3830,1779092580,2026-05-18,8,23,45271,45271,1
ghost_relocated_high_45272_45272_3831,1779092640,2026-05-18,8,24,45272,45272,1
ghost_relocated_high_45273_45273_3832,1779092700,2026-05-18,8,25,45273,45273,1
ghost_relocated_high_45274_45274_3833,1779092760,2026-05-18,8,26,45274,45274,1
ghost_relocated_high_45275_45275_3834,1779092820,2026-05-18,8,27,45275,45275,1
ghost_relocated_high_45276_45276_3835,1779092880,2026-05-18,8,28,45276,45276,1
ghost_relocated_high_45278_45278_3836,1779093000,2026-05-18,8,30,45278,45278,1
ghost_relocated_high_45281_45281_3837,1779093180,2026-05-18,8,33,45281,45281,1
ghost_relocated_high_45301_45301_3838,1779094380,2026-05-18,8,53,45301,45301,1
ghost_relocated_high_45308_45308_3839,1779094800,2026-05-18,9,0,45308,45308,1
ghost_relocated_low_45358_45335_3840,1779097800,2026-05-18,9,50,45358,45335,1
ghost_relocated_low_45360_45360_3841,1779097920,2026-05-18,9,52,45360,45360,1
ghost_relocated_low_45361_45361_3842,1779097980,2026-05-18,9,53,45361,45361,1
ghost_relocated_low_45362_45362_3843,1779098040,2026-05-18,9,54,45362,45362,1
ghost_relocated_low_45370_45370_3844,1779098520,2026-05-18,10,2,45370,45370,1
ghost_relocated_low_45371_45371_3845,1779098580,2026-05-18,10,3,45371,45371,1
ghost_relocated_low_45372_45372_3846,1779098640,2026-05-18,10,4,45372,45372,1
ghost_relocated_low_45373_45373_3847,1779098700,2026-05-18,10,5,45373,45373,1
ghost_relocated_low_45376_45376_3848,1779098880,2026-05-18,10,8,45376,45376,1
ghost_relocated_low_45377_45377_3849,1779098940,2026-05-18,10,9,45377,45377,1
ghost_relocated_low_45400_45400_3850,1779100320,2026-05-18,10,32,45400,45400,1
ghost_relocated_low_45402_45402_3851,1779100440,2026-05-18,10,34,45402,45402,1
ghost_relocated_low_45403_45403_3852,1779100500,2026-05-18,10,35,45403,45403,1
ghost_relocated_low_45405_45405_3853,1779100620,2026-05-18,10,37,45405,45405,1
ghost_relocated_low_45406_45406_3854,1779100680,2026-05-18,10,38,45406,45406,1
ghost_relocated_low_45407_45407_3855,1779100740,2026-05-18,10,39,45407,45407,1
ghost_relocated_low_45437_45437_3856,1779102540,2026-05-18,11,9,45437,45437,1
ghost_relocated_low_45438_45438_3857,1779102600,2026-05-18,11,10,45438,45438,1
ghost_relocated_high_45488_45470_3858,1779105600,2026-05-18,12,0,45488,45470,1
ghost_relocated_low_45520_45486_3859,1779107520,2026-05-18,12,32,45520,45486,1
ghost_relocated_low_45593_45593_3860,1779111900,2026-05-18,13,45,45593,45593,1
ghost_relocated_low_45595_45595_3861,1779112020,2026-05-18,13,47,45595,45595,1
ghost_relocated_low_45597_45595_3862,1779112140,2026-05-18,13,49,45597,45595,1
ghost_relocated_low_45614_45614_3863,1779113160,2026-05-18,14,6,45614,45614,1
ghost_relocated_low_45638_45638_3864,1779114600,2026-05-18,14,30,45638,45638,1
ghost_relocated_low_45639_45639_3865,1779114660,2026-05-18,14,31,45639,45639,1
ghost_relocated_low_45640_45640_3866,1779114720,2026-05-18,14,32,45640,45640,1
ghost_relocated_low_45641_45641_3867,1779114780,2026-05-18,14,33,45641,45641,1
ghost_relocated_low_45642_45642_3868,1779114840,2026-05-18,14,34,45642,45642,1
ghost_relocated_low_45643_45643_3869,1779114900,2026-05-18,14,35,45643,45643,1
ghost_relocated_low_45644_45644_3870,1779114960,2026-05-18,14,36,45644,45644,1
ghost_relocated_high_45694_45669_3871,1779117960,2026-05-18,15,26,45694,45669,1
ghost_relocated_high_45748_45706_3872,1779121200,2026-05-18,16,20,45748,45706,1
ghost_relocated_high_45749_45749_3873,1779121260,2026-05-18,16,21,45749,45749,1
ghost_relocated_low_45799_45758_3874,1779124260,2026-05-18,17,11,45799,45758,1
ghost_relocated_high_45808_45784_3875,1779124800,2026-05-18,17,20,45808,45784,1
ghost_relocated_high_45909_45909_3876,1779130860,2026-05-18,19,1,45909,45909,1
ghost_relocated_high_45910_45910_3877,1779130920,2026-05-18,19,2,45910,45910,1
ghost_relocated_high_45948_45910_3878,1779133200,2026-05-18,19,40,45948,45910,1
ghost_relocated_high_45954_45954_3879,1779133560,2026-05-18,19,46,45954,45954,1
ghost_relocated_high_45956_45956_3880,1779133680,2026-05-18,19,48,45956,45956,1
ghost_relocated_high_45957_45957_3881,1779133740,2026-05-18,19,49,45957,45957,1
ghost_relocated_high_45960_45960_3882,1779133920,2026-05-18,19,52,45960,45960,1
ghost_relocated_high_45961_45961_3883,1779133980,2026-05-18,19,53,45961,45961,1
ghost_relocated_low_46011_45973_3884,1779136980,2026-05-18,20,43,46011,45973,1
ghost_relocated_low_46141_46141_3885,1779148380,2026-05-18,23,53,46141,46141,1
ghost_relocated_low_46142_46142_3886,1779148440,2026-05-18,23,54,46142,46142,1
ghost_relocated_low_46152_46152_3887,1779149040,2026-05-19,0,4,46152,46152,1
ghost_relocated_low_46154_46154_3888,1779149160,2026-05-19,0,6,46154,46154,1
ghost_relocated_low_46202_46202_3889,1779152040,2026-05-19,0,54,46202,46202,1
ghost_relocated_low_46208_46208_3890,1779152400,2026-05-19,1,0,46208,46208,1
ghost_relocated_low_46211_46211_3891,1779152580,2026-05-19,1,3,46211,46211,1
ghost_relocated_low_46219_46211_3892,1779153060,2026-05-19,1,11,46219,46211,1
ghost_relocated_low_46227_46227_3893,1779153540,2026-05-19,1,19,46227,46227,1
ghost_relocated_low_46228_46228_3894,1779153600,2026-05-19,1,20,46228,46228,1
ghost_relocated_low_46229_46229_3895,1779153660,2026-05-19,1,21,46229,46229,1
ghost_relocated_low_46230_46230_3896,1779153720,2026-05-19,1,22,46230,46230,1
ghost_relocated_low_46234_46234_3897,1779153960,2026-05-19,1,26,46234,46234,1
ghost_relocated_low_46271_46271_3898,1779156180,2026-05-19,2,3,46271,46271,1
ghost_relocated_low_46272_46272_3899,1779156240,2026-05-19,2,4,46272,46272,1
ghost_relocated_low_46277_46277_3900,1779156540,2026-05-19,2,9,46277,46277,1
ghost_relocated_low_46278_46278_3901,1779156600,2026-05-19,2,10,46278,46278,1
ghost_relocated_high_46328_46314_3902,1779159600,2026-05-19,3,0,46328,46314,1
ghost_relocated_high_46358_46358_3903,1779161400,2026-05-19,3,30,46358,46358,1
ghost_relocated_low_46408_46407_3904,1779164400,2026-05-19,4,20,46408,46407,1
ghost_relocated_low_46410_46410_3905,1779164520,2026-05-19,4,22,46410,46410,1
ghost_relocated_low_46411_46411_3906,1779164580,2026-05-19,4,23,46411,46411,1
ghost_relocated_low_46414_46414_3907,1779164760,2026-05-19,4,26,46414,46414,1
ghost_relocated_low_46415_46415_3908,1779164820,2026-05-19,4,27,46415,46415,1
ghost_relocated_high_46465_46448_3909,1779167820,2026-05-19,5,17,46465,46448,1
ghost_relocated_low_46498_46472_3910,1779169800,2026-05-19,5,50,46498,46472,1
ghost_relocated_high_46522_46522_3911,1779171240,2026-05-19,6,14,46522,46522,1
ghost_relocated_high_46523_46523_3912,1779171300,2026-05-19,6,15,46523,46523,1
ghost_relocated_high_46527_46527_3913,1779171540,2026-05-19,6,19,46527,46527,1
ghost_relocated_high_46528_46528_3914,1779171600,2026-05-19,6,20,46528,46528,1
ghost_relocated_high_46529_46529_3915,1779171660,2026-05-19,6,21,46529,46529,1
ghost_relocated_high_46531_46531_3916,1779171780,2026-05-19,6,23,46531,46531,1
ghost_relocated_high_46534_46534_3917,1779171960,2026-05-19,6,26,46534,46534,1
ghost_relocated_high_46535_46535_3918,1779172020,2026-05-19,6,27,46535,46535,1
ghost_relocated_high_46546_46546_3919,1779172680,2026-05-19,6,38,46546,46546,1
ghost_relocated_high_46547_46547_3920,1779172740,2026-05-19,6,39,46547,46547,1
ghost_relocated_high_46550_46550_3921,1779172920,2026-05-19,6,42,46550,46550,1
ghost_relocated_high_46551_46551_3922,1779172980,2026-05-19,6,43,46551,46551,1
ghost_relocated_high_46552_46552_3923,1779173040,2026-05-19,6,44,46552,46552,1
ghost_relocated_high_46567_46567_3924,1779173940,2026-05-19,6,59,46567,46567,1
ghost_relocated_high_46573_46573_3925,1779174300,2026-05-19,7,5,46573,46573,1
ghost_relocated_high_46574_46574_3926,1779174360,2026-05-19,7,6,46574,46574,1
ghost_relocated_high_46575_46575_3927,1779174420,2026-05-19,7,7,46575,46575,1
ghost_relocated_high_46576_46576_3928,1779174480,2026-05-19,7,8,46576,46576,1
ghost_relocated_high_46577_46577_3929,1779174540,2026-05-19,7,9,46577,46577,1
ghost_relocated_high_46578_46578_3930,1779174600,2026-05-19,7,10,46578,46578,1
ghost_relocated_high_46611_46611_3931,1779176580,2026-05-19,7,43,46611,46611,1
ghost_relocated_high_46612_46612_3932,1779176640,2026-05-19,7,44,46612,46612,1
ghost_relocated_high_46613_46613_3933,1779176700,2026-05-19,7,45,46613,46613,1
ghost_relocated_high_46614_46614_3934,1779176760,2026-05-19,7,46,46614,46614,1
ghost_relocated_high_46615_46615_3935,1779176820,2026-05-19,7,47,46615,46615,1
ghost_relocated_high_46616_46616_3936,1779176880,2026-05-19,7,48,46616,46616,1
ghost_relocated_low_46666_46654_3937,1779179880,2026-05-19,8,38,46666,46654,1
ghost_relocated_low_46701_46701_3938,1779181980,2026-05-19,9,13,46701,46701,1
ghost_relocated_low_46703_46703_3939,1779182100,2026-05-19,9,15,46703,46703,1
ghost_relocated_low_46704_46704_3940,1779182160,2026-05-19,9,16,46704,46704,1
ghost_relocated_low_46705_46705_3941,1779182220,2026-05-19,9,17,46705,46705,1
ghost_relocated_low_46713_46713_3942,1779182700,2026-05-19,9,25,46713,46713,1
ghost_relocated_low_46714_46714_3943,1779182760,2026-05-19,9,26,46714,46714,1
ghost_relocated_low_46717_46717_3944,1779182940,2026-05-19,9,29,46717,46717,1
ghost_relocated_low_46719_46719_3945,1779183060,2026-05-19,9,31,46719,46719,1
ghost_relocated_low_46720_46720_3946,1779183120,2026-05-19,9,32,46720,46720,1
ghost_relocated_low_46721_46721_3947,1779183180,2026-05-19,9,33,46721,46721,1
ghost_relocated_low_46729_46729_3948,1779183660,2026-05-19,9,41,46729,46729,1
ghost_relocated_low_46730_46730_3949,1779183720,2026-05-19,9,42,46730,46730,1
ghost_relocated_low_46732_46732_3950,1779183840,2026-05-19,9,44,46732,46732,1
ghost_relocated_high_46782_46782_3951,1779186840,2026-05-19,10,34,46782,46782,1
ghost_relocated_high_46808_46808_3952,1779188400,2026-05-19,11,0,46808,46808,1
ghost_relocated_high_46809_46809_3953,1779188460,2026-05-19,11,1,46809,46809,1
ghost_relocated_high_46810_46810_3954,1779188520,2026-05-19,11,2,46810,46810,1
ghost_relocated_high_46811_46811_3955,1779188580,2026-05-19,11,3,46811,46811,1
ghost_relocated_high_46844_46811_3956,1779190560,2026-05-19,11,36,46844,46811,1
ghost_relocated_low_46861_46858_3957,1779191580,2026-05-19,11,53,46861,46858,1
ghost_relocated_low_46863_46863_3958,1779191700,2026-05-19,11,55,46863,46863,1
ghost_relocated_low_46867_46867_3959,1779191940,2026-05-19,11,59,46867,46867,1
ghost_relocated_low_46868_46868_3960,1779192000,2026-05-19,12,0,46868,46868,1
ghost_relocated_low_46869_46869_3961,1779192060,2026-05-19,12,1,46869,46869,1
ghost_relocated_high_46919_46905_3962,1779195060,2026-05-19,12,51,46919,46905,1
ghost_relocated_high_46958_46958_3963,1779197400,2026-05-19,13,30,46958,46958,1
ghost_relocated_high_46959_46959_3964,1779197460,2026-05-19,13,31,46959,46959,1
ghost_relocated_high_46960_46960_3965,1779197520,2026-05-19,13,32,46960,46960,1
ghost_relocated_high_46961_46961_3966,1779197580,2026-05-19,13,33,46961,46961,1
ghost_relocated_high_46964_46964_3967,1779197760,2026-05-19,13,36,46964,46964,1
ghost_relocated_high_46965_46965_3968,1779197820,2026-05-19,13,37,46965,46965,1
ghost_relocated_low_47015_47010_3969,1779200820,2026-05-19,14,27,47015,47010,1
ghost_relocated_high_47060_47059_3970,1779203520,2026-05-19,15,12,47060,47059,1
ghost_relocated_high_47063_47063_3971,1779203700,2026-05-19,15,15,47063,47063,1
ghost_relocated_high_47064_47064_3972,1779203760,2026-05-19,15,16,47064,47064,1
ghost_relocated_high_47090_47090_3973,1779205320,2026-05-19,15,42,47090,47090,1
ghost_relocated_high_47111_47111_3974,1779206580,2026-05-19,16,3,47111,47111,1
ghost_relocated_high_47133_47133_3975,1779207900,2026-05-19,16,25,47133,47133,1
ghost_relocated_high_47134_47134_3976,1779207960,2026-05-19,16,26,47134,47134,1
ghost_relocated_high_47136_47136_3977,1779208080,2026-05-19,16,28,47136,47136,1
ghost_relocated_high_47138_47138_3978,1779208200,2026-05-19,16,30,47138,47138,1
ghost_relocated_high_47139_47139_3979,1779208260,2026-05-19,16,31,47139,47139,1
ghost_relocated_high_47140_47140_3980,1779208320,2026-05-19,16,32,47140,47140,1
ghost_relocated_high_47142_47142_3981,1779208440,2026-05-19,16,34,47142,47142,1
ghost_relocated_high_47143_47143_3982,1779208500,2026-05-19,16,35,47143,47143,1
ghost_relocated_high_47146_47146_3983,1779208680,2026-05-19,16,38,47146,47146,1
ghost_relocated_high_47147_47147_3984,1779208740,2026-05-19,16,39,47147,47147,1
ghost_relocated_high_47148_47148_3985,1779208800,2026-05-19,16,40,47148,47148,1
ghost_relocated_high_47149_47149_3986,1779208860,2026-05-19,16,41,47149,47149,1
ghost_relocated_high_47150_47150_3987,1779208920,2026-05-19,16,42,47150,47150,1
ghost_relocated_high_47152_47152_3988,1779209040,2026-05-19,16,44,47152,47152,1
ghost_relocated_high_47153_47153_3989,1779209100,2026-05-19,16,45,47153,47153,1
ghost_relocated_high_47159_47159_3990,1779209460,2026-05-19,16,51,47159,47159,1
ghost_relocated_high_47160_47160_3991,1779209520,2026-05-19,16,52,47160,47160,1
ghost_relocated_high_47161_47161_3992,1779209580,2026-05-19,16,53,47161,47161,1
ghost_relocated_high_47162_47162_3993,1779209640,2026-05-19,16,54,47162,47162,1
ghost_relocated_high_47163_47163_3994,1779209700,2026-05-19,16,55,47163,47163,1
ghost_relocated_high_47165_47165_3995,1779209820,2026-05-19,16,57,47165,47165,1
ghost_relocated_high_47170_47170_3996,1779210120,2026-05-19,17,2,47170,47170,1
ghost_relocated_high_47171_47171_3997,1779210180,2026-05-19,17,3,47171,47171,1
ghost_relocated_high_47172_47172_3998,1779210240,2026-05-19,17,4,47172,47172,1
ghost_relocated_high_47173_47173_3999,1779210300,2026-05-19,17,5,47173,47173,1
ghost_relocated_high_47174_47174_4000,1779210360,2026-05-19,17,6,47174,47174,1
ghost_relocated_high_47177_47177_4001,1779210540,2026-05-19,17,9,47177,47177,1
ghost_relocated_high_47178_47178_4002,1779210600,2026-05-19,17,10,47178,47178,1
ghost_relocated_high_47181_47181_4003,1779210780,2026-05-19,17,13,47181,47181,1
ghost_relocated_high_47183_47183_4004,1779210900,2026-05-19,17,15,47183,47183,1
ghost_relocated_high_47184_47184_4005,1779210960,2026-05-19,17,16,47184,47184,1
ghost_relocated_high_47185_47185_4006,1779211020,2026-05-19,17,17,47185,47185,1
ghost_relocated_high_47189_47189_4007,1779211260,2026-05-19,17,21,47189,47189,1
ghost_relocated_high_47190_47190_4008,1779211320,2026-05-19,17,22,47190,47190,1
ghost_relocated_high_47191_47191_4009,1779211380,2026-05-19,17,23,47191,47191,1
ghost_relocated_low_47241_47222_4010,1779214380,2026-05-19,18,13,47241,47222,1
ghost_relocated_low_47250_47250_4011,1779214920,2026-05-19,18,22,47250,47250,1
ghost_relocated_low_47268_47268_4012,1779216000,2026-05-19,18,40,47268,47268,1
ghost_relocated_low_47270_47270_4013,1779216120,2026-05-19,18,42,47270,47270,1
ghost_relocated_low_47271_47271_4014,1779216180,2026-05-19,18,43,47271,47271,1
ghost_relocated_low_47274_47274_4015,1779216360,2026-05-19,18,46,47274,47274,1
ghost_relocated_low_47276_47276_4016,1779216480,2026-05-19,18,48,47276,47276,1
ghost_relocated_low_47281_47281_4017,1779216780,2026-05-19,18,53,47281,47281,1
ghost_relocated_low_47282_47282_4018,1779216840,2026-05-19,18,54,47282,47282,1
ghost_relocated_low_47283_47283_4019,1779216900,2026-05-19,18,55,47283,47283,1
ghost_relocated_low_47312_47312_4020,1779218640,2026-05-19,19,24,47312,47312,1
ghost_relocated_low_47313_47313_4021,1779218700,2026-05-19,19,25,47313,47313,1
ghost_relocated_low_47333_47333_4022,1779219900,2026-05-19,19,45,47333,47333,1
ghost_relocated_low_47338_47338_4023,1779220200,2026-05-19,19,50,47338,47338,1
ghost_relocated_low_47342_47342_4024,1779220440,2026-05-19,19,54,47342,47342,1
ghost_relocated_low_47343_47343_4025,1779220500,2026-05-19,19,55,47343,47343,1
ghost_relocated_high_47393_47359_4026,1779223500,2026-05-19,20,45,47393,47359,1
ghost_relocated_high_47416_47416_4027,1779228480,2026-05-19,22,8,47416,47416,1
ghost_relocated_high_47417_47417_4028,1779228540,2026-05-19,22,9,47417,47417,1
ghost_relocated_high_47418_47418_4029,1779228600,2026-05-19,22,10,47418,47418,1
ghost_relocated_low_47468_47436_4030,1779231600,2026-05-19,23,0,47468,47436,1
ghost_relocated_high_47486_47486_4031,1779232680,2026-05-19,23,18,47486,47486,1
ghost_relocated_high_47487_47487_4032,1779232740,2026-05-19,23,19,47487,47487,1
ghost_relocated_high_47488_47488_4033,1779232800,2026-05-19,23,20,47488,47488,1
ghost_relocated_high_47490_47490_4034,1779232920,2026-05-19,23,22,47490,47490,1
ghost_relocated_high_47498_47498_4035,1779233400,2026-05-19,23,30,47498,47498,1
ghost_relocated_high_47499_47499_4036,1779233460,2026-05-19,23,31,47499,47499,1
ghost_relocated_high_47500_47500_4037,1779233520,2026-05-19,23,32,47500,47500,1
ghost_relocated_high_47501_47501_4038,1779233580,2026-05-19,23,33,47501,47501,1
ghost_relocated_high_47502_47502_4039,1779233640,2026-05-19,23,34,47502,47502,1
ghost_relocated_low_47552_47545_4040,1779236640,2026-05-20,0,24,47552,47545,1
ghost_relocated_high_47595_47582_4041,1779239220,2026-05-20,1,7,47595,47582,1
ghost_relocated_high_47598_47598_4042,1779239400,2026-05-20,1,10,47598,47598,1
ghost_relocated_high_47608_47608_4043,1779240000,2026-05-20,1,20,47608,47608,1
ghost_relocated_high_47638_47638_4044,1779241800,2026-05-20,1,50,47638,47638,1
ghost_relocated_high_47664_47664_4045,1779243360,2026-05-20,2,16,47664,47664,1
ghost_relocated_high_47671_47671_4046,1779243780,2026-05-20,2,23,47671,47671,1
ghost_relocated_high_47672_47672_4047,1779243840,2026-05-20,2,24,47672,47672,1
ghost_relocated_high_47674_47672_4048,1779243960,2026-05-20,2,26,47674,47672,1
ghost_relocated_low_47722_47722_4049,1779246840,2026-05-20,3,14,47722,47722,1
ghost_relocated_high_47772_47770_4050,1779249840,2026-05-20,4,4,47772,47770,1
ghost_relocated_high_47782_47782_4051,1779250440,2026-05-20,4,14,47782,47782,1
ghost_relocated_high_47784_47784_4052,1779250560,2026-05-20,4,16,47784,47784,1
ghost_relocated_low_47834_47823_4053,1779253560,2026-05-20,5,6,47834,47823,1
ghost_relocated_high_47873_47868_4054,1779255900,2026-05-20,5,45,47873,47868,1
ghost_relocated_high_47903_47903_4055,1779257700,2026-05-20,6,15,47903,47903,1
ghost_relocated_high_47904_47904_4056,1779257760,2026-05-20,6,16,47904,47904,1
ghost_relocated_high_47905_47905_4057,1779257820,2026-05-20,6,17,47905,47905,1
ghost_relocated_high_47906_47906_4058,1779257880,2026-05-20,6,18,47906,47906,1
ghost_relocated_high_47907_47907_4059,1779257940,2026-05-20,6,19,47907,47907,1
ghost_relocated_high_47908_47908_4060,1779258000,2026-05-20,6,20,47908,47908,1
ghost_relocated_high_47911_47911_4061,1779258180,2026-05-20,6,23,47911,47911,1
ghost_relocated_high_47912_47912_4062,1779258240,2026-05-20,6,24,47912,47912,1
ghost_relocated_high_47939_47939_4063,1779259860,2026-05-20,6,51,47939,47939,1
ghost_relocated_high_47940_47940_4064,1779259920,2026-05-20,6,52,47940,47940,1
ghost_relocated_high_47942_47942_4065,1779260040,2026-05-20,6,54,47942,47942,1
ghost_relocated_high_47947_47947_4066,1779260340,2026-05-20,6,59,47947,47947,1
ghost_relocated_high_47948_47948_4067,1779260400,2026-05-20,7,0,47948,47948,1
ghost_relocated_high_47959_47959_4068,1779261060,2026-05-20,7,11,47959,47959,1
ghost_relocated_high_47960_47960_4069,1779261120,2026-05-20,7,12,47960,47960,1
ghost_relocated_high_47968_47968_4070,1779261600,2026-05-20,7,20,47968,47968,1
ghost_relocated_high_47969_47969_4071,1779261660,2026-05-20,7,21,47969,47969,1
ghost_relocated_high_47971_47971_4072,1779261780,2026-05-20,7,23,47971,47971,1
ghost_relocated_high_47972_47972_4073,1779261840,2026-05-20,7,24,47972,47972,1
ghost_relocated_high_47973_47973_4074,1779261900,2026-05-20,7,25,47973,47973,1
ghost_relocated_high_48011_48011_4075,1779264180,2026-05-20,8,3,48011,48011,1
ghost_relocated_high_48012_48012_4076,1779264240,2026-05-20,8,4,48012,48012,1
ghost_relocated_high_48013_48013_4077,1779264300,2026-05-20,8,5,48013,48013,1
ghost_relocated_high_48014_48014_4078,1779264360,2026-05-20,8,6,48014,48014,1
ghost_relocated_high_48026_48026_4079,1779265080,2026-05-20,8,18,48026,48026,1
ghost_relocated_high_48027_48027_4080,1779265140,2026-05-20,8,19,48027,48027,1
ghost_relocated_high_48033_48033_4081,1779265500,2026-05-20,8,25,48033,48033,1
ghost_relocated_high_48034_48034_4082,1779265560,2026-05-20,8,26,48034,48034,1
ghost_relocated_high_48035_48035_4083,1779265620,2026-05-20,8,27,48035,48035,1
ghost_relocated_high_48038_48038_4084,1779265800,2026-05-20,8,30,48038,48038,1
ghost_relocated_high_48046_48046_4085,1779266280,2026-05-20,8,38,48046,48046,1
ghost_relocated_high_48051_48046_4086,1779266580,2026-05-20,8,43,48051,48046,1
ghost_relocated_high_48053_48053_4087,1779266700,2026-05-20,8,45,48053,48053,1
ghost_relocated_high_48054_48054_4088,1779266760,2026-05-20,8,46,48054,48054,1
ghost_relocated_low_48104_48084_4089,1779269760,2026-05-20,9,36,48104,48084,1
ghost_relocated_high_48135_48130_4090,1779271620,2026-05-20,10,7,48135,48130,1
ghost_relocated_high_48164_48164_4091,1779273360,2026-05-20,10,36,48164,48164,1
ghost_relocated_low_48214_48202_4092,1779276360,2026-05-20,11,26,48214,48202,1
ghost_relocated_low_48230_48230_4093,1779277320,2026-05-20,11,42,48230,48230,1
ghost_relocated_low_48231_48231_4094,1779277380,2026-05-20,11,43,48231,48231,1
ghost_relocated_low_48236_48236_4095,1779277680,2026-05-20,11,48,48236,48236,1
ghost_relocated_low_48237_48237_4096,1779277740,2026-05-20,11,49,48237,48237,1
ghost_relocated_high_48287_48282_4097,1779280740,2026-05-20,12,39,48287,48282,1
ghost_relocated_low_48332_48326_4098,1779283440,2026-05-20,13,24,48332,48326,1
ghost_relocated_low_48335_48335_4099,1779283620,2026-05-20,13,27,48335,48335,1
ghost_relocated_low_48336_48336_4100,1779283680,2026-05-20,13,28,48336,48336,1
ghost_relocated_low_48337_48337_4101,1779283740,2026-05-20,13,29,48337,48337,1
ghost_relocated_low_48344_48344_4102,1779284160,2026-05-20,13,36,48344,48344,1
ghost_relocated_low_48345_48345_4103,1779284220,2026-05-20,13,37,48345,48345,1
ghost_relocated_low_48347_48347_4104,1779284340,2026-05-20,13,39,48347,48347,1
ghost_relocated_low_48380_48380_4105,1779286320,2026-05-20,14,12,48380,48380,1
ghost_relocated_low_48381_48381_4106,1779286380,2026-05-20,14,13,48381,48381,1
ghost_relocated_high_48431_48430_4107,1779289380,2026-05-20,15,3,48431,48430,1
ghost_relocated_high_48443_48443_4108,1779290100,2026-05-20,15,15,48443,48443,1
ghost_relocated_high_48444_48444_4109,1779290160,2026-05-20,15,16,48444,48444,1
ghost_relocated_low_48494_48446_4110,1779293160,2026-05-20,16,6,48494,48446,1
ghost_relocated_low_48503_48503_4111,1779293700,2026-05-20,16,15,48503,48503,1
ghost_relocated_low_48504_48504_4112,1779293760,2026-05-20,16,16,48504,48504,1
ghost_relocated_low_48506_48506_4113,1779293880,2026-05-20,16,18,48506,48506,1
ghost_relocated_low_48507_48507_4114,1779293940,2026-05-20,16,19,48507,48507,1
ghost_relocated_low_48508_48508_4115,1779294000,2026-05-20,16,20,48508,48508,1
ghost_relocated_low_48509_48509_4116,1779294060,2026-05-20,16,21,48509,48509,1
ghost_relocated_low_48513_48513_4117,1779294300,2026-05-20,16,25,48513,48513,1
ghost_relocated_high_48563_48561_4118,1779297300,2026-05-20,17,15,48563,48561,1
ghost_relocated_high_48577_48577_4119,1779298140,2026-05-20,17,29,48577,48577,1
ghost_relocated_high_48578_48578_4120,1779298200,2026-05-20,17,30,48578,48578,1
ghost_relocated_high_48584_48584_4121,1779298560,2026-05-20,17,36,48584,48584,1
ghost_relocated_high_48645_48645_4122,1779302220,2026-05-20,18,37,48645,48645,1
ghost_relocated_high_48646_48646_4123,1779302280,2026-05-20,18,38,48646,48646,1
ghost_relocated_high_48647_48647_4124,1779302340,2026-05-20,18,39,48647,48647,1
ghost_relocated_high_48683_48683_4125,1779304500,2026-05-20,19,15,48683,48683,1
ghost_relocated_high_48706_48706_4126,1779305880,2026-05-20,19,38,48706,48706,1
ghost_relocated_high_48707_48707_4127,1779305940,2026-05-20,19,39,48707,48707,1
ghost_relocated_high_48721_48721_4128,1779306780,2026-05-20,19,53,48721,48721,1
ghost_relocated_high_48726_48726_4129,1779307080,2026-05-20,19,58,48726,48726,1
ghost_relocated_high_48727_48727_4130,1779307140,2026-05-20,19,59,48727,48727,1
ghost_relocated_high_48728_48728_4131,1779307200,2026-05-20,20,0,48728,48728,1
ghost_relocated_low_48778_48749_4132,1779310200,2026-05-20,20,50,48778,48749,1
ghost_relocated_low_48788_48788_4133,1779314400,2026-05-20,22,0,48788,48788,1
ghost_relocated_low_48789_48789_4134,1779314460,2026-05-20,22,1,48789,48789,1
ghost_relocated_low_48790_48790_4135,1779314520,2026-05-20,22,2,48790,48790,1
ghost_relocated_low_48792_48792_4136,1779314640,2026-05-20,22,4,48792,48792,1
ghost_relocated_low_48793_48793_4137,1779314700,2026-05-20,22,5,48793,48793,1
ghost_relocated_low_48795_48795_4138,1779314820,2026-05-20,22,7,48795,48795,1
ghost_relocated_low_48796_48796_4139,1779314880,2026-05-20,22,8,48796,48796,1
ghost_relocated_low_48797_48797_4140,1779314940,2026-05-20,22,9,48797,48797,1
ghost_relocated_low_48798_48798_4141,1779315000,2026-05-20,22,10,48798,48798,1
ghost_relocated_high_48848_48848_4142,1779318000,2026-05-20,23,0,48848,48848,1
ghost_relocated_high_48850_48850_4143,1779318120,2026-05-20,23,2,48850,48850,1
ghost_relocated_high_48851_48851_4144,1779318180,2026-05-20,23,3,48851,48851,1
ghost_relocated_high_48860_48860_4145,1779318720,2026-05-20,23,12,48860,48860,1
ghost_relocated_low_48910_48875_4146,1779321720,2026-05-21,0,2,48910,48875,1
ghost_relocated_low_49096_49074_4147,1779332880,2026-05-21,3,8,49096,49074,1
ghost_relocated_low_49256_49256_4148,1779342480,2026-05-21,5,48,49256,49256,1
ghost_relocated_low_49257_49257_4149,1779342540,2026-05-21,5,49,49257,49257,1
ghost_relocated_low_49265_49257_4150,1779343020,2026-05-21,5,57,49265,49257,1
ghost_relocated_high_49307_49274_4151,1779345540,2026-05-21,6,39,49307,49274,1
ghost_relocated_high_49391_49391_4152,1779350580,2026-05-21,8,3,49391,49391,1
ghost_relocated_high_49392_49392_4153,1779350640,2026-05-21,8,4,49392,49392,1
ghost_relocated_high_49393_49393_4154,1779350700,2026-05-21,8,5,49393,49393,1
ghost_relocated_high_49394_49394_4155,1779350760,2026-05-21,8,6,49394,49394,1
ghost_relocated_high_49395_49395_4156,1779350820,2026-05-21,8,7,49395,49395,1
ghost_relocated_high_49399_49399_4157,1779351060,2026-05-21,8,11,49399,49399,1
ghost_relocated_high_49400_49400_4158,1779351120,2026-05-21,8,12,49400,49400,1
ghost_relocated_high_49402_49402_4159,1779351240,2026-05-21,8,14,49402,49402,1
ghost_relocated_high_49403_49403_4160,1779351300,2026-05-21,8,15,49403,49403,1
ghost_relocated_high_49404_49404_4161,1779351360,2026-05-21,8,16,49404,49404,1
ghost_relocated_low_49454_49440_4162,1779354360,2026-05-21,9,6,49454,49440,1
ghost_relocated_low_49527_49515_4163,1779358740,2026-05-21,10,19,49527,49515,1
ghost_relocated_low_49533_49533_4164,1779359100,2026-05-21,10,25,49533,49533,1
ghost_relocated_low_49534_49534_4165,1779359160,2026-05-21,10,26,49534,49534,1
ghost_relocated_low_49535_49535_4166,1779359220,2026-05-21,10,27,49535,49535,1
ghost_relocated_low_49538_49538_4167,1779359400,2026-05-21,10,30,49538,49538,1
ghost_relocated_low_49547_49547_4168,1779359940,2026-05-21,10,39,49547,49547,1
ghost_relocated_low_49548_49548_4169,1779360000,2026-05-21,10,40,49548,49548,1
ghost_relocated_low_49558_49558_4170,1779360600,2026-05-21,10,50,49558,49558,1
ghost_relocated_low_49560_49560_4171,1779360720,2026-05-21,10,52,49560,49560,1
ghost_relocated_high_49610_49589_4172,1779363720,2026-05-21,11,42,49610,49589,1
ghost_relocated_low_49711_49687_4173,1779369780,2026-05-21,13,23,49711,49687,1
ghost_relocated_low_49712_49712_4174,1779369840,2026-05-21,13,24,49712,49712,1
ghost_relocated_low_49716_49716_4175,1779370080,2026-05-21,13,28,49716,49716,1
ghost_relocated_low_49719_49719_4176,1779370260,2026-05-21,13,31,49719,49719,1
ghost_relocated_low_49768_49768_4177,1779373200,2026-05-21,14,20,49768,49768,1
ghost_relocated_low_49769_49769_4178,1779373260,2026-05-21,14,21,49769,49769,1
ghost_relocated_low_49800_49769_4179,1779375120,2026-05-21,14,52,49800,49769,1
ghost_relocated_high_49819_49786_4180,1779376260,2026-05-21,15,11,49819,49786,1
ghost_relocated_high_49831_49831_4181,1779376980,2026-05-21,15,23,49831,49831,1
ghost_relocated_high_49849_49849_4182,1779378060,2026-05-21,15,41,49849,49849,1
ghost_relocated_high_49851_49851_4183,1779378180,2026-05-21,15,43,49851,49851,1
ghost_relocated_high_49854_49854_4184,1779378360,2026-05-21,15,46,49854,49854,1
ghost_relocated_high_49855_49855_4185,1779378420,2026-05-21,15,47,49855,49855,1
ghost_relocated_high_49856_49856_4186,1779378480,2026-05-21,15,48,49856,49856,1
ghost_relocated_high_49858_49858_4187,1779378600,2026-05-21,15,50,49858,49858,1
ghost_relocated_high_49877_49877_4188,1779379740,2026-05-21,16,9,49877,49877,1
ghost_relocated_low_49927_49918_4189,1779382740,2026-05-21,16,59,49927,49918,1
ghost_relocated_high_49968_49968_4190,1779385200,2026-05-21,17,40,49968,49968,1
ghost_relocated_high_49969_49969_4191,1779385260,2026-05-21,17,41,49969,49969,1
ghost_relocated_high_49973_49973_4192,1779385500,2026-05-21,17,45,49973,49973,1
ghost_relocated_high_49977_49977_4193,1779385740,2026-05-21,17,49,49977,49977,1
ghost_relocated_high_49979_49979_4194,1779385860,2026-05-21,17,51,49979,49979,1
ghost_relocated_high_49980_49980_4195,1779385920,2026-05-21,17,52,49980,49980,1
ghost_relocated_high_49981_49981_4196,1779385980,2026-05-21,17,53,49981,49981,1
ghost_relocated_high_49982_49982_4197,1779386040,2026-05-21,17,54,49982,49982,1
ghost_relocated_high_49983_49983_4198,1779386100,2026-05-21,17,55,49983,49983,1
ghost_relocated_low_50033_50004_4199,1779389100,2026-05-21,18,45,50033,50004,1
ghost_relocated_low_50034_50034_4200,1779389160,2026-05-21,18,46,50034,50034,1
ghost_relocated_low_50036_50036_4201,1779389280,2026-05-21,18,48,50036,50036,1
ghost_relocated_low_50040_50040_4202,1779389520,2026-05-21,18,52,50040,50040,1
ghost_relocated_low_50042_50042_4203,1779389640,2026-05-21,18,54,50042,50042,1
ghost_relocated_low_50043_50043_4204,1779389700,2026-05-21,18,55,50043,50043,1
ghost_relocated_low_50044_50044_4205,1779389760,2026-05-21,18,56,50044,50044,1
ghost_relocated_high_50094_50088_4206,1779392760,2026-05-21,19,46,50094,50088,1
ghost_relocated_high_50098_50098_4207,1779393000,2026-05-21,19,50,50098,50098,1
ghost_relocated_high_50105_50105_4208,1779393420,2026-05-21,19,57,50105,50105,1
ghost_relocated_high_50109_50109_4209,1779393660,2026-05-21,20,1,50109,50109,1
ghost_relocated_high_50111_50111_4210,1779393780,2026-05-21,20,3,50111,50111,1
ghost_relocated_high_50115_50115_4211,1779394020,2026-05-21,20,7,50115,50115,1
ghost_relocated_low_50165_50130_4212,1779397020,2026-05-21,20,57,50165,50130,1
ghost_relocated_high_50338_50320_4213,1779411000,2026-05-22,0,50,50338,50320,1
ghost_relocated_low_50370_50350_4214,1779412920,2026-05-22,1,22,50370,50350,1
ghost_relocated_low_50380_50380_4215,1779413520,2026-05-22,1,32,50380,50380,1
ghost_relocated_low_50381_50381_4216,1779413580,2026-05-22,1,33,50381,50381,1
ghost_relocated_low_50383_50383_4217,1779413700,2026-05-22,1,35,50383,50383,1
ghost_relocated_low_50384_50384_4218,1779413760,2026-05-22,1,36,50384,50384,1
ghost_relocated_low_50385_50385_4219,1779413820,2026-05-22,1,37,50385,50385,1
ghost_relocated_low_50388_50388_4220,1779414000,2026-05-22,1,40,50388,50388,1
ghost_relocated_low_50389_50389_4221,1779414060,2026-05-22,1,41,50389,50389,1
ghost_relocated_high_50439_50398_4222,1779417060,2026-05-22,2,31,50439,50398,1
ghost_relocated_high_50459_50459_4223,1779418260,2026-05-22,2,51,50459,50459,1
ghost_relocated_high_50501_50501_4224,1779420780,2026-05-22,3,33,50501,50501,1
ghost_relocated_high_50503_50503_4225,1779420900,2026-05-22,3,35,50503,50503,1
ghost_relocated_high_50511_50511_4226,1779421380,2026-05-22,3,43,50511,50511,1
ghost_relocated_high_50513_50513_4227,1779421500,2026-05-22,3,45,50513,50513,1
ghost_relocated_high_50515_50515_4228,1779421620,2026-05-22,3,47,50515,50515,1
ghost_relocated_high_50518_50518_4229,1779421800,2026-05-22,3,50,50518,50518,1
ghost_relocated_high_50522_50522_4230,1779422040,2026-05-22,3,54,50522,50522,1
ghost_relocated_high_50526_50526_4231,1779422280,2026-05-22,3,58,50526,50526,1
ghost_relocated_high_50527_50527_4232,1779422340,2026-05-22,3,59,50527,50527,1
ghost_relocated_high_50528_50528_4233,1779422400,2026-05-22,4,0,50528,50528,1
ghost_relocated_high_50530_50530_4234,1779422520,2026-05-22,4,2,50530,50530,1
ghost_relocated_high_50532_50532_4235,1779422640,2026-05-22,4,4,50532,50532,1
ghost_relocated_high_50533_50533_4236,1779422700,2026-05-22,4,5,50533,50533,1
ghost_relocated_high_50534_50534_4237,1779422760,2026-05-22,4,6,50534,50534,1
ghost_relocated_high_50535_50535_4238,1779422820,2026-05-22,4,7,50535,50535,1
ghost_relocated_high_50581_50581_4239,1779425580,2026-05-22,4,53,50581,50581,1
ghost_relocated_high_50588_50588_4240,1779426000,2026-05-22,5,0,50588,50588,1
ghost_relocated_high_50594_50594_4241,1779426360,2026-05-22,5,6,50594,50594,1
ghost_relocated_high_50598_50598_4242,1779426600,2026-05-22,5,10,50598,50598,1
ghost_relocated_low_50648_50646_4243,1779429600,2026-05-22,6,0,50648,50646,1
ghost_relocated_low_50649_50649_4244,1779429660,2026-05-22,6,1,50649,50649,1
ghost_relocated_high_50699_50687_4245,1779432660,2026-05-22,6,51,50699,50687,1
ghost_relocated_low_50737_50710_4246,1779434940,2026-05-22,7,29,50737,50710,1
ghost_relocated_high_50760_50732_4247,1779436320,2026-05-22,7,52,50760,50732,1
ghost_relocated_high_50766_50766_4248,1779436680,2026-05-22,7,58,50766,50766,1
ghost_relocated_high_50767_50767_4249,1779436740,2026-05-22,7,59,50767,50767,1
ghost_relocated_high_50768_50768_4250,1779436800,2026-05-22,8,0,50768,50768,1
ghost_relocated_high_50769_50769_4251,1779436860,2026-05-22,8,1,50769,50769,1
ghost_relocated_high_50770_50770_4252,1779436920,2026-05-22,8,2,50770,50770,1
ghost_relocated_high_50771_50771_4253,1779436980,2026-05-22,8,3,50771,50771,1
ghost_relocated_high_50783_50783_4254,1779437700,2026-05-22,8,15,50783,50783,1
ghost_relocated_high_50784_50784_4255,1779437760,2026-05-22,8,16,50784,50784,1
ghost_relocated_high_50785_50785_4256,1779437820,2026-05-22,8,17,50785,50785,1
ghost_relocated_high_50786_50786_4257,1779437880,2026-05-22,8,18,50786,50786,1
ghost_relocated_high_50788_50788_4258,1779438000,2026-05-22,8,20,50788,50788,1
ghost_relocated_high_50789_50789_4259,1779438060,2026-05-22,8,21,50789,50789,1
ghost_relocated_low_50839_50835_4260,1779441060,2026-05-22,9,11,50839,50835,1
ghost_relocated_low_50842_50842_4261,1779441240,2026-05-22,9,14,50842,50842,1
ghost_relocated_low_50843_50843_4262,1779441300,2026-05-22,9,15,50843,50843,1
ghost_relocated_low_50854_50854_4263,1779441960,2026-05-22,9,26,50854,50854,1
ghost_relocated_low_50856_50856_4264,1779442080,2026-05-22,9,28,50856,50856,1
ghost_relocated_low_50859_50859_4265,1779442260,2026-05-22,9,31,50859,50859,1
ghost_relocated_low_50903_50903_4266,1779444900,2026-05-22,10,15,50903,50903,1
ghost_relocated_low_50904_50904_4267,1779444960,2026-05-22,10,16,50904,50904,1
ghost_relocated_low_50907_50907_4268,1779445140,2026-05-22,10,19,50907,50907,1
ghost_relocated_low_50908_50908_4269,1779445200,2026-05-22,10,20,50908,50908,1
ghost_relocated_low_50916_50916_4270,1779445680,2026-05-22,10,28,50916,50916,1
ghost_relocated_low_50917_50917_4271,1779445740,2026-05-22,10,29,50917,50917,1
ghost_relocated_low_50919_50919_4272,1779445860,2026-05-22,10,31,50919,50919,1
ghost_relocated_low_50920_50920_4273,1779445920,2026-05-22,10,32,50920,50920,1
ghost_relocated_low_50932_50920_4274,1779446640,2026-05-22,10,44,50932,50920,1
ghost_relocated_high_50970_50954_4275,1779448920,2026-05-22,11,22,50970,50954,1
ghost_relocated_high_50987_50987_4276,1779449940,2026-05-22,11,39,50987,50987,1
ghost_relocated_high_50993_50993_4277,1779450300,2026-05-22,11,45,50993,50993,1
ghost_relocated_high_50995_50995_4278,1779450420,2026-05-22,11,47,50995,50995,1
ghost_relocated_high_50996_50996_4279,1779450480,2026-05-22,11,48,50996,50996,1
ghost_relocated_high_51020_51020_4280,1779451920,2026-05-22,12,12,51020,51020,1
ghost_relocated_high_51022_51022_4281,1779452040,2026-05-22,12,14,51022,51022,1
ghost_relocated_high_51023_51023_4282,1779452100,2026-05-22,12,15,51023,51023,1
ghost_relocated_high_51062_51062_4283,1779454440,2026-05-22,12,54,51062,51062,1
ghost_relocated_high_51067_51067_4284,1779454740,2026-05-22,12,59,51067,51067,1
ghost_relocated_high_51068_51068_4285,1779454800,2026-05-22,13,0,51068,51068,1
ghost_relocated_high_51077_51077_4286,1779455340,2026-05-22,13,9,51077,51077,1
ghost_relocated_high_51078_51078_4287,1779455400,2026-05-22,13,10,51078,51078,1
ghost_relocated_high_51098_51098_4288,1779456600,2026-05-22,13,30,51098,51098,1
ghost_relocated_high_51099_51099_4289,1779456660,2026-05-22,13,31,51099,51099,1
ghost_relocated_high_51100_51100_4290,1779456720,2026-05-22,13,32,51100,51100,1
ghost_relocated_high_51104_51104_4291,1779456960,2026-05-22,13,36,51104,51104,1
ghost_relocated_high_51105_51105_4292,1779457020,2026-05-22,13,37,51105,51105,1
ghost_relocated_high_51106_51106_4293,1779457080,2026-05-22,13,38,51106,51106,1
ghost_relocated_high_51107_51107_4294,1779457140,2026-05-22,13,39,51107,51107,1
ghost_relocated_high_51108_51108_4295,1779457200,2026-05-22,13,40,51108,51108,1
ghost_relocated_low_51158_51152_4296,1779460200,2026-05-22,14,30,51158,51152,1
ghost_relocated_high_51202_51201_4297,1779462840,2026-05-22,15,14,51202,51201,1
ghost_relocated_high_51204_51204_4298,1779462960,2026-05-22,15,16,51204,51204,1
ghost_relocated_high_51205_51205_4299,1779463020,2026-05-22,15,17,51205,51205,1
ghost_relocated_high_51207_51207_4300,1779463140,2026-05-22,15,19,51207,51207,1
ghost_relocated_high_51217_51217_4301,1779463740,2026-05-22,15,29,51217,51217,1
ghost_relocated_high_51218_51218_4302,1779463800,2026-05-22,15,30,51218,51218,1
ghost_relocated_high_51219_51219_4303,1779463860,2026-05-22,15,31,51219,51219,1
ghost_relocated_low_51269_51268_4304,1779466860,2026-05-22,16,21,51269,51268,1
ghost_relocated_low_51273_51273_4305,1779467100,2026-05-22,16,25,51273,51273,1
ghost_relocated_low_51283_51283_4306,1779467700,2026-05-22,16,35,51283,51283,1
ghost_relocated_low_51287_51287_4307,1779467940,2026-05-22,16,39,51287,51287,1
ghost_relocated_high_51337_51337_4308,1779470940,2026-05-22,17,29,51337,51337,1
ghost_relocated_high_51338_51338_4309,1779471000,2026-05-22,17,30,51338,51338,1
ghost_relocated_low_51388_51372_4310,1779474000,2026-05-22,18,20,51388,51372,1
ghost_relocated_low_51402_51402_4311,1779474840,2026-05-22,18,34,51402,51402,1
ghost_relocated_low_51403_51403_4312,1779474900,2026-05-22,18,35,51403,51403,1
ghost_relocated_low_51404_51404_4313,1779474960,2026-05-22,18,36,51404,51404,1
ghost_relocated_low_51405_51405_4314,1779475020,2026-05-22,18,37,51405,51405,1
ghost_relocated_low_51406_51406_4315,1779475080,2026-05-22,18,38,51406,51406,1
ghost_relocated_low_51430_51430_4316,1779476520,2026-05-22,19,2,51430,51430,1
ghost_relocated_low_51431_51431_4317,1779476580,2026-05-22,19,3,51431,51431,1
ghost_relocated_low_51434_51434_4318,1779476760,2026-05-22,19,6,51434,51434,1
ghost_relocated_low_51442_51442_4319,1779477240,2026-05-22,19,14,51442,51442,1
ghost_relocated_low_51444_51444_4320,1779477360,2026-05-22,19,16,51444,51444,1
ghost_relocated_low_51449_51449_4321,1779477660,2026-05-22,19,21,51449,51449,1
ghost_relocated_low_51450_51450_4322,1779477720,2026-05-22,19,22,51450,51450,1
ghost_relocated_low_51454_51454_4323,1779477960,2026-05-22,19,26,51454,51454,1
ghost_relocated_low_51455_51455_4324,1779478020,2026-05-22,19,27,51455,51455,1
ghost_relocated_low_51457_51457_4325,1779478140,2026-05-22,19,29,51457,51457,1
ghost_relocated_low_51458_51458_4326,1779478200,2026-05-22,19,30,51458,51458,1
ghost_relocated_low_51459_51459_4327,1779478260,2026-05-22,19,31,51459,51459,1
ghost_relocated_low_51474_51474_4328,1779479160,2026-05-22,19,46,51474,51474,1
ghost_relocated_low_51519_51519_4329,1779481860,2026-05-22,20,31,51519,51519,1
ghost_relocated_high_51569_51566_4330,1779661260,2026-05-24,22,21,51569,51566,1
ghost_relocated_high_51579_51579_4331,1779661860,2026-05-24,22,31,51579,51579,1
ghost_relocated_high_51580_51580_4332,1779661920,2026-05-24,22,32,51580,51580,1
ghost_relocated_high_51594_51594_4333,1779662760,2026-05-24,22,46,51594,51594,1
ghost_relocated_high_51595_51595_4334,1779662820,2026-05-24,22,47,51595,51595,1
ghost_relocated_high_51596_51596_4335,1779662880,2026-05-24,22,48,51596,51596,1
ghost_relocated_high_51598_51598_4336,1779663000,2026-05-24,22,50,51598,51598,1
ghost_relocated_high_51608_51608_4337,1779663600,2026-05-24,23,0,51608,51608,1
ghost_relocated_high_51613_51613_4338,1779663900,2026-05-24,23,5,51613,51613,1
ghost_relocated_high_51615_51615_4339,1779664020,2026-05-24,23,7,51615,51615,1
ghost_relocated_high_51640_51640_4340,1779665520,2026-05-24,23,32,51640,51640,1
ghost_relocated_high_51642_51642_4341,1779665640,2026-05-24,23,34,51642,51642,1
ghost_relocated_high_51643_51643_4342,1779665700,2026-05-24,23,35,51643,51643,1
ghost_relocated_high_51691_51691_4343,1779668580,2026-05-25,0,23,51691,51691,1
ghost_relocated_high_51692_51692_4344,1779668640,2026-05-25,0,24,51692,51692,1
ghost_relocated_high_51693_51693_4345,1779668700,2026-05-25,0,25,51693,51693,1
ghost_relocated_high_51698_51698_4346,1779669000,2026-05-25,0,30,51698,51698,1
ghost_relocated_high_51704_51704_4347,1779669360,2026-05-25,0,36,51704,51704,1
ghost_relocated_high_51706_51706_4348,1779669480,2026-05-25,0,38,51706,51706,1
ghost_relocated_high_51707_51707_4349,1779669540,2026-05-25,0,39,51707,51707,1
ghost_relocated_high_51709_51709_4350,1779669660,2026-05-25,0,41,51709,51709,1
ghost_relocated_high_51710_51710_4351,1779669720,2026-05-25,0,42,51710,51710,1
ghost_relocated_high_51717_51717_4352,1779670140,2026-05-25,0,49,51717,51717,1
ghost_relocated_high_51759_51759_4353,1779672660,2026-05-25,1,31,51759,51759,1
ghost_relocated_high_51761_51761_4354,1779672780,2026-05-25,1,33,51761,51761,1
ghost_relocated_high_51764_51764_4355,1779672960,2026-05-25,1,36,51764,51764,1
ghost_relocated_low_51814_51804_4356,1779675960,2026-05-25,2,26,51814,51804,1
ghost_relocated_low_51828_51828_4357,1779676800,2026-05-25,2,40,51828,51828,1
ghost_relocated_low_51829_51829_4358,1779676860,2026-05-25,2,41,51829,51829,1
ghost_relocated_high_51879_51856_4359,1779679860,2026-05-25,3,31,51879,51856,1
ghost_relocated_low_51906_51874_4360,1779681480,2026-05-25,3,58,51906,51874,1
ghost_relocated_low_52035_52033_4361,1779689220,2026-05-25,6,7,52035,52033,1
ghost_relocated_low_52044_52044_4362,1779689760,2026-05-25,6,16,52044,52044,1
ghost_relocated_low_52045_52045_4363,1779689820,2026-05-25,6,17,52045,52045,1
ghost_relocated_low_52047_52047_4364,1779689940,2026-05-25,6,19,52047,52047,1
ghost_relocated_low_52048_52048_4365,1779690000,2026-05-25,6,20,52048,52048,1
ghost_relocated_high_52099_52084_4366,1779693060,2026-05-25,7,11,52099,52084,1
ghost_relocated_high_52121_52121_4367,1779694380,2026-05-25,7,33,52121,52121,1
ghost_relocated_high_52158_52121_4368,1779696600,2026-05-25,8,10,52158,52121,1
ghost_relocated_low_52171_52164_4369,1779697380,2026-05-25,8,23,52171,52164,1
ghost_relocated_low_52176_52176_4370,1779697680,2026-05-25,8,28,52176,52176,1
ghost_relocated_high_52226_52214_4371,1779700680,2026-05-25,9,18,52226,52214,1
ghost_relocated_low_52269_52268_4372,1779703260,2026-05-25,10,1,52269,52268,1
ghost_relocated_low_52270_52270_4373,1779703320,2026-05-25,10,2,52270,52270,1
ghost_relocated_low_52271_52271_4374,1779703380,2026-05-25,10,3,52271,52271,1
ghost_relocated_high_52321_52320_4375,1779706380,2026-05-25,10,53,52321,52320,1
ghost_relocated_high_52324_52324_4376,1779706560,2026-05-25,10,56,52324,52324,1
ghost_relocated_high_52337_52337_4377,1779707340,2026-05-25,11,9,52337,52337,1
ghost_relocated_high_52338_52338_4378,1779707400,2026-05-25,11,10,52338,52338,1
ghost_relocated_high_52348_52348_4379,1779708000,2026-05-25,11,20,52348,52348,1
ghost_relocated_high_52361_52361_4380,1779708780,2026-05-25,11,33,52361,52361,1
ghost_relocated_high_52373_52373_4381,1779709500,2026-05-25,11,45,52373,52373,1
ghost_relocated_high_52411_52411_4382,1779711780,2026-05-25,12,23,52411,52411,1
ghost_relocated_low_52461_52433_4383,1779714780,2026-05-25,13,13,52461,52433,1
ghost_relocated_high_52483_52483_4384,1779716100,2026-05-25,13,35,52483,52483,1
ghost_relocated_high_52485_52485_4385,1779716220,2026-05-25,13,37,52485,52485,1
ghost_relocated_high_52487_52487_4386,1779716340,2026-05-25,13,39,52487,52487,1
ghost_relocated_high_52488_52488_4387,1779716400,2026-05-25,13,40,52488,52488,1
ghost_relocated_high_52489_52489_4388,1779716460,2026-05-25,13,41,52489,52489,1
ghost_relocated_high_52493_52493_4389,1779716700,2026-05-25,13,45,52493,52493,1
ghost_relocated_high_52498_52498_4390,1779717000,2026-05-25,13,50,52498,52498,1
ghost_relocated_high_52499_52499_4391,1779717060,2026-05-25,13,51,52499,52499,1
ghost_relocated_high_52501_52501_4392,1779717180,2026-05-25,13,53,52501,52501,1
ghost_relocated_high_52502_52502_4393,1779717240,2026-05-25,13,54,52502,52502,1
ghost_relocated_high_52503_52503_4394,1779717300,2026-05-25,13,55,52503,52503,1
ghost_relocated_low_52559_52551_4395,1779720660,2026-05-25,14,51,52559,52551,1
ghost_relocated_high_52603_52579_4396,1779723300,2026-05-25,15,35,52603,52579,1
ghost_relocated_low_52629_52629_4397,1779724860,2026-05-25,16,1,52629,52629,1
ghost_relocated_high_52679_52679_4398,1779727860,2026-05-25,16,51,52679,52679,1
ghost_relocated_high_52680_52680_4399,1779727920,2026-05-25,16,52,52680,52680,1
ghost_relocated_high_52681_52681_4400,1779727980,2026-05-25,16,53,52681,52681,1
ghost_relocated_high_52687_52687_4401,1779728340,2026-05-25,16,59,52687,52687,1
ghost_relocated_high_52688_52688_4402,1779746400,2026-05-25,22,0,52688,52688,1
ghost_relocated_low_52738_52730_4403,1779749400,2026-05-25,22,50,52738,52730,1
ghost_relocated_low_52743_52743_4404,1779749700,2026-05-25,22,55,52743,52743,1
ghost_relocated_low_52750_52750_4405,1779750120,2026-05-25,23,2,52750,52750,1
ghost_relocated_low_52758_52758_4406,1779750600,2026-05-25,23,10,52758,52758,1
ghost_relocated_low_52765_52765_4407,1779751020,2026-05-25,23,17,52765,52765,1
ghost_relocated_low_52766_52766_4408,1779751080,2026-05-25,23,18,52766,52766,1
ghost_relocated_low_52767_52767_4409,1779751140,2026-05-25,23,19,52767,52767,1
ghost_relocated_low_52768_52768_4410,1779751200,2026-05-25,23,20,52768,52768,1
ghost_relocated_low_52769_52769_4411,1779751260,2026-05-25,23,21,52769,52769,1
ghost_relocated_low_52771_52771_4412,1779751380,2026-05-25,23,23,52771,52771,1
ghost_relocated_low_52774_52774_4413,1779751560,2026-05-25,23,26,52774,52774,1
ghost_relocated_low_52814_52814_4414,1779753960,2026-05-26,0,6,52814,52814,1
ghost_relocated_low_52815_52815_4415,1779754020,2026-05-26,0,7,52815,52815,1
ghost_relocated_low_52816_52816_4416,1779754080,2026-05-26,0,8,52816,52816,1
ghost_relocated_low_52817_52817_4417,1779754140,2026-05-26,0,9,52817,52817,1
ghost_relocated_high_52867_52842_4418,1779757140,2026-05-26,0,59,52867,52842,1
ghost_relocated_high_52958_52944_4419,1779762600,2026-05-26,2,30,52958,52944,1
ghost_relocated_low_52994_52953_4420,1779764760,2026-05-26,3,6,52994,52953,1
ghost_relocated_low_53095_53095_4421,1779770820,2026-05-26,4,47,53095,53095,1
ghost_relocated_low_53109_53109_4422,1779771660,2026-05-26,5,1,53109,53109,1
ghost_relocated_low_53110_53110_4423,1779771720,2026-05-26,5,2,53110,53110,1
ghost_relocated_low_53111_53111_4424,1779771780,2026-05-26,5,3,53111,53111,1
ghost_relocated_low_53112_53112_4425,1779771840,2026-05-26,5,4,53112,53112,1
ghost_relocated_low_53120_53112_4426,1779772320,2026-05-26,5,12,53120,53112,1
ghost_relocated_high_53162_53138_4427,1779774840,2026-05-26,5,54,53162,53138,1
ghost_relocated_high_53171_53171_4428,1779775380,2026-05-26,6,3,53171,53171,1
ghost_relocated_high_53172_53172_4429,1779775440,2026-05-26,6,4,53172,53172,1
ghost_relocated_high_53173_53173_4430,1779775500,2026-05-26,6,5,53173,53173,1
ghost_relocated_high_53175_53175_4431,1779775620,2026-05-26,6,7,53175,53175,1
ghost_relocated_high_53178_53178_4432,1779775800,2026-05-26,6,10,53178,53178,1
ghost_relocated_high_53179_53179_4433,1779775860,2026-05-26,6,11,53179,53179,1
ghost_relocated_high_53180_53180_4434,1779775920,2026-05-26,6,12,53180,53180,1
ghost_relocated_high_53181_53181_4435,1779775980,2026-05-26,6,13,53181,53181,1
ghost_relocated_high_53182_53182_4436,1779776040,2026-05-26,6,14,53182,53182,1
ghost_relocated_high_53193_53193_4437,1779776700,2026-05-26,6,25,53193,53193,1
ghost_relocated_low_53244_53241_4438,1779779760,2026-05-26,7,16,53244,53241,1
ghost_relocated_low_53245_53245_4439,1779779820,2026-05-26,7,17,53245,53245,1
ghost_relocated_low_53260_53260_4440,1779780720,2026-05-26,7,32,53260,53260,1
ghost_relocated_low_53261_53261_4441,1779780780,2026-05-26,7,33,53261,53261,1
ghost_relocated_high_53311_53278_4442,1779783780,2026-05-26,8,23,53311,53278,1
ghost_relocated_high_53329_53329_4443,1779784860,2026-05-26,8,41,53329,53329,1
ghost_relocated_high_53330_53330_4444,1779784920,2026-05-26,8,42,53330,53330,1
ghost_relocated_high_53331_53331_4445,1779784980,2026-05-26,8,43,53331,53331,1
ghost_relocated_high_53340_53340_4446,1779785520,2026-05-26,8,52,53340,53340,1
ghost_relocated_high_53348_53348_4447,1779786000,2026-05-26,9,0,53348,53348,1
ghost_relocated_high_53350_53350_4448,1779786120,2026-05-26,9,2,53350,53350,1
ghost_relocated_high_53352_53352_4449,1779786240,2026-05-26,9,4,53352,53352,1
ghost_relocated_high_53353_53353_4450,1779786300,2026-05-26,9,5,53353,53353,1
ghost_relocated_high_53365_53365_4451,1779787020,2026-05-26,9,17,53365,53365,1
ghost_relocated_high_53367_53367_4452,1779787140,2026-05-26,9,19,53367,53367,1
ghost_relocated_high_53374_53374_4453,1779787560,2026-05-26,9,26,53374,53374,1
ghost_relocated_high_53375_53375_4454,1779787620,2026-05-26,9,27,53375,53375,1
ghost_relocated_high_53376_53376_4455,1779787680,2026-05-26,9,28,53376,53376,1
ghost_relocated_high_53377_53377_4456,1779787740,2026-05-26,9,29,53377,53377,1
ghost_relocated_high_53379_53379_4457,1779787860,2026-05-26,9,31,53379,53379,1
ghost_relocated_high_53393_53393_4458,1779788700,2026-05-26,9,45,53393,53393,1
ghost_relocated_high_53394_53394_4459,1779788760,2026-05-26,9,46,53394,53394,1
ghost_relocated_high_53403_53403_4460,1779789300,2026-05-26,9,55,53403,53403,1
ghost_relocated_high_53404_53404_4461,1779789360,2026-05-26,9,56,53404,53404,1
ghost_relocated_high_53408_53408_4462,1779789600,2026-05-26,10,0,53408,53408,1
ghost_relocated_high_53409_53409_4463,1779789660,2026-05-26,10,1,53409,53409,1
ghost_relocated_high_53414_53414_4464,1779789960,2026-05-26,10,6,53414,53414,1
ghost_relocated_high_53418_53418_4465,1779790200,2026-05-26,10,10,53418,53418,1
ghost_relocated_high_53419_53419_4466,1779790260,2026-05-26,10,11,53419,53419,1
ghost_relocated_high_53420_53420_4467,1779790320,2026-05-26,10,12,53420,53420,1
ghost_relocated_high_53421_53421_4468,1779790380,2026-05-26,10,13,53421,53421,1
ghost_relocated_high_53422_53422_4469,1779790440,2026-05-26,10,14,53422,53422,1
ghost_relocated_high_53427_53427_4470,1779790740,2026-05-26,10,19,53427,53427,1
ghost_relocated_high_53429_53429_4471,1779790860,2026-05-26,10,21,53429,53429,1
ghost_relocated_high_53430_53430_4472,1779790920,2026-05-26,10,22,53430,53430,1
ghost_relocated_high_53435_53435_4473,1779791220,2026-05-26,10,27,53435,53435,1
ghost_relocated_high_53436_53436_4474,1779791280,2026-05-26,10,28,53436,53436,1
ghost_relocated_high_53438_53438_4475,1779791400,2026-05-26,10,30,53438,53438,1
ghost_relocated_low_53488_53484_4476,1779794400,2026-05-26,11,20,53488,53484,1
ghost_relocated_low_53502_53502_4477,1779795240,2026-05-26,11,34,53502,53502,1
ghost_relocated_low_53503_53503_4478,1779795300,2026-05-26,11,35,53503,53503,1
ghost_relocated_low_53504_53504_4479,1779795360,2026-05-26,11,36,53504,53504,1
ghost_relocated_high_53554_53554_4480,1779798360,2026-05-26,12,26,53554,53554,1
ghost_relocated_high_53556_53556_4481,1779798480,2026-05-26,12,28,53556,53556,1
ghost_relocated_high_53557_53557_4482,1779798540,2026-05-26,12,29,53557,53557,1
ghost_relocated_high_53561_53561_4483,1779798780,2026-05-26,12,33,53561,53561,1
ghost_relocated_high_53562_53562_4484,1779798840,2026-05-26,12,34,53562,53562,1
ghost_relocated_high_53567_53567_4485,1779799140,2026-05-26,12,39,53567,53567,1
ghost_relocated_high_53568_53568_4486,1779799200,2026-05-26,12,40,53568,53568,1
ghost_relocated_high_53569_53569_4487,1779799260,2026-05-26,12,41,53569,53569,1
ghost_relocated_high_53570_53570_4488,1779799320,2026-05-26,12,42,53570,53570,1
ghost_relocated_high_53618_53618_4489,1779802200,2026-05-26,13,30,53618,53618,1
ghost_relocated_high_53631_53631_4490,1779802980,2026-05-26,13,43,53631,53631,1
ghost_relocated_high_53633_53633_4491,1779803100,2026-05-26,13,45,53633,53633,1
ghost_relocated_high_53634_53634_4492,1779803160,2026-05-26,13,46,53634,53634,1
ghost_relocated_high_53635_53635_4493,1779803220,2026-05-26,13,47,53635,53635,1
ghost_relocated_high_53636_53636_4494,1779803280,2026-05-26,13,48,53636,53636,1
ghost_relocated_high_53644_53644_4495,1779803760,2026-05-26,13,56,53644,53644,1
ghost_relocated_high_53645_53645_4496,1779803820,2026-05-26,13,57,53645,53645,1
ghost_relocated_high_53646_53646_4497,1779803880,2026-05-26,13,58,53646,53646,1
ghost_relocated_high_53647_53647_4498,1779803940,2026-05-26,13,59,53647,53647,1
ghost_relocated_high_53648_53648_4499,1779804000,2026-05-26,14,0,53648,53648,1
ghost_relocated_high_53662_53662_4500,1779804840,2026-05-26,14,14,53662,53662,1
ghost_relocated_high_53663_53663_4501,1779804900,2026-05-26,14,15,53663,53663,1
ghost_relocated_high_53666_53666_4502,1779805080,2026-05-26,14,18,53666,53666,1
ghost_relocated_high_53667_53667_4503,1779805140,2026-05-26,14,19,53667,53667,1
ghost_relocated_high_53668_53668_4504,1779805200,2026-05-26,14,20,53668,53668,1
ghost_relocated_high_53671_53671_4505,1779805380,2026-05-26,14,23,53671,53671,1
ghost_relocated_high_53672_53672_4506,1779805440,2026-05-26,14,24,53672,53672,1
ghost_relocated_high_53673_53673_4507,1779805500,2026-05-26,14,25,53673,53673,1
ghost_relocated_high_53675_53675_4508,1779805620,2026-05-26,14,27,53675,53675,1
ghost_relocated_high_53683_53683_4509,1779806100,2026-05-26,14,35,53683,53683,1
ghost_relocated_high_53684_53684_4510,1779806160,2026-05-26,14,36,53684,53684,1
ghost_relocated_high_53685_53685_4511,1779806220,2026-05-26,14,37,53685,53685,1
ghost_relocated_low_53735_53732_4512,1779809220,2026-05-26,15,27,53735,53732,1
ghost_relocated_low_53738_53738_4513,1779809400,2026-05-26,15,30,53738,53738,1
ghost_relocated_low_53744_53744_4514,1779809760,2026-05-26,15,36,53744,53744,1
ghost_relocated_low_53753_53753_4515,1779810300,2026-05-26,15,45,53753,53753,1
ghost_relocated_low_53754_53754_4516,1779810360,2026-05-26,15,46,53754,53754,1
ghost_relocated_low_53757_53757_4517,1779810540,2026-05-26,15,49,53757,53757,1
ghost_relocated_low_53758_53758_4518,1779810600,2026-05-26,15,50,53758,53758,1
ghost_relocated_low_53760_53760_4519,1779810720,2026-05-26,15,52,53760,53760,1
ghost_relocated_low_53761_53761_4520,1779810780,2026-05-26,15,53,53761,53761,1
ghost_relocated_low_53762_53762_4521,1779810840,2026-05-26,15,54,53762,53762,1
ghost_relocated_low_53763_53763_4522,1779810900,2026-05-26,15,55,53763,53763,1
ghost_relocated_low_53764_53764_4523,1779810960,2026-05-26,15,56,53764,53764,1
ghost_relocated_high_53814_53803_4524,1779813960,2026-05-26,16,46,53814,53803,1
ghost_relocated_low_53853_53816_4525,1779816300,2026-05-26,17,25,53853,53816,1
ghost_relocated_high_53998_53998_4526,1779825000,2026-05-26,19,50,53998,53998,1
ghost_relocated_high_54001_54001_4527,1779825180,2026-05-26,19,53,54001,54001,1
ghost_relocated_high_54002_54002_4528,1779825240,2026-05-26,19,54,54002,54002,1
ghost_relocated_low_54052_54022_4529,1779828240,2026-05-26,20,44,54052,54022,1
ghost_relocated_low_54055_54055_4530,1779828420,2026-05-26,20,47,54055,54055,1
ghost_relocated_low_54056_54056_4531,1779828480,2026-05-26,20,48,54056,54056,1
ghost_relocated_low_54057_54057_4532,1779828540,2026-05-26,20,49,54057,54057,1
ghost_relocated_low_54058_54058_4533,1779828600,2026-05-26,20,50,54058,54058,1
ghost_relocated_low_54059_54059_4534,1779828660,2026-05-26,20,51,54059,54059,1
ghost_relocated_low_54079_54079_4535,1779833460,2026-05-26,22,11,54079,54079,1
ghost_relocated_low_54116_54116_4536,1779835680,2026-05-26,22,48,54116,54116,1
ghost_relocated_low_54118_54116_4537,1779835800,2026-05-26,22,50,54118,54116,1
ghost_relocated_high_54166_54158_4538,1779838680,2026-05-26,23,38,54166,54158,1
ghost_relocated_high_54171_54171_4539,1779838980,2026-05-26,23,43,54171,54171,1
ghost_relocated_high_54172_54172_4540,1779839040,2026-05-26,23,44,54172,54172,1
ghost_relocated_high_54173_54173_4541,1779839100,2026-05-26,23,45,54173,54173,1
ghost_relocated_high_54174_54174_4542,1779839160,2026-05-26,23,46,54174,54174,1
ghost_relocated_high_54175_54175_4543,1779839220,2026-05-26,23,47,54175,54175,1
ghost_relocated_high_54176_54176_4544,1779839280,2026-05-26,23,48,54176,54176,1
ghost_relocated_high_54188_54188_4545,1779840000,2026-05-27,0,0,54188,54188,1
ghost_relocated_high_54189_54189_4546,1779840060,2026-05-27,0,1,54189,54189,1
ghost_relocated_high_54194_54194_4547,1779840360,2026-05-27,0,6,54194,54194,1
ghost_relocated_high_54218_54218_4548,1779841800,2026-05-27,0,30,54218,54218,1
ghost_relocated_high_54221_54221_4549,1779841980,2026-05-27,0,33,54221,54221,1
ghost_relocated_high_54233_54233_4550,1779842700,2026-05-27,0,45,54233,54233,1
ghost_relocated_high_54236_54236_4551,1779842880,2026-05-27,0,48,54236,54236,1
ghost_relocated_high_54255_54255_4552,1779844020,2026-05-27,1,7,54255,54255,1
ghost_relocated_high_54258_54258_4553,1779844200,2026-05-27,1,10,54258,54258,1
ghost_relocated_high_54260_54260_4554,1779844320,2026-05-27,1,12,54260,54260,1
ghost_relocated_high_54265_54265_4555,1779844620,2026-05-27,1,17,54265,54265,1
ghost_relocated_low_54315_54305_4556,1779847620,2026-05-27,2,7,54315,54305,1
ghost_relocated_high_54355_54355_4557,1779850020,2026-05-27,2,47,54355,54355,1
ghost_relocated_high_54360_54360_4558,1779850320,2026-05-27,2,52,54360,54360,1
ghost_relocated_low_54410_54401_4559,1779853320,2026-05-27,3,42,54410,54401,1
ghost_relocated_low_54416_54416_4560,1779853680,2026-05-27,3,48,54416,54416,1
ghost_relocated_low_54418_54418_4561,1779853800,2026-05-27,3,50,54418,54418,1
ghost_relocated_low_54423_54423_4562,1779854100,2026-05-27,3,55,54423,54423,1
ghost_relocated_low_54424_54424_4563,1779854160,2026-05-27,3,56,54424,54424,1
ghost_relocated_low_54446_54446_4564,1779855480,2026-05-27,4,18,54446,54446,1
ghost_relocated_low_54447_54447_4565,1779855540,2026-05-27,4,19,54447,54447,1
ghost_relocated_low_54448_54448_4566,1779855600,2026-05-27,4,20,54448,54448,1
ghost_relocated_low_54456_54456_4567,1779856080,2026-05-27,4,28,54456,54456,1
ghost_relocated_low_54457_54457_4568,1779856140,2026-05-27,4,29,54457,54457,1
ghost_relocated_low_54458_54458_4569,1779856200,2026-05-27,4,30,54458,54458,1
ghost_relocated_low_54459_54459_4570,1779856260,2026-05-27,4,31,54459,54459,1
ghost_relocated_high_54509_54479_4571,1779859260,2026-05-27,5,21,54509,54479,1
ghost_relocated_high_54571_54549_4572,1779862980,2026-05-27,6,23,54571,54549,1
ghost_relocated_low_54599_54587_4573,1779864660,2026-05-27,6,51,54599,54587,1
ghost_relocated_high_54637_54632_4574,1779866940,2026-05-27,7,29,54637,54632,1
ghost_relocated_high_54639_54639_4575,1779867060,2026-05-27,7,31,54639,54639,1
ghost_relocated_high_54642_54642_4576,1779867240,2026-05-27,7,34,54642,54642,1
ghost_relocated_high_54643_54643_4577,1779867300,2026-05-27,7,35,54643,54643,1
ghost_relocated_high_54665_54665_4578,1779868620,2026-05-27,7,57,54665,54665,1
ghost_relocated_high_54666_54666_4579,1779868680,2026-05-27,7,58,54666,54666,1
ghost_relocated_high_54669_54669_4580,1779868860,2026-05-27,8,1,54669,54669,1
ghost_relocated_high_54670_54670_4581,1779868920,2026-05-27,8,2,54670,54670,1
ghost_relocated_high_54673_54673_4582,1779869100,2026-05-27,8,5,54673,54673,1
ghost_relocated_high_54674_54674_4583,1779869160,2026-05-27,8,6,54674,54674,1
ghost_relocated_high_54676_54676_4584,1779869280,2026-05-27,8,8,54676,54676,1
ghost_relocated_high_54682_54682_4585,1779869640,2026-05-27,8,14,54682,54682,1
ghost_relocated_high_54683_54683_4586,1779869700,2026-05-27,8,15,54683,54683,1
ghost_relocated_high_54685_54685_4587,1779869820,2026-05-27,8,17,54685,54685,1
ghost_relocated_high_54689_54689_4588,1779870060,2026-05-27,8,21,54689,54689,1
ghost_relocated_high_54690_54690_4589,1779870120,2026-05-27,8,22,54690,54690,1
ghost_relocated_high_54691_54691_4590,1779870180,2026-05-27,8,23,54691,54691,1
ghost_relocated_high_54694_54694_4591,1779870360,2026-05-27,8,26,54694,54694,1
ghost_relocated_high_54698_54698_4592,1779870600,2026-05-27,8,30,54698,54698,1
ghost_relocated_low_54748_54737_4593,1779873600,2026-05-27,9,20,54748,54737,1
ghost_relocated_high_54787_54782_4594,1779875940,2026-05-27,9,59,54787,54782,1
ghost_relocated_high_54788_54788_4595,1779876000,2026-05-27,10,0,54788,54788,1
ghost_relocated_high_54789_54789_4596,1779876060,2026-05-27,10,1,54789,54789,1
ghost_relocated_high_54792_54792_4597,1779876240,2026-05-27,10,4,54792,54792,1
ghost_relocated_high_54798_54798_4598,1779876600,2026-05-27,10,10,54798,54798,1
ghost_relocated_high_54803_54803_4599,1779876900,2026-05-27,10,15,54803,54803,1
ghost_relocated_high_54848_54848_4600,1779879600,2026-05-27,11,0,54848,54848,1
ghost_relocated_high_54849_54849_4601,1779879660,2026-05-27,11,1,54849,54849,1
ghost_relocated_high_54850_54850_4602,1779879720,2026-05-27,11,2,54850,54850,1
ghost_relocated_high_54851_54851_4603,1779879780,2026-05-27,11,3,54851,54851,1
ghost_relocated_high_54852_54852_4604,1779879840,2026-05-27,11,4,54852,54852,1
ghost_relocated_high_54865_54865_4605,1779880620,2026-05-27,11,17,54865,54865,1
ghost_relocated_high_54869_54869_4606,1779880860,2026-05-27,11,21,54869,54869,1
ghost_relocated_high_54870_54870_4607,1779880920,2026-05-27,11,22,54870,54870,1
ghost_relocated_high_54871_54871_4608,1779880980,2026-05-27,11,23,54871,54871,1
ghost_relocated_high_54883_54883_4609,1779881700,2026-05-27,11,35,54883,54883,1
ghost_relocated_high_54884_54884_4610,1779881760,2026-05-27,11,36,54884,54884,1
ghost_relocated_high_54885_54885_4611,1779881820,2026-05-27,11,37,54885,54885,1
ghost_relocated_high_54927_54927_4612,1779884340,2026-05-27,12,19,54927,54927,1
ghost_relocated_high_54928_54928_4613,1779884400,2026-05-27,12,20,54928,54928,1
ghost_relocated_high_54929_54929_4614,1779884460,2026-05-27,12,21,54929,54929,1
ghost_relocated_high_54930_54930_4615,1779884520,2026-05-27,12,22,54930,54930,1
ghost_relocated_high_54931_54931_4616,1779884580,2026-05-27,12,23,54931,54931,1
ghost_relocated_low_54981_54981_4617,1779887580,2026-05-27,13,13,54981,54981,1
ghost_relocated_low_54995_54995_4618,1779888420,2026-05-27,13,27,54995,54995,1
ghost_relocated_low_54996_54996_4619,1779888480,2026-05-27,13,28,54996,54996,1
ghost_relocated_low_54997_54997_4620,1779888540,2026-05-27,13,29,54997,54997,1
ghost_relocated_low_54998_54998_4621,1779888600,2026-05-27,13,30,54998,54998,1
ghost_relocated_low_54999_54999_4622,1779888660,2026-05-27,13,31,54999,54999,1
ghost_relocated_low_55003_55003_4623,1779888900,2026-05-27,13,35,55003,55003,1
ghost_relocated_low_55004_55004_4624,1779888960,2026-05-27,13,36,55004,55004,1
ghost_relocated_low_55005_55005_4625,1779889020,2026-05-27,13,37,55005,55005,1
ghost_relocated_low_55006_55006_4626,1779889080,2026-05-27,13,38,55006,55006,1
ghost_relocated_low_55008_55008_4627,1779889200,2026-05-27,13,40,55008,55008,1
ghost_relocated_low_55009_55009_4628,1779889260,2026-05-27,13,41,55009,55009,1
ghost_relocated_low_55011_55011_4629,1779889380,2026-05-27,13,43,55011,55011,1
ghost_relocated_low_55012_55012_4630,1779889440,2026-05-27,13,44,55012,55012,1
ghost_relocated_low_55014_55014_4631,1779889560,2026-05-27,13,46,55014,55014,1
ghost_relocated_low_55015_55015_4632,1779889620,2026-05-27,13,47,55015,55015,1
ghost_relocated_low_55053_55053_4633,1779891900,2026-05-27,14,25,55053,55053,1
ghost_relocated_low_55054_55054_4634,1779891960,2026-05-27,14,26,55054,55054,1
ghost_relocated_low_55055_55055_4635,1779892020,2026-05-27,14,27,55055,55055,1
ghost_relocated_low_55056_55056_4636,1779892080,2026-05-27,14,28,55056,55056,1
ghost_relocated_low_55061_55061_4637,1779892380,2026-05-27,14,33,55061,55061,1
ghost_relocated_high_55111_55069_4638,1779895380,2026-05-27,15,23,55111,55069,1
ghost_relocated_high_55187_55185_4639,1779899940,2026-05-27,16,39,55187,55185,1
ghost_relocated_high_55188_55188_4640,1779900000,2026-05-27,16,40,55188,55188,1
ghost_relocated_high_55189_55189_4641,1779900060,2026-05-27,16,41,55189,55189,1
ghost_relocated_high_55191_55191_4642,1779900180,2026-05-27,16,43,55191,55191,1
ghost_relocated_high_55193_55193_4643,1779900300,2026-05-27,16,45,55193,55193,1
ghost_relocated_high_55194_55194_4644,1779900360,2026-05-27,16,46,55194,55194,1
ghost_relocated_high_55195_55195_4645,1779900420,2026-05-27,16,47,55195,55195,1
ghost_relocated_high_55197_55197_4646,1779900540,2026-05-27,16,49,55197,55197,1
ghost_relocated_high_55198_55198_4647,1779900600,2026-05-27,16,50,55198,55198,1
ghost_relocated_low_55248_55217_4648,1779903600,2026-05-27,17,40,55248,55217,1
ghost_relocated_high_55267_55263_4649,1779904740,2026-05-27,17,59,55267,55263,1
ghost_relocated_high_55275_55275_4650,1779905220,2026-05-27,18,7,55275,55275,1
ghost_relocated_high_55276_55276_4651,1779905280,2026-05-27,18,8,55276,55276,1
ghost_relocated_high_55284_55284_4652,1779905760,2026-05-27,18,16,55284,55284,1
ghost_relocated_high_55286_55286_4653,1779905880,2026-05-27,18,18,55286,55286,1
ghost_relocated_high_55288_55288_4654,1779906000,2026-05-27,18,20,55288,55288,1
ghost_relocated_high_55289_55289_4655,1779906060,2026-05-27,18,21,55289,55289,1
ghost_relocated_high_55290_55290_4656,1779906120,2026-05-27,18,22,55290,55290,1
ghost_relocated_high_55291_55291_4657,1779906180,2026-05-27,18,23,55291,55291,1
ghost_relocated_high_55292_55292_4658,1779906240,2026-05-27,18,24,55292,55292,1
ghost_relocated_high_55293_55293_4659,1779906300,2026-05-27,18,25,55293,55293,1
ghost_relocated_high_55294_55294_4660,1779906360,2026-05-27,18,26,55294,55294,1
ghost_relocated_high_55295_55295_4661,1779906420,2026-05-27,18,27,55295,55295,1
ghost_relocated_high_55297_55297_4662,1779906540,2026-05-27,18,29,55297,55297,1
ghost_relocated_high_55298_55298_4663,1779906600,2026-05-27,18,30,55298,55298,1
ghost_relocated_high_55299_55299_4664,1779906660,2026-05-27,18,31,55299,55299,1
ghost_relocated_high_55334_55334_4665,1779908760,2026-05-27,19,6,55334,55334,1
ghost_relocated_high_55366_55366_4666,1779910680,2026-05-27,19,38,55366,55366,1
ghost_relocated_high_55367_55367_4667,1779910740,2026-05-27,19,39,55367,55367,1
ghost_relocated_high_55404_55404_4668,1779912960,2026-05-27,20,16,55404,55404,1
ghost_relocated_high_55405_55405_4669,1779913020,2026-05-27,20,17,55405,55405,1
ghost_relocated_high_55406_55406_4670,1779913080,2026-05-27,20,18,55406,55406,1
ghost_relocated_high_55407_55407_4671,1779913140,2026-05-27,20,19,55407,55407,1
ghost_relocated_high_55408_55408_4672,1779913200,2026-05-27,20,20,55408,55408,1
ghost_relocated_high_55427_55427_4673,1779914340,2026-05-27,20,39,55427,55427,1
ghost_relocated_high_55433_55433_4674,1779914700,2026-05-27,20,45,55433,55433,1
ghost_relocated_high_55435_55435_4675,1779914820,2026-05-27,20,47,55435,55435,1
ghost_relocated_high_55445_55445_4676,1779915420,2026-05-27,20,57,55445,55445,1
ghost_relocated_high_55447_55447_4677,1779915540,2026-05-27,20,59,55447,55447,1
ghost_relocated_high_55449_55449_4678,1779919260,2026-05-27,22,1,55449,55449,1
ghost_relocated_high_55450_55450_4679,1779919320,2026-05-27,22,2,55450,55450,1
ghost_relocated_low_55500_55478_4680,1779922320,2026-05-27,22,52,55500,55478,1
ghost_relocated_high_55528_55525_4681,1779924000,2026-05-27,23,20,55528,55525,1
ghost_relocated_low_55575_55568_4682,1779926820,2026-05-28,0,7,55575,55568,1
ghost_relocated_high_55618_55618_4683,1779929400,2026-05-28,0,50,55618,55618,1
ghost_relocated_high_55623_55623_4684,1779929700,2026-05-28,0,55,55623,55623,1
ghost_relocated_high_55624_55624_4685,1779929760,2026-05-28,0,56,55624,55624,1
ghost_relocated_high_55625_55625_4686,1779929820,2026-05-28,0,57,55625,55625,1
ghost_relocated_high_55626_55626_4687,1779929880,2026-05-28,0,58,55626,55626,1
ghost_relocated_low_55676_55674_4688,1779932880,2026-05-28,1,48,55676,55674,1
ghost_relocated_low_55691_55691_4689,1779933780,2026-05-28,2,3,55691,55691,1
ghost_relocated_low_55699_55699_4690,1779934260,2026-05-28,2,11,55699,55699,1
ghost_relocated_low_55702_55702_4691,1779934440,2026-05-28,2,14,55702,55702,1
ghost_relocated_low_55703_55703_4692,1779934500,2026-05-28,2,15,55703,55703,1
ghost_relocated_low_55704_55704_4693,1779934560,2026-05-28,2,16,55704,55704,1
ghost_relocated_low_55705_55705_4694,1779934620,2026-05-28,2,17,55705,55705,1
ghost_relocated_low_55707_55707_4695,1779934740,2026-05-28,2,19,55707,55707,1
ghost_relocated_low_55717_55717_4696,1779935340,2026-05-28,2,29,55717,55717,1
ghost_relocated_low_55718_55718_4697,1779935400,2026-05-28,2,30,55718,55718,1
ghost_relocated_low_55719_55719_4698,1779935460,2026-05-28,2,31,55719,55719,1
ghost_relocated_low_55726_55726_4699,1779935880,2026-05-28,2,38,55726,55726,1
ghost_relocated_low_55727_55727_4700,1779935940,2026-05-28,2,39,55727,55727,1
ghost_relocated_low_55728_55728_4701,1779936000,2026-05-28,2,40,55728,55728,1
ghost_relocated_low_55729_55729_4702,1779936060,2026-05-28,2,41,55729,55729,1
ghost_relocated_low_55732_55732_4703,1779936240,2026-05-28,2,44,55732,55732,1
ghost_relocated_low_55733_55733_4704,1779936300,2026-05-28,2,45,55733,55733,1
ghost_relocated_low_55734_55734_4705,1779936360,2026-05-28,2,46,55734,55734,1
ghost_relocated_low_55735_55735_4706,1779936420,2026-05-28,2,47,55735,55735,1
ghost_relocated_low_55738_55735_4707,1779936600,2026-05-28,2,50,55738,55735,1
ghost_relocated_low_55746_55746_4708,1779937080,2026-05-28,2,58,55746,55746,1
ghost_relocated_low_55747_55747_4709,1779937140,2026-05-28,2,59,55747,55747,1
ghost_relocated_low_55752_55752_4710,1779937440,2026-05-28,3,4,55752,55752,1
ghost_relocated_low_55756_55756_4711,1779937680,2026-05-28,3,8,55756,55756,1
ghost_relocated_low_55757_55757_4712,1779937740,2026-05-28,3,9,55757,55757,1
ghost_relocated_low_55758_55758_4713,1779937800,2026-05-28,3,10,55758,55758,1
ghost_relocated_low_55759_55759_4714,1779937860,2026-05-28,3,11,55759,55759,1
ghost_relocated_low_55769_55769_4715,1779938460,2026-05-28,3,21,55769,55769,1
ghost_relocated_low_55770_55770_4716,1779938520,2026-05-28,3,22,55770,55770,1
ghost_relocated_low_55771_55771_4717,1779938580,2026-05-28,3,23,55771,55771,1
ghost_relocated_low_55773_55773_4718,1779938700,2026-05-28,3,25,55773,55773,1
ghost_relocated_low_55774_55774_4719,1779938760,2026-05-28,3,26,55774,55774,1
ghost_relocated_low_55775_55775_4720,1779938820,2026-05-28,3,27,55775,55775,1
ghost_relocated_low_55776_55776_4721,1779938880,2026-05-28,3,28,55776,55776,1
ghost_relocated_low_55777_55777_4722,1779938940,2026-05-28,3,29,55777,55777,1
ghost_relocated_low_55778_55778_4723,1779939000,2026-05-28,3,30,55778,55778,1
ghost_relocated_low_55779_55779_4724,1779939060,2026-05-28,3,31,55779,55779,1
ghost_relocated_low_55780_55780_4725,1779939120,2026-05-28,3,32,55780,55780,1
ghost_relocated_low_55781_55781_4726,1779939180,2026-05-28,3,33,55781,55781,1
ghost_relocated_low_55782_55782_4727,1779939240,2026-05-28,3,34,55782,55782,1
ghost_relocated_low_55783_55783_4728,1779939300,2026-05-28,3,35,55783,55783,1
ghost_relocated_low_55784_55784_4729,1779939360,2026-05-28,3,36,55784,55784,1
ghost_relocated_low_55786_55786_4730,1779939480,2026-05-28,3,38,55786,55786,1
ghost_relocated_low_55787_55787_4731,1779939540,2026-05-28,3,39,55787,55787,1
ghost_relocated_low_55789_55789_4732,1779939660,2026-05-28,3,41,55789,55789,1
ghost_relocated_low_55790_55790_4733,1779939720,2026-05-28,3,42,55790,55790,1
ghost_relocated_low_55792_55792_4734,1779939840,2026-05-28,3,44,55792,55792,1
ghost_relocated_low_55793_55793_4735,1779939900,2026-05-28,3,45,55793,55793,1
ghost_relocated_low_55809_55809_4736,1779940860,2026-05-28,4,1,55809,55809,1
ghost_relocated_low_55829_55829_4737,1779942060,2026-05-28,4,21,55829,55829,1
ghost_relocated_high_55879_55845_4738,1779945060,2026-05-28,5,11,55879,55845,1
ghost_relocated_high_55889_55889_4739,1779945660,2026-05-28,5,21,55889,55889,1
ghost_relocated_high_55892_55892_4740,1779945840,2026-05-28,5,24,55892,55892,1
ghost_relocated_high_55893_55893_4741,1779945900,2026-05-28,5,25,55893,55893,1
ghost_relocated_high_55894_55894_4742,1779945960,2026-05-28,5,26,55894,55894,1
ghost_relocated_high_55895_55895_4743,1779946020,2026-05-28,5,27,55895,55895,1
ghost_relocated_high_55897_55897_4744,1779946140,2026-05-28,5,29,55897,55897,1
ghost_relocated_high_55898_55898_4745,1779946200,2026-05-28,5,30,55898,55898,1
ghost_relocated_high_55899_55899_4746,1779946260,2026-05-28,5,31,55899,55899,1
ghost_relocated_high_55901_55901_4747,1779946380,2026-05-28,5,33,55901,55901,1
ghost_relocated_high_55902_55902_4748,1779946440,2026-05-28,5,34,55902,55902,1
ghost_relocated_high_55908_55908_4749,1779946800,2026-05-28,5,40,55908,55908,1
ghost_relocated_high_55909_55909_4750,1779946860,2026-05-28,5,41,55909,55909,1
ghost_relocated_high_55915_55915_4751,1779947220,2026-05-28,5,47,55915,55915,1
ghost_relocated_high_55916_55916_4752,1779947280,2026-05-28,5,48,55916,55916,1
ghost_relocated_high_55918_55918_4753,1779947400,2026-05-28,5,50,55918,55918,1
ghost_relocated_high_55919_55919_4754,1779947460,2026-05-28,5,51,55919,55919,1
ghost_relocated_high_55922_55922_4755,1779947640,2026-05-28,5,54,55922,55922,1
ghost_relocated_high_55928_55928_4756,1779948000,2026-05-28,6,0,55928,55928,1
ghost_relocated_high_55929_55929_4757,1779948060,2026-05-28,6,1,55929,55929,1
ghost_relocated_high_55934_55934_4758,1779948360,2026-05-28,6,6,55934,55934,1
ghost_relocated_high_55935_55935_4759,1779948420,2026-05-28,6,7,55935,55935,1
ghost_relocated_high_55941_55941_4760,1779948780,2026-05-28,6,13,55941,55941,1
ghost_relocated_high_55942_55942_4761,1779948840,2026-05-28,6,14,55942,55942,1
ghost_relocated_high_55945_55945_4762,1779949020,2026-05-28,6,17,55945,55945,1
ghost_relocated_high_55948_55948_4763,1779949200,2026-05-28,6,20,55948,55948,1
ghost_relocated_high_55949_55949_4764,1779949260,2026-05-28,6,21,55949,55949,1
ghost_relocated_high_55994_55994_4765,1779951960,2026-05-28,7,6,55994,55994,1
ghost_relocated_high_55996_55996_4766,1779952080,2026-05-28,7,8,55996,55996,1
ghost_relocated_high_56030_55996_4767,1779954120,2026-05-28,7,42,56030,55996,1
ghost_relocated_low_56046_56036_4768,1779955080,2026-05-28,7,58,56046,56036,1
ghost_relocated_low_56161_56147_4769,1779961980,2026-05-28,9,53,56161,56147,1
ghost_relocated_low_56186_56186_4770,1779963480,2026-05-28,10,18,56186,56186,1
ghost_relocated_low_56187_56187_4771,1779963540,2026-05-28,10,19,56187,56187,1
ghost_relocated_low_56188_56188_4772,1779963600,2026-05-28,10,20,56188,56188,1
ghost_relocated_low_56189_56189_4773,1779963660,2026-05-28,10,21,56189,56189,1
ghost_relocated_low_56190_56190_4774,1779963720,2026-05-28,10,22,56190,56190,1
ghost_relocated_low_56191_56191_4775,1779963780,2026-05-28,10,23,56191,56191,1
ghost_relocated_low_56192_56192_4776,1779963840,2026-05-28,10,24,56192,56192,1
ghost_relocated_low_56193_56193_4777,1779963900,2026-05-28,10,25,56193,56193,1
ghost_relocated_low_56210_56210_4778,1779964920,2026-05-28,10,42,56210,56210,1
ghost_relocated_low_56213_56213_4779,1779965100,2026-05-28,10,45,56213,56213,1
ghost_relocated_low_56218_56218_4780,1779965400,2026-05-28,10,50,56218,56218,1
ghost_relocated_low_56219_56219_4781,1779965460,2026-05-28,10,51,56219,56219,1
ghost_relocated_high_56269_56269_4782,1779968460,2026-05-28,11,41,56269,56269,1
ghost_relocated_high_56270_56270_4783,1779968520,2026-05-28,11,42,56270,56270,1
ghost_relocated_high_56271_56271_4784,1779968580,2026-05-28,11,43,56271,56271,1
ghost_relocated_high_56272_56272_4785,1779968640,2026-05-28,11,44,56272,56272,1
ghost_relocated_high_56294_56294_4786,1779969960,2026-05-28,12,6,56294,56294,1
ghost_relocated_high_56295_56295_4787,1779970020,2026-05-28,12,7,56295,56295,1
ghost_relocated_high_56318_56318_4788,1779971400,2026-05-28,12,30,56318,56318,1
ghost_relocated_high_56320_56320_4789,1779971520,2026-05-28,12,32,56320,56320,1
ghost_relocated_high_56321_56321_4790,1779971580,2026-05-28,12,33,56321,56321,1
ghost_relocated_high_56324_56324_4791,1779971760,2026-05-28,12,36,56324,56324,1
ghost_relocated_high_56325_56325_4792,1779971820,2026-05-28,12,37,56325,56325,1
ghost_relocated_high_56326_56326_4793,1779971880,2026-05-28,12,38,56326,56326,1
ghost_relocated_high_56328_56328_4794,1779972000,2026-05-28,12,40,56328,56328,1
ghost_relocated_high_56332_56332_4795,1779972240,2026-05-28,12,44,56332,56332,1
ghost_relocated_high_56333_56333_4796,1779972300,2026-05-28,12,45,56333,56333,1
ghost_relocated_high_56334_56334_4797,1779972360,2026-05-28,12,46,56334,56334,1
ghost_relocated_high_56335_56335_4798,1779972420,2026-05-28,12,47,56335,56335,1
ghost_relocated_high_56336_56336_4799,1779972480,2026-05-28,12,48,56336,56336,1
ghost_relocated_high_56337_56337_4800,1779972540,2026-05-28,12,49,56337,56337,1
ghost_relocated_high_56339_56339_4801,1779972660,2026-05-28,12,51,56339,56339,1
ghost_relocated_high_56340_56340_4802,1779972720,2026-05-28,12,52,56340,56340,1
ghost_relocated_high_56341_56341_4803,1779972780,2026-05-28,12,53,56341,56341,1
ghost_relocated_high_56348_56348_4804,1779973200,2026-05-28,13,0,56348,56348,1
ghost_relocated_high_56349_56349_4805,1779973260,2026-05-28,13,1,56349,56349,1
ghost_relocated_high_56378_56378_4806,1779975000,2026-05-28,13,30,56378,56378,1
ghost_relocated_high_56379_56379_4807,1779975060,2026-05-28,13,31,56379,56379,1
ghost_relocated_high_56420_56420_4808,1779977520,2026-05-28,14,12,56420,56420,1
ghost_relocated_high_56421_56421_4809,1779977580,2026-05-28,14,13,56421,56421,1
ghost_relocated_high_56422_56422_4810,1779977640,2026-05-28,14,14,56422,56422,1
ghost_relocated_high_56448_56422_4811,1779979200,2026-05-28,14,40,56448,56422,1
ghost_relocated_high_56467_56467_4812,1779980340,2026-05-28,14,59,56467,56467,1
ghost_relocated_high_56468_56468_4813,1779980400,2026-05-28,15,0,56468,56468,1
ghost_relocated_high_56469_56469_4814,1779980460,2026-05-28,15,1,56469,56469,1
ghost_relocated_high_56470_56470_4815,1779980520,2026-05-28,15,2,56470,56470,1
ghost_relocated_high_56471_56471_4816,1779980580,2026-05-28,15,3,56471,56471,1
ghost_relocated_high_56472_56472_4817,1779980640,2026-05-28,15,4,56472,56472,1
ghost_relocated_high_56473_56473_4818,1779980700,2026-05-28,15,5,56473,56473,1
ghost_relocated_high_56490_56490_4819,1779981720,2026-05-28,15,22,56490,56490,1
ghost_relocated_high_56491_56491_4820,1779981780,2026-05-28,15,23,56491,56491,1
ghost_relocated_high_56493_56493_4821,1779981900,2026-05-28,15,25,56493,56493,1
ghost_relocated_high_56494_56494_4822,1779981960,2026-05-28,15,26,56494,56494,1
ghost_relocated_high_56495_56495_4823,1779982020,2026-05-28,15,27,56495,56495,1
ghost_relocated_high_56496_56496_4824,1779982080,2026-05-28,15,28,56496,56496,1
ghost_relocated_high_56497_56497_4825,1779982140,2026-05-28,15,29,56497,56497,1
ghost_relocated_high_56500_56500_4826,1779982320,2026-05-28,15,32,56500,56500,1
ghost_relocated_high_56501_56501_4827,1779982380,2026-05-28,15,33,56501,56501,1
ghost_relocated_high_56502_56502_4828,1779982440,2026-05-28,15,34,56502,56502,1
ghost_relocated_high_56504_56504_4829,1779982560,2026-05-28,15,36,56504,56504,1
ghost_relocated_high_56546_56546_4830,1779985080,2026-05-28,16,18,56546,56546,1
ghost_relocated_high_56547_56547_4831,1779985140,2026-05-28,16,19,56547,56547,1
ghost_relocated_high_56548_56548_4832,1779985200,2026-05-28,16,20,56548,56548,1
ghost_relocated_high_56549_56549_4833,1779985260,2026-05-28,16,21,56549,56549,1
ghost_relocated_high_56552_56552_4834,1779985440,2026-05-28,16,24,56552,56552,1
ghost_relocated_high_56576_56576_4835,1779986880,2026-05-28,16,48,56576,56576,1
ghost_relocated_high_56586_56586_4836,1779987480,2026-05-28,16,58,56586,56586,1
ghost_relocated_high_56587_56587_4837,1779987540,2026-05-28,16,59,56587,56587,1
ghost_relocated_high_56588_56588_4838,1779987600,2026-05-28,17,0,56588,56588,1
ghost_relocated_high_56591_56591_4839,1779987780,2026-05-28,17,3,56591,56591,1
ghost_relocated_high_56635_56635_4840,1779990420,2026-05-28,17,47,56635,56635,1
ghost_relocated_high_56637_56637_4841,1779990540,2026-05-28,17,49,56637,56637,1
ghost_relocated_high_56638_56638_4842,1779990600,2026-05-28,17,50,56638,56638,1
ghost_relocated_high_56640_56640_4843,1779990720,2026-05-28,17,52,56640,56640,1
ghost_relocated_high_56674_56640_4844,1779992760,2026-05-28,18,26,56674,56640,1
ghost_relocated_low_56690_56685_4845,1779993720,2026-05-28,18,42,56690,56685,1
ghost_relocated_low_56695_56695_4846,1779994020,2026-05-28,18,47,56695,56695,1
ghost_relocated_low_56696_56696_4847,1779994080,2026-05-28,18,48,56696,56696,1
ghost_relocated_low_56697_56697_4848,1779994140,2026-05-28,18,49,56697,56697,1
ghost_relocated_low_56708_56708_4849,1779994800,2026-05-28,19,0,56708,56708,1
ghost_relocated_low_56709_56709_4850,1779994860,2026-05-28,19,1,56709,56709,1
ghost_relocated_low_56724_56724_4851,1779995760,2026-05-28,19,16,56724,56724,1
ghost_relocated_low_56725_56725_4852,1779995820,2026-05-28,19,17,56725,56725,1
ghost_relocated_high_56775_56748_4853,1779998820,2026-05-28,20,7,56775,56748,1
ghost_relocated_high_56782_56782_4854,1779999240,2026-05-28,20,14,56782,56782,1
ghost_relocated_high_56784_56784_4855,1779999360,2026-05-28,20,16,56784,56784,1
ghost_relocated_high_56828_56828_4856,1780005600,2026-05-28,22,0,56828,56828,1
ghost_relocated_high_56830_56830_4857,1780005720,2026-05-28,22,2,56830,56830,1
ghost_relocated_high_56831_56831_4858,1780005780,2026-05-28,22,3,56831,56831,1
ghost_relocated_high_56832_56832_4859,1780005840,2026-05-28,22,4,56832,56832,1
ghost_relocated_high_56833_56833_4860,1780005900,2026-05-28,22,5,56833,56833,1
ghost_relocated_low_56883_56852_4861,1780008900,2026-05-28,22,55,56883,56852,1
ghost_relocated_high_56902_56892_4862,1780010040,2026-05-28,23,14,56902,56892,1
ghost_relocated_high_56904_56904_4863,1780010160,2026-05-28,23,16,56904,56904,1
ghost_relocated_high_56905_56905_4864,1780010220,2026-05-28,23,17,56905,56905,1
ghost_relocated_high_56907_56907_4865,1780010340,2026-05-28,23,19,56907,56907,1
ghost_relocated_low_56957_56952_4866,1780013340,2026-05-29,0,9,56957,56952,1
ghost_relocated_low_56979_56979_4867,1780014660,2026-05-29,0,31,56979,56979,1
ghost_relocated_low_56982_56982_4868,1780014840,2026-05-29,0,34,56982,56982,1
ghost_relocated_low_56988_56988_4869,1780015200,2026-05-29,0,40,56988,56988,1
ghost_relocated_low_56989_56989_4870,1780015260,2026-05-29,0,41,56989,56989,1
ghost_relocated_low_56990_56990_4871,1780015320,2026-05-29,0,42,56990,56990,1
ghost_relocated_low_56994_56994_4872,1780015560,2026-05-29,0,46,56994,56994,1
ghost_relocated_low_56995_56995_4873,1780015620,2026-05-29,0,47,56995,56995,1
ghost_relocated_low_57001_57001_4874,1780015980,2026-05-29,0,53,57001,57001,1
ghost_relocated_low_57011_57011_4875,1780016580,2026-05-29,1,3,57011,57011,1
ghost_relocated_high_57061_57053_4876,1780019580,2026-05-29,1,53,57061,57053,1
ghost_relocated_high_57080_57080_4877,1780020720,2026-05-29,2,12,57080,57080,1
ghost_relocated_low_57130_57095_4878,1780023720,2026-05-29,3,2,57130,57095,1
ghost_relocated_high_57145_57141_4879,1780024620,2026-05-29,3,17,57145,57141,1
ghost_relocated_high_57152_57152_4880,1780025040,2026-05-29,3,24,57152,57152,1
ghost_relocated_high_57175_57175_4881,1780026420,2026-05-29,3,47,57175,57175,1
ghost_relocated_high_57176_57176_4882,1780026480,2026-05-29,3,48,57176,57176,1
ghost_relocated_high_57177_57177_4883,1780026540,2026-05-29,3,49,57177,57177,1
ghost_relocated_high_57178_57178_4884,1780026600,2026-05-29,3,50,57178,57178,1
ghost_relocated_high_57198_57198_4885,1780027800,2026-05-29,4,10,57198,57198,1
ghost_relocated_high_57203_57203_4886,1780028100,2026-05-29,4,15,57203,57203,1
ghost_relocated_high_57204_57204_4887,1780028160,2026-05-29,4,16,57204,57204,1
ghost_relocated_high_57209_57209_4888,1780028460,2026-05-29,4,21,57209,57209,1
ghost_relocated_high_57215_57215_4889,1780028820,2026-05-29,4,27,57215,57215,1
ghost_relocated_high_57221_57221_4890,1780029180,2026-05-29,4,33,57221,57221,1
ghost_relocated_high_57222_57222_4891,1780029240,2026-05-29,4,34,57222,57222,1
ghost_relocated_high_57225_57225_4892,1780029420,2026-05-29,4,37,57225,57225,1
ghost_relocated_high_57226_57226_4893,1780029480,2026-05-29,4,38,57226,57226,1
ghost_relocated_high_57227_57227_4894,1780029540,2026-05-29,4,39,57227,57227,1
ghost_relocated_high_57229_57229_4895,1780029660,2026-05-29,4,41,57229,57229,1
ghost_relocated_high_57231_57231_4896,1780029780,2026-05-29,4,43,57231,57231,1
ghost_relocated_high_57232_57232_4897,1780029840,2026-05-29,4,44,57232,57232,1
ghost_relocated_high_57237_57237_4898,1780030140,2026-05-29,4,49,57237,57237,1
ghost_relocated_high_57250_57250_4899,1780030920,2026-05-29,5,2,57250,57250,1
ghost_relocated_high_57251_57251_4900,1780030980,2026-05-29,5,3,57251,57251,1
ghost_relocated_high_57252_57252_4901,1780031040,2026-05-29,5,4,57252,57252,1
ghost_relocated_high_57261_57261_4902,1780031580,2026-05-29,5,13,57261,57261,1
ghost_relocated_low_57311_57286_4903,1780034580,2026-05-29,6,3,57311,57286,1
ghost_relocated_low_57398_57398_4904,1780039800,2026-05-29,7,30,57398,57398,1
ghost_relocated_low_57399_57399_4905,1780039860,2026-05-29,7,31,57399,57399,1
ghost_relocated_low_57400_57400_4906,1780039920,2026-05-29,7,32,57400,57400,1
ghost_relocated_low_57404_57404_4907,1780040160,2026-05-29,7,36,57404,57404,1
ghost_relocated_low_57417_57404_4908,1780040940,2026-05-29,7,49,57417,57404,1
ghost_relocated_high_57454_57449_4909,1780043160,2026-05-29,8,26,57454,57449,1
ghost_relocated_high_57461_57461_4910,1780043580,2026-05-29,8,33,57461,57461,1
ghost_relocated_high_57467_57467_4911,1780043940,2026-05-29,8,39,57467,57467,1
ghost_relocated_high_57468_57468_4912,1780044000,2026-05-29,8,40,57468,57468,1
ghost_relocated_high_57491_57491_4913,1780045380,2026-05-29,9,3,57491,57491,1
ghost_relocated_high_57497_57497_4914,1780045740,2026-05-29,9,9,57497,57497,1
ghost_relocated_high_57498_57498_4915,1780045800,2026-05-29,9,10,57498,57498,1
ghost_relocated_high_57499_57499_4916,1780045860,2026-05-29,9,11,57499,57499,1
ghost_relocated_high_57501_57501_4917,1780045980,2026-05-29,9,13,57501,57501,1
ghost_relocated_high_57502_57502_4918,1780046040,2026-05-29,9,14,57502,57502,1
ghost_relocated_high_57504_57504_4919,1780046160,2026-05-29,9,16,57504,57504,1
ghost_relocated_high_57507_57507_4920,1780046340,2026-05-29,9,19,57507,57507,1
ghost_relocated_high_57508_57508_4921,1780046400,2026-05-29,9,20,57508,57508,1
ghost_relocated_low_57558_57553_4922,1780049400,2026-05-29,10,10,57558,57553,1
ghost_relocated_high_57607_57594_4923,1780052340,2026-05-29,10,59,57607,57594,1
ghost_relocated_high_57609_57609_4924,1780052460,2026-05-29,11,1,57609,57609,1
ghost_relocated_high_57610_57610_4925,1780052520,2026-05-29,11,2,57610,57610,1
ghost_relocated_high_57611_57611_4926,1780052580,2026-05-29,11,3,57611,57611,1
ghost_relocated_high_57613_57613_4927,1780052700,2026-05-29,11,5,57613,57613,1
ghost_relocated_high_57614_57614_4928,1780052760,2026-05-29,11,6,57614,57614,1
ghost_relocated_high_57622_57622_4929,1780053240,2026-05-29,11,14,57622,57622,1
ghost_relocated_high_57623_57623_4930,1780053300,2026-05-29,11,15,57623,57623,1
ghost_relocated_high_57624_57624_4931,1780053360,2026-05-29,11,16,57624,57624,1
ghost_relocated_high_57625_57625_4932,1780053420,2026-05-29,11,17,57625,57625,1
ghost_relocated_low_57675_57661_4933,1780056420,2026-05-29,12,7,57675,57661,1
ghost_relocated_low_57701_57701_4934,1780057980,2026-05-29,12,33,57701,57701,1
ghost_relocated_high_57751_57733_4935,1780060980,2026-05-29,13,23,57751,57733,1
ghost_relocated_high_57755_57755_4936,1780061220,2026-05-29,13,27,57755,57755,1
ghost_relocated_high_57756_57756_4937,1780061280,2026-05-29,13,28,57756,57756,1
ghost_relocated_high_57757_57757_4938,1780061340,2026-05-29,13,29,57757,57757,1
ghost_relocated_high_57758_57758_4939,1780061400,2026-05-29,13,30,57758,57758,1
ghost_relocated_high_57759_57759_4940,1780061460,2026-05-29,13,31,57759,57759,1
ghost_relocated_high_57760_57760_4941,1780061520,2026-05-29,13,32,57760,57760,1
ghost_relocated_high_57763_57763_4942,1780061700,2026-05-29,13,35,57763,57763,1
ghost_relocated_high_57765_57765_4943,1780061820,2026-05-29,13,37,57765,57765,1
ghost_relocated_high_57766_57766_4944,1780061880,2026-05-29,13,38,57766,57766,1
ghost_relocated_high_57768_57768_4945,1780062000,2026-05-29,13,40,57768,57768,1
ghost_relocated_high_57769_57769_4946,1780062060,2026-05-29,13,41,57769,57769,1
ghost_relocated_high_57770_57770_4947,1780062120,2026-05-29,13,42,57770,57770,1
ghost_relocated_high_57772_57772_4948,1780062240,2026-05-29,13,44,57772,57772,1
ghost_relocated_high_57773_57773_4949,1780062300,2026-05-29,13,45,57773,57773,1
ghost_relocated_high_57775_57775_4950,1780062420,2026-05-29,13,47,57775,57775,1
ghost_relocated_high_57776_57776_4951,1780062480,2026-05-29,13,48,57776,57776,1
ghost_relocated_high_57778_57778_4952,1780062600,2026-05-29,13,50,57778,57778,1
ghost_relocated_high_57779_57779_4953,1780062660,2026-05-29,13,51,57779,57779,1
ghost_relocated_high_57780_57780_4954,1780062720,2026-05-29,13,52,57780,57780,1
ghost_relocated_high_57781_57781_4955,1780062780,2026-05-29,13,53,57781,57781,1
ghost_relocated_high_57785_57785_4956,1780063020,2026-05-29,13,57,57785,57785,1
ghost_relocated_high_57787_57787_4957,1780063140,2026-05-29,13,59,57787,57787,1
ghost_relocated_high_57788_57788_4958,1780063200,2026-05-29,14,0,57788,57788,1
ghost_relocated_low_57838_57833_4959,1780066200,2026-05-29,14,50,57838,57833,1
ghost_relocated_high_57883_57864_4960,1780068900,2026-05-29,15,35,57883,57864,1
ghost_relocated_low_57914_57905_4961,1780070760,2026-05-29,16,6,57914,57905,1
ghost_relocated_high_57955_57918_4962,1780073220,2026-05-29,16,47,57955,57918,1
ghost_relocated_low_57974_57964_4963,1780074360,2026-05-29,17,6,57974,57964,1
ghost_relocated_low_57988_57988_4964,1780075200,2026-05-29,17,20,57988,57988,1
ghost_relocated_low_57989_57989_4965,1780075260,2026-05-29,17,21,57989,57989,1
ghost_relocated_low_57990_57990_4966,1780075320,2026-05-29,17,22,57990,57990,1
ghost_relocated_low_57991_57991_4967,1780075380,2026-05-29,17,23,57991,57991,1
ghost_relocated_low_57993_57993_4968,1780075500,2026-05-29,17,25,57993,57993,1
ghost_relocated_low_58000_58000_4969,1780075920,2026-05-29,17,32,58000,58000,1
ghost_relocated_low_58012_58012_4970,1780076640,2026-05-29,17,44,58012,58012,1
ghost_relocated_low_58014_58014_4971,1780076760,2026-05-29,17,46,58014,58014,1
ghost_relocated_low_58018_58018_4972,1780077000,2026-05-29,17,50,58018,58018,1
ghost_relocated_low_58022_58022_4973,1780077240,2026-05-29,17,54,58022,58022,1
ghost_relocated_low_58023_58023_4974,1780077300,2026-05-29,17,55,58023,58023,1
ghost_relocated_low_58025_58025_4975,1780077420,2026-05-29,17,57,58025,58025,1
ghost_relocated_low_58026_58026_4976,1780077480,2026-05-29,17,58,58026,58026,1
ghost_relocated_low_58027_58027_4977,1780077540,2026-05-29,17,59,58027,58027,1
ghost_relocated_low_58028_58028_4978,1780077600,2026-05-29,18,0,58028,58028,1
ghost_relocated_high_58078_58062_4979,1780080600,2026-05-29,18,50,58078,58062,1
ghost_relocated_low_58112_58089_4980,1780082640,2026-05-29,19,24,58112,58089,1
ghost_relocated_high_58139_58138_4981,1780084260,2026-05-29,19,51,58139,58138,1
ghost_relocated_low_58188_58174_4982,1780087200,2026-05-29,20,40,58188,58174,1
ghost_relocated_low_58189_58189_4983,1780087260,2026-05-29,20,41,58189,58189,1
ghost_relocated_low_58191_58191_4984,1780087380,2026-05-29,20,43,58191,58191,1
ghost_relocated_low_58210_58210_4985,1780264920,2026-05-31,22,2,58210,58210,1
ghost_relocated_low_58211_58211_4986,1780264980,2026-05-31,22,3,58211,58211,1
ghost_relocated_high_58261_58254_4987,1780267980,2026-05-31,22,53,58261,58254,1
ghost_relocated_high_58271_58271_4988,1780268580,2026-05-31,23,3,58271,58271,1
ghost_relocated_high_58272_58272_4989,1780268640,2026-05-31,23,4,58272,58272,1
ghost_relocated_high_58320_58320_4990,1780271520,2026-05-31,23,52,58320,58320,1
ghost_relocated_high_58329_58329_4991,1780272060,2026-06-01,0,1,58329,58329,1
ghost_relocated_high_58330_58330_4992,1780272120,2026-06-01,0,2,58330,58330,1
ghost_relocated_high_58331_58331_4993,1780272180,2026-06-01,0,3,58331,58331,1
ghost_relocated_high_58333_58333_4994,1780272300,2026-06-01,0,5,58333,58333,1
ghost_relocated_high_58334_58334_4995,1780272360,2026-06-01,0,6,58334,58334,1
ghost_relocated_high_58338_58338_4996,1780272600,2026-06-01,0,10,58338,58338,1
ghost_relocated_high_58349_58349_4997,1780273260,2026-06-01,0,21,58349,58349,1
ghost_relocated_high_58350_58350_4998,1780273320,2026-06-01,0,22,58350,58350,1
ghost_relocated_high_58351_58351_4999,1780273380,2026-06-01,0,23,58351,58351,1
ghost_relocated_high_58355_58355_5000,1780273620,2026-06-01,0,27,58355,58355,1
ghost_relocated_high_58356_58356_5001,1780273680,2026-06-01,0,28,58356,58356,1
ghost_relocated_high_58357_58357_5002,1780273740,2026-06-01,0,29,58357,58357,1
ghost_relocated_high_58358_58358_5003,1780273800,2026-06-01,0,30,58358,58358,1
ghost_relocated_high_58380_58380_5004,1780275120,2026-06-01,0,52,58380,58380,1
ghost_relocated_high_58383_58383_5005,1780275300,2026-06-01,0,55,58383,58383,1
ghost_relocated_low_58433_58389_5006,1780278300,2026-06-01,1,45,58433,58389,1
ghost_relocated_low_58522_58499_5007,1780283640,2026-06-01,3,14,58522,58499,1
ghost_relocated_low_58526_58526_5008,1780283880,2026-06-01,3,18,58526,58526,1
ghost_relocated_high_58576_58540_5009,1780286880,2026-06-01,4,8,58576,58540,1
ghost_relocated_low_58590_58562_5010,1780287720,2026-06-01,4,22,58590,58562,1
ghost_relocated_low_58662_58657_5011,1780292040,2026-06-01,5,34,58662,58657,1
ghost_relocated_high_58707_58679_5012,1780294740,2026-06-01,6,19,58707,58679,1
ghost_relocated_low_58729_58717_5013,1780296060,2026-06-01,6,41,58729,58717,1
ghost_relocated_low_58765_58765_5014,1780298220,2026-06-01,7,17,58765,58765,1
ghost_relocated_low_58766_58766_5015,1780298280,2026-06-01,7,18,58766,58766,1
ghost_relocated_low_58767_58767_5016,1780298340,2026-06-01,7,19,58767,58767,1
ghost_relocated_low_58770_58770_5017,1780298520,2026-06-01,7,22,58770,58770,1
ghost_relocated_low_58771_58771_5018,1780298580,2026-06-01,7,23,58771,58771,1
ghost_relocated_low_58772_58772_5019,1780298640,2026-06-01,7,24,58772,58772,1
ghost_relocated_low_58773_58773_5020,1780298700,2026-06-01,7,25,58773,58773,1
ghost_relocated_low_58774_58774_5021,1780298760,2026-06-01,7,26,58774,58774,1
ghost_relocated_low_58775_58775_5022,1780298820,2026-06-01,7,27,58775,58775,1
ghost_relocated_low_58776_58776_5023,1780298880,2026-06-01,7,28,58776,58776,1
ghost_relocated_low_58787_58787_5024,1780299540,2026-06-01,7,39,58787,58787,1
ghost_relocated_low_58788_58788_5025,1780299600,2026-06-01,7,40,58788,58788,1
ghost_relocated_low_58789_58789_5026,1780299660,2026-06-01,7,41,58789,58789,1
ghost_relocated_low_58790_58790_5027,1780299720,2026-06-01,7,42,58790,58790,1
ghost_relocated_low_58803_58790_5028,1780300500,2026-06-01,7,55,58803,58790,1
ghost_relocated_low_58813_58813_5029,1780301100,2026-06-01,8,5,58813,58813,1
ghost_relocated_low_58816_58816_5030,1780301280,2026-06-01,8,8,58816,58816,1
ghost_relocated_low_58817_58817_5031,1780301340,2026-06-01,8,9,58817,58817,1
ghost_relocated_low_58818_58818_5032,1780301400,2026-06-01,8,10,58818,58818,1
ghost_relocated_low_58819_58819_5033,1780301460,2026-06-01,8,11,58819,58819,1
ghost_relocated_low_58823_58823_5034,1780301700,2026-06-01,8,15,58823,58823,1
ghost_relocated_low_58825_58825_5035,1780301820,2026-06-01,8,17,58825,58825,1
ghost_relocated_low_58833_58833_5036,1780302300,2026-06-01,8,25,58833,58833,1
ghost_relocated_low_58834_58834_5037,1780302360,2026-06-01,8,26,58834,58834,1
ghost_relocated_low_58837_58837_5038,1780302540,2026-06-01,8,29,58837,58837,1
ghost_relocated_low_58838_58838_5039,1780302600,2026-06-01,8,30,58838,58838,1
ghost_relocated_low_58839_58839_5040,1780302660,2026-06-01,8,31,58839,58839,1
ghost_relocated_high_58889_58872_5041,1780305660,2026-06-01,9,21,58889,58872,1
ghost_relocated_low_58922_58920_5042,1780307640,2026-06-01,9,54,58922,58920,1
ghost_relocated_low_58935_58935_5043,1780308420,2026-06-01,10,7,58935,58935,1
ghost_relocated_high_58985_58970_5044,1780311420,2026-06-01,10,57,58985,58970,1
ghost_relocated_low_59028_59018_5045,1780314000,2026-06-01,11,40,59028,59018,1
ghost_relocated_low_59050_59050_5046,1780315320,2026-06-01,12,2,59050,59050,1
ghost_relocated_low_59051_59051_5047,1780315380,2026-06-01,12,3,59051,59051,1
ghost_relocated_low_59055_59055_5048,1780315620,2026-06-01,12,7,59055,59055,1
ghost_relocated_low_59056_59056_5049,1780315680,2026-06-01,12,8,59056,59056,1
ghost_relocated_low_59058_59058_5050,1780315800,2026-06-01,12,10,59058,59058,1
ghost_relocated_low_59060_59060_5051,1780315920,2026-06-01,12,12,59060,59060,1
ghost_relocated_low_59061_59061_5052,1780315980,2026-06-01,12,13,59061,59061,1
ghost_relocated_low_59062_59062_5053,1780316040,2026-06-01,12,14,59062,59062,1
ghost_relocated_low_59066_59066_5054,1780316280,2026-06-01,12,18,59066,59066,1
ghost_relocated_high_59116_59093_5055,1780319280,2026-06-01,13,8,59116,59093,1
ghost_relocated_low_59143_59135_5056,1780320900,2026-06-01,13,35,59143,59135,1
ghost_relocated_high_59185_59155_5057,1780323420,2026-06-01,14,17,59185,59155,1
ghost_relocated_low_59205_59171_5058,1780324620,2026-06-01,14,37,59205,59171,1
ghost_relocated_low_59313_59306_5059,1780331100,2026-06-01,16,25,59313,59306,1
ghost_relocated_high_59356_59348_5060,1780333680,2026-06-01,17,8,59356,59348,1
ghost_relocated_high_59377_59377_5061,1780334940,2026-06-01,17,29,59377,59377,1
ghost_relocated_high_59378_59378_5062,1780335000,2026-06-01,17,30,59378,59378,1
ghost_relocated_high_59388_59388_5063,1780335600,2026-06-01,17,40,59388,59388,1
ghost_relocated_high_59390_59390_5064,1780335720,2026-06-01,17,42,59390,59390,1
ghost_relocated_high_59391_59391_5065,1780335780,2026-06-01,17,43,59391,59391,1
ghost_relocated_low_59441_59423_5066,1780338780,2026-06-01,18,33,59441,59423,1
ghost_relocated_low_59457_59457_5067,1780339740,2026-06-01,18,49,59457,59457,1
ghost_relocated_low_59458_59458_5068,1780339800,2026-06-01,18,50,59458,59458,1
ghost_relocated_low_59460_59460_5069,1780339920,2026-06-01,18,52,59460,59460,1
ghost_relocated_low_59468_59468_5070,1780340400,2026-06-01,19,0,59468,59468,1
ghost_relocated_low_59499_59499_5071,1780342260,2026-06-01,19,31,59499,59499,1
ghost_relocated_low_59500_59500_5072,1780342320,2026-06-01,19,32,59500,59500,1
ghost_relocated_low_59502_59502_5073,1780342440,2026-06-01,19,34,59502,59502,1
ghost_relocated_low_59503_59503_5074,1780342500,2026-06-01,19,35,59503,59503,1
ghost_relocated_low_59504_59504_5075,1780342560,2026-06-01,19,36,59504,59504,1
ghost_relocated_low_59505_59505_5076,1780342620,2026-06-01,19,37,59505,59505,1
ghost_relocated_low_59513_59513_5077,1780343100,2026-06-01,19,45,59513,59513,1
ghost_relocated_low_59515_59515_5078,1780343220,2026-06-01,19,47,59515,59515,1
ghost_relocated_low_59516_59516_5079,1780343280,2026-06-01,19,48,59516,59516,1
ghost_relocated_low_59517_59517_5080,1780343340,2026-06-01,19,49,59517,59517,1
ghost_relocated_low_59518_59518_5081,1780343400,2026-06-01,19,50,59518,59518,1
ghost_relocated_low_59524_59524_5082,1780343760,2026-06-01,19,56,59524,59524,1
ghost_relocated_low_59525_59525_5083,1780343820,2026-06-01,19,57,59525,59525,1
ghost_relocated_low_59529_59529_5084,1780344060,2026-06-01,20,1,59529,59529,1
ghost_relocated_low_59535_59535_5085,1780344420,2026-06-01,20,7,59535,59535,1
ghost_relocated_low_59536_59536_5086,1780344480,2026-06-01,20,8,59536,59536,1
ghost_relocated_low_59543_59543_5087,1780344900,2026-06-01,20,15,59543,59543,1
ghost_relocated_low_59568_59568_5088,1780346400,2026-06-01,20,40,59568,59568,1
ghost_relocated_low_59573_59573_5089,1780346700,2026-06-01,20,45,59573,59573,1
ghost_relocated_low_59574_59574_5090,1780346760,2026-06-01,20,46,59574,59574,1
ghost_relocated_low_59581_59581_5091,1780347180,2026-06-01,20,53,59581,59581,1
ghost_relocated_low_59582_59582_5092,1780347240,2026-06-01,20,54,59582,59582,1
ghost_relocated_low_59583_59583_5093,1780347300,2026-06-01,20,55,59583,59583,1
ghost_relocated_low_59584_59584_5094,1780347360,2026-06-01,20,56,59584,59584,1
ghost_relocated_low_59586_59586_5095,1780347480,2026-06-01,20,58,59586,59586,1
ghost_relocated_low_59588_59588_5096,1780351200,2026-06-01,22,0,59588,59588,1
ghost_relocated_low_59589_59589_5097,1780351260,2026-06-01,22,1,59589,59589,1
ghost_relocated_low_59590_59590_5098,1780351320,2026-06-01,22,2,59590,59590,1
ghost_relocated_low_59591_59591_5099,1780351380,2026-06-01,22,3,59591,59591,1
ghost_relocated_low_59592_59592_5100,1780351440,2026-06-01,22,4,59592,59592,1
ghost_relocated_low_59593_59593_5101,1780351500,2026-06-01,22,5,59593,59593,1
ghost_relocated_low_59594_59594_5102,1780351560,2026-06-01,22,6,59594,59594,1
ghost_relocated_low_59595_59595_5103,1780351620,2026-06-01,22,7,59595,59595,1
ghost_relocated_low_59596_59596_5104,1780351680,2026-06-01,22,8,59596,59596,1
ghost_relocated_low_59609_59609_5105,1780352460,2026-06-01,22,21,59609,59609,1
ghost_relocated_low_59617_59617_5106,1780352940,2026-06-01,22,29,59617,59617,1
ghost_relocated_low_59626_59626_5107,1780353480,2026-06-01,22,38,59626,59626,1
ghost_relocated_low_59632_59632_5108,1780353840,2026-06-01,22,44,59632,59632,1
ghost_relocated_low_59642_59642_5109,1780354440,2026-06-01,22,54,59642,59642,1
ghost_relocated_low_59643_59643_5110,1780354500,2026-06-01,22,55,59643,59643,1
ghost_relocated_high_59693_59687_5111,1780357500,2026-06-01,23,45,59693,59687,1
ghost_relocated_low_59737_59733_5112,1780360140,2026-06-02,0,29,59737,59733,1
ghost_relocated_low_59761_59761_5113,1780361580,2026-06-02,0,53,59761,59761,1
ghost_relocated_low_59763_59763_5114,1780361700,2026-06-02,0,55,59763,59763,1
ghost_relocated_low_59764_59764_5115,1780361760,2026-06-02,0,56,59764,59764,1
ghost_relocated_low_59766_59766_5116,1780361880,2026-06-02,0,58,59766,59766,1
ghost_relocated_low_59767_59767_5117,1780361940,2026-06-02,0,59,59767,59767,1
ghost_relocated_low_59769_59769_5118,1780362060,2026-06-02,1,1,59769,59769,1
ghost_relocated_low_59770_59770_5119,1780362120,2026-06-02,1,2,59770,59770,1
ghost_relocated_low_59797_59797_5120,1780363740,2026-06-02,1,29,59797,59797,1
ghost_relocated_low_59815_59815_5121,1780364820,2026-06-02,1,47,59815,59815,1
ghost_relocated_low_59816_59816_5122,1780364880,2026-06-02,1,48,59816,59816,1
ghost_relocated_low_59817_59817_5123,1780364940,2026-06-02,1,49,59817,59817,1
ghost_relocated_low_59820_59820_5124,1780365120,2026-06-02,1,52,59820,59820,1
ghost_relocated_low_59821_59821_5125,1780365180,2026-06-02,1,53,59821,59821,1
ghost_relocated_low_59826_59826_5126,1780365480,2026-06-02,1,58,59826,59826,1
ghost_relocated_low_59827_59827_5127,1780365540,2026-06-02,1,59,59827,59827,1
ghost_relocated_low_59830_59830_5128,1780365720,2026-06-02,2,2,59830,59830,1
ghost_relocated_low_59831_59831_5129,1780365780,2026-06-02,2,3,59831,59831,1
ghost_relocated_low_59832_59832_5130,1780365840,2026-06-02,2,4,59832,59832,1
ghost_relocated_low_59834_59834_5131,1780365960,2026-06-02,2,6,59834,59834,1
ghost_relocated_low_59835_59835_5132,1780366020,2026-06-02,2,7,59835,59835,1
ghost_relocated_low_59836_59836_5133,1780366080,2026-06-02,2,8,59836,59836,1
ghost_relocated_low_59838_59838_5134,1780366200,2026-06-02,2,10,59838,59838,1
ghost_relocated_high_59888_59868_5135,1780369200,2026-06-02,3,0,59888,59868,1
ghost_relocated_low_59918_59908_5136,1780371000,2026-06-02,3,30,59918,59908,1
ghost_relocated_high_59958_59956_5137,1780373400,2026-06-02,4,10,59958,59956,1
ghost_relocated_high_59971_59971_5138,1780374180,2026-06-02,4,23,59971,59971,1
ghost_relocated_high_59974_59974_5139,1780374360,2026-06-02,4,26,59974,59974,1
ghost_relocated_high_59975_59975_5140,1780374420,2026-06-02,4,27,59975,59975,1
ghost_relocated_high_59976_59976_5141,1780374480,2026-06-02,4,28,59976,59976,1
ghost_relocated_high_59977_59977_5142,1780374540,2026-06-02,4,29,59977,59977,1
ghost_relocated_high_59992_59992_5143,1780375440,2026-06-02,4,44,59992,59992,1
ghost_relocated_high_59993_59993_5144,1780375500,2026-06-02,4,45,59993,59993,1
ghost_relocated_high_59994_59994_5145,1780375560,2026-06-02,4,46,59994,59994,1
ghost_relocated_high_59995_59995_5146,1780375620,2026-06-02,4,47,59995,59995,1
ghost_relocated_high_59996_59996_5147,1780375680,2026-06-02,4,48,59996,59996,1
ghost_relocated_high_60000_60000_5148,1780375920,2026-06-02,4,52,60000,60000,1
ghost_relocated_high_60001_60001_5149,1780375980,2026-06-02,4,53,60001,60001,1
ghost_relocated_high_60004_60004_5150,1780376160,2026-06-02,4,56,60004,60004,1
ghost_relocated_high_60005_60005_5151,1780376220,2026-06-02,4,57,60005,60005,1
ghost_relocated_high_60006_60006_5152,1780376280,2026-06-02,4,58,60006,60006,1
ghost_relocated_high_60007_60007_5153,1780376340,2026-06-02,4,59,60007,60007,1
ghost_relocated_high_60008_60008_5154,1780376400,2026-06-02,5,0,60008,60008,1
ghost_relocated_high_60009_60009_5155,1780376460,2026-06-02,5,1,60009,60009,1
ghost_relocated_high_60017_60017_5156,1780376940,2026-06-02,5,9,60017,60017,1
ghost_relocated_high_60018_60018_5157,1780377000,2026-06-02,5,10,60018,60018,1
ghost_relocated_high_60019_60019_5158,1780377060,2026-06-02,5,11,60019,60019,1
ghost_relocated_high_60020_60020_5159,1780377120,2026-06-02,5,12,60020,60020,1
ghost_relocated_high_60022_60022_5160,1780377240,2026-06-02,5,14,60022,60022,1
ghost_relocated_high_60029_60029_5161,1780377660,2026-06-02,5,21,60029,60029,1
ghost_relocated_high_60033_60033_5162,1780377900,2026-06-02,5,25,60033,60033,1
ghost_relocated_high_60035_60035_5163,1780378020,2026-06-02,5,27,60035,60035,1
ghost_relocated_high_60037_60037_5164,1780378140,2026-06-02,5,29,60037,60037,1
ghost_relocated_high_60038_60038_5165,1780378200,2026-06-02,5,30,60038,60038,1
ghost_relocated_high_60039_60039_5166,1780378260,2026-06-02,5,31,60039,60039,1
ghost_relocated_high_60042_60042_5167,1780378440,2026-06-02,5,34,60042,60042,1
ghost_relocated_high_60043_60043_5168,1780378500,2026-06-02,5,35,60043,60043,1
ghost_relocated_high_60044_60044_5169,1780378560,2026-06-02,5,36,60044,60044,1
ghost_relocated_high_60088_60088_5170,1780381200,2026-06-02,6,20,60088,60088,1
ghost_relocated_high_60089_60089_5171,1780381260,2026-06-02,6,21,60089,60089,1
ghost_relocated_high_60090_60090_5172,1780381320,2026-06-02,6,22,60090,60090,1
ghost_relocated_high_60103_60103_5173,1780382100,2026-06-02,6,35,60103,60103,1
ghost_relocated_high_60104_60104_5174,1780382160,2026-06-02,6,36,60104,60104,1
ghost_relocated_high_60113_60113_5175,1780382700,2026-06-02,6,45,60113,60113,1
ghost_relocated_high_60124_60124_5176,1780383360,2026-06-02,6,56,60124,60124,1
ghost_relocated_high_60128_60128_5177,1780383600,2026-06-02,7,0,60128,60128,1
ghost_relocated_high_60132_60132_5178,1780383840,2026-06-02,7,4,60132,60132,1
ghost_relocated_high_60133_60133_5179,1780383900,2026-06-02,7,5,60133,60133,1
ghost_relocated_high_60134_60134_5180,1780383960,2026-06-02,7,6,60134,60134,1
ghost_relocated_high_60135_60135_5181,1780384020,2026-06-02,7,7,60135,60135,1
ghost_relocated_high_60136_60136_5182,1780384080,2026-06-02,7,8,60136,60136,1
ghost_relocated_high_60137_60137_5183,1780384140,2026-06-02,7,9,60137,60137,1
ghost_relocated_high_60138_60138_5184,1780384200,2026-06-02,7,10,60138,60138,1
ghost_relocated_high_60150_60150_5185,1780384920,2026-06-02,7,22,60150,60150,1
ghost_relocated_high_60151_60151_5186,1780384980,2026-06-02,7,23,60151,60151,1
ghost_relocated_high_60189_60189_5187,1780387260,2026-06-02,8,1,60189,60189,1
ghost_relocated_high_60190_60190_5188,1780387320,2026-06-02,8,2,60190,60190,1
ghost_relocated_high_60191_60191_5189,1780387380,2026-06-02,8,3,60191,60191,1
ghost_relocated_high_60192_60192_5190,1780387440,2026-06-02,8,4,60192,60192,1
ghost_relocated_high_60202_60202_5191,1780388040,2026-06-02,8,14,60202,60202,1
ghost_relocated_low_60252_60252_5192,1780391040,2026-06-02,9,4,60252,60252,1
ghost_relocated_high_60302_60298_5193,1780394040,2026-06-02,9,54,60302,60298,1
ghost_relocated_low_60348_60346_5194,1780396800,2026-06-02,10,40,60348,60346,1
ghost_relocated_low_60354_60354_5195,1780397160,2026-06-02,10,46,60354,60354,1
ghost_relocated_low_60355_60355_5196,1780397220,2026-06-02,10,47,60355,60355,1
ghost_relocated_low_60356_60356_5197,1780397280,2026-06-02,10,48,60356,60356,1
ghost_relocated_low_60368_60368_5198,1780398000,2026-06-02,11,0,60368,60368,1
ghost_relocated_low_60370_60370_5199,1780398120,2026-06-02,11,2,60370,60370,1
ghost_relocated_low_60371_60371_5200,1780398180,2026-06-02,11,3,60371,60371,1
ghost_relocated_low_60372_60372_5201,1780398240,2026-06-02,11,4,60372,60372,1
ghost_relocated_high_60422_60402_5202,1780401240,2026-06-02,11,54,60422,60402,1
ghost_relocated_low_60452_60447_5203,1780403040,2026-06-02,12,24,60452,60447,1
ghost_relocated_low_60488_60488_5204,1780405200,2026-06-02,13,0,60488,60488,1
ghost_relocated_low_60489_60489_5205,1780405260,2026-06-02,13,1,60489,60489,1
ghost_relocated_low_60495_60495_5206,1780405620,2026-06-02,13,7,60495,60495,1
ghost_relocated_low_60496_60496_5207,1780405680,2026-06-02,13,8,60496,60496,1
ghost_relocated_low_60521_60521_5208,1780407180,2026-06-02,13,33,60521,60521,1
ghost_relocated_low_60522_60522_5209,1780407240,2026-06-02,13,34,60522,60522,1
ghost_relocated_low_60523_60523_5210,1780407300,2026-06-02,13,35,60523,60523,1
ghost_relocated_low_60526_60526_5211,1780407480,2026-06-02,13,38,60526,60526,1
ghost_relocated_low_60528_60528_5212,1780407600,2026-06-02,13,40,60528,60528,1
ghost_relocated_low_60529_60529_5213,1780407660,2026-06-02,13,41,60529,60529,1
ghost_relocated_high_60579_60561_5214,1780410660,2026-06-02,14,31,60579,60561,1
ghost_relocated_high_60609_60609_5215,1780412460,2026-06-02,15,1,60609,60609,1
ghost_relocated_high_60616_60616_5216,1780412880,2026-06-02,15,8,60616,60616,1
ghost_relocated_high_60617_60617_5217,1780412940,2026-06-02,15,9,60617,60617,1
ghost_relocated_high_60618_60618_5218,1780413000,2026-06-02,15,10,60618,60618,1
ghost_relocated_high_60619_60619_5219,1780413060,2026-06-02,15,11,60619,60619,1
ghost_relocated_high_60622_60622_5220,1780413240,2026-06-02,15,14,60622,60622,1
ghost_relocated_high_60623_60623_5221,1780413300,2026-06-02,15,15,60623,60623,1
ghost_relocated_high_60624_60624_5222,1780413360,2026-06-02,15,16,60624,60624,1
ghost_relocated_high_60629_60629_5223,1780413660,2026-06-02,15,21,60629,60629,1
ghost_relocated_high_60643_60643_5224,1780414500,2026-06-02,15,35,60643,60643,1
ghost_relocated_high_60644_60644_5225,1780414560,2026-06-02,15,36,60644,60644,1
ghost_relocated_high_60647_60647_5226,1780414740,2026-06-02,15,39,60647,60647,1
ghost_relocated_high_60661_60661_5227,1780415580,2026-06-02,15,53,60661,60661,1
ghost_relocated_high_60662_60662_5228,1780415640,2026-06-02,15,54,60662,60662,1
ghost_relocated_high_60663_60663_5229,1780415700,2026-06-02,15,55,60663,60663,1
ghost_relocated_high_60664_60664_5230,1780415760,2026-06-02,15,56,60664,60664,1
ghost_relocated_high_60666_60666_5231,1780415880,2026-06-02,15,58,60666,60666,1
ghost_relocated_high_60674_60674_5232,1780416360,2026-06-02,16,6,60674,60674,1
ghost_relocated_high_60675_60675_5233,1780416420,2026-06-02,16,7,60675,60675,1
ghost_relocated_low_60725_60705_5234,1780419420,2026-06-02,16,57,60725,60705,1
ghost_relocated_low_60751_60751_5235,1780420980,2026-06-02,17,23,60751,60751,1
ghost_relocated_low_60752_60752_5236,1780421040,2026-06-02,17,24,60752,60752,1
ghost_relocated_low_60753_60753_5237,1780421100,2026-06-02,17,25,60753,60753,1
ghost_relocated_low_60755_60755_5238,1780421220,2026-06-02,17,27,60755,60755,1
ghost_relocated_low_60760_60760_5239,1780421520,2026-06-02,17,32,60760,60760,1
ghost_relocated_low_60761_60761_5240,1780421580,2026-06-02,17,33,60761,60761,1
ghost_relocated_low_60762_60762_5241,1780421640,2026-06-02,17,34,60762,60762,1
ghost_relocated_low_60763_60763_5242,1780421700,2026-06-02,17,35,60763,60763,1
ghost_relocated_low_60764_60764_5243,1780421760,2026-06-02,17,36,60764,60764,1
ghost_relocated_low_60765_60765_5244,1780421820,2026-06-02,17,37,60765,60765,1
ghost_relocated_low_60766_60766_5245,1780421880,2026-06-02,17,38,60766,60766,1
ghost_relocated_high_60816_60800_5246,1780424880,2026-06-02,18,28,60816,60800,1
ghost_relocated_high_60851_60851_5247,1780426980,2026-06-02,19,3,60851,60851,1
ghost_relocated_high_60852_60852_5248,1780427040,2026-06-02,19,4,60852,60852,1
ghost_relocated_high_60855_60855_5249,1780427220,2026-06-02,19,7,60855,60855,1
ghost_relocated_high_60858_60858_5250,1780427400,2026-06-02,19,10,60858,60858,1
ghost_relocated_high_60859_60859_5251,1780427460,2026-06-02,19,11,60859,60859,1
ghost_relocated_high_60861_60861_5252,1780427580,2026-06-02,19,13,60861,60861,1
ghost_relocated_high_60862_60862_5253,1780427640,2026-06-02,19,14,60862,60862,1
ghost_relocated_high_60870_60870_5254,1780428120,2026-06-02,19,22,60870,60870,1
ghost_relocated_high_60878_60870_5255,1780428600,2026-06-02,19,30,60878,60870,1
ghost_relocated_high_60890_60890_5256,1780429320,2026-06-02,19,42,60890,60890,1
ghost_relocated_high_60893_60893_5257,1780429500,2026-06-02,19,45,60893,60893,1
ghost_relocated_high_60894_60894_5258,1780429560,2026-06-02,19,46,60894,60894,1
ghost_relocated_high_60895_60895_5259,1780429620,2026-06-02,19,47,60895,60895,1
ghost_relocated_high_60896_60896_5260,1780429680,2026-06-02,19,48,60896,60896,1
ghost_relocated_high_60898_60898_5261,1780429800,2026-06-02,19,50,60898,60898,1
ghost_relocated_high_60901_60901_5262,1780429980,2026-06-02,19,53,60901,60901,1
ghost_relocated_high_60906_60906_5263,1780430280,2026-06-02,19,58,60906,60906,1
ghost_relocated_high_60907_60907_5264,1780430340,2026-06-02,19,59,60907,60907,1
ghost_relocated_high_60912_60912_5265,1780430640,2026-06-02,20,4,60912,60912,1
ghost_relocated_high_60913_60913_5266,1780430700,2026-06-02,20,5,60913,60913,1
ghost_relocated_low_60963_60922_5267,1780433700,2026-06-02,20,55,60963,60922,1
ghost_relocated_low_60968_60968_5268,1780437600,2026-06-02,22,0,60968,60968,1
ghost_relocated_low_60969_60969_5269,1780437660,2026-06-02,22,1,60969,60969,1
ghost_relocated_low_61019_61019_5270,1780440660,2026-06-02,22,51,61019,61019,1
ghost_relocated_low_61020_61020_5271,1780440720,2026-06-02,22,52,61020,61020,1
ghost_relocated_low_61021_61021_5272,1780440780,2026-06-02,22,53,61021,61021,1
ghost_relocated_low_61026_61026_5273,1780441080,2026-06-02,22,58,61026,61026,1
ghost_relocated_low_61027_61027_5274,1780441140,2026-06-02,22,59,61027,61027,1
ghost_relocated_low_61029_61029_5275,1780441260,2026-06-02,23,1,61029,61029,1
ghost_relocated_low_61030_61030_5276,1780441320,2026-06-02,23,2,61030,61030,1
ghost_relocated_low_61031_61031_5277,1780441380,2026-06-02,23,3,61031,61031,1
ghost_relocated_low_61032_61032_5278,1780441440,2026-06-02,23,4,61032,61032,1
ghost_relocated_low_61037_61037_5279,1780441740,2026-06-02,23,9,61037,61037,1
ghost_relocated_low_61038_61038_5280,1780441800,2026-06-02,23,10,61038,61038,1
ghost_relocated_low_61040_61040_5281,1780441920,2026-06-02,23,12,61040,61040,1
ghost_relocated_low_61044_61044_5282,1780442160,2026-06-02,23,16,61044,61044,1
ghost_relocated_low_61045_61045_5283,1780442220,2026-06-02,23,17,61045,61045,1
ghost_relocated_low_61046_61046_5284,1780442280,2026-06-02,23,18,61046,61046,1
ghost_relocated_low_61047_61047_5285,1780442340,2026-06-02,23,19,61047,61047,1
ghost_relocated_low_61048_61048_5286,1780442400,2026-06-02,23,20,61048,61048,1
ghost_relocated_low_61049_61049_5287,1780442460,2026-06-02,23,21,61049,61049,1
ghost_relocated_low_61050_61049_5288,1780442520,2026-06-02,23,22,61050,61049,1
ghost_relocated_low_61051_61051_5289,1780442580,2026-06-02,23,23,61051,61051,1
ghost_relocated_low_61053_61053_5290,1780442700,2026-06-02,23,25,61053,61053,1
ghost_relocated_high_61103_61089_5291,1780445700,2026-06-03,0,15,61103,61089,1
ghost_relocated_high_61139_61139_5292,1780447860,2026-06-03,0,51,61139,61139,1
ghost_relocated_low_61189_61188_5293,1780450860,2026-06-03,1,41,61189,61188,1
ghost_relocated_low_61190_61190_5294,1780450920,2026-06-03,1,42,61190,61190,1
ghost_relocated_low_61191_61191_5295,1780450980,2026-06-03,1,43,61191,61191,1
ghost_relocated_low_61192_61192_5296,1780451040,2026-06-03,1,44,61192,61192,1
ghost_relocated_low_61193_61193_5297,1780451100,2026-06-03,1,45,61193,61193,1
ghost_relocated_low_61194_61194_5298,1780451160,2026-06-03,1,46,61194,61194,1
ghost_relocated_high_61245_61225_5299,1780454220,2026-06-03,2,37,61245,61225,1
ghost_relocated_high_61289_61289_5300,1780456860,2026-06-03,3,21,61289,61289,1
ghost_relocated_high_61290_61290_5301,1780456920,2026-06-03,3,22,61290,61290,1
ghost_relocated_high_61291_61291_5302,1780456980,2026-06-03,3,23,61291,61291,1
ghost_relocated_high_61292_61292_5303,1780457040,2026-06-03,3,24,61292,61292,1
ghost_relocated_high_61323_61323_5304,1780458900,2026-06-03,3,55,61323,61323,1
ghost_relocated_high_61324_61324_5305,1780458960,2026-06-03,3,56,61324,61324,1
ghost_relocated_high_61331_61331_5306,1780459380,2026-06-03,4,3,61331,61331,1
ghost_relocated_high_61332_61332_5307,1780459440,2026-06-03,4,4,61332,61332,1
ghost_relocated_high_61333_61333_5308,1780459500,2026-06-03,4,5,61333,61333,1
ghost_relocated_high_61334_61334_5309,1780459560,2026-06-03,4,6,61334,61334,1
ghost_relocated_high_61338_61338_5310,1780459800,2026-06-03,4,10,61338,61338,1
ghost_relocated_high_61342_61342_5311,1780460040,2026-06-03,4,14,61342,61342,1
ghost_relocated_high_61362_61362_5312,1780461240,2026-06-03,4,34,61362,61362,1
ghost_relocated_high_61363_61363_5313,1780461300,2026-06-03,4,35,61363,61363,1
ghost_relocated_low_61413_61388_5314,1780464300,2026-06-03,5,25,61413,61388,1
ghost_relocated_high_61438_61414_5315,1780465800,2026-06-03,5,50,61438,61414,1
ghost_relocated_high_61510_61491_5316,1780470120,2026-06-03,7,2,61510,61491,1
ghost_relocated_high_61516_61516_5317,1780470480,2026-06-03,7,8,61516,61516,1
ghost_relocated_high_61518_61518_5318,1780470600,2026-06-03,7,10,61518,61518,1
ghost_relocated_high_61519_61519_5319,1780470660,2026-06-03,7,11,61519,61519,1
ghost_relocated_low_61569_61550_5320,1780473660,2026-06-03,8,1,61569,61550,1
ghost_relocated_high_61600_61581_5321,1780475520,2026-06-03,8,32,61600,61581,1
ghost_relocated_low_61631_61590_5322,1780477380,2026-06-03,9,3,61631,61590,1
ghost_relocated_high_61742_61696_5323,1780484040,2026-06-03,10,54,61742,61696,1
ghost_relocated_low_61746_61709_5324,1780484280,2026-06-03,10,58,61746,61709,1
ghost_relocated_low_61839_61839_5325,1780489860,2026-06-03,12,31,61839,61839,1
ghost_relocated_low_61841_61841_5326,1780489980,2026-06-03,12,33,61841,61841,1
ghost_relocated_low_61844_61844_5327,1780490160,2026-06-03,12,36,61844,61844,1
ghost_relocated_low_61845_61845_5328,1780490220,2026-06-03,12,37,61845,61845,1
ghost_relocated_low_61846_61846_5329,1780490280,2026-06-03,12,38,61846,61846,1
ghost_relocated_low_61847_61847_5330,1780490340,2026-06-03,12,39,61847,61847,1
ghost_relocated_low_61862_61847_5331,1780491240,2026-06-03,12,54,61862,61847,1
ghost_relocated_low_61863_61863_5332,1780491300,2026-06-03,12,55,61863,61863,1
ghost_relocated_low_61903_61903_5333,1780493700,2026-06-03,13,35,61903,61903,1
ghost_relocated_low_61904_61904_5334,1780493760,2026-06-03,13,36,61904,61904,1
ghost_relocated_low_61905_61905_5335,1780493820,2026-06-03,13,37,61905,61905,1
ghost_relocated_low_61906_61906_5336,1780493880,2026-06-03,13,38,61906,61906,1
ghost_relocated_low_61912_61912_5337,1780494240,2026-06-03,13,44,61912,61912,1
ghost_relocated_low_61913_61913_5338,1780494300,2026-06-03,13,45,61913,61913,1
ghost_relocated_low_61914_61914_5339,1780494360,2026-06-03,13,46,61914,61914,1
ghost_relocated_low_61915_61915_5340,1780494420,2026-06-03,13,47,61915,61915,1
ghost_relocated_low_61916_61916_5341,1780494480,2026-06-03,13,48,61916,61916,1
ghost_relocated_low_61917_61917_5342,1780494540,2026-06-03,13,49,61917,61917,1
ghost_relocated_low_61918_61918_5343,1780494600,2026-06-03,13,50,61918,61918,1
ghost_relocated_low_61950_61918_5344,1780496520,2026-06-03,14,22,61950,61918,1
ghost_relocated_high_61968_61958_5345,1780497600,2026-06-03,14,40,61968,61958,1
ghost_relocated_high_61971_61971_5346,1780497780,2026-06-03,14,43,61971,61971,1
ghost_relocated_low_62021_62013_5347,1780500780,2026-06-03,15,33,62021,62013,1
ghost_relocated_low_62028_62028_5348,1780501200,2026-06-03,15,40,62028,62028,1
ghost_relocated_low_62030_62030_5349,1780501320,2026-06-03,15,42,62030,62030,1
ghost_relocated_low_62031_62031_5350,1780501380,2026-06-03,15,43,62031,62031,1
ghost_relocated_low_62032_62032_5351,1780501440,2026-06-03,15,44,62032,62032,1
ghost_relocated_low_62033_62033_5352,1780501500,2026-06-03,15,45,62033,62033,1
ghost_relocated_low_62034_62034_5353,1780501560,2026-06-03,15,46,62034,62034,1
ghost_relocated_low_62035_62035_5354,1780501620,2026-06-03,15,47,62035,62035,1
ghost_relocated_low_62066_62066_5355,1780503480,2026-06-03,16,18,62066,62066,1
ghost_relocated_low_62067_62067_5356,1780503540,2026-06-03,16,19,62067,62067,1
ghost_relocated_low_62072_62072_5357,1780503840,2026-06-03,16,24,62072,62072,1
ghost_relocated_low_62073_62073_5358,1780503900,2026-06-03,16,25,62073,62073,1
ghost_relocated_low_62075_62075_5359,1780504020,2026-06-03,16,27,62075,62075,1
ghost_relocated_low_62084_62084_5360,1780504560,2026-06-03,16,36,62084,62084,1
ghost_relocated_low_62089_62089_5361,1780504860,2026-06-03,16,41,62089,62089,1
ghost_relocated_low_62090_62090_5362,1780504920,2026-06-03,16,42,62090,62090,1
ghost_relocated_high_62141_62108_5363,1780507980,2026-06-03,17,33,62141,62108,1
ghost_relocated_high_62151_62151_5364,1780508580,2026-06-03,17,43,62151,62151,1
ghost_relocated_high_62153_62153_5365,1780508700,2026-06-03,17,45,62153,62153,1
ghost_relocated_high_62159_62159_5366,1780509060,2026-06-03,17,51,62159,62159,1
ghost_relocated_high_62160_62160_5367,1780509120,2026-06-03,17,52,62160,62160,1
ghost_relocated_high_62162_62162_5368,1780509240,2026-06-03,17,54,62162,62162,1
ghost_relocated_high_62163_62163_5369,1780509300,2026-06-03,17,55,62163,62163,1
ghost_relocated_high_62164_62164_5370,1780509360,2026-06-03,17,56,62164,62164,1
ghost_relocated_high_62167_62167_5371,1780509540,2026-06-03,17,59,62167,62167,1
ghost_relocated_high_62169_62169_5372,1780509660,2026-06-03,18,1,62169,62169,1
ghost_relocated_high_62170_62170_5373,1780509720,2026-06-03,18,2,62170,62170,1
ghost_relocated_high_62171_62171_5374,1780509780,2026-06-03,18,3,62171,62171,1
ghost_relocated_high_62192_62192_5375,1780511040,2026-06-03,18,24,62192,62192,1
ghost_relocated_high_62193_62193_5376,1780511100,2026-06-03,18,25,62193,62193,1
ghost_relocated_high_62194_62194_5377,1780511160,2026-06-03,18,26,62194,62194,1
ghost_relocated_high_62197_62197_5378,1780511340,2026-06-03,18,29,62197,62197,1
ghost_relocated_high_62198_62198_5379,1780511400,2026-06-03,18,30,62198,62198,1
ghost_relocated_high_62200_62200_5380,1780511520,2026-06-03,18,32,62200,62200,1
ghost_relocated_low_62250_62250_5381,1780514520,2026-06-03,19,22,62250,62250,1
ghost_relocated_low_62255_62255_5382,1780514820,2026-06-03,19,27,62255,62255,1
ghost_relocated_low_62290_62290_5383,1780516920,2026-06-03,20,2,62290,62290,1
ghost_relocated_low_62291_62291_5384,1780516980,2026-06-03,20,3,62291,62291,1
ghost_relocated_low_62295_62295_5385,1780517220,2026-06-03,20,7,62295,62295,1
ghost_relocated_low_62303_62303_5386,1780517700,2026-06-03,20,15,62303,62303,1
ghost_relocated_low_62321_62321_5387,1780518780,2026-06-03,20,33,62321,62321,1
ghost_relocated_low_62326_62326_5388,1780519080,2026-06-03,20,38,62326,62326,1
ghost_relocated_low_62329_62329_5389,1780519260,2026-06-03,20,41,62329,62329,1
ghost_relocated_low_62330_62330_5390,1780519320,2026-06-03,20,42,62330,62330,1
ghost_relocated_low_62331_62331_5391,1780519380,2026-06-03,20,43,62331,62331,1
ghost_relocated_low_62332_62332_5392,1780519440,2026-06-03,20,44,62332,62332,1
ghost_relocated_low_62337_62337_5393,1780519740,2026-06-03,20,49,62337,62337,1
ghost_relocated_low_62338_62338_5394,1780519800,2026-06-03,20,50,62338,62338,1
ghost_relocated_low_62341_62341_5395,1780519980,2026-06-03,20,53,62341,62341,1
ghost_relocated_low_62348_62348_5396,1780524000,2026-06-03,22,0,62348,62348,1
ghost_relocated_low_62364_62364_5397,1780524960,2026-06-03,22,16,62364,62364,1
ghost_relocated_low_62366_62366_5398,1780525080,2026-06-03,22,18,62366,62366,1
ghost_relocated_low_62367_62367_5399,1780525140,2026-06-03,22,19,62367,62367,1
ghost_relocated_low_62368_62368_5400,1780525200,2026-06-03,22,20,62368,62368,1
ghost_relocated_low_62369_62369_5401,1780525260,2026-06-03,22,21,62369,62369,1
ghost_relocated_low_62398_62398_5402,1780527000,2026-06-03,22,50,62398,62398,1
ghost_relocated_low_62399_62399_5403,1780527060,2026-06-03,22,51,62399,62399,1
ghost_relocated_high_62449_62405_5404,1780530060,2026-06-03,23,41,62449,62405,1
ghost_relocated_high_62499_62499_5405,1780533060,2026-06-04,0,31,62499,62499,1
ghost_relocated_high_62500_62500_5406,1780533120,2026-06-04,0,32,62500,62500,1
ghost_relocated_high_62501_62501_5407,1780533180,2026-06-04,0,33,62501,62501,1
ghost_relocated_high_62502_62502_5408,1780533240,2026-06-04,0,34,62502,62502,1
ghost_relocated_high_62503_62503_5409,1780533300,2026-06-04,0,35,62503,62503,1
ghost_relocated_high_62505_62503_5410,1780533420,2026-06-04,0,37,62505,62503,1
ghost_relocated_high_62522_62522_5411,1780534440,2026-06-04,0,54,62522,62522,1
ghost_relocated_high_62528_62528_5412,1780534800,2026-06-04,1,0,62528,62528,1
ghost_relocated_high_62533_62533_5413,1780535100,2026-06-04,1,5,62533,62533,1
ghost_relocated_high_62537_62537_5414,1780535340,2026-06-04,1,9,62537,62537,1
ghost_relocated_high_62538_62538_5415,1780535400,2026-06-04,1,10,62538,62538,1
ghost_relocated_high_62540_62540_5416,1780535520,2026-06-04,1,12,62540,62540,1
ghost_relocated_low_62590_62590_5417,1780538520,2026-06-04,2,2,62590,62590,1
ghost_relocated_low_62591_62591_5418,1780538580,2026-06-04,2,3,62591,62591,1
ghost_relocated_low_62592_62592_5419,1780538640,2026-06-04,2,4,62592,62592,1
ghost_relocated_low_62593_62593_5420,1780538700,2026-06-04,2,5,62593,62593,1
ghost_relocated_low_62597_62597_5421,1780538940,2026-06-04,2,9,62597,62597,1
ghost_relocated_low_62598_62598_5422,1780539000,2026-06-04,2,10,62598,62598,1
ghost_relocated_low_62599_62599_5423,1780539060,2026-06-04,2,11,62599,62599,1
ghost_relocated_low_62600_62600_5424,1780539120,2026-06-04,2,12,62600,62600,1
ghost_relocated_low_62602_62602_5425,1780539240,2026-06-04,2,14,62602,62602,1
ghost_relocated_low_62603_62603_5426,1780539300,2026-06-04,2,15,62603,62603,1
ghost_relocated_low_62604_62604_5427,1780539360,2026-06-04,2,16,62604,62604,1
ghost_relocated_high_62654_62653_5428,1780542360,2026-06-04,3,6,62654,62653,1
ghost_relocated_high_62658_62658_5429,1780542600,2026-06-04,3,10,62658,62658,1
ghost_relocated_high_62664_62664_5430,1780542960,2026-06-04,3,16,62664,62664,1
ghost_relocated_high_62666_62666_5431,1780543080,2026-06-04,3,18,62666,62666,1
ghost_relocated_high_62667_62667_5432,1780543140,2026-06-04,3,19,62667,62667,1
ghost_relocated_high_62673_62673_5433,1780543500,2026-06-04,3,25,62673,62673,1
ghost_relocated_high_62676_62676_5434,1780543680,2026-06-04,3,28,62676,62676,1
ghost_relocated_high_62677_62677_5435,1780543740,2026-06-04,3,29,62677,62677,1
ghost_relocated_high_62678_62678_5436,1780543800,2026-06-04,3,30,62678,62678,1
ghost_relocated_high_62679_62679_5437,1780543860,2026-06-04,3,31,62679,62679,1
ghost_relocated_high_62681_62681_5438,1780543980,2026-06-04,3,33,62681,62681,1
ghost_relocated_high_62719_62719_5439,1780546260,2026-06-04,4,11,62719,62719,1
ghost_relocated_high_62722_62722_5440,1780546440,2026-06-04,4,14,62722,62722,1
ghost_relocated_high_62723_62723_5441,1780546500,2026-06-04,4,15,62723,62723,1
ghost_relocated_high_62731_62731_5442,1780546980,2026-06-04,4,23,62731,62731,1
ghost_relocated_high_62732_62732_5443,1780547040,2026-06-04,4,24,62732,62732,1
ghost_relocated_high_62742_62742_5444,1780547640,2026-06-04,4,34,62742,62742,1
ghost_relocated_high_62753_62753_5445,1780548300,2026-06-04,4,45,62753,62753,1
ghost_relocated_low_62803_62781_5446,1780551300,2026-06-04,5,35,62803,62781,1
ghost_relocated_high_62831_62831_5447,1780552980,2026-06-04,6,3,62831,62831,1
ghost_relocated_high_62838_62838_5448,1780553400,2026-06-04,6,10,62838,62838,1
ghost_relocated_high_62839_62839_5449,1780553460,2026-06-04,6,11,62839,62839,1
ghost_relocated_high_62864_62864_5450,1780554960,2026-06-04,6,36,62864,62864,1
ghost_relocated_high_62867_62867_5451,1780555140,2026-06-04,6,39,62867,62867,1
ghost_relocated_high_62868_62868_5452,1780555200,2026-06-04,6,40,62868,62868,1
ghost_relocated_high_62872_62872_5453,1780555440,2026-06-04,6,44,62872,62872,1
ghost_relocated_high_62878_62878_5454,1780555800,2026-06-04,6,50,62878,62878,1
ghost_relocated_high_62881_62881_5455,1780555980,2026-06-04,6,53,62881,62881,1
ghost_relocated_high_62882_62882_5456,1780556040,2026-06-04,6,54,62882,62882,1
ghost_relocated_high_62892_62892_5457,1780556640,2026-06-04,7,4,62892,62892,1
ghost_relocated_high_62893_62893_5458,1780556700,2026-06-04,7,5,62893,62893,1
ghost_relocated_low_62943_62909_5459,1780559700,2026-06-04,7,55,62943,62909,1
ghost_relocated_low_62946_62946_5460,1780559880,2026-06-04,7,58,62946,62946,1
ghost_relocated_low_62948_62948_5461,1780560000,2026-06-04,8,0,62948,62948,1
ghost_relocated_low_62949_62949_5462,1780560060,2026-06-04,8,1,62949,62949,1
ghost_relocated_low_62950_62950_5463,1780560120,2026-06-04,8,2,62950,62950,1
ghost_relocated_low_62951_62951_5464,1780560180,2026-06-04,8,3,62951,62951,1
ghost_relocated_low_62952_62952_5465,1780560240,2026-06-04,8,4,62952,62952,1
ghost_relocated_low_62953_62953_5466,1780560300,2026-06-04,8,5,62953,62953,1
ghost_relocated_low_62955_62955_5467,1780560420,2026-06-04,8,7,62955,62955,1
ghost_relocated_low_62956_62956_5468,1780560480,2026-06-04,8,8,62956,62956,1
ghost_relocated_low_62957_62957_5469,1780560540,2026-06-04,8,9,62957,62957,1
ghost_relocated_low_62959_62959_5470,1780560660,2026-06-04,8,11,62959,62959,1
ghost_relocated_low_62960_62960_5471,1780560720,2026-06-04,8,12,62960,62960,1
ghost_relocated_low_62961_62961_5472,1780560780,2026-06-04,8,13,62961,62961,1
ghost_relocated_low_62962_62962_5473,1780560840,2026-06-04,8,14,62962,62962,1
ghost_relocated_low_62963_62963_5474,1780560900,2026-06-04,8,15,62963,62963,1
ghost_relocated_low_62967_62967_5475,1780561140,2026-06-04,8,19,62967,62967,1
ghost_relocated_low_62968_62968_5476,1780561200,2026-06-04,8,20,62968,62968,1
ghost_relocated_low_62969_62969_5477,1780561260,2026-06-04,8,21,62969,62969,1
ghost_relocated_low_62970_62970_5478,1780561320,2026-06-04,8,22,62970,62970,1
ghost_relocated_low_62971_62971_5479,1780561380,2026-06-04,8,23,62971,62971,1
ghost_relocated_low_62973_62973_5480,1780561500,2026-06-04,8,25,62973,62973,1
ghost_relocated_low_62974_62974_5481,1780561560,2026-06-04,8,26,62974,62974,1
ghost_relocated_low_62975_62975_5482,1780561620,2026-06-04,8,27,62975,62975,1
ghost_relocated_low_62976_62976_5483,1780561680,2026-06-04,8,28,62976,62976,1
ghost_relocated_low_62997_62997_5484,1780562940,2026-06-04,8,49,62997,62997,1
ghost_relocated_low_62998_62998_5485,1780563000,2026-06-04,8,50,62998,62998,1
ghost_relocated_low_63001_63001_5486,1780563180,2026-06-04,8,53,63001,63001,1
ghost_relocated_low_63002_63002_5487,1780563240,2026-06-04,8,54,63002,63002,1
ghost_relocated_low_63003_63003_5488,1780563300,2026-06-04,8,55,63003,63003,1
ghost_relocated_low_63008_63008_5489,1780563600,2026-06-04,9,0,63008,63008,1
ghost_relocated_low_63009_63009_5490,1780563660,2026-06-04,9,1,63009,63009,1
ghost_relocated_low_63011_63011_5491,1780563780,2026-06-04,9,3,63011,63011,1
ghost_relocated_low_63013_63013_5492,1780563900,2026-06-04,9,5,63013,63013,1
ghost_relocated_low_63014_63014_5493,1780563960,2026-06-04,9,6,63014,63014,1
ghost_relocated_low_63019_63019_5494,1780564260,2026-06-04,9,11,63019,63019,1
ghost_relocated_low_63020_63020_5495,1780564320,2026-06-04,9,12,63020,63020,1
ghost_relocated_low_63021_63021_5496,1780564380,2026-06-04,9,13,63021,63021,1
ghost_relocated_low_63022_63022_5497,1780564440,2026-06-04,9,14,63022,63022,1
ghost_relocated_low_63023_63023_5498,1780564500,2026-06-04,9,15,63023,63023,1
ghost_relocated_low_63026_63026_5499,1780564680,2026-06-04,9,18,63026,63026,1
ghost_relocated_high_63076_63063_5500,1780567680,2026-06-04,10,8,63076,63063,1
ghost_relocated_low_63113_63113_5501,1780569900,2026-06-04,10,45,63113,63113,1
ghost_relocated_low_63118_63118_5502,1780570200,2026-06-04,10,50,63118,63118,1
ghost_relocated_low_63119_63119_5503,1780570260,2026-06-04,10,51,63119,63119,1
ghost_relocated_low_63120_63120_5504,1780570320,2026-06-04,10,52,63120,63120,1
ghost_relocated_low_63123_63123_5505,1780570500,2026-06-04,10,55,63123,63123,1
ghost_relocated_low_63164_63164_5506,1780572960,2026-06-04,11,36,63164,63164,1
ghost_relocated_low_63165_63165_5507,1780573020,2026-06-04,11,37,63165,63165,1
ghost_relocated_low_63166_63166_5508,1780573080,2026-06-04,11,38,63166,63166,1
ghost_relocated_low_63209_63166_5509,1780575660,2026-06-04,12,21,63209,63166,1
ghost_relocated_high_63216_63195_5510,1780576080,2026-06-04,12,28,63216,63195,1
ghost_relocated_high_63225_63225_5511,1780576620,2026-06-04,12,37,63225,63225,1
ghost_relocated_high_63231_63231_5512,1780576980,2026-06-04,12,43,63231,63231,1
ghost_relocated_high_63232_63232_5513,1780577040,2026-06-04,12,44,63232,63232,1
ghost_relocated_high_63233_63233_5514,1780577100,2026-06-04,12,45,63233,63233,1
ghost_relocated_high_63236_63236_5515,1780577280,2026-06-04,12,48,63236,63236,1
ghost_relocated_high_63237_63237_5516,1780577340,2026-06-04,12,49,63237,63237,1
ghost_relocated_high_63239_63239_5517,1780577460,2026-06-04,12,51,63239,63239,1
ghost_relocated_high_63268_63268_5518,1780579200,2026-06-04,13,20,63268,63268,1
ghost_relocated_high_63281_63281_5519,1780579980,2026-06-04,13,33,63281,63281,1
ghost_relocated_high_63282_63282_5520,1780580040,2026-06-04,13,34,63282,63282,1
ghost_relocated_high_63285_63285_5521,1780580220,2026-06-04,13,37,63285,63285,1
ghost_relocated_low_63335_63315_5522,1780583220,2026-06-04,14,27,63335,63315,1
ghost_relocated_high_63365_63336_5523,1780585020,2026-06-04,14,57,63365,63336,1
ghost_relocated_high_63366_63366_5524,1780585080,2026-06-04,14,58,63366,63366,1
ghost_relocated_high_63367_63367_5525,1780585140,2026-06-04,14,59,63367,63367,1
ghost_relocated_high_63368_63368_5526,1780585200,2026-06-04,15,0,63368,63368,1
ghost_relocated_high_63373_63373_5527,1780585500,2026-06-04,15,5,63373,63373,1
ghost_relocated_high_63374_63374_5528,1780585560,2026-06-04,15,6,63374,63374,1
ghost_relocated_high_63375_63375_5529,1780585620,2026-06-04,15,7,63375,63375,1
ghost_relocated_high_63376_63376_5530,1780585680,2026-06-04,15,8,63376,63376,1
ghost_relocated_high_63377_63377_5531,1780585740,2026-06-04,15,9,63377,63377,1
ghost_relocated_high_63379_63379_5532,1780585860,2026-06-04,15,11,63379,63379,1
ghost_relocated_high_63380_63380_5533,1780585920,2026-06-04,15,12,63380,63380,1
ghost_relocated_high_63382_63382_5534,1780586040,2026-06-04,15,14,63382,63382,1
ghost_relocated_high_63383_63383_5535,1780586100,2026-06-04,15,15,63383,63383,1
ghost_relocated_high_63384_63384_5536,1780586160,2026-06-04,15,16,63384,63384,1
ghost_relocated_high_63385_63385_5537,1780586220,2026-06-04,15,17,63385,63385,1
ghost_relocated_low_63435_63419_5538,1780589220,2026-06-04,16,7,63435,63419,1
ghost_relocated_low_63610_63607_5539,1780599720,2026-06-04,19,2,63610,63607,1
ghost_relocated_low_63620_63620_5540,1780600320,2026-06-04,19,12,63620,63620,1
ghost_relocated_low_63621_63621_5541,1780600380,2026-06-04,19,13,63621,63621,1
ghost_relocated_low_63623_63623_5542,1780600500,2026-06-04,19,15,63623,63623,1
ghost_relocated_low_63624_63624_5543,1780600560,2026-06-04,19,16,63624,63624,1
ghost_relocated_low_63625_63625_5544,1780600620,2026-06-04,19,17,63625,63625,1
ghost_relocated_low_63626_63626_5545,1780600680,2026-06-04,19,18,63626,63626,1
ghost_relocated_low_63654_63654_5546,1780602360,2026-06-04,19,46,63654,63654,1
ghost_relocated_low_63655_63655_5547,1780602420,2026-06-04,19,47,63655,63655,1
ghost_relocated_low_63656_63656_5548,1780602480,2026-06-04,19,48,63656,63656,1
ghost_relocated_low_63658_63658_5549,1780602600,2026-06-04,19,50,63658,63658,1
ghost_relocated_low_63659_63659_5550,1780602660,2026-06-04,19,51,63659,63659,1
ghost_relocated_low_63663_63663_5551,1780602900,2026-06-04,19,55,63663,63663,1
ghost_relocated_low_63664_63664_5552,1780602960,2026-06-04,19,56,63664,63664,1
ghost_relocated_low_63665_63665_5553,1780603020,2026-06-04,19,57,63665,63665,1
ghost_relocated_low_63667_63667_5554,1780603140,2026-06-04,19,59,63667,63667,1
ghost_relocated_low_63669_63669_5555,1780603260,2026-06-04,20,1,63669,63669,1
ghost_relocated_low_63670_63670_5556,1780603320,2026-06-04,20,2,63670,63670,1
ghost_relocated_low_63671_63671_5557,1780603380,2026-06-04,20,3,63671,63671,1
ghost_relocated_low_63672_63672_5558,1780603440,2026-06-04,20,4,63672,63672,1
ghost_relocated_low_63673_63673_5559,1780603500,2026-06-04,20,5,63673,63673,1
ghost_relocated_low_63674_63674_5560,1780603560,2026-06-04,20,6,63674,63674,1
ghost_relocated_low_63678_63678_5561,1780603800,2026-06-04,20,10,63678,63678,1
ghost_relocated_low_63687_63687_5562,1780604340,2026-06-04,20,19,63687,63687,1
ghost_relocated_low_63688_63688_5563,1780604400,2026-06-04,20,20,63688,63688,1
ghost_relocated_low_63689_63689_5564,1780604460,2026-06-04,20,21,63689,63689,1
ghost_relocated_low_63690_63690_5565,1780604520,2026-06-04,20,22,63690,63690,1
ghost_relocated_low_63693_63693_5566,1780604700,2026-06-04,20,25,63693,63693,1
ghost_relocated_low_63694_63694_5567,1780604760,2026-06-04,20,26,63694,63694,1
ghost_relocated_low_63715_63715_5568,1780606020,2026-06-04,20,47,63715,63715,1
ghost_relocated_low_63716_63716_5569,1780606080,2026-06-04,20,48,63716,63716,1
ghost_relocated_low_63717_63717_5570,1780606140,2026-06-04,20,49,63717,63717,1
ghost_relocated_low_63728_63728_5571,1780610400,2026-06-04,22,0,63728,63728,1
ghost_relocated_low_63732_63732_5572,1780610640,2026-06-04,22,4,63732,63732,1
ghost_relocated_low_63733_63733_5573,1780610700,2026-06-04,22,5,63733,63733,1
ghost_relocated_low_63734_63734_5574,1780610760,2026-06-04,22,6,63734,63734,1
ghost_relocated_low_63735_63735_5575,1780610820,2026-06-04,22,7,63735,63735,1
ghost_relocated_low_63739_63739_5576,1780611060,2026-06-04,22,11,63739,63739,1
ghost_relocated_low_63741_63741_5577,1780611180,2026-06-04,22,13,63741,63741,1
ghost_relocated_low_63743_63743_5578,1780611300,2026-06-04,22,15,63743,63743,1
ghost_relocated_low_63744_63744_5579,1780611360,2026-06-04,22,16,63744,63744,1
ghost_relocated_low_63745_63745_5580,1780611420,2026-06-04,22,17,63745,63745,1
ghost_relocated_low_63751_63751_5581,1780611780,2026-06-04,22,23,63751,63751,1
ghost_relocated_low_63752_63752_5582,1780611840,2026-06-04,22,24,63752,63752,1
ghost_relocated_low_63753_63753_5583,1780611900,2026-06-04,22,25,63753,63753,1
ghost_relocated_high_63803_63788_5584,1780614900,2026-06-04,23,15,63803,63788,1
ghost_relocated_high_63984_63984_5585,1780625760,2026-06-05,2,16,63984,63984,1
ghost_relocated_high_63991_63991_5586,1780626180,2026-06-05,2,23,63991,63991,1
ghost_relocated_high_63993_63993_5587,1780626300,2026-06-05,2,25,63993,63993,1
ghost_relocated_high_63994_63994_5588,1780626360,2026-06-05,2,26,63994,63994,1
ghost_relocated_high_63999_63999_5589,1780626660,2026-06-05,2,31,63999,63999,1
ghost_relocated_high_64003_64003_5590,1780626900,2026-06-05,2,35,64003,64003,1
ghost_relocated_high_64004_64004_5591,1780626960,2026-06-05,2,36,64004,64004,1
ghost_relocated_low_64054_64035_5592,1780629960,2026-06-05,3,26,64054,64035,1
ghost_relocated_low_64058_64058_5593,1780630200,2026-06-05,3,30,64058,64058,1
ghost_relocated_low_64066_64066_5594,1780630680,2026-06-05,3,38,64066,64066,1
ghost_relocated_low_64074_64074_5595,1780631160,2026-06-05,3,46,64074,64074,1
ghost_relocated_low_64075_64075_5596,1780631220,2026-06-05,3,47,64075,64075,1
ghost_relocated_low_64076_64076_5597,1780631280,2026-06-05,3,48,64076,64076,1
ghost_relocated_low_64077_64077_5598,1780631340,2026-06-05,3,49,64077,64077,1
ghost_relocated_low_64078_64078_5599,1780631400,2026-06-05,3,50,64078,64078,1
ghost_relocated_low_64079_64079_5600,1780631460,2026-06-05,3,51,64079,64079,1
ghost_relocated_low_64080_64080_5601,1780631520,2026-06-05,3,52,64080,64080,1
ghost_relocated_low_64081_64081_5602,1780631580,2026-06-05,3,53,64081,64081,1
ghost_relocated_low_64082_64082_5603,1780631640,2026-06-05,3,54,64082,64082,1
ghost_relocated_high_64132_64128_5604,1780634640,2026-06-05,4,44,64132,64128,1
ghost_relocated_high_64135_64135_5605,1780634820,2026-06-05,4,47,64135,64135,1
ghost_relocated_high_64137_64137_5606,1780634940,2026-06-05,4,49,64137,64137,1
ghost_relocated_high_64138_64138_5607,1780635000,2026-06-05,4,50,64138,64138,1
ghost_relocated_high_64141_64141_5608,1780635180,2026-06-05,4,53,64141,64141,1
ghost_relocated_high_64142_64142_5609,1780635240,2026-06-05,4,54,64142,64142,1
ghost_relocated_high_64143_64143_5610,1780635300,2026-06-05,4,55,64143,64143,1
ghost_relocated_high_64144_64144_5611,1780635360,2026-06-05,4,56,64144,64144,1
ghost_relocated_low_64194_64194_5612,1780638360,2026-06-05,5,46,64194,64194,1
ghost_relocated_low_64196_64196_5613,1780638480,2026-06-05,5,48,64196,64196,1
ghost_relocated_low_64199_64199_5614,1780638660,2026-06-05,5,51,64199,64199,1
ghost_relocated_low_64200_64200_5615,1780638720,2026-06-05,5,52,64200,64200,1
ghost_relocated_low_64201_64201_5616,1780638780,2026-06-05,5,53,64201,64201,1
ghost_relocated_low_64202_64202_5617,1780638840,2026-06-05,5,54,64202,64202,1
ghost_relocated_low_64226_64226_5618,1780640280,2026-06-05,6,18,64226,64226,1
ghost_relocated_low_64227_64227_5619,1780640340,2026-06-05,6,19,64227,64227,1
ghost_relocated_low_64228_64228_5620,1780640400,2026-06-05,6,20,64228,64228,1
ghost_relocated_low_64229_64229_5621,1780640460,2026-06-05,6,21,64229,64229,1
ghost_relocated_low_64230_64230_5622,1780640520,2026-06-05,6,22,64230,64230,1
ghost_relocated_low_64231_64231_5623,1780640580,2026-06-05,6,23,64231,64231,1
ghost_relocated_low_64232_64232_5624,1780640640,2026-06-05,6,24,64232,64232,1
ghost_relocated_low_64247_64247_5625,1780641540,2026-06-05,6,39,64247,64247,1
ghost_relocated_low_64249_64249_5626,1780641660,2026-06-05,6,41,64249,64249,1
ghost_relocated_low_64250_64250_5627,1780641720,2026-06-05,6,42,64250,64250,1
ghost_relocated_low_64251_64251_5628,1780641780,2026-06-05,6,43,64251,64251,1
ghost_relocated_low_64252_64252_5629,1780641840,2026-06-05,6,44,64252,64252,1
ghost_relocated_low_64254_64254_5630,1780641960,2026-06-05,6,46,64254,64254,1
ghost_relocated_low_64268_64268_5631,1780642800,2026-06-05,7,0,64268,64268,1
ghost_relocated_low_64269_64269_5632,1780642860,2026-06-05,7,1,64269,64269,1
ghost_relocated_low_64270_64270_5633,1780642920,2026-06-05,7,2,64270,64270,1
ghost_relocated_low_64274_64274_5634,1780643160,2026-06-05,7,6,64274,64274,1
ghost_relocated_low_64275_64275_5635,1780643220,2026-06-05,7,7,64275,64275,1
ghost_relocated_low_64281_64281_5636,1780643580,2026-06-05,7,13,64281,64281,1
ghost_relocated_low_64282_64282_5637,1780643640,2026-06-05,7,14,64282,64282,1
ghost_relocated_low_64288_64288_5638,1780644000,2026-06-05,7,20,64288,64288,1
ghost_relocated_high_64338_64330_5639,1780647000,2026-06-05,8,10,64338,64330,1
ghost_relocated_high_64349_64349_5640,1780647660,2026-06-05,8,21,64349,64349,1
ghost_relocated_high_64350_64350_5641,1780647720,2026-06-05,8,22,64350,64350,1
ghost_relocated_high_64356_64356_5642,1780648080,2026-06-05,8,28,64356,64356,1
ghost_relocated_high_64357_64357_5643,1780648140,2026-06-05,8,29,64357,64357,1
ghost_relocated_high_64358_64358_5644,1780648200,2026-06-05,8,30,64358,64358,1
ghost_relocated_high_64401_64401_5645,1780650780,2026-06-05,9,13,64401,64401,1
ghost_relocated_high_64402_64402_5646,1780650840,2026-06-05,9,14,64402,64402,1
ghost_relocated_low_64452_64424_5647,1780653840,2026-06-05,10,4,64452,64424,1
ghost_relocated_low_64516_64516_5648,1780657680,2026-06-05,11,8,64516,64516,1
ghost_relocated_low_64526_64526_5649,1780658280,2026-06-05,11,18,64526,64526,1
ghost_relocated_low_64527_64527_5650,1780658340,2026-06-05,11,19,64527,64527,1
ghost_relocated_low_64531_64527_5651,1780658580,2026-06-05,11,23,64531,64527,1
ghost_relocated_low_64532_64532_5652,1780658640,2026-06-05,11,24,64532,64532,1
ghost_relocated_low_64571_64571_5653,1780660980,2026-06-05,12,3,64571,64571,1
ghost_relocated_low_64572_64572_5654,1780661040,2026-06-05,12,4,64572,64572,1
ghost_relocated_low_64574_64574_5655,1780661160,2026-06-05,12,6,64574,64574,1
ghost_relocated_low_64578_64578_5656,1780661400,2026-06-05,12,10,64578,64578,1
ghost_relocated_low_64580_64580_5657,1780661520,2026-06-05,12,12,64580,64580,1
ghost_relocated_low_64581_64581_5658,1780661580,2026-06-05,12,13,64581,64581,1
ghost_relocated_low_64582_64582_5659,1780661640,2026-06-05,12,14,64582,64582,1
ghost_relocated_low_64597_64597_5660,1780662540,2026-06-05,12,29,64597,64597,1
ghost_relocated_low_64598_64598_5661,1780662600,2026-06-05,12,30,64598,64598,1
ghost_relocated_low_64599_64599_5662,1780662660,2026-06-05,12,31,64599,64599,1
ghost_relocated_low_64601_64601_5663,1780662780,2026-06-05,12,33,64601,64601,1
ghost_relocated_low_64602_64602_5664,1780662840,2026-06-05,12,34,64602,64602,1
ghost_relocated_low_64604_64604_5665,1780662960,2026-06-05,12,36,64604,64604,1
ghost_relocated_low_64605_64605_5666,1780663020,2026-06-05,12,37,64605,64605,1
ghost_relocated_low_64634_64634_5667,1780664760,2026-06-05,13,6,64634,64634,1
ghost_relocated_low_64645_64645_5668,1780665420,2026-06-05,13,17,64645,64645,1
ghost_relocated_low_64646_64646_5669,1780665480,2026-06-05,13,18,64646,64646,1
ghost_relocated_low_64651_64651_5670,1780665780,2026-06-05,13,23,64651,64651,1
ghost_relocated_low_64653_64653_5671,1780665900,2026-06-05,13,25,64653,64653,1
ghost_relocated_low_64654_64654_5672,1780665960,2026-06-05,13,26,64654,64654,1
ghost_relocated_low_64655_64655_5673,1780666020,2026-06-05,13,27,64655,64655,1
ghost_relocated_low_64658_64658_5674,1780666200,2026-06-05,13,30,64658,64658,1
ghost_relocated_low_64664_64664_5675,1780666560,2026-06-05,13,36,64664,64664,1
ghost_relocated_low_64666_64666_5676,1780666680,2026-06-05,13,38,64666,64666,1
ghost_relocated_low_64667_64667_5677,1780666740,2026-06-05,13,39,64667,64667,1
ghost_relocated_low_64669_64669_5678,1780666860,2026-06-05,13,41,64669,64669,1
ghost_relocated_low_64670_64670_5679,1780666920,2026-06-05,13,42,64670,64670,1
ghost_relocated_low_64671_64671_5680,1780666980,2026-06-05,13,43,64671,64671,1
ghost_relocated_low_64672_64672_5681,1780667040,2026-06-05,13,44,64672,64672,1
ghost_relocated_low_64673_64673_5682,1780667100,2026-06-05,13,45,64673,64673,1
ghost_relocated_low_64674_64674_5683,1780667160,2026-06-05,13,46,64674,64674,1
ghost_relocated_low_64675_64675_5684,1780667220,2026-06-05,13,47,64675,64675,1
ghost_relocated_low_64676_64676_5685,1780667280,2026-06-05,13,48,64676,64676,1
ghost_relocated_low_64677_64677_5686,1780667340,2026-06-05,13,49,64677,64677,1
ghost_relocated_low_64678_64678_5687,1780667400,2026-06-05,13,50,64678,64678,1
ghost_relocated_low_64684_64684_5688,1780667760,2026-06-05,13,56,64684,64684,1
ghost_relocated_low_64685_64685_5689,1780667820,2026-06-05,13,57,64685,64685,1
ghost_relocated_low_64686_64686_5690,1780667880,2026-06-05,13,58,64686,64686,1
ghost_relocated_low_64687_64687_5691,1780667940,2026-06-05,13,59,64687,64687,1
ghost_relocated_low_64688_64688_5692,1780668000,2026-06-05,14,0,64688,64688,1
ghost_relocated_low_64689_64689_5693,1780668060,2026-06-05,14,1,64689,64689,1
ghost_relocated_high_64739_64708_5694,1780671060,2026-06-05,14,51,64739,64708,1
ghost_relocated_high_64938_64908_5695,1780683000,2026-06-05,18,10,64938,64908,1
ghost_relocated_high_65146_65128_5696,1780871880,2026-06-07,22,38,65146,65128,1
ghost_relocated_low_65178_65164_5697,1780873800,2026-06-07,23,10,65178,65164,1
ghost_relocated_high_65214_65214_5698,1780875960,2026-06-07,23,46,65214,65214,1
ghost_relocated_high_65215_65215_5699,1780876020,2026-06-07,23,47,65215,65215,1
ghost_relocated_high_65216_65216_5700,1780876080,2026-06-07,23,48,65216,65216,1
ghost_relocated_high_65217_65217_5701,1780876140,2026-06-07,23,49,65217,65217,1
ghost_relocated_high_65225_65225_5702,1780876620,2026-06-07,23,57,65225,65225,1
ghost_relocated_high_65227_65227_5703,1780876740,2026-06-07,23,59,65227,65227,1
ghost_relocated_high_65230_65230_5704,1780876920,2026-06-08,0,2,65230,65230,1
ghost_relocated_high_65231_65231_5705,1780876980,2026-06-08,0,3,65231,65231,1
ghost_relocated_high_65232_65232_5706,1780877040,2026-06-08,0,4,65232,65232,1
ghost_relocated_high_65233_65233_5707,1780877100,2026-06-08,0,5,65233,65233,1
ghost_relocated_high_65242_65242_5708,1780877640,2026-06-08,0,14,65242,65242,1
ghost_relocated_high_65244_65244_5709,1780877760,2026-06-08,0,16,65244,65244,1
ghost_relocated_high_65245_65245_5710,1780877820,2026-06-08,0,17,65245,65245,1
ghost_relocated_high_65246_65246_5711,1780877880,2026-06-08,0,18,65246,65246,1
ghost_relocated_high_65249_65249_5712,1780878060,2026-06-08,0,21,65249,65249,1
ghost_relocated_high_65252_65252_5713,1780878240,2026-06-08,0,24,65252,65252,1
ghost_relocated_high_65254_65254_5714,1780878360,2026-06-08,0,26,65254,65254,1
ghost_relocated_high_65255_65255_5715,1780878420,2026-06-08,0,27,65255,65255,1
ghost_relocated_high_65256_65256_5716,1780878480,2026-06-08,0,28,65256,65256,1
ghost_relocated_high_65258_65258_5717,1780878600,2026-06-08,0,30,65258,65258,1
ghost_relocated_high_65259_65259_5718,1780878660,2026-06-08,0,31,65259,65259,1
ghost_relocated_high_65264_65264_5719,1780878960,2026-06-08,0,36,65264,65264,1
ghost_relocated_high_65265_65265_5720,1780879020,2026-06-08,0,37,65265,65265,1
ghost_relocated_high_65266_65266_5721,1780879080,2026-06-08,0,38,65266,65266,1
ghost_relocated_high_65267_65267_5722,1780879140,2026-06-08,0,39,65267,65267,1
ghost_relocated_high_65268_65268_5723,1780879200,2026-06-08,0,40,65268,65268,1
ghost_relocated_low_65318_65318_5724,1780882200,2026-06-08,1,30,65318,65318,1
ghost_relocated_high_65368_65348_5725,1780885200,2026-06-08,2,20,65368,65348,1
ghost_relocated_high_65378_65378_5726,1780885800,2026-06-08,2,30,65378,65378,1
ghost_relocated_high_65382_65382_5727,1780886040,2026-06-08,2,34,65382,65382,1
ghost_relocated_high_65386_65386_5728,1780886280,2026-06-08,2,38,65386,65386,1
ghost_relocated_high_65387_65387_5729,1780886340,2026-06-08,2,39,65387,65387,1
ghost_relocated_high_65390_65390_5730,1780886520,2026-06-08,2,42,65390,65390,1
ghost_relocated_high_65391_65391_5731,1780886580,2026-06-08,2,43,65391,65391,1
ghost_relocated_high_65392_65392_5732,1780886640,2026-06-08,2,44,65392,65392,1
ghost_relocated_high_65393_65393_5733,1780886700,2026-06-08,2,45,65393,65393,1
ghost_relocated_high_65394_65394_5734,1780886760,2026-06-08,2,46,65394,65394,1
ghost_relocated_high_65396_65396_5735,1780886880,2026-06-08,2,48,65396,65396,1
ghost_relocated_low_65446_65426_5736,1780889880,2026-06-08,3,38,65446,65426,1
ghost_relocated_low_65473_65473_5737,1780891500,2026-06-08,4,5,65473,65473,1
ghost_relocated_low_65474_65474_5738,1780891560,2026-06-08,4,6,65474,65474,1
ghost_relocated_low_65488_65488_5739,1780892400,2026-06-08,4,20,65488,65488,1
ghost_relocated_low_65489_65489_5740,1780892460,2026-06-08,4,21,65489,65489,1
ghost_relocated_low_65502_65502_5741,1780893240,2026-06-08,4,34,65502,65502,1
ghost_relocated_low_65503_65503_5742,1780893300,2026-06-08,4,35,65503,65503,1
ghost_relocated_low_65504_65504_5743,1780893360,2026-06-08,4,36,65504,65504,1
ghost_relocated_low_65506_65506_5744,1780893480,2026-06-08,4,38,65506,65506,1
ghost_relocated_low_65507_65507_5745,1780893540,2026-06-08,4,39,65507,65507,1
ghost_relocated_low_65508_65508_5746,1780893600,2026-06-08,4,40,65508,65508,1
ghost_relocated_low_65510_65510_5747,1780893720,2026-06-08,4,42,65510,65510,1
ghost_relocated_low_65511_65511_5748,1780893780,2026-06-08,4,43,65511,65511,1
ghost_relocated_low_65512_65512_5749,1780893840,2026-06-08,4,44,65512,65512,1
ghost_relocated_low_65513_65513_5750,1780893900,2026-06-08,4,45,65513,65513,1
ghost_relocated_low_65525_65525_5751,1780894620,2026-06-08,4,57,65525,65525,1
ghost_relocated_low_65526_65526_5752,1780894680,2026-06-08,4,58,65526,65526,1
ghost_relocated_low_65540_65540_5753,1780895520,2026-06-08,5,12,65540,65540,1
ghost_relocated_low_65541_65541_5754,1780895580,2026-06-08,5,13,65541,65541,1
ghost_relocated_low_65542_65542_5755,1780895640,2026-06-08,5,14,65542,65542,1
ghost_relocated_low_65560_65560_5756,1780896720,2026-06-08,5,32,65560,65560,1
ghost_relocated_low_65562_65562_5757,1780896840,2026-06-08,5,34,65562,65562,1
ghost_relocated_low_65563_65563_5758,1780896900,2026-06-08,5,35,65563,65563,1
ghost_relocated_low_65564_65564_5759,1780896960,2026-06-08,5,36,65564,65564,1
ghost_relocated_low_65565_65565_5760,1780897020,2026-06-08,5,37,65565,65565,1
ghost_relocated_low_65569_65569_5761,1780897260,2026-06-08,5,41,65569,65569,1
ghost_relocated_low_65570_65570_5762,1780897320,2026-06-08,5,42,65570,65570,1
ghost_relocated_low_65573_65573_5763,1780897500,2026-06-08,5,45,65573,65573,1
ghost_relocated_low_65577_65577_5764,1780897740,2026-06-08,5,49,65577,65577,1
ghost_relocated_high_65627_65618_5765,1780900740,2026-06-08,6,39,65627,65618,1
ghost_relocated_high_65661_65661_5766,1780902780,2026-06-08,7,13,65661,65661,1
ghost_relocated_high_65664_65664_5767,1780902960,2026-06-08,7,16,65664,65664,1
ghost_relocated_high_65665_65665_5768,1780903020,2026-06-08,7,17,65665,65665,1
ghost_relocated_high_65668_65668_5769,1780903200,2026-06-08,7,20,65668,65668,1
ghost_relocated_high_65669_65669_5770,1780903260,2026-06-08,7,21,65669,65669,1
ghost_relocated_high_65671_65671_5771,1780903380,2026-06-08,7,23,65671,65671,1
ghost_relocated_high_65672_65672_5772,1780903440,2026-06-08,7,24,65672,65672,1
ghost_relocated_high_65673_65673_5773,1780903500,2026-06-08,7,25,65673,65673,1
ghost_relocated_high_65675_65675_5774,1780903620,2026-06-08,7,27,65675,65675,1
ghost_relocated_high_65676_65676_5775,1780903680,2026-06-08,7,28,65676,65676,1
ghost_relocated_high_65677_65677_5776,1780903740,2026-06-08,7,29,65677,65677,1
ghost_relocated_high_65679_65679_5777,1780903860,2026-06-08,7,31,65679,65679,1
ghost_relocated_high_65695_65695_5778,1780904820,2026-06-08,7,47,65695,65695,1
ghost_relocated_high_65696_65696_5779,1780904880,2026-06-08,7,48,65696,65696,1
ghost_relocated_high_65697_65697_5780,1780904940,2026-06-08,7,49,65697,65697,1
ghost_relocated_high_65699_65699_5781,1780905060,2026-06-08,7,51,65699,65699,1
ghost_relocated_low_65749_65749_5782,1780908060,2026-06-08,8,41,65749,65749,1
ghost_relocated_low_65750_65750_5783,1780908120,2026-06-08,8,42,65750,65750,1
ghost_relocated_low_65754_65754_5784,1780908360,2026-06-08,8,46,65754,65754,1
ghost_relocated_low_65755_65755_5785,1780908420,2026-06-08,8,47,65755,65755,1
ghost_relocated_low_65764_65764_5786,1780908960,2026-06-08,8,56,65764,65764,1
ghost_relocated_low_65777_65777_5787,1780909740,2026-06-08,9,9,65777,65777,1
ghost_relocated_low_65778_65778_5788,1780909800,2026-06-08,9,10,65778,65778,1
ghost_relocated_high_65828_65804_5789,1780912800,2026-06-08,10,0,65828,65804,1
ghost_relocated_low_65854_65807_5790,1780914360,2026-06-08,10,26,65854,65807,1
ghost_relocated_low_66080_66068_5791,1780927920,2026-06-08,14,12,66080,66068,1
ghost_relocated_high_66118_66115_5792,1780930200,2026-06-08,14,50,66118,66115,1
ghost_relocated_high_66120_66120_5793,1780930320,2026-06-08,14,52,66120,66120,1
ghost_relocated_high_66125_66125_5794,1780930620,2026-06-08,14,57,66125,66125,1
ghost_relocated_high_66126_66126_5795,1780930680,2026-06-08,14,58,66126,66126,1
ghost_relocated_high_66127_66127_5796,1780930740,2026-06-08,14,59,66127,66127,1
ghost_relocated_high_66129_66129_5797,1780930860,2026-06-08,15,1,66129,66129,1
ghost_relocated_high_66130_66130_5798,1780930920,2026-06-08,15,2,66130,66130,1
ghost_relocated_high_66131_66131_5799,1780930980,2026-06-08,15,3,66131,66131,1
ghost_relocated_high_66133_66133_5800,1780931100,2026-06-08,15,5,66133,66133,1
ghost_relocated_high_66134_66134_5801,1780931160,2026-06-08,15,6,66134,66134,1
ghost_relocated_high_66136_66136_5802,1780931280,2026-06-08,15,8,66136,66136,1
ghost_relocated_high_66138_66138_5803,1780931400,2026-06-08,15,10,66138,66138,1
ghost_relocated_high_66139_66139_5804,1780931460,2026-06-08,15,11,66139,66139,1
ghost_relocated_high_66140_66140_5805,1780931520,2026-06-08,15,12,66140,66140,1
ghost_relocated_high_66143_66143_5806,1780931700,2026-06-08,15,15,66143,66143,1
ghost_relocated_high_66147_66147_5807,1780931940,2026-06-08,15,19,66147,66147,1
ghost_relocated_high_66148_66148_5808,1780932000,2026-06-08,15,20,66148,66148,1
ghost_relocated_low_66198_66162_5809,1780935000,2026-06-08,16,10,66198,66162,1
ghost_relocated_low_66226_66226_5810,1780936680,2026-06-08,16,38,66226,66226,1
ghost_relocated_low_66228_66228_5811,1780936800,2026-06-08,16,40,66228,66228,1
ghost_relocated_low_66248_66248_5812,1780938000,2026-06-08,17,0,66248,66248,1
ghost_relocated_low_66249_66249_5813,1780938060,2026-06-08,17,1,66249,66249,1
ghost_relocated_low_66250_66250_5814,1780938120,2026-06-08,17,2,66250,66250,1
ghost_relocated_low_66251_66251_5815,1780938180,2026-06-08,17,3,66251,66251,1
ghost_relocated_low_66252_66252_5816,1780938240,2026-06-08,17,4,66252,66252,1
ghost_relocated_low_66260_66260_5817,1780938720,2026-06-08,17,12,66260,66260,1
ghost_relocated_high_66310_66278_5818,1780941720,2026-06-08,18,2,66310,66278,1
ghost_relocated_low_66391_66391_5819,1780946580,2026-06-08,19,23,66391,66391,1
ghost_relocated_low_66392_66392_5820,1780946640,2026-06-08,19,24,66392,66392,1
ghost_relocated_low_66393_66393_5821,1780946700,2026-06-08,19,25,66393,66393,1
ghost_relocated_low_66394_66394_5822,1780946760,2026-06-08,19,26,66394,66394,1
ghost_relocated_high_66444_66400_5823,1780949760,2026-06-08,20,16,66444,66400,1
ghost_relocated_low_66538_66503_5824,1780959000,2026-06-08,22,50,66538,66503,1
ghost_relocated_high_66553_66544_5825,1780959900,2026-06-08,23,5,66553,66544,1
ghost_relocated_high_66559_66559_5826,1780960260,2026-06-08,23,11,66559,66559,1
ghost_relocated_high_66560_66560_5827,1780960320,2026-06-08,23,12,66560,66560,1
ghost_relocated_high_66584_66584_5828,1780961760,2026-06-08,23,36,66584,66584,1
ghost_relocated_high_66585_66585_5829,1780961820,2026-06-08,23,37,66585,66585,1
ghost_relocated_high_66586_66586_5830,1780961880,2026-06-08,23,38,66586,66586,1
ghost_relocated_high_66587_66587_5831,1780961940,2026-06-08,23,39,66587,66587,1
ghost_relocated_high_66588_66588_5832,1780962000,2026-06-08,23,40,66588,66588,1
ghost_relocated_low_66638_66631_5833,1780965000,2026-06-09,0,30,66638,66631,1
ghost_relocated_low_66639_66639_5834,1780965060,2026-06-09,0,31,66639,66639,1
ghost_relocated_low_66641_66641_5835,1780965180,2026-06-09,0,33,66641,66641,1
ghost_relocated_low_66643_66643_5836,1780965300,2026-06-09,0,35,66643,66643,1
ghost_relocated_low_66644_66644_5837,1780965360,2026-06-09,0,36,66644,66644,1
ghost_relocated_low_66664_66664_5838,1780966560,2026-06-09,0,56,66664,66664,1
ghost_relocated_high_66714_66713_5839,1780969560,2026-06-09,1,46,66714,66713,1
ghost_relocated_high_66715_66715_5840,1780969620,2026-06-09,1,47,66715,66715,1
ghost_relocated_high_66716_66716_5841,1780969680,2026-06-09,1,48,66716,66716,1
ghost_relocated_low_66766_66754_5842,1780972680,2026-06-09,2,38,66766,66754,1
ghost_relocated_high_66804_66803_5843,1780974960,2026-06-09,3,16,66804,66803,1
ghost_relocated_high_66818_66818_5844,1780975800,2026-06-09,3,30,66818,66818,1
ghost_relocated_high_66822_66822_5845,1780976040,2026-06-09,3,34,66822,66822,1
ghost_relocated_high_66823_66823_5846,1780976100,2026-06-09,3,35,66823,66823,1
ghost_relocated_high_66825_66825_5847,1780976220,2026-06-09,3,37,66825,66825,1
ghost_relocated_high_66827_66827_5848,1780976340,2026-06-09,3,39,66827,66827,1
ghost_relocated_high_66828_66828_5849,1780976400,2026-06-09,3,40,66828,66828,1
ghost_relocated_high_66829_66829_5850,1780976460,2026-06-09,3,41,66829,66829,1
ghost_relocated_high_66831_66831_5851,1780976580,2026-06-09,3,43,66831,66831,1
ghost_relocated_high_66832_66832_5852,1780976640,2026-06-09,3,44,66832,66832,1
ghost_relocated_high_66835_66835_5853,1780976820,2026-06-09,3,47,66835,66835,1
ghost_relocated_high_66856_66856_5854,1780978080,2026-06-09,4,8,66856,66856,1
ghost_relocated_high_66857_66857_5855,1780978140,2026-06-09,4,9,66857,66857,1
ghost_relocated_high_66859_66859_5856,1780978260,2026-06-09,4,11,66859,66859,1
ghost_relocated_high_66864_66864_5857,1780978560,2026-06-09,4,16,66864,66864,1
ghost_relocated_high_66865_66865_5858,1780978620,2026-06-09,4,17,66865,66865,1
ghost_relocated_high_66866_66866_5859,1780978680,2026-06-09,4,18,66866,66866,1
ghost_relocated_high_66885_66885_5860,1780979820,2026-06-09,4,37,66885,66885,1
ghost_relocated_high_66886_66886_5861,1780979880,2026-06-09,4,38,66886,66886,1
ghost_relocated_high_66889_66889_5862,1780980060,2026-06-09,4,41,66889,66889,1
ghost_relocated_high_66890_66890_5863,1780980120,2026-06-09,4,42,66890,66890,1
ghost_relocated_high_66939_66939_5864,1780983060,2026-06-09,5,31,66939,66939,1
ghost_relocated_high_66940_66940_5865,1780983120,2026-06-09,5,32,66940,66940,1
ghost_relocated_high_66951_66951_5866,1780983780,2026-06-09,5,43,66951,66951,1
ghost_relocated_high_66956_66956_5867,1780984080,2026-06-09,5,48,66956,66956,1
ghost_relocated_high_66957_66957_5868,1780984140,2026-06-09,5,49,66957,66957,1
ghost_relocated_high_66974_66974_5869,1780985160,2026-06-09,6,6,66974,66974,1
ghost_relocated_high_66975_66975_5870,1780985220,2026-06-09,6,7,66975,66975,1
ghost_relocated_high_66979_66979_5871,1780985460,2026-06-09,6,11,66979,66979,1
ghost_relocated_high_66980_66980_5872,1780985520,2026-06-09,6,12,66980,66980,1
ghost_relocated_high_66982_66982_5873,1780985640,2026-06-09,6,14,66982,66982,1
ghost_relocated_high_66983_66983_5874,1780985700,2026-06-09,6,15,66983,66983,1
ghost_relocated_high_66984_66984_5875,1780985760,2026-06-09,6,16,66984,66984,1
ghost_relocated_high_66985_66985_5876,1780985820,2026-06-09,6,17,66985,66985,1
ghost_relocated_high_66987_66985_5877,1780985940,2026-06-09,6,19,66987,66985,1
ghost_relocated_high_67031_67031_5878,1780988580,2026-06-09,7,3,67031,67031,1
ghost_relocated_high_67033_67033_5879,1780988700,2026-06-09,7,5,67033,67033,1
ghost_relocated_high_67035_67035_5880,1780988820,2026-06-09,7,7,67035,67035,1
ghost_relocated_high_67036_67036_5881,1780988880,2026-06-09,7,8,67036,67036,1
ghost_relocated_low_67086_67085_5882,1780991880,2026-06-09,7,58,67086,67085,1
ghost_relocated_low_67089_67089_5883,1780992060,2026-06-09,8,1,67089,67089,1
ghost_relocated_high_67139_67133_5884,1780995060,2026-06-09,8,51,67139,67133,1
ghost_relocated_high_67176_67176_5885,1780997280,2026-06-09,9,28,67176,67176,1
ghost_relocated_high_67198_67198_5886,1780998600,2026-06-09,9,50,67198,67198,1
ghost_relocated_high_67199_67199_5887,1780998660,2026-06-09,9,51,67199,67199,1
ghost_relocated_high_67200_67200_5888,1780998720,2026-06-09,9,52,67200,67200,1
ghost_relocated_high_67209_67209_5889,1780999260,2026-06-09,10,1,67209,67209,1
ghost_relocated_high_67213_67213_5890,1780999500,2026-06-09,10,5,67213,67213,1
ghost_relocated_high_67262_67262_5891,1781002440,2026-06-09,10,54,67262,67262,1
ghost_relocated_high_67264_67262_5892,1781002560,2026-06-09,10,56,67264,67262,1
ghost_relocated_high_67268_67268_5893,1781002800,2026-06-09,11,0,67268,67268,1
ghost_relocated_high_67269_67269_5894,1781002860,2026-06-09,11,1,67269,67269,1
ghost_relocated_high_67276_67276_5895,1781003280,2026-06-09,11,8,67276,67276,1
ghost_relocated_high_67302_67302_5896,1781004840,2026-06-09,11,34,67302,67302,1
ghost_relocated_high_67309_67309_5897,1781005260,2026-06-09,11,41,67309,67309,1
ghost_relocated_high_67311_67311_5898,1781005380,2026-06-09,11,43,67311,67311,1
ghost_relocated_high_67312_67312_5899,1781005440,2026-06-09,11,44,67312,67312,1
ghost_relocated_low_67362_67353_5900,1781008440,2026-06-09,12,34,67362,67353,1
ghost_relocated_high_67403_67394_5901,1781010900,2026-06-09,13,15,67403,67394,1
ghost_relocated_high_67418_67418_5902,1781011800,2026-06-09,13,30,67418,67418,1
ghost_relocated_high_67431_67431_5903,1781012580,2026-06-09,13,43,67431,67431,1
ghost_relocated_high_67432_67432_5904,1781012640,2026-06-09,13,44,67432,67432,1
ghost_relocated_high_67433_67433_5905,1781012700,2026-06-09,13,45,67433,67433,1
ghost_relocated_high_67434_67434_5906,1781012760,2026-06-09,13,46,67434,67434,1
ghost_relocated_high_67435_67435_5907,1781012820,2026-06-09,13,47,67435,67435,1
ghost_relocated_high_67436_67436_5908,1781012880,2026-06-09,13,48,67436,67436,1
ghost_relocated_high_67437_67437_5909,1781012940,2026-06-09,13,49,67437,67437,1
ghost_relocated_high_67438_67438_5910,1781013000,2026-06-09,13,50,67438,67438,1
ghost_relocated_low_67488_67468_5911,1781016000,2026-06-09,14,40,67488,67468,1
ghost_relocated_low_67491_67491_5912,1781016180,2026-06-09,14,43,67491,67491,1
ghost_relocated_low_67492_67492_5913,1781016240,2026-06-09,14,44,67492,67492,1
ghost_relocated_low_67493_67493_5914,1781016300,2026-06-09,14,45,67493,67493,1
ghost_relocated_low_67494_67494_5915,1781016360,2026-06-09,14,46,67494,67494,1
ghost_relocated_low_67495_67495_5916,1781016420,2026-06-09,14,47,67495,67495,1
ghost_relocated_low_67496_67496_5917,1781016480,2026-06-09,14,48,67496,67496,1
ghost_relocated_low_67497_67497_5918,1781016540,2026-06-09,14,49,67497,67497,1
ghost_relocated_low_67498_67498_5919,1781016600,2026-06-09,14,50,67498,67498,1
ghost_relocated_low_67531_67531_5920,1781018580,2026-06-09,15,23,67531,67531,1
ghost_relocated_low_67532_67532_5921,1781018640,2026-06-09,15,24,67532,67532,1
ghost_relocated_low_67533_67533_5922,1781018700,2026-06-09,15,25,67533,67533,1
ghost_relocated_low_67534_67534_5923,1781018760,2026-06-09,15,26,67534,67534,1
ghost_relocated_low_67535_67535_5924,1781018820,2026-06-09,15,27,67535,67535,1
ghost_relocated_low_67536_67536_5925,1781018880,2026-06-09,15,28,67536,67536,1
ghost_relocated_low_67537_67537_5926,1781018940,2026-06-09,15,29,67537,67537,1
ghost_relocated_low_67539_67539_5927,1781019060,2026-06-09,15,31,67539,67539,1
ghost_relocated_low_67542_67542_5928,1781019240,2026-06-09,15,34,67542,67542,1
ghost_relocated_low_67543_67543_5929,1781019300,2026-06-09,15,35,67543,67543,1
ghost_relocated_low_67546_67546_5930,1781019480,2026-06-09,15,38,67546,67546,1
ghost_relocated_low_67563_67563_5931,1781020500,2026-06-09,15,55,67563,67563,1
ghost_relocated_low_67564_67564_5932,1781020560,2026-06-09,15,56,67564,67564,1
ghost_relocated_low_67565_67565_5933,1781020620,2026-06-09,15,57,67565,67565,1
ghost_relocated_low_67566_67566_5934,1781020680,2026-06-09,15,58,67566,67566,1
ghost_relocated_low_67573_67573_5935,1781021100,2026-06-09,16,5,67573,67573,1
ghost_relocated_low_67574_67574_5936,1781021160,2026-06-09,16,6,67574,67574,1
ghost_relocated_low_67576_67576_5937,1781021280,2026-06-09,16,8,67576,67576,1
ghost_relocated_low_67577_67577_5938,1781021340,2026-06-09,16,9,67577,67577,1
ghost_relocated_low_67583_67583_5939,1781021700,2026-06-09,16,15,67583,67583,1
ghost_relocated_low_67584_67584_5940,1781021760,2026-06-09,16,16,67584,67584,1
ghost_relocated_low_67585_67585_5941,1781021820,2026-06-09,16,17,67585,67585,1
ghost_relocated_low_67587_67587_5942,1781021940,2026-06-09,16,19,67587,67587,1
ghost_relocated_low_67588_67588_5943,1781022000,2026-06-09,16,20,67588,67588,1
ghost_relocated_low_67606_67606_5944,1781023080,2026-06-09,16,38,67606,67606,1
ghost_relocated_low_67607_67607_5945,1781023140,2026-06-09,16,39,67607,67607,1
ghost_relocated_low_67608_67608_5946,1781023200,2026-06-09,16,40,67608,67608,1
ghost_relocated_high_67658_67650_5947,1781026200,2026-06-09,17,30,67658,67650,1
ghost_relocated_high_67661_67661_5948,1781026380,2026-06-09,17,33,67661,67661,1
ghost_relocated_high_67662_67662_5949,1781026440,2026-06-09,17,34,67662,67662,1
ghost_relocated_high_67663_67663_5950,1781026500,2026-06-09,17,35,67663,67663,1
ghost_relocated_high_67664_67664_5951,1781026560,2026-06-09,17,36,67664,67664,1
ghost_relocated_high_67665_67665_5952,1781026620,2026-06-09,17,37,67665,67665,1
ghost_relocated_high_67666_67666_5953,1781026680,2026-06-09,17,38,67666,67666,1
ghost_relocated_high_67668_67668_5954,1781026800,2026-06-09,17,40,67668,67668,1
ghost_relocated_high_67669_67669_5955,1781026860,2026-06-09,17,41,67669,67669,1
ghost_relocated_high_67670_67670_5956,1781026920,2026-06-09,17,42,67670,67670,1
ghost_relocated_high_67671_67671_5957,1781026980,2026-06-09,17,43,67671,67671,1
ghost_relocated_high_67707_67707_5958,1781029140,2026-06-09,18,19,67707,67707,1
ghost_relocated_high_67708_67708_5959,1781029200,2026-06-09,18,20,67708,67708,1
ghost_relocated_high_67711_67711_5960,1781029380,2026-06-09,18,23,67711,67711,1
ghost_relocated_high_67712_67712_5961,1781029440,2026-06-09,18,24,67712,67712,1
ghost_relocated_high_67718_67718_5962,1781029800,2026-06-09,18,30,67718,67718,1
ghost_relocated_high_67745_67745_5963,1781031420,2026-06-09,18,57,67745,67745,1
ghost_relocated_high_67746_67746_5964,1781031480,2026-06-09,18,58,67746,67746,1
ghost_relocated_high_67747_67747_5965,1781031540,2026-06-09,18,59,67747,67747,1
ghost_relocated_high_67752_67752_5966,1781031840,2026-06-09,19,4,67752,67752,1
ghost_relocated_high_67753_67753_5967,1781031900,2026-06-09,19,5,67753,67753,1
ghost_relocated_low_67803_67768_5968,1781034900,2026-06-09,19,55,67803,67768,1
ghost_relocated_high_67818_67812_5969,1781035800,2026-06-09,20,10,67818,67812,1
ghost_relocated_low_67862_67831_5970,1781038440,2026-06-09,20,54,67862,67831,1
ghost_relocated_low_67868_67868_5971,1781042400,2026-06-09,22,0,67868,67868,1
ghost_relocated_low_67905_67905_5972,1781044620,2026-06-09,22,37,67905,67905,1
ghost_relocated_low_67906_67906_5973,1781044680,2026-06-09,22,38,67906,67906,1
ghost_relocated_low_67907_67907_5974,1781044740,2026-06-09,22,39,67907,67907,1
ghost_relocated_low_67909_67909_5975,1781044860,2026-06-09,22,41,67909,67909,1
ghost_relocated_low_67916_67916_5976,1781045280,2026-06-09,22,48,67916,67916,1
ghost_relocated_low_67965_67965_5977,1781048220,2026-06-09,23,37,67965,67965,1
ghost_relocated_low_67986_67965_5978,1781049480,2026-06-09,23,58,67986,67965,1
ghost_relocated_high_68015_67994_5979,1781051220,2026-06-10,0,27,68015,67994,1
ghost_relocated_low_68044_68032_5980,1781052960,2026-06-10,0,56,68044,68032,1
ghost_relocated_high_68082_68064_5981,1781055240,2026-06-10,1,34,68082,68064,1
ghost_relocated_high_68214_68184_5982,1781063160,2026-06-10,3,46,68214,68184,1
ghost_relocated_low_68234_68234_5983,1781064360,2026-06-10,4,6,68234,68234,1
ghost_relocated_low_68235_68235_5984,1781064420,2026-06-10,4,7,68235,68235,1
ghost_relocated_low_68236_68236_5985,1781064480,2026-06-10,4,8,68236,68236,1
ghost_relocated_low_68239_68239_5986,1781064660,2026-06-10,4,11,68239,68239,1
ghost_relocated_low_68240_68240_5987,1781064720,2026-06-10,4,12,68240,68240,1
ghost_relocated_low_68241_68241_5988,1781064780,2026-06-10,4,13,68241,68241,1
ghost_relocated_low_68243_68243_5989,1781064900,2026-06-10,4,15,68243,68243,1
ghost_relocated_low_68244_68244_5990,1781064960,2026-06-10,4,16,68244,68244,1
ghost_relocated_low_68258_68258_5991,1781065800,2026-06-10,4,30,68258,68258,1
ghost_relocated_low_68261_68261_5992,1781065980,2026-06-10,4,33,68261,68261,1
ghost_relocated_low_68264_68264_5993,1781066160,2026-06-10,4,36,68264,68264,1
ghost_relocated_low_68265_68265_5994,1781066220,2026-06-10,4,37,68265,68265,1
ghost_relocated_low_68269_68269_5995,1781066460,2026-06-10,4,41,68269,68269,1
ghost_relocated_low_68270_68270_5996,1781066520,2026-06-10,4,42,68270,68270,1
ghost_relocated_low_68272_68272_5997,1781066640,2026-06-10,4,44,68272,68272,1
ghost_relocated_low_68273_68273_5998,1781066700,2026-06-10,4,45,68273,68273,1
ghost_relocated_low_68306_68306_5999,1781068680,2026-06-10,5,18,68306,68306,1
ghost_relocated_low_68309_68309_6000,1781068860,2026-06-10,5,21,68309,68309,1
ghost_relocated_low_68310_68310_6001,1781068920,2026-06-10,5,22,68310,68310,1
ghost_relocated_high_68361_68355_6002,1781071980,2026-06-10,6,13,68361,68355,1
ghost_relocated_high_68367_68367_6003,1781072340,2026-06-10,6,19,68367,68367,1
ghost_relocated_high_68386_68386_6004,1781073480,2026-06-10,6,38,68386,68386,1
ghost_relocated_low_68436_68426_6005,1781077200,2026-06-10,7,40,68436,68426,1
ghost_relocated_low_68439_68439_6006,1781077380,2026-06-10,7,43,68439,68439,1
ghost_relocated_low_68442_68442_6007,1781077560,2026-06-10,7,46,68442,68442,1
ghost_relocated_low_68457_68457_6008,1781078460,2026-06-10,8,1,68457,68457,1
ghost_relocated_low_68458_68458_6009,1781078520,2026-06-10,8,2,68458,68458,1
ghost_relocated_low_68459_68459_6010,1781078580,2026-06-10,8,3,68459,68459,1
ghost_relocated_low_68473_68473_6011,1781079420,2026-06-10,8,17,68473,68473,1
ghost_relocated_low_68475_68475_6012,1781079540,2026-06-10,8,19,68475,68475,1
ghost_relocated_low_68476_68476_6013,1781079600,2026-06-10,8,20,68476,68476,1
ghost_relocated_low_68477_68477_6014,1781079660,2026-06-10,8,21,68477,68477,1
ghost_relocated_low_68483_68483_6015,1781080020,2026-06-10,8,27,68483,68483,1
ghost_relocated_low_68497_68497_6016,1781080860,2026-06-10,8,41,68497,68497,1
ghost_relocated_low_68498_68498_6017,1781080920,2026-06-10,8,42,68498,68498,1
ghost_relocated_low_68499_68499_6018,1781080980,2026-06-10,8,43,68499,68499,1
ghost_relocated_low_68500_68500_6019,1781081040,2026-06-10,8,44,68500,68500,1
ghost_relocated_low_68501_68501_6020,1781081100,2026-06-10,8,45,68501,68501,1
ghost_relocated_low_68502_68502_6021,1781081160,2026-06-10,8,46,68502,68502,1
ghost_relocated_low_68503_68503_6022,1781081220,2026-06-10,8,47,68503,68503,1
ghost_relocated_low_68504_68504_6023,1781081280,2026-06-10,8,48,68504,68504,1
ghost_relocated_low_68527_68527_6024,1781082660,2026-06-10,9,11,68527,68527,1
ghost_relocated_low_68528_68528_6025,1781082720,2026-06-10,9,12,68528,68528,1
ghost_relocated_low_68529_68529_6026,1781082780,2026-06-10,9,13,68529,68529,1
ghost_relocated_low_68530_68530_6027,1781082840,2026-06-10,9,14,68530,68530,1
ghost_relocated_low_68531_68531_6028,1781082900,2026-06-10,9,15,68531,68531,1
ghost_relocated_high_68581_68554_6029,1781085900,2026-06-10,10,5,68581,68554,1
ghost_relocated_low_68604_68597_6030,1781087280,2026-06-10,10,28,68604,68597,1
ghost_relocated_low_68641_68641_6031,1781089500,2026-06-10,11,5,68641,68641,1
ghost_relocated_low_68642_68642_6032,1781089560,2026-06-10,11,6,68642,68642,1
ghost_relocated_low_68661_68661_6033,1781090700,2026-06-10,11,25,68661,68661,1
ghost_relocated_low_68668_68668_6034,1781091120,2026-06-10,11,32,68668,68668,1
ghost_relocated_low_68674_68674_6035,1781091480,2026-06-10,11,38,68674,68674,1
ghost_relocated_low_68675_68675_6036,1781091540,2026-06-10,11,39,68675,68675,1
ghost_relocated_low_68676_68676_6037,1781091600,2026-06-10,11,40,68676,68676,1
ghost_relocated_low_68688_68676_6038,1781092320,2026-06-10,11,52,68688,68676,1
ghost_relocated_high_68726_68726_6039,1781094600,2026-06-10,12,30,68726,68726,1
ghost_relocated_high_68729_68729_6040,1781094780,2026-06-10,12,33,68729,68729,1
ghost_relocated_high_68730_68730_6041,1781094840,2026-06-10,12,34,68730,68730,1
ghost_relocated_low_68780_68761_6042,1781097840,2026-06-10,13,24,68780,68761,1
ghost_relocated_low_68789_68789_6043,1781098380,2026-06-10,13,33,68789,68789,1
ghost_relocated_low_68790_68790_6044,1781098440,2026-06-10,13,34,68790,68790,1
ghost_relocated_low_68791_68791_6045,1781098500,2026-06-10,13,35,68791,68791,1
ghost_relocated_high_68841_68841_6046,1781101500,2026-06-10,14,25,68841,68841,1
ghost_relocated_high_68850_68850_6047,1781102040,2026-06-10,14,34,68850,68850,1
ghost_relocated_high_68851_68851_6048,1781102100,2026-06-10,14,35,68851,68851,1
ghost_relocated_low_68901_68894_6049,1781105100,2026-06-10,15,25,68901,68894,1
ghost_relocated_low_68927_68927_6050,1781106660,2026-06-10,15,51,68927,68927,1
ghost_relocated_low_68928_68928_6051,1781106720,2026-06-10,15,52,68928,68928,1
ghost_relocated_high_68978_68936_6052,1781109720,2026-06-10,16,42,68978,68936,1
ghost_relocated_low_68986_68983_6053,1781110200,2026-06-10,16,50,68986,68983,1
ghost_relocated_low_69006_69006_6054,1781111400,2026-06-10,17,10,69006,69006,1
ghost_relocated_low_69007_69007_6055,1781111460,2026-06-10,17,11,69007,69007,1
ghost_relocated_low_69011_69011_6056,1781111700,2026-06-10,17,15,69011,69011,1
ghost_relocated_low_69028_69028_6057,1781112720,2026-06-10,17,32,69028,69028,1
ghost_relocated_low_69036_69036_6058,1781113200,2026-06-10,17,40,69036,69036,1
ghost_relocated_low_69039_69039_6059,1781113380,2026-06-10,17,43,69039,69039,1
ghost_relocated_low_69040_69040_6060,1781113440,2026-06-10,17,44,69040,69040,1
ghost_relocated_low_69041_69041_6061,1781113500,2026-06-10,17,45,69041,69041,1
ghost_relocated_high_69091_69060_6062,1781116500,2026-06-10,18,35,69091,69060,1
ghost_relocated_low_69110_69106_6063,1781117640,2026-06-10,18,54,69110,69106,1
ghost_relocated_low_69112_69112_6064,1781117760,2026-06-10,18,56,69112,69112,1
ghost_relocated_low_69131_69131_6065,1781118900,2026-06-10,19,15,69131,69131,1
ghost_relocated_low_69133_69133_6066,1781119020,2026-06-10,19,17,69133,69133,1
ghost_relocated_low_69134_69134_6067,1781119080,2026-06-10,19,18,69134,69134,1
ghost_relocated_low_69136_69136_6068,1781119200,2026-06-10,19,20,69136,69136,1
ghost_relocated_low_69137_69137_6069,1781119260,2026-06-10,19,21,69137,69137,1
ghost_relocated_low_69139_69139_6070,1781119380,2026-06-10,19,23,69139,69139,1
ghost_relocated_low_69143_69143_6071,1781119620,2026-06-10,19,27,69143,69143,1
ghost_relocated_low_69176_69176_6072,1781121600,2026-06-10,20,0,69176,69176,1
ghost_relocated_low_69177_69177_6073,1781121660,2026-06-10,20,1,69177,69177,1
ghost_relocated_low_69181_69181_6074,1781121900,2026-06-10,20,5,69181,69181,1
ghost_relocated_low_69222_69222_6075,1781124360,2026-06-10,20,46,69222,69222,1
ghost_relocated_low_69223_69223_6076,1781124420,2026-06-10,20,47,69223,69223,1
ghost_relocated_low_69226_69226_6077,1781124600,2026-06-10,20,50,69226,69226,1
ghost_relocated_low_69236_69236_6078,1781128800,2026-06-10,22,0,69236,69236,1
ghost_relocated_low_69237_69237_6079,1781128860,2026-06-10,22,1,69237,69237,1
ghost_relocated_low_69238_69238_6080,1781128920,2026-06-10,22,2,69238,69238,1
ghost_relocated_low_69239_69239_6081,1781128980,2026-06-10,22,3,69239,69239,1
ghost_relocated_low_69240_69240_6082,1781129040,2026-06-10,22,4,69240,69240,1
ghost_relocated_low_69241_69241_6083,1781129100,2026-06-10,22,5,69241,69241,1
ghost_relocated_low_69242_69242_6084,1781129160,2026-06-10,22,6,69242,69242,1
ghost_relocated_low_69248_69248_6085,1781129520,2026-06-10,22,12,69248,69248,1
ghost_relocated_low_69292_69292_6086,1781132160,2026-06-10,22,56,69292,69292,1
ghost_relocated_low_69293_69293_6087,1781132220,2026-06-10,22,57,69293,69293,1
ghost_relocated_low_69295_69295_6088,1781132340,2026-06-10,22,59,69295,69295,1
ghost_relocated_low_69296_69296_6089,1781132400,2026-06-10,23,0,69296,69296,1
ghost_relocated_low_69308_69308_6090,1781133120,2026-06-10,23,12,69308,69308,1
ghost_relocated_low_69310_69310_6091,1781133240,2026-06-10,23,14,69310,69310,1
ghost_relocated_low_69312_69312_6092,1781133360,2026-06-10,23,16,69312,69312,1
ghost_relocated_low_69314_69314_6093,1781133480,2026-06-10,23,18,69314,69314,1
ghost_relocated_low_69315_69315_6094,1781133540,2026-06-10,23,19,69315,69315,1
ghost_relocated_high_69365_69338_6095,1781136540,2026-06-11,0,9,69365,69338,1
ghost_relocated_high_69371_69371_6096,1781136900,2026-06-11,0,15,69371,69371,1
ghost_relocated_high_69372_69372_6097,1781136960,2026-06-11,0,16,69372,69372,1
ghost_relocated_high_69373_69373_6098,1781137020,2026-06-11,0,17,69373,69373,1
ghost_relocated_high_69417_69417_6099,1781139660,2026-06-11,1,1,69417,69417,1
ghost_relocated_high_69418_69418_6100,1781139720,2026-06-11,1,2,69418,69418,1
ghost_relocated_high_69419_69419_6101,1781139780,2026-06-11,1,3,69419,69419,1
ghost_relocated_high_69420_69420_6102,1781139840,2026-06-11,1,4,69420,69420,1
ghost_relocated_high_69421_69421_6103,1781139900,2026-06-11,1,5,69421,69421,1
ghost_relocated_high_69422_69422_6104,1781139960,2026-06-11,1,6,69422,69422,1
ghost_relocated_high_69425_69425_6105,1781140140,2026-06-11,1,9,69425,69425,1
ghost_relocated_high_69426_69426_6106,1781140200,2026-06-11,1,10,69426,69426,1
ghost_relocated_high_69427_69427_6107,1781140260,2026-06-11,1,11,69427,69427,1
ghost_relocated_high_69428_69428_6108,1781140320,2026-06-11,1,12,69428,69428,1
ghost_relocated_high_69429_69429_6109,1781140380,2026-06-11,1,13,69429,69429,1
ghost_relocated_high_69430_69430_6110,1781140440,2026-06-11,1,14,69430,69430,1
ghost_relocated_high_69431_69431_6111,1781140500,2026-06-11,1,15,69431,69431,1
ghost_relocated_high_69436_69436_6112,1781140800,2026-06-11,1,20,69436,69436,1
ghost_relocated_high_69439_69439_6113,1781140980,2026-06-11,1,23,69439,69439,1
ghost_relocated_high_69440_69440_6114,1781141040,2026-06-11,1,24,69440,69440,1
ghost_relocated_high_69441_69441_6115,1781141100,2026-06-11,1,25,69441,69441,1
ghost_relocated_high_69444_69444_6116,1781141280,2026-06-11,1,28,69444,69444,1
ghost_relocated_low_69494_69492_6117,1781144280,2026-06-11,2,18,69494,69492,1
ghost_relocated_low_69497_69497_6118,1781144460,2026-06-11,2,21,69497,69497,1
ghost_relocated_low_69498_69498_6119,1781144520,2026-06-11,2,22,69498,69498,1
ghost_relocated_low_69499_69499_6120,1781144580,2026-06-11,2,23,69499,69499,1
ghost_relocated_low_69500_69500_6121,1781144640,2026-06-11,2,24,69500,69500,1
ghost_relocated_low_69501_69501_6122,1781144700,2026-06-11,2,25,69501,69501,1
ghost_relocated_low_69502_69502_6123,1781144760,2026-06-11,2,26,69502,69502,1
ghost_relocated_low_69505_69505_6124,1781144940,2026-06-11,2,29,69505,69505,1
ghost_relocated_low_69507_69507_6125,1781145060,2026-06-11,2,31,69507,69507,1
ghost_relocated_low_69510_69510_6126,1781145240,2026-06-11,2,34,69510,69510,1
ghost_relocated_high_69560_69537_6127,1781148240,2026-06-11,3,24,69560,69537,1
ghost_relocated_high_69576_69576_6128,1781149200,2026-06-11,3,40,69576,69576,1
ghost_relocated_high_69577_69577_6129,1781149260,2026-06-11,3,41,69577,69577,1
ghost_relocated_high_69581_69581_6130,1781149500,2026-06-11,3,45,69581,69581,1
ghost_relocated_high_69585_69585_6131,1781149740,2026-06-11,3,49,69585,69585,1
ghost_relocated_high_69586_69586_6132,1781149800,2026-06-11,3,50,69586,69586,1
ghost_relocated_high_69587_69587_6133,1781149860,2026-06-11,3,51,69587,69587,1
ghost_relocated_high_69589_69589_6134,1781149980,2026-06-11,3,53,69589,69589,1
ghost_relocated_high_69595_69595_6135,1781150340,2026-06-11,3,59,69595,69595,1
ghost_relocated_high_69616_69616_6136,1781151600,2026-06-11,4,20,69616,69616,1
ghost_relocated_high_69617_69617_6137,1781151660,2026-06-11,4,21,69617,69617,1
ghost_relocated_high_69626_69626_6138,1781152200,2026-06-11,4,30,69626,69626,1
ghost_relocated_high_69632_69632_6139,1781152560,2026-06-11,4,36,69632,69632,1
ghost_relocated_high_69633_69633_6140,1781152620,2026-06-11,4,37,69633,69633,1
ghost_relocated_high_69634_69634_6141,1781152680,2026-06-11,4,38,69634,69634,1
ghost_relocated_high_69636_69636_6142,1781152800,2026-06-11,4,40,69636,69636,1
ghost_relocated_high_69638_69638_6143,1781152920,2026-06-11,4,42,69638,69638,1
ghost_relocated_high_69639_69639_6144,1781152980,2026-06-11,4,43,69639,69639,1
ghost_relocated_high_69640_69640_6145,1781153040,2026-06-11,4,44,69640,69640,1
ghost_relocated_low_69690_69687_6146,1781156040,2026-06-11,5,34,69690,69687,1
ghost_relocated_low_69721_69721_6147,1781157900,2026-06-11,6,5,69721,69721,1
ghost_relocated_low_69722_69722_6148,1781157960,2026-06-11,6,6,69722,69722,1
ghost_relocated_high_69772_69769_6149,1781160960,2026-06-11,6,56,69772,69769,1
ghost_relocated_high_69773_69773_6150,1781161020,2026-06-11,6,57,69773,69773,1
ghost_relocated_high_69775_69775_6151,1781161140,2026-06-11,6,59,69775,69775,1
ghost_relocated_high_69776_69776_6152,1781161200,2026-06-11,7,0,69776,69776,1
ghost_relocated_high_69777_69777_6153,1781161260,2026-06-11,7,1,69777,69777,1
ghost_relocated_high_69794_69794_6154,1781162280,2026-06-11,7,18,69794,69794,1
ghost_relocated_high_69796_69796_6155,1781162400,2026-06-11,7,20,69796,69796,1
ghost_relocated_high_69797_69797_6156,1781162460,2026-06-11,7,21,69797,69797,1
ghost_relocated_high_69798_69798_6157,1781162520,2026-06-11,7,22,69798,69798,1
ghost_relocated_high_69799_69799_6158,1781162580,2026-06-11,7,23,69799,69799,1
ghost_relocated_high_69800_69800_6159,1781162640,2026-06-11,7,24,69800,69800,1
ghost_relocated_high_69836_69836_6160,1781164800,2026-06-11,8,0,69836,69836,1
ghost_relocated_high_69837_69837_6161,1781164860,2026-06-11,8,1,69837,69837,1
ghost_relocated_high_69838_69838_6162,1781164920,2026-06-11,8,2,69838,69838,1
ghost_relocated_high_69839_69839_6163,1781164980,2026-06-11,8,3,69839,69839,1
ghost_relocated_high_69848_69848_6164,1781165520,2026-06-11,8,12,69848,69848,1
ghost_relocated_high_69849_69849_6165,1781165580,2026-06-11,8,13,69849,69849,1
ghost_relocated_high_69862_69862_6166,1781166360,2026-06-11,8,26,69862,69862,1
ghost_relocated_high_69873_69873_6167,1781167020,2026-06-11,8,37,69873,69873,1
ghost_relocated_low_69923_69918_6168,1781170020,2026-06-11,9,27,69923,69918,1
ghost_relocated_low_69927_69927_6169,1781170260,2026-06-11,9,31,69927,69927,1
ghost_relocated_low_69928_69928_6170,1781170320,2026-06-11,9,32,69928,69928,1
ghost_relocated_high_69978_69963_6171,1781173320,2026-06-11,10,22,69978,69963,1
ghost_relocated_low_70013_69982_6172,1781175420,2026-06-11,10,57,70013,69982,1
ghost_relocated_low_70016_70016_6173,1781175600,2026-06-11,11,0,70016,70016,1
ghost_relocated_low_70017_70017_6174,1781175660,2026-06-11,11,1,70017,70017,1
ghost_relocated_low_70020_70020_6175,1781175840,2026-06-11,11,4,70020,70020,1
ghost_relocated_low_70021_70021_6176,1781175900,2026-06-11,11,5,70021,70021,1
ghost_relocated_low_70022_70022_6177,1781175960,2026-06-11,11,6,70022,70022,1
ghost_relocated_low_70024_70024_6178,1781176080,2026-06-11,11,8,70024,70024,1
ghost_relocated_low_70025_70025_6179,1781176140,2026-06-11,11,9,70025,70025,1
ghost_relocated_high_70075_70075_6180,1781179140,2026-06-11,11,59,70075,70075,1
ghost_relocated_high_70077_70077_6181,1781179260,2026-06-11,12,1,70077,70077,1
ghost_relocated_high_70078_70078_6182,1781179320,2026-06-11,12,2,70078,70078,1
ghost_relocated_low_70128_70110_6183,1781182320,2026-06-11,12,52,70128,70110,1
ghost_relocated_high_70160_70134_6184,1781184240,2026-06-11,13,24,70160,70134,1
ghost_relocated_high_70182_70182_6185,1781185560,2026-06-11,13,46,70182,70182,1
ghost_relocated_high_70183_70183_6186,1781185620,2026-06-11,13,47,70183,70183,1
ghost_relocated_high_70186_70186_6187,1781185800,2026-06-11,13,50,70186,70186,1
ghost_relocated_high_70187_70187_6188,1781185860,2026-06-11,13,51,70187,70187,1
ghost_relocated_high_70188_70188_6189,1781185920,2026-06-11,13,52,70188,70188,1
ghost_relocated_high_70189_70189_6190,1781185980,2026-06-11,13,53,70189,70189,1
ghost_relocated_high_70190_70190_6191,1781186040,2026-06-11,13,54,70190,70190,1
ghost_relocated_high_70197_70197_6192,1781186460,2026-06-11,14,1,70197,70197,1
ghost_relocated_high_70200_70200_6193,1781186640,2026-06-11,14,4,70200,70200,1
ghost_relocated_high_70226_70200_6194,1781188200,2026-06-11,14,30,70226,70200,1
ghost_relocated_low_70250_70250_6195,1781189640,2026-06-11,14,54,70250,70250,1
ghost_relocated_low_70251_70251_6196,1781189700,2026-06-11,14,55,70251,70251,1
ghost_relocated_low_70252_70252_6197,1781189760,2026-06-11,14,56,70252,70252,1
ghost_relocated_low_70253_70253_6198,1781189820,2026-06-11,14,57,70253,70253,1
ghost_relocated_low_70254_70254_6199,1781189880,2026-06-11,14,58,70254,70254,1
ghost_relocated_low_70256_70256_6200,1781190000,2026-06-11,15,0,70256,70256,1
ghost_relocated_low_70257_70257_6201,1781190060,2026-06-11,15,1,70257,70257,1
ghost_relocated_high_70307_70296_6202,1781193060,2026-06-11,15,51,70307,70296,1
ghost_relocated_high_70317_70317_6203,1781193660,2026-06-11,16,1,70317,70317,1
ghost_relocated_high_70326_70326_6204,1781194200,2026-06-11,16,10,70326,70326,1
ghost_relocated_high_70327_70327_6205,1781194260,2026-06-11,16,11,70327,70327,1
ghost_relocated_high_70328_70328_6206,1781194320,2026-06-11,16,12,70328,70328,1
ghost_relocated_high_70329_70329_6207,1781194380,2026-06-11,16,13,70329,70329,1
ghost_relocated_high_70331_70331_6208,1781194500,2026-06-11,16,15,70331,70331,1
ghost_relocated_low_70381_70379_6209,1781197500,2026-06-11,17,5,70381,70379,1
ghost_relocated_low_70393_70393_6210,1781198220,2026-06-11,17,17,70393,70393,1
ghost_relocated_low_70394_70394_6211,1781198280,2026-06-11,17,18,70394,70394,1
ghost_relocated_low_70396_70396_6212,1781198400,2026-06-11,17,20,70396,70396,1
ghost_relocated_high_70446_70420_6213,1781201400,2026-06-11,18,10,70446,70420,1
ghost_relocated_low_70470_70442_6214,1781202840,2026-06-11,18,34,70470,70442,1
ghost_relocated_low_70581_70547_6215,1781209500,2026-06-11,20,25,70581,70547,1
ghost_relocated_high_70651_70650_6216,1781217300,2026-06-11,22,35,70651,70650,1
ghost_relocated_high_70658_70658_6217,1781217720,2026-06-11,22,42,70658,70658,1
ghost_relocated_high_70660_70660_6218,1781217840,2026-06-11,22,44,70660,70660,1
ghost_relocated_high_70661_70661_6219,1781217900,2026-06-11,22,45,70661,70661,1
ghost_relocated_high_70662_70662_6220,1781217960,2026-06-11,22,46,70662,70662,1
ghost_relocated_high_70666_70666_6221,1781218200,2026-06-11,22,50,70666,70666,1
ghost_relocated_low_70716_70703_6222,1781221200,2026-06-11,23,40,70716,70703,1
ghost_relocated_high_70753_70742_6223,1781223420,2026-06-12,0,17,70753,70742,1
ghost_relocated_high_70762_70762_6224,1781223960,2026-06-12,0,26,70762,70762,1
ghost_relocated_high_70765_70765_6225,1781224140,2026-06-12,0,29,70765,70765,1
ghost_relocated_high_70766_70766_6226,1781224200,2026-06-12,0,30,70766,70766,1
ghost_relocated_high_70767_70767_6227,1781224260,2026-06-12,0,31,70767,70767,1
ghost_relocated_high_70768_70768_6228,1781224320,2026-06-12,0,32,70768,70768,1
ghost_relocated_high_70769_70769_6229,1781224380,2026-06-12,0,33,70769,70769,1
ghost_relocated_high_70770_70770_6230,1781224440,2026-06-12,0,34,70770,70770,1
ghost_relocated_high_70771_70771_6231,1781224500,2026-06-12,0,35,70771,70771,1
ghost_relocated_high_70772_70772_6232,1781224560,2026-06-12,0,36,70772,70772,1
ghost_relocated_low_70822_70822_6233,1781227560,2026-06-12,1,26,70822,70822,1
ghost_relocated_low_70823_70823_6234,1781227620,2026-06-12,1,27,70823,70823,1
ghost_relocated_low_70834_70834_6235,1781228280,2026-06-12,1,38,70834,70834,1
ghost_relocated_high_70884_70856_6236,1781231280,2026-06-12,2,28,70884,70856,1
ghost_relocated_low_70906_70891_6237,1781232600,2026-06-12,2,50,70906,70891,1
ghost_relocated_low_70936_70936_6238,1781234400,2026-06-12,3,20,70936,70936,1
ghost_relocated_low_70938_70938_6239,1781234520,2026-06-12,3,22,70938,70938,1
ghost_relocated_low_70939_70939_6240,1781234580,2026-06-12,3,23,70939,70939,1
ghost_relocated_low_70982_70982_6241,1781237160,2026-06-12,4,6,70982,70982,1
ghost_relocated_high_71046_71036_6242,1781241000,2026-06-12,5,10,71046,71036,1
ghost_relocated_low_71086_71086_6243,1781243400,2026-06-12,5,50,71086,71086,1
ghost_relocated_low_71137_71137_6244,1781246460,2026-06-12,6,41,71137,71137,1
ghost_relocated_low_71148_71148_6245,1781247120,2026-06-12,6,52,71148,71148,1
ghost_relocated_low_71149_71149_6246,1781247180,2026-06-12,6,53,71149,71149,1
ghost_relocated_low_71150_71150_6247,1781247240,2026-06-12,6,54,71150,71150,1
ghost_relocated_low_71151_71151_6248,1781247300,2026-06-12,6,55,71151,71151,1
ghost_relocated_low_71159_71159_6249,1781247780,2026-06-12,7,3,71159,71159,1
ghost_relocated_low_71160_71160_6250,1781247840,2026-06-12,7,4,71160,71160,1
ghost_relocated_low_71161_71161_6251,1781247900,2026-06-12,7,5,71161,71161,1
ghost_relocated_low_71162_71162_6252,1781247960,2026-06-12,7,6,71162,71162,1
ghost_relocated_low_71164_71164_6253,1781248080,2026-06-12,7,8,71164,71164,1
ghost_relocated_low_71169_71169_6254,1781248380,2026-06-12,7,13,71169,71169,1
ghost_relocated_low_71170_71170_6255,1781248440,2026-06-12,7,14,71170,71170,1
ghost_relocated_low_71173_71173_6256,1781248620,2026-06-12,7,17,71173,71173,1
ghost_relocated_high_71223_71222_6257,1781251620,2026-06-12,8,7,71223,71222,1
ghost_relocated_high_71232_71232_6258,1781252160,2026-06-12,8,16,71232,71232,1
ghost_relocated_high_71233_71233_6259,1781252220,2026-06-12,8,17,71233,71233,1
ghost_relocated_high_71234_71234_6260,1781252280,2026-06-12,8,18,71234,71234,1
ghost_relocated_high_71235_71235_6261,1781252340,2026-06-12,8,19,71235,71235,1
ghost_relocated_high_71238_71238_6262,1781252520,2026-06-12,8,22,71238,71238,1
ghost_relocated_low_71288_71256_6263,1781255520,2026-06-12,9,12,71288,71256,1
ghost_relocated_low_71362_71362_6264,1781259960,2026-06-12,10,26,71362,71362,1
ghost_relocated_low_71364_71364_6265,1781260080,2026-06-12,10,28,71364,71364,1
ghost_relocated_low_71365_71365_6266,1781260140,2026-06-12,10,29,71365,71365,1
ghost_relocated_high_71415_71414_6267,1781263140,2026-06-12,11,19,71415,71414,1
ghost_relocated_high_71416_71416_6268,1781263200,2026-06-12,11,20,71416,71416,1
ghost_relocated_high_71417_71417_6269,1781263260,2026-06-12,11,21,71417,71417,1
ghost_relocated_high_71418_71418_6270,1781263320,2026-06-12,11,22,71418,71418,1
ghost_relocated_high_71419_71419_6271,1781263380,2026-06-12,11,23,71419,71419,1
ghost_relocated_high_71420_71420_6272,1781263440,2026-06-12,11,24,71420,71420,1
ghost_relocated_high_71421_71421_6273,1781263500,2026-06-12,11,25,71421,71421,1
ghost_relocated_high_71441_71441_6274,1781264700,2026-06-12,11,45,71441,71441,1
ghost_relocated_high_71449_71449_6275,1781265180,2026-06-12,11,53,71449,71449,1
ghost_relocated_high_71450_71450_6276,1781265240,2026-06-12,11,54,71450,71450,1
ghost_relocated_high_71451_71451_6277,1781265300,2026-06-12,11,55,71451,71451,1
ghost_relocated_low_71501_71501_6278,1781268300,2026-06-12,12,45,71501,71501,1
ghost_relocated_low_71503_71503_6279,1781268420,2026-06-12,12,47,71503,71503,1
ghost_relocated_low_71504_71504_6280,1781268480,2026-06-12,12,48,71504,71504,1
ghost_relocated_low_71510_71510_6281,1781268840,2026-06-12,12,54,71510,71510,1
ghost_relocated_low_71511_71511_6282,1781268900,2026-06-12,12,55,71511,71511,1
ghost_relocated_low_71512_71512_6283,1781268960,2026-06-12,12,56,71512,71512,1
ghost_relocated_low_71513_71513_6284,1781269020,2026-06-12,12,57,71513,71513,1
ghost_relocated_low_71516_71516_6285,1781269200,2026-06-12,13,0,71516,71516,1
ghost_relocated_low_71517_71517_6286,1781269260,2026-06-12,13,1,71517,71517,1
ghost_relocated_low_71518_71518_6287,1781269320,2026-06-12,13,2,71518,71518,1
ghost_relocated_low_71549_71549_6288,1781271180,2026-06-12,13,33,71549,71549,1
ghost_relocated_low_71550_71550_6289,1781271240,2026-06-12,13,34,71550,71550,1
ghost_relocated_low_71558_71558_6290,1781271720,2026-06-12,13,42,71558,71558,1
ghost_relocated_low_71561_71561_6291,1781271900,2026-06-12,13,45,71561,71561,1
ghost_relocated_high_71611_71593_6292,1781274900,2026-06-12,14,35,71611,71593,1
ghost_relocated_high_71631_71631_6293,1781276100,2026-06-12,14,55,71631,71631,1
ghost_relocated_high_71636_71636_6294,1781276400,2026-06-12,15,0,71636,71636,1
ghost_relocated_high_71637_71637_6295,1781276460,2026-06-12,15,1,71637,71637,1
ghost_relocated_high_71641_71641_6296,1781276700,2026-06-12,15,5,71641,71641,1
ghost_relocated_high_71647_71647_6297,1781277060,2026-06-12,15,11,71647,71647,1
ghost_relocated_high_71650_71650_6298,1781277240,2026-06-12,15,14,71650,71650,1
ghost_relocated_high_71651_71651_6299,1781277300,2026-06-12,15,15,71651,71651,1
ghost_relocated_high_71653_71653_6300,1781277420,2026-06-12,15,17,71653,71653,1
ghost_relocated_high_71654_71654_6301,1781277480,2026-06-12,15,18,71654,71654,1
ghost_relocated_high_71655_71655_6302,1781277540,2026-06-12,15,19,71655,71655,1
ghost_relocated_high_71656_71656_6303,1781277600,2026-06-12,15,20,71656,71656,1
ghost_relocated_high_71657_71657_6304,1781277660,2026-06-12,15,21,71657,71657,1
ghost_relocated_high_71660_71660_6305,1781277840,2026-06-12,15,24,71660,71660,1
ghost_relocated_high_71661_71661_6306,1781277900,2026-06-12,15,25,71661,71661,1
ghost_relocated_low_71711_71696_6307,1781280900,2026-06-12,16,15,71711,71696,1
ghost_relocated_high_71746_71712_6308,1781283000,2026-06-12,16,50,71746,71712,1
ghost_relocated_high_71755_71755_6309,1781283540,2026-06-12,16,59,71755,71755,1
ghost_relocated_high_71756_71756_6310,1781283600,2026-06-12,17,0,71756,71756,1
ghost_relocated_high_71759_71759_6311,1781283780,2026-06-12,17,3,71759,71759,1
ghost_relocated_high_71760_71760_6312,1781283840,2026-06-12,17,4,71760,71760,1
ghost_relocated_high_71761_71761_6313,1781283900,2026-06-12,17,5,71761,71761,1
ghost_relocated_high_71762_71762_6314,1781283960,2026-06-12,17,6,71762,71762,1
ghost_relocated_low_71812_71812_6315,1781286960,2026-06-12,17,56,71812,71812,1
ghost_relocated_low_71820_71820_6316,1781287440,2026-06-12,18,4,71820,71820,1
ghost_relocated_low_71821_71821_6317,1781287500,2026-06-12,18,5,71821,71821,1
ghost_relocated_low_71822_71822_6318,1781287560,2026-06-12,18,6,71822,71822,1
ghost_relocated_low_71823_71823_6319,1781287620,2026-06-12,18,7,71823,71823,1
ghost_relocated_low_71833_71833_6320,1781288220,2026-06-12,18,17,71833,71833,1
ghost_relocated_low_71834_71834_6321,1781288280,2026-06-12,18,18,71834,71834,1
ghost_relocated_high_71884_71857_6322,1781291280,2026-06-12,19,8,71884,71857,1
ghost_relocated_low_71907_71907_6323,1781292660,2026-06-12,19,31,71907,71907,1
ghost_relocated_low_71909_71909_6324,1781292780,2026-06-12,19,33,71909,71909,1
ghost_relocated_low_71910_71910_6325,1781292840,2026-06-12,19,34,71910,71910,1
ghost_relocated_low_71911_71911_6326,1781292900,2026-06-12,19,35,71911,71911,1
ghost_relocated_high_71961_71953_6327,1781295900,2026-06-12,20,25,71961,71953,1
ghost_relocated_high_71996_71996_6328,1781474400,2026-06-14,22,0,71996,71996,1
ghost_relocated_high_71997_71997_6329,1781474460,2026-06-14,22,1,71997,71997,1
ghost_relocated_high_72001_72001_6330,1781474700,2026-06-14,22,5,72001,72001,1
ghost_relocated_high_72005_72005_6331,1781474940,2026-06-14,22,9,72005,72005,1
ghost_relocated_high_72018_72018_6332,1781475720,2026-06-14,22,22,72018,72018,1
ghost_relocated_high_72019_72019_6333,1781475780,2026-06-14,22,23,72019,72019,1
ghost_relocated_high_72020_72020_6334,1781475840,2026-06-14,22,24,72020,72020,1
ghost_relocated_high_72040_72020_6335,1781477040,2026-06-14,22,44,72040,72020,1
ghost_relocated_low_72070_72030_6336,1781478840,2026-06-14,23,14,72070,72030,1
ghost_relocated_low_72071_72071_6337,1781478900,2026-06-14,23,15,72071,72071,1
ghost_relocated_low_72074_72074_6338,1781479080,2026-06-14,23,18,72074,72074,1
ghost_relocated_low_72075_72075_6339,1781479140,2026-06-14,23,19,72075,72075,1
ghost_relocated_low_72076_72076_6340,1781479200,2026-06-14,23,20,72076,72076,1
ghost_relocated_low_72077_72077_6341,1781479260,2026-06-14,23,21,72077,72077,1
ghost_relocated_high_72127_72127_6342,1781482260,2026-06-15,0,11,72127,72127,1
ghost_relocated_high_72129_72129_6343,1781482380,2026-06-15,0,13,72129,72129,1
ghost_relocated_high_72130_72130_6344,1781482440,2026-06-15,0,14,72130,72130,1
ghost_relocated_high_72131_72131_6345,1781482500,2026-06-15,0,15,72131,72131,1
ghost_relocated_high_72132_72132_6346,1781482560,2026-06-15,0,16,72132,72132,1
ghost_relocated_high_72137_72137_6347,1781482860,2026-06-15,0,21,72137,72137,1
ghost_relocated_high_72141_72141_6348,1781483100,2026-06-15,0,25,72141,72141,1
ghost_relocated_high_72189_72189_6349,1781485980,2026-06-15,1,13,72189,72189,1
ghost_relocated_high_72213_72213_6350,1781487420,2026-06-15,1,37,72213,72213,1
ghost_relocated_high_72218_72218_6351,1781487720,2026-06-15,1,42,72218,72218,1
ghost_relocated_high_72219_72219_6352,1781487780,2026-06-15,1,43,72219,72219,1
ghost_relocated_high_72220_72220_6353,1781487840,2026-06-15,1,44,72220,72220,1
ghost_relocated_high_72228_72228_6354,1781488320,2026-06-15,1,52,72228,72228,1
ghost_relocated_high_72247_72247_6355,1781489460,2026-06-15,2,11,72247,72247,1
ghost_relocated_high_72248_72248_6356,1781489520,2026-06-15,2,12,72248,72248,1
ghost_relocated_high_72252_72252_6357,1781489760,2026-06-15,2,16,72252,72252,1
ghost_relocated_high_72257_72257_6358,1781490060,2026-06-15,2,21,72257,72257,1
ghost_relocated_high_72260_72260_6359,1781490240,2026-06-15,2,24,72260,72260,1
ghost_relocated_high_72262_72262_6360,1781490360,2026-06-15,2,26,72262,72262,1
ghost_relocated_high_72265_72265_6361,1781490540,2026-06-15,2,29,72265,72265,1
ghost_relocated_high_72266_72266_6362,1781490600,2026-06-15,2,30,72266,72266,1
ghost_relocated_high_72313_72313_6363,1781493420,2026-06-15,3,17,72313,72313,1
ghost_relocated_high_72314_72314_6364,1781493480,2026-06-15,3,18,72314,72314,1
ghost_relocated_high_72329_72329_6365,1781494380,2026-06-15,3,33,72329,72329,1
ghost_relocated_low_72379_72369_6366,1781497380,2026-06-15,4,23,72379,72369,1
ghost_relocated_high_72419_72415_6367,1781499780,2026-06-15,5,3,72419,72415,1
ghost_relocated_high_72424_72424_6368,1781500080,2026-06-15,5,8,72424,72424,1
ghost_relocated_high_72425_72425_6369,1781500140,2026-06-15,5,9,72425,72425,1
ghost_relocated_high_72426_72426_6370,1781500200,2026-06-15,5,10,72426,72426,1
ghost_relocated_high_72430_72430_6371,1781500440,2026-06-15,5,14,72430,72430,1
ghost_relocated_high_72436_72436_6372,1781500800,2026-06-15,5,20,72436,72436,1
ghost_relocated_high_72438_72438_6373,1781500920,2026-06-15,5,22,72438,72438,1
ghost_relocated_high_72476_72476_6374,1781503200,2026-06-15,6,0,72476,72476,1
ghost_relocated_high_72500_72500_6375,1781504640,2026-06-15,6,24,72500,72500,1
ghost_relocated_high_72501_72501_6376,1781504700,2026-06-15,6,25,72501,72501,1
ghost_relocated_high_72502_72502_6377,1781504760,2026-06-15,6,26,72502,72502,1
ghost_relocated_high_72503_72503_6378,1781504820,2026-06-15,6,27,72503,72503,1
ghost_relocated_high_72527_72527_6379,1781506260,2026-06-15,6,51,72527,72527,1
ghost_relocated_high_72543_72543_6380,1781507220,2026-06-15,7,7,72543,72543,1
ghost_relocated_high_72554_72554_6381,1781507880,2026-06-15,7,18,72554,72554,1
ghost_relocated_high_72571_72571_6382,1781508900,2026-06-15,7,35,72571,72571,1
ghost_relocated_high_72598_72598_6383,1781510520,2026-06-15,8,2,72598,72598,1
ghost_relocated_high_72599_72599_6384,1781510580,2026-06-15,8,3,72599,72599,1
ghost_relocated_high_72622_72622_6385,1781511960,2026-06-15,8,26,72622,72622,1
ghost_relocated_high_72623_72623_6386,1781512020,2026-06-15,8,27,72623,72623,1
ghost_relocated_high_72630_72630_6387,1781512440,2026-06-15,8,34,72630,72630,1
ghost_relocated_high_72631_72631_6388,1781512500,2026-06-15,8,35,72631,72631,1
ghost_relocated_high_72632_72632_6389,1781512560,2026-06-15,8,36,72632,72632,1
ghost_relocated_high_72635_72635_6390,1781512740,2026-06-15,8,39,72635,72635,1
ghost_relocated_high_72638_72638_6391,1781512920,2026-06-15,8,42,72638,72638,1
ghost_relocated_high_72639_72639_6392,1781512980,2026-06-15,8,43,72639,72639,1
ghost_relocated_high_72641_72641_6393,1781513100,2026-06-15,8,45,72641,72641,1
ghost_relocated_low_72692_72691_6394,1781516160,2026-06-15,9,36,72692,72691,1
ghost_relocated_low_72701_72701_6395,1781516700,2026-06-15,9,45,72701,72701,1
ghost_relocated_high_72751_72745_6396,1781519700,2026-06-15,10,35,72751,72745,1
ghost_relocated_high_72776_72776_6397,1781521200,2026-06-15,11,0,72776,72776,1
ghost_relocated_high_72777_72777_6398,1781521260,2026-06-15,11,1,72777,72777,1
ghost_relocated_high_72778_72778_6399,1781521320,2026-06-15,11,2,72778,72778,1
ghost_relocated_high_72779_72779_6400,1781521380,2026-06-15,11,3,72779,72779,1
ghost_relocated_high_72780_72780_6401,1781521440,2026-06-15,11,4,72780,72780,1
ghost_relocated_high_72783_72783_6402,1781521620,2026-06-15,11,7,72783,72783,1
ghost_relocated_high_72784_72784_6403,1781521680,2026-06-15,11,8,72784,72784,1
ghost_relocated_high_72787_72787_6404,1781521860,2026-06-15,11,11,72787,72787,1
ghost_relocated_high_72788_72788_6405,1781521920,2026-06-15,11,12,72788,72788,1
ghost_relocated_high_72789_72789_6406,1781521980,2026-06-15,11,13,72789,72789,1
ghost_relocated_high_72791_72791_6407,1781522100,2026-06-15,11,15,72791,72791,1
ghost_relocated_high_72792_72792_6408,1781522160,2026-06-15,11,16,72792,72792,1
ghost_relocated_high_72796_72796_6409,1781522400,2026-06-15,11,20,72796,72796,1
ghost_relocated_high_72805_72805_6410,1781522940,2026-06-15,11,29,72805,72805,1
ghost_relocated_high_72806_72806_6411,1781523000,2026-06-15,11,30,72806,72806,1
ghost_relocated_high_72807_72807_6412,1781523060,2026-06-15,11,31,72807,72807,1
ghost_relocated_low_72857_72853_6413,1781526060,2026-06-15,12,21,72857,72853,1
ghost_relocated_low_72869_72869_6414,1781526780,2026-06-15,12,33,72869,72869,1
ghost_relocated_low_72870_72870_6415,1781526840,2026-06-15,12,34,72870,72870,1
ghost_relocated_low_72871_72871_6416,1781526900,2026-06-15,12,35,72871,72871,1
ghost_relocated_low_72881_72881_6417,1781527500,2026-06-15,12,45,72881,72881,1
ghost_relocated_high_72931_72931_6418,1781530500,2026-06-15,13,35,72931,72931,1
ghost_relocated_high_72932_72932_6419,1781530560,2026-06-15,13,36,72932,72932,1
ghost_relocated_high_72933_72933_6420,1781530620,2026-06-15,13,37,72933,72933,1
ghost_relocated_high_72937_72937_6421,1781530860,2026-06-15,13,41,72937,72937,1
ghost_relocated_high_72938_72938_6422,1781530920,2026-06-15,13,42,72938,72938,1
ghost_relocated_high_72941_72941_6423,1781531100,2026-06-15,13,45,72941,72941,1
ghost_relocated_high_72942_72942_6424,1781531160,2026-06-15,13,46,72942,72942,1
ghost_relocated_high_72943_72943_6425,1781531220,2026-06-15,13,47,72943,72943,1
ghost_relocated_high_72944_72944_6426,1781531280,2026-06-15,13,48,72944,72944,1
ghost_relocated_high_72945_72945_6427,1781531340,2026-06-15,13,49,72945,72945,1
ghost_relocated_high_72946_72946_6428,1781531400,2026-06-15,13,50,72946,72946,1
ghost_relocated_high_72947_72947_6429,1781531460,2026-06-15,13,51,72947,72947,1
ghost_relocated_high_72948_72948_6430,1781531520,2026-06-15,13,52,72948,72948,1
ghost_relocated_high_72949_72949_6431,1781531580,2026-06-15,13,53,72949,72949,1
ghost_relocated_low_72999_72978_6432,1781534580,2026-06-15,14,43,72999,72978,1
ghost_relocated_low_73156_73143_6433,1781544000,2026-06-15,17,20,73156,73143,1
ghost_relocated_high_73193_73166_6434,1781546220,2026-06-15,17,57,73193,73166,1
ghost_relocated_high_73276_73241_6435,1781551200,2026-06-15,19,20,73276,73241,1
ghost_relocated_low_73291_73286_6436,1781552100,2026-06-15,19,35,73291,73286,1
ghost_relocated_low_73312_73312_6437,1781553360,2026-06-15,19,56,73312,73312,1
ghost_relocated_low_73313_73313_6438,1781553420,2026-06-15,19,57,73313,73313,1
ghost_relocated_high_73363_73316_6439,1781556420,2026-06-15,20,47,73363,73316,1
ghost_relocated_low_73366_73360_6440,1781556600,2026-06-15,20,50,73366,73360,1
ghost_relocated_low_73368_73368_6441,1781556720,2026-06-15,20,52,73368,73368,1
ghost_relocated_low_73387_73387_6442,1781561460,2026-06-15,22,11,73387,73387,1
ghost_relocated_low_73388_73388_6443,1781561520,2026-06-15,22,12,73388,73388,1
ghost_relocated_low_73389_73389_6444,1781561580,2026-06-15,22,13,73389,73389,1
ghost_relocated_low_73397_73397_6445,1781562060,2026-06-15,22,21,73397,73397,1
ghost_relocated_low_73403_73403_6446,1781562420,2026-06-15,22,27,73403,73403,1
ghost_relocated_low_73404_73404_6447,1781562480,2026-06-15,22,28,73404,73404,1
ghost_relocated_high_73454_73427_6448,1781565480,2026-06-15,23,18,73454,73427,1
ghost_relocated_high_73461_73461_6449,1781565900,2026-06-15,23,25,73461,73461,1
ghost_relocated_high_73464_73464_6450,1781566080,2026-06-15,23,28,73464,73464,1
ghost_relocated_high_73465_73465_6451,1781566140,2026-06-15,23,29,73465,73465,1
ghost_relocated_high_73489_73489_6452,1781567580,2026-06-15,23,53,73489,73489,1
ghost_relocated_high_73495_73495_6453,1781567940,2026-06-15,23,59,73495,73495,1
ghost_relocated_high_73497_73497_6454,1781568060,2026-06-16,0,1,73497,73497,1
ghost_relocated_high_73527_73527_6455,1781569860,2026-06-16,0,31,73527,73527,1
ghost_relocated_low_73577_73565_6456,1781572860,2026-06-16,1,21,73577,73565,1
ghost_relocated_high_73615_73604_6457,1781575140,2026-06-16,1,59,73615,73604,1
ghost_relocated_high_73652_73652_6458,1781577360,2026-06-16,2,36,73652,73652,1
ghost_relocated_high_73700_73700_6459,1781580240,2026-06-16,3,24,73700,73700,1
ghost_relocated_high_73701_73701_6460,1781580300,2026-06-16,3,25,73701,73701,1
ghost_relocated_high_73702_73702_6461,1781580360,2026-06-16,3,26,73702,73702,1
ghost_relocated_high_73707_73707_6462,1781580660,2026-06-16,3,31,73707,73707,1
ghost_relocated_high_73708_73708_6463,1781580720,2026-06-16,3,32,73708,73708,1
ghost_relocated_high_73709_73709_6464,1781580780,2026-06-16,3,33,73709,73709,1
ghost_relocated_high_73710_73710_6465,1781580840,2026-06-16,3,34,73710,73710,1
ghost_relocated_high_73711_73711_6466,1781580900,2026-06-16,3,35,73711,73711,1
ghost_relocated_high_73715_73715_6467,1781581140,2026-06-16,3,39,73715,73715,1
ghost_relocated_high_73716_73716_6468,1781581200,2026-06-16,3,40,73716,73716,1
ghost_relocated_high_73717_73717_6469,1781581260,2026-06-16,3,41,73717,73717,1
ghost_relocated_low_73767_73755_6470,1781584260,2026-06-16,4,31,73767,73755,1
ghost_relocated_low_73784_73784_6471,1781585280,2026-06-16,4,48,73784,73784,1
ghost_relocated_low_73786_73786_6472,1781585400,2026-06-16,4,50,73786,73786,1
ghost_relocated_low_73787_73787_6473,1781585460,2026-06-16,4,51,73787,73787,1
ghost_relocated_high_73837_73814_6474,1781588460,2026-06-16,5,41,73837,73814,1
ghost_relocated_low_73864_73831_6475,1781590080,2026-06-16,6,8,73864,73831,1
ghost_relocated_low_73976_73965_6476,1781596800,2026-06-16,8,0,73976,73965,1
ghost_relocated_high_74015_74006_6477,1781599140,2026-06-16,8,39,74015,74006,1
ghost_relocated_high_74028_74028_6478,1781599920,2026-06-16,8,52,74028,74028,1
ghost_relocated_high_74029_74029_6479,1781599980,2026-06-16,8,53,74029,74029,1
ghost_relocated_high_74032_74032_6480,1781600160,2026-06-16,8,56,74032,74032,1
ghost_relocated_high_74033_74033_6481,1781600220,2026-06-16,8,57,74033,74033,1
ghost_relocated_low_74083_74079_6482,1781603220,2026-06-16,9,47,74083,74079,1
ghost_relocated_low_74084_74084_6483,1781603280,2026-06-16,9,48,74084,74084,1
ghost_relocated_low_74085_74085_6484,1781603340,2026-06-16,9,49,74085,74085,1
ghost_relocated_low_74092_74092_6485,1781603760,2026-06-16,9,56,74092,74092,1
ghost_relocated_high_74142_74135_6486,1781606760,2026-06-16,10,46,74142,74135,1
ghost_relocated_high_74146_74146_6487,1781607000,2026-06-16,10,50,74146,74146,1
ghost_relocated_high_74155_74155_6488,1781607540,2026-06-16,10,59,74155,74155,1
ghost_relocated_high_74156_74156_6489,1781607600,2026-06-16,11,0,74156,74156,1
ghost_relocated_high_74157_74157_6490,1781607660,2026-06-16,11,1,74157,74157,1
ghost_relocated_high_74159_74159_6491,1781607780,2026-06-16,11,3,74159,74159,1
ghost_relocated_high_74160_74160_6492,1781607840,2026-06-16,11,4,74160,74160,1
ghost_relocated_high_74161_74161_6493,1781607900,2026-06-16,11,5,74161,74161,1
ghost_relocated_high_74170_74170_6494,1781608440,2026-06-16,11,14,74170,74170,1
ghost_relocated_high_74172_74172_6495,1781608560,2026-06-16,11,16,74172,74172,1
ghost_relocated_high_74175_74175_6496,1781608740,2026-06-16,11,19,74175,74175,1
ghost_relocated_high_74176_74176_6497,1781608800,2026-06-16,11,20,74176,74176,1
ghost_relocated_low_74226_74191_6498,1781611800,2026-06-16,12,10,74226,74191,1
ghost_relocated_low_74228_74228_6499,1781611920,2026-06-16,12,12,74228,74228,1
ghost_relocated_low_74229_74229_6500,1781611980,2026-06-16,12,13,74229,74229,1
ghost_relocated_low_74231_74231_6501,1781612100,2026-06-16,12,15,74231,74231,1
ghost_relocated_low_74232_74232_6502,1781612160,2026-06-16,12,16,74232,74232,1
ghost_relocated_low_74234_74234_6503,1781612280,2026-06-16,12,18,74234,74234,1
ghost_relocated_low_74236_74236_6504,1781612400,2026-06-16,12,20,74236,74236,1
ghost_relocated_low_74237_74237_6505,1781612460,2026-06-16,12,21,74237,74237,1
ghost_relocated_low_74239_74239_6506,1781612580,2026-06-16,12,23,74239,74239,1
ghost_relocated_low_74240_74240_6507,1781612640,2026-06-16,12,24,74240,74240,1
ghost_relocated_low_74241_74241_6508,1781612700,2026-06-16,12,25,74241,74241,1
ghost_relocated_low_74243_74243_6509,1781612820,2026-06-16,12,27,74243,74243,1
ghost_relocated_low_74248_74248_6510,1781613120,2026-06-16,12,32,74248,74248,1
ghost_relocated_low_74258_74258_6511,1781613720,2026-06-16,12,42,74258,74258,1
ghost_relocated_low_74259_74259_6512,1781613780,2026-06-16,12,43,74259,74259,1
ghost_relocated_low_74263_74263_6513,1781614020,2026-06-16,12,47,74263,74263,1
ghost_relocated_low_74265_74265_6514,1781614140,2026-06-16,12,49,74265,74265,1
ghost_relocated_low_74276_74276_6515,1781614800,2026-06-16,13,0,74276,74276,1
ghost_relocated_low_74281_74281_6516,1781615100,2026-06-16,13,5,74281,74281,1
ghost_relocated_low_74282_74282_6517,1781615160,2026-06-16,13,6,74282,74282,1
ghost_relocated_low_74283_74283_6518,1781615220,2026-06-16,13,7,74283,74283,1
ghost_relocated_low_74284_74284_6519,1781615280,2026-06-16,13,8,74284,74284,1
ghost_relocated_low_74285_74285_6520,1781615340,2026-06-16,13,9,74285,74285,1
ghost_relocated_low_74286_74286_6521,1781615400,2026-06-16,13,10,74286,74286,1
ghost_relocated_low_74306_74306_6522,1781616600,2026-06-16,13,30,74306,74306,1
ghost_relocated_low_74309_74309_6523,1781616780,2026-06-16,13,33,74309,74309,1
ghost_relocated_low_74310_74310_6524,1781616840,2026-06-16,13,34,74310,74310,1
ghost_relocated_low_74355_74355_6525,1781619540,2026-06-16,14,19,74355,74355,1
ghost_relocated_low_74356_74356_6526,1781619600,2026-06-16,14,20,74356,74356,1
ghost_relocated_low_74358_74358_6527,1781619720,2026-06-16,14,22,74358,74358,1
ghost_relocated_low_74359_74359_6528,1781619780,2026-06-16,14,23,74359,74359,1
ghost_relocated_low_74360_74360_6529,1781619840,2026-06-16,14,24,74360,74360,1
ghost_relocated_low_74366_74366_6530,1781620200,2026-06-16,14,30,74366,74366,1
ghost_relocated_low_74367_74367_6531,1781620260,2026-06-16,14,31,74367,74367,1
ghost_relocated_low_74368_74368_6532,1781620320,2026-06-16,14,32,74368,74368,1
ghost_relocated_low_74369_74369_6533,1781620380,2026-06-16,14,33,74369,74369,1
ghost_relocated_low_74381_74369_6534,1781621100,2026-06-16,14,45,74381,74369,1
ghost_relocated_low_74394_74394_6535,1781621880,2026-06-16,14,58,74394,74394,1
ghost_relocated_low_74395_74395_6536,1781621940,2026-06-16,14,59,74395,74395,1
ghost_relocated_low_74418_74418_6537,1781623320,2026-06-16,15,22,74418,74418,1
ghost_relocated_low_74419_74419_6538,1781623380,2026-06-16,15,23,74419,74419,1
ghost_relocated_low_74420_74420_6539,1781623440,2026-06-16,15,24,74420,74420,1
ghost_relocated_low_74422_74422_6540,1781623560,2026-06-16,15,26,74422,74422,1
ghost_relocated_low_74423_74423_6541,1781623620,2026-06-16,15,27,74423,74423,1
ghost_relocated_low_74424_74424_6542,1781623680,2026-06-16,15,28,74424,74424,1
ghost_relocated_low_74435_74435_6543,1781624340,2026-06-16,15,39,74435,74435,1
ghost_relocated_low_74438_74438_6544,1781624520,2026-06-16,15,42,74438,74438,1
ghost_relocated_low_74439_74439_6545,1781624580,2026-06-16,15,43,74439,74439,1
ghost_relocated_low_74440_74440_6546,1781624640,2026-06-16,15,44,74440,74440,1
ghost_relocated_low_74441_74441_6547,1781624700,2026-06-16,15,45,74441,74441,1
ghost_relocated_low_74442_74442_6548,1781624760,2026-06-16,15,46,74442,74442,1
ghost_relocated_low_74443_74443_6549,1781624820,2026-06-16,15,47,74443,74443,1
ghost_relocated_low_74444_74444_6550,1781624880,2026-06-16,15,48,74444,74444,1
ghost_relocated_high_74494_74478_6551,1781627880,2026-06-16,16,38,74494,74478,1
ghost_relocated_high_74605_74572_6552,1781634540,2026-06-16,18,29,74605,74572,1
ghost_relocated_low_74622_74612_6553,1781635560,2026-06-16,18,46,74622,74612,1
ghost_relocated_low_74646_74646_6554,1781637000,2026-06-16,19,10,74646,74646,1
ghost_relocated_low_74647_74647_6555,1781637060,2026-06-16,19,11,74647,74647,1
ghost_relocated_low_74648_74648_6556,1781637120,2026-06-16,19,12,74648,74648,1
ghost_relocated_low_74649_74649_6557,1781637180,2026-06-16,19,13,74649,74649,1
ghost_relocated_low_74650_74650_6558,1781637240,2026-06-16,19,14,74650,74650,1
ghost_relocated_low_74651_74651_6559,1781637300,2026-06-16,19,15,74651,74651,1
ghost_relocated_low_74652_74652_6560,1781637360,2026-06-16,19,16,74652,74652,1
ghost_relocated_low_74693_74693_6561,1781639820,2026-06-16,19,57,74693,74693,1
ghost_relocated_low_74695_74695_6562,1781639940,2026-06-16,19,59,74695,74695,1
ghost_relocated_low_74696_74696_6563,1781640000,2026-06-16,20,0,74696,74696,1
ghost_relocated_low_74697_74697_6564,1781640060,2026-06-16,20,1,74697,74697,1
ghost_relocated_low_74712_74712_6565,1781640960,2026-06-16,20,16,74712,74712,1
ghost_relocated_low_74713_74713_6566,1781641020,2026-06-16,20,17,74713,74713,1
ghost_relocated_low_74714_74714_6567,1781641080,2026-06-16,20,18,74714,74714,1
ghost_relocated_low_74715_74715_6568,1781641140,2026-06-16,20,19,74715,74715,1
ghost_relocated_high_74765_74765_6569,1781647740,2026-06-16,22,9,74765,74765,1
ghost_relocated_high_74766_74766_6570,1781647800,2026-06-16,22,10,74766,74766,1
ghost_relocated_high_74780_74780_6571,1781648640,2026-06-16,22,24,74780,74780,1
ghost_relocated_high_74787_74787_6572,1781649060,2026-06-16,22,31,74787,74787,1
ghost_relocated_high_74788_74788_6573,1781649120,2026-06-16,22,32,74788,74788,1
ghost_relocated_high_74789_74789_6574,1781649180,2026-06-16,22,33,74789,74789,1
ghost_relocated_high_74808_74808_6575,1781650320,2026-06-16,22,52,74808,74808,1
ghost_relocated_high_74812_74812_6576,1781650560,2026-06-16,22,56,74812,74812,1
ghost_relocated_low_74862_74857_6577,1781653560,2026-06-16,23,46,74862,74857,1
ghost_relocated_low_74866_74866_6578,1781653800,2026-06-16,23,50,74866,74866,1
ghost_relocated_high_74916_74913_6579,1781656800,2026-06-17,0,40,74916,74913,1
ghost_relocated_high_74941_74941_6580,1781658300,2026-06-17,1,5,74941,74941,1
ghost_relocated_high_74942_74942_6581,1781658360,2026-06-17,1,6,74942,74942,1
ghost_relocated_high_74944_74944_6582,1781658480,2026-06-17,1,8,74944,74944,1
ghost_relocated_high_74949_74949_6583,1781658780,2026-06-17,1,13,74949,74949,1
ghost_relocated_high_74956_74956_6584,1781659200,2026-06-17,1,20,74956,74956,1
ghost_relocated_high_74957_74957_6585,1781659260,2026-06-17,1,21,74957,74957,1
ghost_relocated_high_74959_74959_6586,1781659380,2026-06-17,1,23,74959,74959,1
ghost_relocated_high_74961_74961_6587,1781659500,2026-06-17,1,25,74961,74961,1
ghost_relocated_high_74962_74962_6588,1781659560,2026-06-17,1,26,74962,74962,1
ghost_relocated_high_74965_74965_6589,1781659740,2026-06-17,1,29,74965,74965,1
ghost_relocated_high_74967_74967_6590,1781659860,2026-06-17,1,31,74967,74967,1
ghost_relocated_high_74971_74971_6591,1781660100,2026-06-17,1,35,74971,74971,1
ghost_relocated_high_74972_74972_6592,1781660160,2026-06-17,1,36,74972,74972,1
ghost_relocated_high_74975_74975_6593,1781660340,2026-06-17,1,39,74975,74975,1
ghost_relocated_high_74976_74976_6594,1781660400,2026-06-17,1,40,74976,74976,1
ghost_relocated_high_74977_74977_6595,1781660460,2026-06-17,1,41,74977,74977,1
ghost_relocated_high_74991_74991_6596,1781661300,2026-06-17,1,55,74991,74991,1
ghost_relocated_high_74992_74992_6597,1781661360,2026-06-17,1,56,74992,74992,1
ghost_relocated_high_74993_74993_6598,1781661420,2026-06-17,1,57,74993,74993,1
ghost_relocated_high_75004_75004_6599,1781662080,2026-06-17,2,8,75004,75004,1
ghost_relocated_high_75007_75007_6600,1781662260,2026-06-17,2,11,75007,75007,1
ghost_relocated_high_75010_75010_6601,1781662440,2026-06-17,2,14,75010,75010,1
ghost_relocated_high_75017_75017_6602,1781662860,2026-06-17,2,21,75017,75017,1
ghost_relocated_high_75018_75018_6603,1781662920,2026-06-17,2,22,75018,75018,1
ghost_relocated_high_75022_75022_6604,1781663160,2026-06-17,2,26,75022,75022,1
ghost_relocated_high_75023_75023_6605,1781663220,2026-06-17,2,27,75023,75023,1
ghost_relocated_low_75073_75072_6606,1781666220,2026-06-17,3,17,75073,75072,1
ghost_relocated_low_75076_75076_6607,1781666400,2026-06-17,3,20,75076,75076,1
ghost_relocated_low_75078_75078_6608,1781666520,2026-06-17,3,22,75078,75078,1
ghost_relocated_low_75079_75079_6609,1781666580,2026-06-17,3,23,75079,75079,1
ghost_relocated_high_75129_75122_6610,1781669580,2026-06-17,4,13,75129,75122,1
ghost_relocated_high_75132_75132_6611,1781669760,2026-06-17,4,16,75132,75132,1
ghost_relocated_high_75134_75134_6612,1781669880,2026-06-17,4,18,75134,75134,1
ghost_relocated_high_75135_75135_6613,1781669940,2026-06-17,4,19,75135,75135,1
ghost_relocated_high_75137_75137_6614,1781670060,2026-06-17,4,21,75137,75137,1
ghost_relocated_high_75139_75139_6615,1781670180,2026-06-17,4,23,75139,75139,1
ghost_relocated_high_75140_75140_6616,1781670240,2026-06-17,4,24,75140,75140,1
ghost_relocated_high_75141_75141_6617,1781670300,2026-06-17,4,25,75141,75141,1
ghost_relocated_high_75142_75142_6618,1781670360,2026-06-17,4,26,75142,75142,1
ghost_relocated_high_75167_75167_6619,1781671860,2026-06-17,4,51,75167,75167,1
ghost_relocated_high_75168_75168_6620,1781671920,2026-06-17,4,52,75168,75168,1
ghost_relocated_high_75174_75174_6621,1781672280,2026-06-17,4,58,75174,75174,1
ghost_relocated_high_75175_75175_6622,1781672340,2026-06-17,4,59,75175,75175,1
ghost_relocated_high_75176_75176_6623,1781672400,2026-06-17,5,0,75176,75176,1
ghost_relocated_high_75177_75177_6624,1781672460,2026-06-17,5,1,75177,75177,1
ghost_relocated_high_75179_75179_6625,1781672580,2026-06-17,5,3,75179,75179,1
ghost_relocated_high_75181_75181_6626,1781672700,2026-06-17,5,5,75181,75181,1
ghost_relocated_high_75197_75197_6627,1781673660,2026-06-17,5,21,75197,75197,1
ghost_relocated_high_75198_75198_6628,1781673720,2026-06-17,5,22,75198,75198,1
ghost_relocated_high_75207_75198_6629,1781674260,2026-06-17,5,31,75207,75198,1
ghost_relocated_high_75211_75211_6630,1781674500,2026-06-17,5,35,75211,75211,1
ghost_relocated_high_75213_75213_6631,1781674620,2026-06-17,5,37,75213,75213,1
ghost_relocated_high_75214_75214_6632,1781674680,2026-06-17,5,38,75214,75214,1
ghost_relocated_high_75215_75215_6633,1781674740,2026-06-17,5,39,75215,75215,1
ghost_relocated_high_75223_75223_6634,1781675220,2026-06-17,5,47,75223,75223,1
ghost_relocated_high_75224_75224_6635,1781675280,2026-06-17,5,48,75224,75224,1
ghost_relocated_high_75225_75225_6636,1781675340,2026-06-17,5,49,75225,75225,1
ghost_relocated_low_75275_75269_6637,1781678340,2026-06-17,6,39,75275,75269,1
ghost_relocated_high_75319_75307_6638,1781680980,2026-06-17,7,23,75319,75307,1
ghost_relocated_low_75357_75322_6639,1781683260,2026-06-17,8,1,75357,75322,1
ghost_relocated_low_75370_75370_6640,1781684040,2026-06-17,8,14,75370,75370,1
ghost_relocated_low_75375_75375_6641,1781684340,2026-06-17,8,19,75375,75375,1
ghost_relocated_low_75376_75376_6642,1781684400,2026-06-17,8,20,75376,75376,1
ghost_relocated_low_75385_75385_6643,1781684940,2026-06-17,8,29,75385,75385,1
ghost_relocated_low_75387_75387_6644,1781685060,2026-06-17,8,31,75387,75387,1
ghost_relocated_low_75391_75391_6645,1781685300,2026-06-17,8,35,75391,75391,1
ghost_relocated_low_75393_75393_6646,1781685420,2026-06-17,8,37,75393,75393,1
ghost_relocated_low_75395_75395_6647,1781685540,2026-06-17,8,39,75395,75395,1
ghost_relocated_low_75402_75402_6648,1781685960,2026-06-17,8,46,75402,75402,1
ghost_relocated_low_75405_75405_6649,1781686140,2026-06-17,8,49,75405,75405,1
ghost_relocated_low_75406_75406_6650,1781686200,2026-06-17,8,50,75406,75406,1
ghost_relocated_low_75414_75406_6651,1781686680,2026-06-17,8,58,75414,75406,1
ghost_relocated_high_75456_75447_6652,1781689200,2026-06-17,9,40,75456,75447,1
ghost_relocated_low_75497_75483_6653,1781691660,2026-06-17,10,21,75497,75483,1
ghost_relocated_high_75533_75527_6654,1781693820,2026-06-17,10,57,75533,75527,1
ghost_relocated_low_75577_75537_6655,1781696460,2026-06-17,11,41,75577,75537,1
ghost_relocated_low_75578_75578_6656,1781696520,2026-06-17,11,42,75578,75578,1
ghost_relocated_low_75579_75579_6657,1781696580,2026-06-17,11,43,75579,75579,1
ghost_relocated_low_75584_75584_6658,1781696880,2026-06-17,11,48,75584,75584,1
ghost_relocated_low_75585_75585_6659,1781696940,2026-06-17,11,49,75585,75585,1
ghost_relocated_low_75589_75589_6660,1781697180,2026-06-17,11,53,75589,75589,1
ghost_relocated_low_75590_75590_6661,1781697240,2026-06-17,11,54,75590,75590,1
ghost_relocated_low_75591_75591_6662,1781697300,2026-06-17,11,55,75591,75591,1
ghost_relocated_low_75592_75592_6663,1781697360,2026-06-17,11,56,75592,75592,1
ghost_relocated_low_75593_75593_6664,1781697420,2026-06-17,11,57,75593,75593,1
ghost_relocated_high_75643_75634_6665,1781700420,2026-06-17,12,47,75643,75634,1
ghost_relocated_low_75684_75663_6666,1781702880,2026-06-17,13,28,75684,75663,1
ghost_relocated_low_75687_75687_6667,1781703060,2026-06-17,13,31,75687,75687,1
ghost_relocated_low_75688_75688_6668,1781703120,2026-06-17,13,32,75688,75688,1
ghost_relocated_low_75689_75689_6669,1781703180,2026-06-17,13,33,75689,75689,1
ghost_relocated_low_75690_75690_6670,1781703240,2026-06-17,13,34,75690,75690,1
ghost_relocated_low_75694_75694_6671,1781703480,2026-06-17,13,38,75694,75694,1
ghost_relocated_low_75695_75695_6672,1781703540,2026-06-17,13,39,75695,75695,1
ghost_relocated_low_75713_75713_6673,1781704620,2026-06-17,13,57,75713,75713,1
ghost_relocated_low_75715_75715_6674,1781704740,2026-06-17,13,59,75715,75715,1
ghost_relocated_low_75716_75716_6675,1781704800,2026-06-17,14,0,75716,75716,1
ghost_relocated_low_75718_75718_6676,1781704920,2026-06-17,14,2,75718,75718,1
ghost_relocated_low_75763_75763_6677,1781707620,2026-06-17,14,47,75763,75763,1
ghost_relocated_low_75790_75763_6678,1781709240,2026-06-17,15,14,75790,75763,1
ghost_relocated_high_75813_75794_6679,1781710620,2026-06-17,15,37,75813,75794,1
ghost_relocated_high_75836_75836_6680,1781712000,2026-06-17,16,0,75836,75836,1
ghost_relocated_high_75838_75838_6681,1781712120,2026-06-17,16,2,75838,75838,1
ghost_relocated_low_75888_75884_6682,1781715120,2026-06-17,16,52,75888,75884,1
ghost_relocated_low_75889_75889_6683,1781715180,2026-06-17,16,53,75889,75889,1
ghost_relocated_low_75896_75896_6684,1781715600,2026-06-17,17,0,75896,75896,1
ghost_relocated_low_75898_75898_6685,1781715720,2026-06-17,17,2,75898,75898,1
ghost_relocated_low_75899_75899_6686,1781715780,2026-06-17,17,3,75899,75899,1
ghost_relocated_low_75900_75900_6687,1781715840,2026-06-17,17,4,75900,75900,1
ghost_relocated_low_75901_75901_6688,1781715900,2026-06-17,17,5,75901,75901,1
ghost_relocated_low_75904_75904_6689,1781716080,2026-06-17,17,8,75904,75904,1
ghost_relocated_high_75954_75950_6690,1781719080,2026-06-17,17,58,75954,75950,1
ghost_relocated_high_75955_75955_6691,1781719140,2026-06-17,17,59,75955,75955,1
ghost_relocated_high_75999_75999_6692,1781721780,2026-06-17,18,43,75999,75999,1
ghost_relocated_high_76000_76000_6693,1781721840,2026-06-17,18,44,76000,76000,1
ghost_relocated_high_76012_76000_6694,1781722560,2026-06-17,18,56,76012,76000,1
ghost_relocated_low_76050_76050_6695,1781724840,2026-06-17,19,34,76050,76050,1
ghost_relocated_low_76051_76051_6696,1781724900,2026-06-17,19,35,76051,76051,1
ghost_relocated_low_76054_76054_6697,1781725080,2026-06-17,19,38,76054,76054,1
ghost_relocated_low_76055_76055_6698,1781725140,2026-06-17,19,39,76055,76055,1
ghost_relocated_low_76058_76058_6699,1781725320,2026-06-17,19,42,76058,76058,1
ghost_relocated_low_76067_76067_6700,1781725860,2026-06-17,19,51,76067,76067,1
ghost_relocated_high_76119_76114_6701,1781728980,2026-06-17,20,43,76119,76114,1
ghost_relocated_high_76136_76136_6702,1781733600,2026-06-17,22,0,76136,76136,1
ghost_relocated_high_76145_76145_6703,1781734140,2026-06-17,22,9,76145,76145,1
ghost_relocated_high_76146_76146_6704,1781734200,2026-06-17,22,10,76146,76146,1
ghost_relocated_high_76147_76147_6705,1781734260,2026-06-17,22,11,76147,76147,1
ghost_relocated_high_76148_76148_6706,1781734320,2026-06-17,22,12,76148,76148,1
ghost_relocated_high_76156_76156_6707,1781734800,2026-06-17,22,20,76156,76156,1
ghost_relocated_high_76158_76158_6708,1781734920,2026-06-17,22,22,76158,76158,1
ghost_relocated_high_76159_76159_6709,1781734980,2026-06-17,22,23,76159,76159,1
ghost_relocated_high_76160_76160_6710,1781735040,2026-06-17,22,24,76160,76160,1
ghost_relocated_high_76161_76161_6711,1781735100,2026-06-17,22,25,76161,76161,1
ghost_relocated_high_76210_76210_6712,1781738040,2026-06-17,23,14,76210,76210,1
ghost_relocated_high_76211_76211_6713,1781738100,2026-06-17,23,15,76211,76211,1
ghost_relocated_high_76213_76213_6714,1781738220,2026-06-17,23,17,76213,76213,1
ghost_relocated_high_76214_76214_6715,1781738280,2026-06-17,23,18,76214,76214,1
ghost_relocated_high_76216_76216_6716,1781738400,2026-06-17,23,20,76216,76216,1
ghost_relocated_high_76218_76218_6717,1781738520,2026-06-17,23,22,76218,76218,1
ghost_relocated_high_76219_76219_6718,1781738580,2026-06-17,23,23,76219,76219,1
ghost_relocated_high_76223_76223_6719,1781738820,2026-06-17,23,27,76223,76223,1
ghost_relocated_high_76224_76224_6720,1781738880,2026-06-17,23,28,76224,76224,1
ghost_relocated_high_76227_76227_6721,1781739060,2026-06-17,23,31,76227,76227,1
ghost_relocated_high_76255_76255_6722,1781740740,2026-06-17,23,59,76255,76255,1
ghost_relocated_high_76256_76256_6723,1781740800,2026-06-18,0,0,76256,76256,1
ghost_relocated_high_76257_76257_6724,1781740860,2026-06-18,0,1,76257,76257,1
ghost_relocated_high_76258_76258_6725,1781740920,2026-06-18,0,2,76258,76258,1
ghost_relocated_high_76259_76259_6726,1781740980,2026-06-18,0,3,76259,76259,1
ghost_relocated_high_76261_76261_6727,1781741100,2026-06-18,0,5,76261,76261,1
ghost_relocated_high_76262_76262_6728,1781741160,2026-06-18,0,6,76262,76262,1
ghost_relocated_high_76263_76263_6729,1781741220,2026-06-18,0,7,76263,76263,1
ghost_relocated_high_76266_76266_6730,1781741400,2026-06-18,0,10,76266,76266,1
ghost_relocated_high_76267_76267_6731,1781741460,2026-06-18,0,11,76267,76267,1
ghost_relocated_high_76271_76271_6732,1781741700,2026-06-18,0,15,76271,76271,1
ghost_relocated_low_76321_76308_6733,1781744700,2026-06-18,1,5,76321,76308,1
ghost_relocated_low_76379_76364_6734,1781748180,2026-06-18,2,3,76379,76364,1
ghost_relocated_low_76507_76507_6735,1781755860,2026-06-18,4,11,76507,76507,1
ghost_relocated_low_76508_76508_6736,1781755920,2026-06-18,4,12,76508,76508,1
ghost_relocated_low_76514_76514_6737,1781756280,2026-06-18,4,18,76514,76514,1
ghost_relocated_low_76515_76515_6738,1781756340,2026-06-18,4,19,76515,76515,1
ghost_relocated_low_76516_76516_6739,1781756400,2026-06-18,4,20,76516,76516,1
ghost_relocated_low_76517_76516_6740,1781756460,2026-06-18,4,21,76517,76516,1
ghost_relocated_low_76521_76521_6741,1781756700,2026-06-18,4,25,76521,76521,1
ghost_relocated_low_76529_76529_6742,1781757180,2026-06-18,4,33,76529,76529,1
ghost_relocated_low_76530_76530_6743,1781757240,2026-06-18,4,34,76530,76530,1
ghost_relocated_low_76535_76535_6744,1781757540,2026-06-18,4,39,76535,76535,1
ghost_relocated_low_76536_76536_6745,1781757600,2026-06-18,4,40,76536,76536,1
ghost_relocated_low_76539_76539_6746,1781757780,2026-06-18,4,43,76539,76539,1
ghost_relocated_low_76540_76540_6747,1781757840,2026-06-18,4,44,76540,76540,1
ghost_relocated_low_76541_76541_6748,1781757900,2026-06-18,4,45,76541,76541,1
ghost_relocated_high_76591_76590_6749,1781760900,2026-06-18,5,35,76591,76590,1
ghost_relocated_low_76640_76617_6750,1781763840,2026-06-18,6,24,76640,76617,1
ghost_relocated_high_76667_76645_6751,1781765460,2026-06-18,6,51,76667,76645,1
ghost_relocated_high_76673_76673_6752,1781765820,2026-06-18,6,57,76673,76673,1
ghost_relocated_high_76674_76674_6753,1781765880,2026-06-18,6,58,76674,76674,1
ghost_relocated_high_76675_76675_6754,1781765940,2026-06-18,6,59,76675,76675,1
ghost_relocated_high_76681_76681_6755,1781766300,2026-06-18,7,5,76681,76681,1
ghost_relocated_low_76731_76694_6756,1781769300,2026-06-18,7,55,76731,76694,1
ghost_relocated_low_76796_76794_6757,1781773200,2026-06-18,9,0,76796,76794,1
ghost_relocated_high_76844_76843_6758,1781776080,2026-06-18,9,48,76844,76843,1
ghost_relocated_high_76845_76845_6759,1781776140,2026-06-18,9,49,76845,76845,1
ghost_relocated_high_76852_76852_6760,1781776560,2026-06-18,9,56,76852,76852,1
ghost_relocated_low_76902_76901_6761,1781779560,2026-06-18,10,46,76902,76901,1
ghost_relocated_low_76922_76922_6762,1781780760,2026-06-18,11,6,76922,76922,1
ghost_relocated_low_76925_76925_6763,1781780940,2026-06-18,11,9,76925,76925,1
ghost_relocated_low_76926_76926_6764,1781781000,2026-06-18,11,10,76926,76926,1
ghost_relocated_low_76927_76927_6765,1781781060,2026-06-18,11,11,76927,76927,1
ghost_relocated_low_76934_76934_6766,1781781480,2026-06-18,11,18,76934,76934,1
ghost_relocated_low_76935_76935_6767,1781781540,2026-06-18,11,19,76935,76935,1
ghost_relocated_low_76937_76937_6768,1781781660,2026-06-18,11,21,76937,76937,1
ghost_relocated_low_76938_76938_6769,1781781720,2026-06-18,11,22,76938,76938,1
ghost_relocated_low_76956_76956_6770,1781782800,2026-06-18,11,40,76956,76956,1
ghost_relocated_low_76957_76957_6771,1781782860,2026-06-18,11,41,76957,76957,1
ghost_relocated_high_77007_77006_6772,1781785860,2026-06-18,12,31,77007,77006,1
ghost_relocated_high_77012_77012_6773,1781786160,2026-06-18,12,36,77012,77012,1
ghost_relocated_high_77013_77013_6774,1781786220,2026-06-18,12,37,77013,77013,1
ghost_relocated_high_77014_77014_6775,1781786280,2026-06-18,12,38,77014,77014,1
ghost_relocated_high_77018_77018_6776,1781786520,2026-06-18,12,42,77018,77018,1
ghost_relocated_high_77024_77024_6777,1781786880,2026-06-18,12,48,77024,77024,1
ghost_relocated_high_77025_77025_6778,1781786940,2026-06-18,12,49,77025,77025,1
ghost_relocated_high_77026_77026_6779,1781787000,2026-06-18,12,50,77026,77026,1
ghost_relocated_high_77031_77031_6780,1781787300,2026-06-18,12,55,77031,77031,1
ghost_relocated_high_77032_77032_6781,1781787360,2026-06-18,12,56,77032,77032,1
ghost_relocated_high_77033_77033_6782,1781787420,2026-06-18,12,57,77033,77033,1
ghost_relocated_high_77034_77034_6783,1781787480,2026-06-18,12,58,77034,77034,1
ghost_relocated_high_77053_77053_6784,1781788620,2026-06-18,13,17,77053,77053,1
ghost_relocated_high_77054_77054_6785,1781788680,2026-06-18,13,18,77054,77054,1
ghost_relocated_high_77058_77058_6786,1781788920,2026-06-18,13,22,77058,77058,1
ghost_relocated_high_77059_77059_6787,1781788980,2026-06-18,13,23,77059,77059,1
ghost_relocated_high_77061_77061_6788,1781789100,2026-06-18,13,25,77061,77061,1
ghost_relocated_high_77062_77062_6789,1781789160,2026-06-18,13,26,77062,77062,1
ghost_relocated_low_77112_77080_6790,1781792160,2026-06-18,14,16,77112,77080,1
ghost_relocated_high_77130_77120_6791,1781793240,2026-06-18,14,34,77130,77120,1
ghost_relocated_high_77144_77144_6792,1781794080,2026-06-18,14,48,77144,77144,1
ghost_relocated_high_77167_77167_6793,1781795460,2026-06-18,15,11,77167,77167,1
ghost_relocated_low_77217_77203_6794,1781798460,2026-06-18,16,1,77217,77203,1
ghost_relocated_high_77253_77253_6795,1781800620,2026-06-18,16,37,77253,77253,1
ghost_relocated_high_77254_77254_6796,1781800680,2026-06-18,16,38,77254,77254,1
ghost_relocated_high_77255_77255_6797,1781800740,2026-06-18,16,39,77255,77255,1
ghost_relocated_high_77258_77258_6798,1781800920,2026-06-18,16,42,77258,77258,1
ghost_relocated_high_77281_77281_6799,1781802300,2026-06-18,17,5,77281,77281,1
ghost_relocated_high_77292_77292_6800,1781802960,2026-06-18,17,16,77292,77292,1
ghost_relocated_high_77293_77293_6801,1781803020,2026-06-18,17,17,77293,77293,1
ghost_relocated_high_77310_77310_6802,1781804040,2026-06-18,17,34,77310,77310,1
ghost_relocated_low_77360_77352_6803,1781807040,2026-06-18,18,24,77360,77352,1
ghost_relocated_low_77367_77367_6804,1781807460,2026-06-18,18,31,77367,77367,1
ghost_relocated_low_77368_77368_6805,1781807520,2026-06-18,18,32,77368,77368,1
ghost_relocated_low_77369_77369_6806,1781807580,2026-06-18,18,33,77369,77369,1
ghost_relocated_low_77371_77371_6807,1781807700,2026-06-18,18,35,77371,77371,1
ghost_relocated_low_77372_77372_6808,1781807760,2026-06-18,18,36,77372,77372,1
ghost_relocated_low_77374_77374_6809,1781807880,2026-06-18,18,38,77374,77374,1
ghost_relocated_low_77375_77375_6810,1781807940,2026-06-18,18,39,77375,77375,1
ghost_relocated_low_77398_77398_6811,1781809320,2026-06-18,19,2,77398,77398,1
ghost_relocated_low_77399_77399_6812,1781809380,2026-06-18,19,3,77399,77399,1
ghost_relocated_low_77406_77406_6813,1781809800,2026-06-18,19,10,77406,77406,1
ghost_relocated_low_77407_77407_6814,1781809860,2026-06-18,19,11,77407,77407,1
ghost_relocated_low_77408_77408_6815,1781809920,2026-06-18,19,12,77408,77408,1
ghost_relocated_high_77458_77443_6816,1781812920,2026-06-18,20,2,77458,77443,1
ghost_relocated_low_77493_77456_6817,1781815020,2026-06-18,20,37,77493,77456,1
ghost_relocated_low_77539_77539_6818,1781821380,2026-06-18,22,23,77539,77539,1
ghost_relocated_low_77540_77540_6819,1781821440,2026-06-18,22,24,77540,77540,1
ghost_relocated_low_77543_77543_6820,1781821620,2026-06-18,22,27,77543,77543,1
ghost_relocated_low_77548_77548_6821,1781821920,2026-06-18,22,32,77548,77548,1
ghost_relocated_low_77551_77551_6822,1781822100,2026-06-18,22,35,77551,77551,1
ghost_relocated_low_77552_77552_6823,1781822160,2026-06-18,22,36,77552,77552,1
ghost_relocated_low_77554_77554_6824,1781822280,2026-06-18,22,38,77554,77554,1
ghost_relocated_low_77555_77555_6825,1781822340,2026-06-18,22,39,77555,77555,1
ghost_relocated_low_77556_77556_6826,1781822400,2026-06-18,22,40,77556,77556,1
ghost_relocated_low_77559_77559_6827,1781822580,2026-06-18,22,43,77559,77559,1
ghost_relocated_low_77560_77560_6828,1781822640,2026-06-18,22,44,77560,77560,1
ghost_relocated_low_77563_77563_6829,1781822820,2026-06-18,22,47,77563,77563,1
ghost_relocated_low_77566_77563_6830,1781823000,2026-06-18,22,50,77566,77563,1
ghost_relocated_high_77613_77599_6831,1781825820,2026-06-18,23,37,77613,77599,1
ghost_relocated_high_77624_77624_6832,1781826480,2026-06-18,23,48,77624,77624,1
ghost_relocated_low_77682_77657_6833,1781829960,2026-06-19,0,46,77682,77657,1
ghost_relocated_low_77703_77703_6834,1781831220,2026-06-19,1,7,77703,77703,1
ghost_relocated_low_77704_77704_6835,1781831280,2026-06-19,1,8,77704,77704,1
ghost_relocated_low_77706_77706_6836,1781831400,2026-06-19,1,10,77706,77706,1
ghost_relocated_low_77707_77707_6837,1781831460,2026-06-19,1,11,77707,77707,1
ghost_relocated_low_77728_77728_6838,1781832720,2026-06-19,1,32,77728,77728,1
ghost_relocated_low_77736_77736_6839,1781833200,2026-06-19,1,40,77736,77736,1
ghost_relocated_low_77744_77744_6840,1781833680,2026-06-19,1,48,77744,77744,1
ghost_relocated_low_77748_77748_6841,1781833920,2026-06-19,1,52,77748,77748,1
ghost_relocated_low_77750_77748_6842,1781834040,2026-06-19,1,54,77750,77748,1
ghost_relocated_low_77751_77751_6843,1781834100,2026-06-19,1,55,77751,77751,1
ghost_relocated_low_77754_77754_6844,1781834280,2026-06-19,1,58,77754,77754,1
ghost_relocated_low_77756_77756_6845,1781834400,2026-06-19,2,0,77756,77756,1
ghost_relocated_low_77757_77757_6846,1781834460,2026-06-19,2,1,77757,77757,1
ghost_relocated_low_77758_77758_6847,1781834520,2026-06-19,2,2,77758,77758,1
ghost_relocated_low_77763_77763_6848,1781834820,2026-06-19,2,7,77763,77763,1
ghost_relocated_low_77764_77764_6849,1781834880,2026-06-19,2,8,77764,77764,1
ghost_relocated_low_77773_77773_6850,1781835420,2026-06-19,2,17,77773,77773,1
ghost_relocated_high_77823_77799_6851,1781838420,2026-06-19,3,7,77823,77799,1
ghost_relocated_low_77849_77849_6852,1781839980,2026-06-19,3,33,77849,77849,1
ghost_relocated_low_77850_77850_6853,1781840040,2026-06-19,3,34,77850,77850,1
ghost_relocated_low_77851_77851_6854,1781840100,2026-06-19,3,35,77851,77851,1
ghost_relocated_low_77852_77852_6855,1781840160,2026-06-19,3,36,77852,77852,1
ghost_relocated_low_77874_77874_6856,1781841480,2026-06-19,3,58,77874,77874,1
ghost_relocated_low_77877_77877_6857,1781841660,2026-06-19,4,1,77877,77877,1
ghost_relocated_low_77878_77878_6858,1781841720,2026-06-19,4,2,77878,77878,1
ghost_relocated_low_77879_77879_6859,1781841780,2026-06-19,4,3,77879,77879,1
ghost_relocated_low_77922_77922_6860,1781844360,2026-06-19,4,46,77922,77922,1
ghost_relocated_low_77923_77923_6861,1781844420,2026-06-19,4,47,77923,77923,1
ghost_relocated_low_77928_77928_6862,1781844720,2026-06-19,4,52,77928,77928,1
ghost_relocated_low_77930_77930_6863,1781844840,2026-06-19,4,54,77930,77930,1
ghost_relocated_low_77931_77931_6864,1781844900,2026-06-19,4,55,77931,77931,1
ghost_relocated_low_77932_77932_6865,1781844960,2026-06-19,4,56,77932,77932,1
ghost_relocated_low_77934_77934_6866,1781845080,2026-06-19,4,58,77934,77934,1
ghost_relocated_low_77974_77974_6867,1781847480,2026-06-19,5,38,77974,77974,1
ghost_relocated_low_77978_77978_6868,1781847720,2026-06-19,5,42,77978,77978,1
ghost_relocated_high_78028_78025_6869,1781850720,2026-06-19,6,32,78028,78025,1
ghost_relocated_high_78048_78048_6870,1781851920,2026-06-19,6,52,78048,78048,1
ghost_relocated_high_78049_78049_6871,1781851980,2026-06-19,6,53,78049,78049,1
ghost_relocated_high_78050_78050_6872,1781852040,2026-06-19,6,54,78050,78050,1
ghost_relocated_high_78051_78051_6873,1781852100,2026-06-19,6,55,78051,78051,1
ghost_relocated_high_78056_78056_6874,1781852400,2026-06-19,7,0,78056,78056,1
ghost_relocated_high_78057_78057_6875,1781852460,2026-06-19,7,1,78057,78057,1
ghost_relocated_high_78062_78062_6876,1781852760,2026-06-19,7,6,78062,78062,1
ghost_relocated_high_78064_78064_6877,1781852880,2026-06-19,7,8,78064,78064,1
ghost_relocated_high_78065_78065_6878,1781852940,2026-06-19,7,9,78065,78065,1
ghost_relocated_high_78067_78067_6879,1781853060,2026-06-19,7,11,78067,78067,1
ghost_relocated_high_78070_78070_6880,1781853240,2026-06-19,7,14,78070,78070,1
ghost_relocated_high_78071_78071_6881,1781853300,2026-06-19,7,15,78071,78071,1
ghost_relocated_high_78085_78085_6882,1781854140,2026-06-19,7,29,78085,78085,1
ghost_relocated_high_78086_78086_6883,1781854200,2026-06-19,7,30,78086,78086,1
ghost_relocated_high_78109_78109_6884,1781855580,2026-06-19,7,53,78109,78109,1
ghost_relocated_high_78113_78113_6885,1781855820,2026-06-19,7,57,78113,78113,1
ghost_relocated_high_78127_78127_6886,1781856660,2026-06-19,8,11,78127,78127,1
ghost_relocated_high_78128_78128_6887,1781856720,2026-06-19,8,12,78128,78128,1
ghost_relocated_high_78139_78139_6888,1781857380,2026-06-19,8,23,78139,78139,1
ghost_relocated_high_78157_78157_6889,1781858460,2026-06-19,8,41,78157,78157,1
ghost_relocated_high_78158_78158_6890,1781858520,2026-06-19,8,42,78158,78158,1
ghost_relocated_high_78159_78159_6891,1781858580,2026-06-19,8,43,78159,78159,1
ghost_relocated_high_78166_78166_6892,1781859000,2026-06-19,8,50,78166,78166,1
ghost_relocated_high_78176_78176_6893,1781859600,2026-06-19,9,0,78176,78176,1
ghost_relocated_low_78226_78199_6894,1781862600,2026-06-19,9,50,78226,78199,1
ghost_relocated_low_78241_78241_6895,1781863500,2026-06-19,10,5,78241,78241,1
ghost_relocated_low_78258_78258_6896,1781864520,2026-06-19,10,22,78258,78258,1
ghost_relocated_low_78259_78259_6897,1781864580,2026-06-19,10,23,78259,78259,1
ghost_relocated_low_78260_78260_6898,1781864640,2026-06-19,10,24,78260,78260,1
ghost_relocated_low_78262_78262_6899,1781864760,2026-06-19,10,26,78262,78262,1
ghost_relocated_low_78263_78263_6900,1781864820,2026-06-19,10,27,78263,78263,1
ghost_relocated_low_78266_78266_6901,1781865000,2026-06-19,10,30,78266,78266,1
ghost_relocated_low_78272_78272_6902,1781865360,2026-06-19,10,36,78272,78272,1
ghost_relocated_low_78304_78304_6903,1781867280,2026-06-19,11,8,78304,78304,1
ghost_relocated_high_78354_78336_6904,1781870280,2026-06-19,11,58,78354,78336,1
ghost_relocated_low_78386_78386_6905,1781872200,2026-06-19,12,30,78386,78386,1
ghost_relocated_low_78389_78389_6906,1781872380,2026-06-19,12,33,78389,78389,1
ghost_relocated_low_78391_78391_6907,1781872500,2026-06-19,12,35,78391,78391,1
ghost_relocated_low_78393_78393_6908,1781872620,2026-06-19,12,37,78393,78393,1
ghost_relocated_high_78443_78412_6909,1781875620,2026-06-19,13,27,78443,78412,1
ghost_relocated_high_78446_78446_6910,1781875800,2026-06-19,13,30,78446,78446,1
ghost_relocated_high_78463_78463_6911,1781876820,2026-06-19,13,47,78463,78463,1
ghost_relocated_high_78472_78472_6912,1781877360,2026-06-19,13,56,78472,78472,1
ghost_relocated_low_78522_78492_6913,1781880360,2026-06-19,14,46,78522,78492,1
ghost_relocated_low_78595_78574_6914,1781884740,2026-06-19,15,59,78595,78574,1
ghost_relocated_high_78624_78588_6915,1781886480,2026-06-19,16,28,78624,78588,1
ghost_relocated_high_78630_78630_6916,1781886840,2026-06-19,16,34,78630,78630,1
ghost_relocated_low_78680_78672_6917,1782080640,2026-06-21,22,24,78680,78672,1
ghost_relocated_low_78717_78717_6918,1782082860,2026-06-21,23,1,78717,78717,1
ghost_relocated_low_78718_78718_6919,1782082920,2026-06-21,23,2,78718,78718,1
ghost_relocated_low_78726_78726_6920,1782083400,2026-06-21,23,10,78726,78726,1
ghost_relocated_low_78727_78727_6921,1782083460,2026-06-21,23,11,78727,78727,1
ghost_relocated_low_78731_78731_6922,1782083700,2026-06-21,23,15,78731,78731,1
ghost_relocated_low_78733_78733_6923,1782083820,2026-06-21,23,17,78733,78733,1
ghost_relocated_low_78736_78736_6924,1782084000,2026-06-21,23,20,78736,78736,1
ghost_relocated_low_78747_78747_6925,1782084660,2026-06-21,23,31,78747,78747,1
ghost_relocated_low_78748_78748_6926,1782084720,2026-06-21,23,32,78748,78748,1
ghost_relocated_low_78750_78750_6927,1782084840,2026-06-21,23,34,78750,78750,1
ghost_relocated_low_78751_78751_6928,1782084900,2026-06-21,23,35,78751,78751,1
ghost_relocated_low_78752_78752_6929,1782084960,2026-06-21,23,36,78752,78752,1
ghost_relocated_low_78767_78767_6930,1782085860,2026-06-21,23,51,78767,78767,1
ghost_relocated_low_78773_78773_6931,1782086220,2026-06-21,23,57,78773,78773,1
ghost_relocated_low_78774_78774_6932,1782086280,2026-06-21,23,58,78774,78774,1
ghost_relocated_low_78775_78775_6933,1782086340,2026-06-21,23,59,78775,78775,1
ghost_relocated_high_78825_78825_6934,1782089340,2026-06-22,0,49,78825,78825,1
ghost_relocated_high_78829_78829_6935,1782089580,2026-06-22,0,53,78829,78829,1
ghost_relocated_high_78830_78830_6936,1782089640,2026-06-22,0,54,78830,78830,1
ghost_relocated_high_78831_78831_6937,1782089700,2026-06-22,0,55,78831,78831,1
ghost_relocated_high_78836_78836_6938,1782090000,2026-06-22,1,0,78836,78836,1
ghost_relocated_high_78839_78839_6939,1782090180,2026-06-22,1,3,78839,78839,1
ghost_relocated_high_78840_78840_6940,1782090240,2026-06-22,1,4,78840,78840,1
ghost_relocated_high_78841_78841_6941,1782090300,2026-06-22,1,5,78841,78841,1
ghost_relocated_high_78842_78842_6942,1782090360,2026-06-22,1,6,78842,78842,1
ghost_relocated_high_78843_78843_6943,1782090420,2026-06-22,1,7,78843,78843,1
ghost_relocated_high_78859_78859_6944,1782091380,2026-06-22,1,23,78859,78859,1
ghost_relocated_high_78860_78860_6945,1782091440,2026-06-22,1,24,78860,78860,1
ghost_relocated_high_78861_78861_6946,1782091500,2026-06-22,1,25,78861,78861,1
ghost_relocated_high_78862_78862_6947,1782091560,2026-06-22,1,26,78862,78862,1
ghost_relocated_high_78873_78873_6948,1782092220,2026-06-22,1,37,78873,78873,1
ghost_relocated_low_78923_78923_6949,1782095220,2026-06-22,2,27,78923,78923,1
ghost_relocated_low_78925_78925_6950,1782095340,2026-06-22,2,29,78925,78925,1
ghost_relocated_low_78926_78926_6951,1782095400,2026-06-22,2,30,78926,78926,1
ghost_relocated_low_78945_78945_6952,1782096540,2026-06-22,2,49,78945,78945,1
ghost_relocated_low_78946_78946_6953,1782096600,2026-06-22,2,50,78946,78946,1
ghost_relocated_low_78956_78956_6954,1782097200,2026-06-22,3,0,78956,78956,1
ghost_relocated_low_78957_78957_6955,1782097260,2026-06-22,3,1,78957,78957,1
ghost_relocated_low_78970_78970_6956,1782098040,2026-06-22,3,14,78970,78970,1
ghost_relocated_low_79013_79013_6957,1782100620,2026-06-22,3,57,79013,79013,1
ghost_relocated_low_79040_79013_6958,1782102240,2026-06-22,4,24,79040,79013,1
ghost_relocated_low_79043_79043_6959,1782102420,2026-06-22,4,27,79043,79043,1
ghost_relocated_low_79044_79044_6960,1782102480,2026-06-22,4,28,79044,79044,1
ghost_relocated_low_79053_79053_6961,1782103020,2026-06-22,4,37,79053,79053,1
ghost_relocated_low_79059_79059_6962,1782103380,2026-06-22,4,43,79059,79059,1
ghost_relocated_low_79060_79060_6963,1782103440,2026-06-22,4,44,79060,79060,1
ghost_relocated_high_79110_79091_6964,1782106440,2026-06-22,5,34,79110,79091,1
ghost_relocated_high_79140_79140_6965,1782108240,2026-06-22,6,4,79140,79140,1
ghost_relocated_high_79141_79141_6966,1782108300,2026-06-22,6,5,79141,79141,1
ghost_relocated_high_79142_79142_6967,1782108360,2026-06-22,6,6,79142,79142,1
ghost_relocated_high_79143_79143_6968,1782108420,2026-06-22,6,7,79143,79143,1
ghost_relocated_high_79144_79144_6969,1782108480,2026-06-22,6,8,79144,79144,1
ghost_relocated_high_79145_79145_6970,1782108540,2026-06-22,6,9,79145,79145,1
ghost_relocated_high_79153_79153_6971,1782109020,2026-06-22,6,17,79153,79153,1
ghost_relocated_high_79154_79154_6972,1782109080,2026-06-22,6,18,79154,79154,1
ghost_relocated_high_79160_79160_6973,1782109440,2026-06-22,6,24,79160,79160,1
ghost_relocated_high_79161_79161_6974,1782109500,2026-06-22,6,25,79161,79161,1
ghost_relocated_high_79164_79164_6975,1782109680,2026-06-22,6,28,79164,79164,1
ghost_relocated_high_79165_79165_6976,1782109740,2026-06-22,6,29,79165,79165,1
ghost_relocated_high_79183_79183_6977,1782110820,2026-06-22,6,47,79183,79183,1
ghost_relocated_high_79191_79191_6978,1782111300,2026-06-22,6,55,79191,79191,1
ghost_relocated_high_79196_79196_6979,1782111600,2026-06-22,7,0,79196,79196,1
ghost_relocated_high_79197_79197_6980,1782111660,2026-06-22,7,1,79197,79197,1
ghost_relocated_high_79198_79198_6981,1782111720,2026-06-22,7,2,79198,79198,1
ghost_relocated_high_79199_79199_6982,1782111780,2026-06-22,7,3,79199,79199,1
ghost_relocated_high_79200_79200_6983,1782111840,2026-06-22,7,4,79200,79200,1
ghost_relocated_high_79201_79201_6984,1782111900,2026-06-22,7,5,79201,79201,1
ghost_relocated_high_79202_79202_6985,1782111960,2026-06-22,7,6,79202,79202,1
ghost_relocated_high_79213_79213_6986,1782112620,2026-06-22,7,17,79213,79213,1
ghost_relocated_high_79214_79214_6987,1782112680,2026-06-22,7,18,79214,79214,1
ghost_relocated_high_79216_79216_6988,1782112800,2026-06-22,7,20,79216,79216,1
ghost_relocated_low_79266_79266_6989,1782115800,2026-06-22,8,10,79266,79266,1
ghost_relocated_low_79267_79267_6990,1782115860,2026-06-22,8,11,79267,79267,1
ghost_relocated_low_79279_79279_6991,1782116580,2026-06-22,8,23,79279,79279,1
ghost_relocated_high_79329_79322_6992,1782119580,2026-06-22,9,13,79329,79322,1
ghost_relocated_low_79372_79371_6993,1782122160,2026-06-22,9,56,79372,79371,1
ghost_relocated_high_79425_79386_6994,1782125340,2026-06-22,10,49,79425,79386,1
ghost_relocated_low_79436_79416_6995,1782126000,2026-06-22,11,0,79436,79416,1
ghost_relocated_low_79492_79450_6996,1782129360,2026-06-22,11,56,79492,79450,1
ghost_relocated_high_79639_79626_6997,1782138180,2026-06-22,14,23,79639,79626,1
ghost_relocated_low_79676_79671_6998,1782140400,2026-06-22,15,0,79676,79671,1
ghost_relocated_high_79721_79678_6999,1782143100,2026-06-22,15,45,79721,79678,1
ghost_relocated_high_79790_79757_7000,1782147240,2026-06-22,16,54,79790,79757,1
ghost_relocated_high_79845_79845_7001,1782150540,2026-06-22,17,49,79845,79845,1
ghost_relocated_high_79846_79846_7002,1782150600,2026-06-22,17,50,79846,79846,1
ghost_relocated_high_79848_79848_7003,1782150720,2026-06-22,17,52,79848,79848,1
ghost_relocated_high_79849_79849_7004,1782150780,2026-06-22,17,53,79849,79849,1
ghost_relocated_high_79850_79850_7005,1782150840,2026-06-22,17,54,79850,79850,1
ghost_relocated_high_79874_79874_7006,1782152280,2026-06-22,18,18,79874,79874,1
ghost_relocated_high_79876_79876_7007,1782152400,2026-06-22,18,20,79876,79876,1
ghost_relocated_low_79926_79924_7008,1782155400,2026-06-22,19,10,79926,79924,1
ghost_relocated_high_79974_79971_7009,1782158280,2026-06-22,19,58,79974,79971,1
ghost_relocated_high_79975_79975_7010,1782158340,2026-06-22,19,59,79975,79975,1
ghost_relocated_high_79978_79978_7011,1782158520,2026-06-22,20,2,79978,79978,1
ghost_relocated_low_80028_79988_7012,1782161520,2026-06-22,20,52,80028,79988,1
ghost_relocated_low_80065_80065_7013,1782167340,2026-06-22,22,29,80065,80065,1
ghost_relocated_low_80066_80066_7014,1782167400,2026-06-22,22,30,80066,80066,1
ghost_relocated_low_80067_80067_7015,1782167460,2026-06-22,22,31,80067,80067,1
ghost_relocated_low_80068_80068_7016,1782167520,2026-06-22,22,32,80068,80068,1
ghost_relocated_low_80069_80069_7017,1782167580,2026-06-22,22,33,80069,80069,1
ghost_relocated_low_80070_80070_7018,1782167640,2026-06-22,22,34,80070,80070,1
ghost_relocated_low_80071_80071_7019,1782167700,2026-06-22,22,35,80071,80071,1
ghost_relocated_low_80072_80072_7020,1782167760,2026-06-22,22,36,80072,80072,1
ghost_relocated_low_80073_80073_7021,1782167820,2026-06-22,22,37,80073,80073,1
ghost_relocated_low_80080_80080_7022,1782168240,2026-06-22,22,44,80080,80080,1
ghost_relocated_low_80082_80082_7023,1782168360,2026-06-22,22,46,80082,80082,1
ghost_relocated_low_80088_80082_7024,1782168720,2026-06-22,22,52,80088,80082,1
ghost_relocated_low_80099_80099_7025,1782169380,2026-06-22,23,3,80099,80099,1
ghost_relocated_low_80109_80109_7026,1782169980,2026-06-22,23,13,80109,80109,1
ghost_relocated_low_80110_80110_7027,1782170040,2026-06-22,23,14,80110,80110,1
ghost_relocated_low_80111_80111_7028,1782170100,2026-06-22,23,15,80111,80111,1
ghost_relocated_low_80116_80116_7029,1782170400,2026-06-22,23,20,80116,80116,1
ghost_relocated_low_80148_80148_7030,1782172320,2026-06-22,23,52,80148,80148,1
ghost_relocated_low_80168_80168_7031,1782173520,2026-06-23,0,12,80168,80168,1
ghost_relocated_low_80170_80170_7032,1782173640,2026-06-23,0,14,80170,80170,1
ghost_relocated_low_80172_80172_7033,1782173760,2026-06-23,0,16,80172,80172,1
ghost_relocated_low_80173_80173_7034,1782173820,2026-06-23,0,17,80173,80173,1
ghost_relocated_low_80174_80174_7035,1782173880,2026-06-23,0,18,80174,80174,1
ghost_relocated_low_80175_80175_7036,1782173940,2026-06-23,0,19,80175,80175,1
ghost_relocated_low_80176_80176_7037,1782174000,2026-06-23,0,20,80176,80176,1
ghost_relocated_low_80177_80177_7038,1782174060,2026-06-23,0,21,80177,80177,1
ghost_relocated_low_80178_80178_7039,1782174120,2026-06-23,0,22,80178,80178,1
ghost_relocated_low_80179_80179_7040,1782174180,2026-06-23,0,23,80179,80179,1
ghost_relocated_low_80180_80180_7041,1782174240,2026-06-23,0,24,80180,80180,1
ghost_relocated_high_80230_80201_7042,1782177240,2026-06-23,1,14,80230,80201,1
ghost_relocated_low_80251_80251_7043,1782178500,2026-06-23,1,35,80251,80251,1
ghost_relocated_low_80252_80252_7044,1782178560,2026-06-23,1,36,80252,80252,1
ghost_relocated_low_80253_80253_7045,1782178620,2026-06-23,1,37,80253,80253,1
ghost_relocated_low_80254_80254_7046,1782178680,2026-06-23,1,38,80254,80254,1
ghost_relocated_low_80259_80259_7047,1782178980,2026-06-23,1,43,80259,80259,1
ghost_relocated_low_80260_80260_7048,1782179040,2026-06-23,1,44,80260,80260,1
ghost_relocated_low_80261_80261_7049,1782179100,2026-06-23,1,45,80261,80261,1
ghost_relocated_low_80262_80262_7050,1782179160,2026-06-23,1,46,80262,80262,1
ghost_relocated_low_80264_80264_7051,1782179280,2026-06-23,1,48,80264,80264,1
ghost_relocated_low_80265_80265_7052,1782179340,2026-06-23,1,49,80265,80265,1
ghost_relocated_low_80266_80266_7053,1782179400,2026-06-23,1,50,80266,80266,1
ghost_relocated_low_80284_80284_7054,1782180480,2026-06-23,2,8,80284,80284,1
ghost_relocated_low_80285_80285_7055,1782180540,2026-06-23,2,9,80285,80285,1
ghost_relocated_low_80334_80334_7056,1782183480,2026-06-23,2,58,80334,80334,1
ghost_relocated_low_80335_80335_7057,1782183540,2026-06-23,2,59,80335,80335,1
ghost_relocated_low_80338_80338_7058,1782183720,2026-06-23,3,2,80338,80338,1
ghost_relocated_low_80341_80341_7059,1782183900,2026-06-23,3,5,80341,80341,1
ghost_relocated_low_80342_80342_7060,1782183960,2026-06-23,3,6,80342,80342,1
ghost_relocated_low_80345_80345_7061,1782184140,2026-06-23,3,9,80345,80345,1
ghost_relocated_low_80346_80346_7062,1782184200,2026-06-23,3,10,80346,80346,1
ghost_relocated_low_80347_80347_7063,1782184260,2026-06-23,3,11,80347,80347,1
ghost_relocated_low_80348_80348_7064,1782184320,2026-06-23,3,12,80348,80348,1
ghost_relocated_low_80352_80352_7065,1782184560,2026-06-23,3,16,80352,80352,1
ghost_relocated_low_80357_80357_7066,1782184860,2026-06-23,3,21,80357,80357,1
ghost_relocated_low_80361_80361_7067,1782185100,2026-06-23,3,25,80361,80361,1
ghost_relocated_low_80367_80367_7068,1782185460,2026-06-23,3,31,80367,80367,1
ghost_relocated_low_80368_80368_7069,1782185520,2026-06-23,3,32,80368,80368,1
ghost_relocated_low_80372_80372_7070,1782185760,2026-06-23,3,36,80372,80372,1
ghost_relocated_low_80373_80373_7071,1782185820,2026-06-23,3,37,80373,80373,1
ghost_relocated_low_80374_80374_7072,1782185880,2026-06-23,3,38,80374,80374,1
ghost_relocated_low_80376_80376_7073,1782186000,2026-06-23,3,40,80376,80376,1
ghost_relocated_low_80377_80377_7074,1782186060,2026-06-23,3,41,80377,80377,1
ghost_relocated_high_80427_80396_7075,1782189060,2026-06-23,4,31,80427,80396,1
ghost_relocated_low_80446_80446_7076,1782190200,2026-06-23,4,50,80446,80446,1
ghost_relocated_low_80447_80447_7077,1782190260,2026-06-23,4,51,80447,80447,1
ghost_relocated_low_80448_80448_7078,1782190320,2026-06-23,4,52,80448,80448,1
ghost_relocated_low_80449_80449_7079,1782190380,2026-06-23,4,53,80449,80449,1
ghost_relocated_low_80450_80450_7080,1782190440,2026-06-23,4,54,80450,80450,1
ghost_relocated_low_80451_80451_7081,1782190500,2026-06-23,4,55,80451,80451,1
ghost_relocated_low_80453_80453_7082,1782190620,2026-06-23,4,57,80453,80453,1
ghost_relocated_low_80464_80464_7083,1782191280,2026-06-23,5,8,80464,80464,1
ghost_relocated_low_80470_80470_7084,1782191640,2026-06-23,5,14,80470,80470,1
ghost_relocated_low_80471_80471_7085,1782191700,2026-06-23,5,15,80471,80471,1
ghost_relocated_low_80474_80474_7086,1782191880,2026-06-23,5,18,80474,80474,1
ghost_relocated_low_80478_80478_7087,1782192120,2026-06-23,5,22,80478,80478,1
ghost_relocated_low_80481_80481_7088,1782192300,2026-06-23,5,25,80481,80481,1
ghost_relocated_low_80482_80482_7089,1782192360,2026-06-23,5,26,80482,80482,1
ghost_relocated_low_80483_80483_7090,1782192420,2026-06-23,5,27,80483,80483,1
ghost_relocated_low_80485_80485_7091,1782192540,2026-06-23,5,29,80485,80485,1
ghost_relocated_low_80486_80486_7092,1782192600,2026-06-23,5,30,80486,80486,1
ghost_relocated_low_80487_80487_7093,1782192660,2026-06-23,5,31,80487,80487,1
ghost_relocated_low_80488_80488_7094,1782192720,2026-06-23,5,32,80488,80488,1
ghost_relocated_low_80489_80489_7095,1782192780,2026-06-23,5,33,80489,80489,1
ghost_relocated_low_80491_80491_7096,1782192900,2026-06-23,5,35,80491,80491,1
ghost_relocated_low_80493_80493_7097,1782193020,2026-06-23,5,37,80493,80493,1
ghost_relocated_low_80495_80495_7098,1782193140,2026-06-23,5,39,80495,80495,1
ghost_relocated_low_80497_80497_7099,1782193260,2026-06-23,5,41,80497,80497,1
ghost_relocated_low_80498_80498_7100,1782193320,2026-06-23,5,42,80498,80498,1
ghost_relocated_low_80511_80511_7101,1782194100,2026-06-23,5,55,80511,80511,1
ghost_relocated_low_80512_80512_7102,1782194160,2026-06-23,5,56,80512,80512,1
ghost_relocated_low_80513_80513_7103,1782194220,2026-06-23,5,57,80513,80513,1
ghost_relocated_low_80514_80514_7104,1782194280,2026-06-23,5,58,80514,80514,1
ghost_relocated_low_80516_80516_7105,1782194400,2026-06-23,6,0,80516,80516,1
ghost_relocated_low_80523_80523_7106,1782194820,2026-06-23,6,7,80523,80523,1
ghost_relocated_low_80524_80524_7107,1782194880,2026-06-23,6,8,80524,80524,1
ghost_relocated_low_80526_80526_7108,1782195000,2026-06-23,6,10,80526,80526,1
ghost_relocated_low_80527_80527_7109,1782195060,2026-06-23,6,11,80527,80527,1
ghost_relocated_low_80528_80528_7110,1782195120,2026-06-23,6,12,80528,80528,1
ghost_relocated_low_80534_80534_7111,1782195480,2026-06-23,6,18,80534,80534,1
ghost_relocated_low_80536_80536_7112,1782195600,2026-06-23,6,20,80536,80536,1
ghost_relocated_low_80537_80537_7113,1782195660,2026-06-23,6,21,80537,80537,1
ghost_relocated_low_80538_80538_7114,1782195720,2026-06-23,6,22,80538,80538,1
ghost_relocated_low_80539_80539_7115,1782195780,2026-06-23,6,23,80539,80539,1
ghost_relocated_low_80541_80541_7116,1782195900,2026-06-23,6,25,80541,80541,1
ghost_relocated_low_80542_80542_7117,1782195960,2026-06-23,6,26,80542,80542,1
ghost_relocated_low_80558_80558_7118,1782196920,2026-06-23,6,42,80558,80558,1
ghost_relocated_low_80575_80575_7119,1782197940,2026-06-23,6,59,80575,80575,1
ghost_relocated_low_80578_80578_7120,1782198120,2026-06-23,7,2,80578,80578,1
ghost_relocated_low_80620_80620_7121,1782200640,2026-06-23,7,44,80620,80620,1
ghost_relocated_low_80623_80623_7122,1782200820,2026-06-23,7,47,80623,80623,1
ghost_relocated_low_80627_80627_7123,1782201060,2026-06-23,7,51,80627,80627,1
ghost_relocated_low_80628_80628_7124,1782201120,2026-06-23,7,52,80628,80628,1
ghost_relocated_low_80629_80629_7125,1782201180,2026-06-23,7,53,80629,80629,1
ghost_relocated_low_80630_80630_7126,1782201240,2026-06-23,7,54,80630,80630,1
ghost_relocated_low_80631_80631_7127,1782201300,2026-06-23,7,55,80631,80631,1
ghost_relocated_low_80632_80632_7128,1782201360,2026-06-23,7,56,80632,80632,1
ghost_relocated_low_80633_80633_7129,1782201420,2026-06-23,7,57,80633,80633,1
ghost_relocated_low_80636_80636_7130,1782201600,2026-06-23,8,0,80636,80636,1
ghost_relocated_low_80639_80636_7131,1782201780,2026-06-23,8,3,80639,80636,1
ghost_relocated_low_80654_80654_7132,1782202680,2026-06-23,8,18,80654,80654,1
ghost_relocated_low_80655_80655_7133,1782202740,2026-06-23,8,19,80655,80655,1
ghost_relocated_low_80656_80656_7134,1782202800,2026-06-23,8,20,80656,80656,1
ghost_relocated_low_80659_80659_7135,1782202980,2026-06-23,8,23,80659,80659,1
ghost_relocated_low_80660_80660_7136,1782203040,2026-06-23,8,24,80660,80660,1
ghost_relocated_low_80661_80661_7137,1782203100,2026-06-23,8,25,80661,80661,1
ghost_relocated_high_80711_80710_7138,1782206100,2026-06-23,9,15,80711,80710,1
ghost_relocated_high_80712_80712_7139,1782206160,2026-06-23,9,16,80712,80712,1
ghost_relocated_high_80715_80715_7140,1782206340,2026-06-23,9,19,80715,80715,1
ghost_relocated_high_80716_80716_7141,1782206400,2026-06-23,9,20,80716,80716,1
ghost_relocated_high_80719_80719_7142,1782206580,2026-06-23,9,23,80719,80719,1
ghost_relocated_high_80720_80720_7143,1782206640,2026-06-23,9,24,80720,80720,1
ghost_relocated_high_80723_80723_7144,1782206820,2026-06-23,9,27,80723,80723,1
ghost_relocated_low_80773_80770_7145,1782209820,2026-06-23,10,17,80773,80770,1
ghost_relocated_low_80780_80780_7146,1782210240,2026-06-23,10,24,80780,80780,1
ghost_relocated_low_80781_80781_7147,1782210300,2026-06-23,10,25,80781,80781,1
ghost_relocated_low_80782_80782_7148,1782210360,2026-06-23,10,26,80782,80782,1
ghost_relocated_low_80783_80783_7149,1782210420,2026-06-23,10,27,80783,80783,1
ghost_relocated_low_80786_80786_7150,1782210600,2026-06-23,10,30,80786,80786,1
ghost_relocated_low_80787_80787_7151,1782210660,2026-06-23,10,31,80787,80787,1
ghost_relocated_low_80788_80788_7152,1782210720,2026-06-23,10,32,80788,80788,1
ghost_relocated_low_80790_80790_7153,1782210840,2026-06-23,10,34,80790,80790,1
ghost_relocated_low_80792_80792_7154,1782210960,2026-06-23,10,36,80792,80792,1
ghost_relocated_low_80793_80793_7155,1782211020,2026-06-23,10,37,80793,80793,1
ghost_relocated_low_80797_80797_7156,1782211260,2026-06-23,10,41,80797,80797,1
ghost_relocated_low_80798_80798_7157,1782211320,2026-06-23,10,42,80798,80798,1
ghost_relocated_high_80848_80836_7158,1782214320,2026-06-23,11,32,80848,80836,1
ghost_relocated_high_80860_80860_7159,1782215040,2026-06-23,11,44,80860,80860,1
ghost_relocated_high_80861_80861_7160,1782215100,2026-06-23,11,45,80861,80861,1
ghost_relocated_high_80862_80862_7161,1782215160,2026-06-23,11,46,80862,80862,1
ghost_relocated_high_80870_80870_7162,1782215640,2026-06-23,11,54,80870,80870,1
ghost_relocated_high_80876_80876_7163,1782216000,2026-06-23,12,0,80876,80876,1
ghost_relocated_high_80877_80877_7164,1782216060,2026-06-23,12,1,80877,80877,1
ghost_relocated_high_80878_80878_7165,1782216120,2026-06-23,12,2,80878,80878,1
ghost_relocated_low_80928_80911_7166,1782219120,2026-06-23,12,52,80928,80911,1
ghost_relocated_low_80943_80943_7167,1782220020,2026-06-23,13,7,80943,80943,1
ghost_relocated_low_80946_80946_7168,1782220200,2026-06-23,13,10,80946,80946,1
ghost_relocated_low_80948_80948_7169,1782220320,2026-06-23,13,12,80948,80948,1
ghost_relocated_low_80963_80963_7170,1782221220,2026-06-23,13,27,80963,80963,1
ghost_relocated_low_80964_80964_7171,1782221280,2026-06-23,13,28,80964,80964,1
ghost_relocated_low_80966_80966_7172,1782221400,2026-06-23,13,30,80966,80966,1
ghost_relocated_low_80967_80967_7173,1782221460,2026-06-23,13,31,80967,80967,1
ghost_relocated_high_81017_81016_7174,1782224460,2026-06-23,14,21,81017,81016,1
ghost_relocated_low_81066_81063_7175,1782227400,2026-06-23,15,10,81066,81063,1
ghost_relocated_low_81073_81073_7176,1782227820,2026-06-23,15,17,81073,81073,1
ghost_relocated_low_81074_81074_7177,1782227880,2026-06-23,15,18,81074,81074,1
ghost_relocated_low_81076_81076_7178,1782228000,2026-06-23,15,20,81076,81076,1
ghost_relocated_low_81078_81078_7179,1782228120,2026-06-23,15,22,81078,81078,1
ghost_relocated_low_81079_81079_7180,1782228180,2026-06-23,15,23,81079,81079,1
ghost_relocated_low_81080_81080_7181,1782228240,2026-06-23,15,24,81080,81080,1
ghost_relocated_low_81081_81081_7182,1782228300,2026-06-23,15,25,81081,81081,1
ghost_relocated_low_81094_81094_7183,1782229080,2026-06-23,15,38,81094,81094,1
ghost_relocated_low_81096_81096_7184,1782229200,2026-06-23,15,40,81096,81096,1
ghost_relocated_high_81146_81131_7185,1782232200,2026-06-23,16,30,81146,81131,1
ghost_relocated_low_81181_81181_7186,1782234300,2026-06-23,17,5,81181,81181,1
ghost_relocated_low_81184_81184_7187,1782234480,2026-06-23,17,8,81184,81184,1
ghost_relocated_low_81229_81229_7188,1782237180,2026-06-23,17,53,81229,81229,1
ghost_relocated_low_81230_81230_7189,1782237240,2026-06-23,17,54,81230,81230,1
ghost_relocated_low_81231_81231_7190,1782237300,2026-06-23,17,55,81231,81231,1
ghost_relocated_low_81232_81232_7191,1782237360,2026-06-23,17,56,81232,81232,1
ghost_relocated_low_81234_81234_7192,1782237480,2026-06-23,17,58,81234,81234,1
ghost_relocated_low_81235_81235_7193,1782237540,2026-06-23,17,59,81235,81235,1
ghost_relocated_low_81236_81236_7194,1782237600,2026-06-23,18,0,81236,81236,1
ghost_relocated_low_81243_81243_7195,1782238020,2026-06-23,18,7,81243,81243,1
ghost_relocated_low_81244_81244_7196,1782238080,2026-06-23,18,8,81244,81244,1
ghost_relocated_low_81262_81244_7197,1782239160,2026-06-23,18,26,81262,81244,1
ghost_relocated_low_81271_81271_7198,1782239700,2026-06-23,18,35,81271,81271,1
ghost_relocated_low_81272_81272_7199,1782239760,2026-06-23,18,36,81272,81272,1
ghost_relocated_low_81274_81274_7200,1782239880,2026-06-23,18,38,81274,81274,1
ghost_relocated_low_81275_81275_7201,1782239940,2026-06-23,18,39,81275,81275,1
ghost_relocated_low_81276_81276_7202,1782240000,2026-06-23,18,40,81276,81276,1
ghost_relocated_low_81278_81278_7203,1782240120,2026-06-23,18,42,81278,81278,1
ghost_relocated_low_81279_81279_7204,1782240180,2026-06-23,18,43,81279,81279,1
ghost_relocated_low_81280_81280_7205,1782240240,2026-06-23,18,44,81280,81280,1
ghost_relocated_low_81281_81281_7206,1782240300,2026-06-23,18,45,81281,81281,1
ghost_relocated_low_81282_81282_7207,1782240360,2026-06-23,18,46,81282,81282,1
ghost_relocated_low_81283_81283_7208,1782240420,2026-06-23,18,47,81283,81283,1
ghost_relocated_low_81290_81290_7209,1782240840,2026-06-23,18,54,81290,81290,1
ghost_relocated_high_81340_81301_7210,1782243840,2026-06-23,19,44,81340,81301,1
ghost_relocated_high_81415_81415_7211,1782248340,2026-06-23,20,59,81415,81415,1
ghost_relocated_high_81416_81416_7212,1782252000,2026-06-23,22,0,81416,81416,1
ghost_relocated_high_81427_81427_7213,1782252660,2026-06-23,22,11,81427,81427,1
ghost_relocated_high_81429_81429_7214,1782252780,2026-06-23,22,13,81429,81429,1
ghost_relocated_high_81432_81432_7215,1782252960,2026-06-23,22,16,81432,81432,1
ghost_relocated_low_81482_81482_7216,1782255960,2026-06-23,23,6,81482,81482,1
ghost_relocated_low_81484_81484_7217,1782256080,2026-06-23,23,8,81484,81484,1
ghost_relocated_high_81534_81522_7218,1782259080,2026-06-23,23,58,81534,81522,1
ghost_relocated_high_81536_81536_7219,1782259200,2026-06-24,0,0,81536,81536,1
ghost_relocated_high_81537_81537_7220,1782259260,2026-06-24,0,1,81537,81537,1
ghost_relocated_high_81538_81538_7221,1782259320,2026-06-24,0,2,81538,81538,1
ghost_relocated_high_81543_81543_7222,1782259620,2026-06-24,0,7,81543,81543,1
ghost_relocated_high_81544_81544_7223,1782259680,2026-06-24,0,8,81544,81544,1
ghost_relocated_high_81545_81545_7224,1782259740,2026-06-24,0,9,81545,81545,1
ghost_relocated_high_81546_81546_7225,1782259800,2026-06-24,0,10,81546,81546,1
ghost_relocated_high_81547_81547_7226,1782259860,2026-06-24,0,11,81547,81547,1
ghost_relocated_high_81548_81548_7227,1782259920,2026-06-24,0,12,81548,81548,1
ghost_relocated_high_81553_81553_7228,1782260220,2026-06-24,0,17,81553,81553,1
ghost_relocated_high_81555_81555_7229,1782260340,2026-06-24,0,19,81555,81555,1
ghost_relocated_high_81568_81568_7230,1782261120,2026-06-24,0,32,81568,81568,1
ghost_relocated_high_81569_81569_7231,1782261180,2026-06-24,0,33,81569,81569,1
ghost_relocated_high_81571_81571_7232,1782261300,2026-06-24,0,35,81571,81571,1
ghost_relocated_high_81578_81578_7233,1782261720,2026-06-24,0,42,81578,81578,1
ghost_relocated_low_81628_81614_7234,1782264720,2026-06-24,1,32,81628,81614,1
ghost_relocated_high_81664_81650_7235,1782266880,2026-06-24,2,8,81664,81650,1
ghost_relocated_low_81700_81698_7236,1782269040,2026-06-24,2,44,81700,81698,1
ghost_relocated_low_81701_81701_7237,1782269100,2026-06-24,2,45,81701,81701,1
ghost_relocated_low_81702_81702_7238,1782269160,2026-06-24,2,46,81702,81702,1
ghost_relocated_low_81703_81703_7239,1782269220,2026-06-24,2,47,81703,81703,1
ghost_relocated_low_81704_81704_7240,1782269280,2026-06-24,2,48,81704,81704,1
ghost_relocated_low_81706_81706_7241,1782269400,2026-06-24,2,50,81706,81706,1
ghost_relocated_low_81707_81707_7242,1782269460,2026-06-24,2,51,81707,81707,1
ghost_relocated_low_81710_81710_7243,1782269640,2026-06-24,2,54,81710,81710,1
ghost_relocated_low_81714_81714_7244,1782269880,2026-06-24,2,58,81714,81714,1
ghost_relocated_low_81715_81715_7245,1782269940,2026-06-24,2,59,81715,81715,1
ghost_relocated_low_81716_81716_7246,1782270000,2026-06-24,3,0,81716,81716,1
ghost_relocated_low_81719_81719_7247,1782270180,2026-06-24,3,3,81719,81719,1
ghost_relocated_low_81720_81720_7248,1782270240,2026-06-24,3,4,81720,81720,1
ghost_relocated_low_81721_81721_7249,1782270300,2026-06-24,3,5,81721,81721,1
ghost_relocated_low_81722_81722_7250,1782270360,2026-06-24,3,6,81722,81722,1
ghost_relocated_high_81772_81751_7251,1782273360,2026-06-24,3,56,81772,81751,1
ghost_relocated_low_81801_81798_7252,1782275100,2026-06-24,4,25,81801,81798,1
ghost_relocated_high_81848_81848_7253,1782277920,2026-06-24,5,12,81848,81848,1
ghost_relocated_high_81849_81849_7254,1782277980,2026-06-24,5,13,81849,81849,1
ghost_relocated_high_81852_81852_7255,1782278160,2026-06-24,5,16,81852,81852,1
ghost_relocated_high_81853_81853_7256,1782278220,2026-06-24,5,17,81853,81853,1
ghost_relocated_high_81854_81854_7257,1782278280,2026-06-24,5,18,81854,81854,1
ghost_relocated_high_81855_81855_7258,1782278340,2026-06-24,5,19,81855,81855,1
ghost_relocated_high_81856_81856_7259,1782278400,2026-06-24,5,20,81856,81856,1
ghost_relocated_high_81857_81857_7260,1782278460,2026-06-24,5,21,81857,81857,1
ghost_relocated_high_81861_81861_7261,1782278700,2026-06-24,5,25,81861,81861,1
ghost_relocated_high_81868_81868_7262,1782279120,2026-06-24,5,32,81868,81868,1
ghost_relocated_high_81874_81874_7263,1782279480,2026-06-24,5,38,81874,81874,1
ghost_relocated_high_81875_81875_7264,1782279540,2026-06-24,5,39,81875,81875,1
ghost_relocated_low_81925_81900_7265,1782282540,2026-06-24,6,29,81925,81900,1
ghost_relocated_high_81950_81932_7266,1782284040,2026-06-24,6,54,81950,81932,1
ghost_relocated_low_81982_81960_7267,1782285960,2026-06-24,7,26,81982,81960,1
ghost_relocated_low_81991_81991_7268,1782286500,2026-06-24,7,35,81991,81991,1
ghost_relocated_low_81992_81992_7269,1782286560,2026-06-24,7,36,81992,81992,1
ghost_relocated_low_81993_81993_7270,1782286620,2026-06-24,7,37,81993,81993,1
ghost_relocated_low_82015_82015_7271,1782287940,2026-06-24,7,59,82015,82015,1
ghost_relocated_low_82016_82016_7272,1782288000,2026-06-24,8,0,82016,82016,1
ghost_relocated_high_82066_82049_7273,1782291000,2026-06-24,8,50,82066,82049,1
ghost_relocated_low_82099_82081_7274,1782292980,2026-06-24,9,23,82099,82081,1
ghost_relocated_low_82107_82107_7275,1782293460,2026-06-24,9,31,82107,82107,1
ghost_relocated_low_82112_82112_7276,1782293760,2026-06-24,9,36,82112,82112,1
ghost_relocated_low_82113_82113_7277,1782293820,2026-06-24,9,37,82113,82113,1
ghost_relocated_low_82116_82116_7278,1782294000,2026-06-24,9,40,82116,82116,1
ghost_relocated_low_82118_82118_7279,1782294120,2026-06-24,9,42,82118,82118,1
ghost_relocated_low_82120_82120_7280,1782294240,2026-06-24,9,44,82120,82120,1
ghost_relocated_low_82121_82121_7281,1782294300,2026-06-24,9,45,82121,82121,1
ghost_relocated_high_82171_82171_7282,1782297300,2026-06-24,10,35,82171,82171,1
ghost_relocated_high_82174_82174_7283,1782297480,2026-06-24,10,38,82174,82174,1
ghost_relocated_high_82178_82178_7284,1782297720,2026-06-24,10,42,82178,82178,1
ghost_relocated_high_82179_82179_7285,1782297780,2026-06-24,10,43,82179,82179,1
ghost_relocated_high_82180_82180_7286,1782297840,2026-06-24,10,44,82180,82180,1
ghost_relocated_low_82230_82216_7287,1782300840,2026-06-24,11,34,82230,82216,1
ghost_relocated_high_82266_82250_7288,1782303000,2026-06-24,12,10,82266,82250,1
ghost_relocated_high_82275_82275_7289,1782303540,2026-06-24,12,19,82275,82275,1
ghost_relocated_high_82276_82276_7290,1782303600,2026-06-24,12,20,82276,82276,1
ghost_relocated_low_82326_82326_7291,1782306600,2026-06-24,13,10,82326,82326,1
ghost_relocated_low_82327_82327_7292,1782306660,2026-06-24,13,11,82327,82327,1
ghost_relocated_low_82330_82330_7293,1782306840,2026-06-24,13,14,82330,82330,1
ghost_relocated_low_82340_82340_7294,1782307440,2026-06-24,13,24,82340,82340,1
ghost_relocated_low_82346_82346_7295,1782307800,2026-06-24,13,30,82346,82346,1
ghost_relocated_low_82357_82357_7296,1782308460,2026-06-24,13,41,82357,82357,1
ghost_relocated_low_82358_82358_7297,1782308520,2026-06-24,13,42,82358,82358,1
ghost_relocated_low_82359_82359_7298,1782308580,2026-06-24,13,43,82359,82359,1
ghost_relocated_low_82364_82364_7299,1782308880,2026-06-24,13,48,82364,82364,1
ghost_relocated_low_82396_82396_7300,1782310800,2026-06-24,14,20,82396,82396,1
ghost_relocated_low_82402_82396_7301,1782311160,2026-06-24,14,26,82402,82396,1
ghost_relocated_high_82446_82437_7302,1782313800,2026-06-24,15,10,82446,82437,1
ghost_relocated_low_82487_82483_7303,1782316260,2026-06-24,15,51,82487,82483,1
ghost_relocated_low_82532_82532_7304,1782318960,2026-06-24,16,36,82532,82532,1
ghost_relocated_low_82533_82533_7305,1782319020,2026-06-24,16,37,82533,82533,1
ghost_relocated_low_82535_82535_7306,1782319140,2026-06-24,16,39,82535,82535,1
ghost_relocated_low_82536_82536_7307,1782319200,2026-06-24,16,40,82536,82536,1
ghost_relocated_low_82537_82537_7308,1782319260,2026-06-24,16,41,82537,82537,1
ghost_relocated_low_82538_82538_7309,1782319320,2026-06-24,16,42,82538,82538,1
ghost_relocated_low_82551_82551_7310,1782320100,2026-06-24,16,55,82551,82551,1
ghost_relocated_low_82556_82556_7311,1782320400,2026-06-24,17,0,82556,82556,1
ghost_relocated_low_82563_82563_7312,1782320820,2026-06-24,17,7,82563,82563,1
ghost_relocated_low_82564_82564_7313,1782320880,2026-06-24,17,8,82564,82564,1
ghost_relocated_low_82569_82569_7314,1782321180,2026-06-24,17,13,82569,82569,1
ghost_relocated_low_82572_82572_7315,1782321360,2026-06-24,17,16,82572,82572,1
ghost_relocated_low_82573_82573_7316,1782321420,2026-06-24,17,17,82573,82573,1
ghost_relocated_low_82574_82574_7317,1782321480,2026-06-24,17,18,82574,82574,1
ghost_relocated_low_82575_82575_7318,1782321540,2026-06-24,17,19,82575,82575,1
ghost_relocated_low_82576_82576_7319,1782321600,2026-06-24,17,20,82576,82576,1
ghost_relocated_low_82577_82577_7320,1782321660,2026-06-24,17,21,82577,82577,1
ghost_relocated_low_82579_82579_7321,1782321780,2026-06-24,17,23,82579,82579,1
ghost_relocated_low_82581_82581_7322,1782321900,2026-06-24,17,25,82581,82581,1
ghost_relocated_low_82584_82584_7323,1782322080,2026-06-24,17,28,82584,82584,1
ghost_relocated_low_82586_82586_7324,1782322200,2026-06-24,17,30,82586,82586,1
ghost_relocated_low_82587_82587_7325,1782322260,2026-06-24,17,31,82587,82587,1
ghost_relocated_low_82588_82588_7326,1782322320,2026-06-24,17,32,82588,82588,1
ghost_relocated_low_82589_82589_7327,1782322380,2026-06-24,17,33,82589,82589,1
ghost_relocated_high_82639_82639_7328,1782325380,2026-06-24,18,23,82639,82639,1
ghost_relocated_high_82640_82640_7329,1782325440,2026-06-24,18,24,82640,82640,1
ghost_relocated_high_82641_82641_7330,1782325500,2026-06-24,18,25,82641,82641,1
ghost_relocated_low_82691_82689_7331,1782328500,2026-06-24,19,15,82691,82689,1
ghost_relocated_high_82739_82739_7332,1782331380,2026-06-24,20,3,82739,82739,1
ghost_relocated_high_82740_82740_7333,1782331440,2026-06-24,20,4,82740,82740,1
ghost_relocated_high_82741_82741_7334,1782331500,2026-06-24,20,5,82741,82741,1
ghost_relocated_high_82742_82742_7335,1782331560,2026-06-24,20,6,82742,82742,1
ghost_relocated_high_82744_82744_7336,1782331680,2026-06-24,20,8,82744,82744,1
ghost_relocated_high_82745_82745_7337,1782331740,2026-06-24,20,9,82745,82745,1
ghost_relocated_high_82747_82747_7338,1782331860,2026-06-24,20,11,82747,82747,1
ghost_relocated_high_82753_82753_7339,1782332220,2026-06-24,20,17,82753,82753,1
ghost_relocated_high_82756_82756_7340,1782332400,2026-06-24,20,20,82756,82756,1
ghost_relocated_high_82757_82757_7341,1782332460,2026-06-24,20,21,82757,82757,1
ghost_relocated_high_82758_82758_7342,1782332520,2026-06-24,20,22,82758,82758,1
ghost_relocated_high_82759_82759_7343,1782332580,2026-06-24,20,23,82759,82759,1
ghost_relocated_high_82760_82760_7344,1782332640,2026-06-24,20,24,82760,82760,1
ghost_relocated_high_82761_82761_7345,1782332700,2026-06-24,20,25,82761,82761,1
ghost_relocated_high_82762_82762_7346,1782332760,2026-06-24,20,26,82762,82762,1
ghost_relocated_high_82768_82768_7347,1782333120,2026-06-24,20,32,82768,82768,1
ghost_relocated_high_82775_82775_7348,1782333540,2026-06-24,20,39,82775,82775,1
ghost_relocated_high_82776_82776_7349,1782333600,2026-06-24,20,40,82776,82776,1
ghost_relocated_high_82777_82777_7350,1782333660,2026-06-24,20,41,82777,82777,1
ghost_relocated_high_82779_82779_7351,1782333780,2026-06-24,20,43,82779,82779,1
ghost_relocated_high_82780_82780_7352,1782333840,2026-06-24,20,44,82780,82780,1
ghost_relocated_high_82782_82782_7353,1782333960,2026-06-24,20,46,82782,82782,1
ghost_relocated_high_82783_82783_7354,1782334020,2026-06-24,20,47,82783,82783,1
ghost_relocated_high_82784_82784_7355,1782334080,2026-06-24,20,48,82784,82784,1
ghost_relocated_high_82785_82785_7356,1782334140,2026-06-24,20,49,82785,82785,1
ghost_relocated_high_82796_82796_7357,1782338400,2026-06-24,22,0,82796,82796,1
ghost_relocated_high_82797_82797_7358,1782338460,2026-06-24,22,1,82797,82797,1
ghost_relocated_low_82847_82845_7359,1782341460,2026-06-24,22,51,82847,82845,1
ghost_relocated_low_82853_82853_7360,1782341820,2026-06-24,22,57,82853,82853,1
ghost_relocated_high_82903_82902_7361,1782344820,2026-06-24,23,47,82903,82902,1
ghost_relocated_low_82952_82951_7362,1782347760,2026-06-25,0,36,82952,82951,1
ghost_relocated_low_82955_82955_7363,1782347940,2026-06-25,0,39,82955,82955,1
ghost_relocated_low_82956_82956_7364,1782348000,2026-06-25,0,40,82956,82956,1
ghost_relocated_low_82957_82957_7365,1782348060,2026-06-25,0,41,82957,82957,1
ghost_relocated_low_82958_82958_7366,1782348120,2026-06-25,0,42,82958,82958,1
ghost_relocated_low_82963_82963_7367,1782348420,2026-06-25,0,47,82963,82963,1
ghost_relocated_low_82964_82964_7368,1782348480,2026-06-25,0,48,82964,82964,1
ghost_relocated_high_83014_83014_7369,1782351480,2026-06-25,1,38,83014,83014,1
ghost_relocated_high_83015_83015_7370,1782351540,2026-06-25,1,39,83015,83015,1
ghost_relocated_high_83031_83031_7371,1782352500,2026-06-25,1,55,83031,83031,1
ghost_relocated_high_83033_83033_7372,1782352620,2026-06-25,1,57,83033,83033,1
ghost_relocated_low_83083_83052_7373,1782355620,2026-06-25,2,47,83083,83052,1
ghost_relocated_high_83102_83102_7374,1782356760,2026-06-25,3,6,83102,83102,1
ghost_relocated_high_83104_83104_7375,1782356880,2026-06-25,3,8,83104,83104,1
ghost_relocated_high_83113_83113_7376,1782357420,2026-06-25,3,17,83113,83113,1
ghost_relocated_high_83114_83114_7377,1782357480,2026-06-25,3,18,83114,83114,1
ghost_relocated_high_83117_83117_7378,1782357660,2026-06-25,3,21,83117,83117,1
ghost_relocated_high_83118_83118_7379,1782357720,2026-06-25,3,22,83118,83118,1
ghost_relocated_high_83119_83119_7380,1782357780,2026-06-25,3,23,83119,83119,1
ghost_relocated_high_83120_83120_7381,1782357840,2026-06-25,3,24,83120,83120,1
ghost_relocated_high_83126_83126_7382,1782358200,2026-06-25,3,30,83126,83126,1
ghost_relocated_high_83127_83127_7383,1782358260,2026-06-25,3,31,83127,83127,1
ghost_relocated_low_83177_83139_7384,1782361260,2026-06-25,4,21,83177,83139,1
ghost_relocated_low_83188_83188_7385,1782361920,2026-06-25,4,32,83188,83188,1
ghost_relocated_high_83238_83233_7386,1782364920,2026-06-25,5,22,83238,83233,1
ghost_relocated_high_83239_83239_7387,1782364980,2026-06-25,5,23,83239,83239,1
ghost_relocated_high_83240_83240_7388,1782365040,2026-06-25,5,24,83240,83240,1
ghost_relocated_high_83242_83242_7389,1782365160,2026-06-25,5,26,83242,83242,1
ghost_relocated_high_83243_83243_7390,1782365220,2026-06-25,5,27,83243,83243,1
ghost_relocated_high_83244_83244_7391,1782365280,2026-06-25,5,28,83244,83244,1
ghost_relocated_high_83245_83245_7392,1782365340,2026-06-25,5,29,83245,83245,1
ghost_relocated_high_83247_83247_7393,1782365460,2026-06-25,5,31,83247,83247,1
ghost_relocated_high_83248_83248_7394,1782365520,2026-06-25,5,32,83248,83248,1
ghost_relocated_high_83249_83249_7395,1782365580,2026-06-25,5,33,83249,83249,1
ghost_relocated_high_83250_83250_7396,1782365640,2026-06-25,5,34,83250,83250,1
ghost_relocated_high_83251_83251_7397,1782365700,2026-06-25,5,35,83251,83251,1
ghost_relocated_high_83256_83256_7398,1782366000,2026-06-25,5,40,83256,83256,1
ghost_relocated_high_83258_83258_7399,1782366120,2026-06-25,5,42,83258,83258,1
ghost_relocated_high_83292_83292_7400,1782368160,2026-06-25,6,16,83292,83292,1
ghost_relocated_high_83294_83294_7401,1782368280,2026-06-25,6,18,83294,83294,1
ghost_relocated_high_83295_83295_7402,1782368340,2026-06-25,6,19,83295,83295,1
ghost_relocated_high_83296_83296_7403,1782368400,2026-06-25,6,20,83296,83296,1
ghost_relocated_high_83297_83297_7404,1782368460,2026-06-25,6,21,83297,83297,1
ghost_relocated_high_83298_83298_7405,1782368520,2026-06-25,6,22,83298,83298,1
ghost_relocated_high_83299_83299_7406,1782368580,2026-06-25,6,23,83299,83299,1
ghost_relocated_high_83341_83341_7407,1782371100,2026-06-25,7,5,83341,83341,1
ghost_relocated_high_83342_83342_7408,1782371160,2026-06-25,7,6,83342,83342,1
ghost_relocated_high_83352_83352_7409,1782371760,2026-06-25,7,16,83352,83352,1
ghost_relocated_high_83353_83353_7410,1782371820,2026-06-25,7,17,83353,83353,1
ghost_relocated_high_83356_83356_7411,1782372000,2026-06-25,7,20,83356,83356,1
ghost_relocated_high_83357_83357_7412,1782372060,2026-06-25,7,21,83357,83357,1
ghost_relocated_high_83358_83358_7413,1782372120,2026-06-25,7,22,83358,83358,1
ghost_relocated_high_83359_83359_7414,1782372180,2026-06-25,7,23,83359,83359,1
ghost_relocated_high_83360_83360_7415,1782372240,2026-06-25,7,24,83360,83360,1
ghost_relocated_high_83361_83361_7416,1782372300,2026-06-25,7,25,83361,83361,1
ghost_relocated_high_83396_83396_7417,1782374400,2026-06-25,8,0,83396,83396,1
ghost_relocated_high_83397_83397_7418,1782374460,2026-06-25,8,1,83397,83397,1
ghost_relocated_high_83398_83398_7419,1782374520,2026-06-25,8,2,83398,83398,1
ghost_relocated_high_83399_83399_7420,1782374580,2026-06-25,8,3,83399,83399,1
ghost_relocated_low_83449_83448_7421,1782377580,2026-06-25,8,53,83449,83448,1
ghost_relocated_low_83454_83454_7422,1782377880,2026-06-25,8,58,83454,83454,1
ghost_relocated_high_83504_83493_7423,1782380880,2026-06-25,9,48,83504,83493,1
ghost_relocated_high_83508_83508_7424,1782381120,2026-06-25,9,52,83508,83508,1
ghost_relocated_high_83528_83528_7425,1782382320,2026-06-25,10,12,83528,83528,1
ghost_relocated_high_83531_83531_7426,1782382500,2026-06-25,10,15,83531,83531,1
ghost_relocated_high_83532_83532_7427,1782382560,2026-06-25,10,16,83532,83532,1
ghost_relocated_high_83546_83546_7428,1782383400,2026-06-25,10,30,83546,83546,1
ghost_relocated_high_83547_83547_7429,1782383460,2026-06-25,10,31,83547,83547,1
ghost_relocated_high_83553_83553_7430,1782383820,2026-06-25,10,37,83553,83553,1
ghost_relocated_high_83554_83554_7431,1782383880,2026-06-25,10,38,83554,83554,1
ghost_relocated_high_83576_83576_7432,1782385200,2026-06-25,11,0,83576,83576,1
ghost_relocated_high_83578_83578_7433,1782385320,2026-06-25,11,2,83578,83578,1
ghost_relocated_low_83628_83606_7434,1782388320,2026-06-25,11,52,83628,83606,1
ghost_relocated_high_83656_83644_7435,1782390000,2026-06-25,12,20,83656,83644,1
ghost_relocated_high_83666_83666_7436,1782390600,2026-06-25,12,30,83666,83666,1
ghost_relocated_low_83716_83715_7437,1782393600,2026-06-25,13,20,83716,83715,1
ghost_relocated_low_83718_83718_7438,1782393720,2026-06-25,13,22,83718,83718,1
ghost_relocated_low_83720_83720_7439,1782393840,2026-06-25,13,24,83720,83720,1
ghost_relocated_low_83726_83726_7440,1782394200,2026-06-25,13,30,83726,83726,1
ghost_relocated_low_83727_83727_7441,1782394260,2026-06-25,13,31,83727,83727,1
ghost_relocated_low_83728_83728_7442,1782394320,2026-06-25,13,32,83728,83728,1
ghost_relocated_low_83729_83729_7443,1782394380,2026-06-25,13,33,83729,83729,1
ghost_relocated_low_83733_83733_7444,1782394620,2026-06-25,13,37,83733,83733,1
ghost_relocated_low_83734_83734_7445,1782394680,2026-06-25,13,38,83734,83734,1
ghost_relocated_low_83736_83736_7446,1782394800,2026-06-25,13,40,83736,83736,1
ghost_relocated_low_83737_83737_7447,1782394860,2026-06-25,13,41,83737,83737,1
ghost_relocated_low_83738_83738_7448,1782394920,2026-06-25,13,42,83738,83738,1
ghost_relocated_low_83739_83739_7449,1782394980,2026-06-25,13,43,83739,83739,1
ghost_relocated_low_83740_83740_7450,1782395040,2026-06-25,13,44,83740,83740,1
ghost_relocated_low_83741_83741_7451,1782395100,2026-06-25,13,45,83741,83741,1
ghost_relocated_low_83742_83742_7452,1782395160,2026-06-25,13,46,83742,83742,1
ghost_relocated_low_83743_83743_7453,1782395220,2026-06-25,13,47,83743,83743,1
ghost_relocated_low_83744_83744_7454,1782395280,2026-06-25,13,48,83744,83744,1
ghost_relocated_low_83745_83745_7455,1782395340,2026-06-25,13,49,83745,83745,1
ghost_relocated_low_83748_83748_7456,1782395520,2026-06-25,13,52,83748,83748,1
ghost_relocated_low_83749_83749_7457,1782395580,2026-06-25,13,53,83749,83749,1
ghost_relocated_low_83750_83750_7458,1782395640,2026-06-25,13,54,83750,83750,1
ghost_relocated_low_83751_83751_7459,1782395700,2026-06-25,13,55,83751,83751,1
ghost_relocated_low_83755_83755_7460,1782395940,2026-06-25,13,59,83755,83755,1
ghost_relocated_high_83805_83789_7461,1782398940,2026-06-25,14,49,83805,83789,1
ghost_relocated_high_83807_83807_7462,1782399060,2026-06-25,14,51,83807,83807,1
ghost_relocated_high_83808_83808_7463,1782399120,2026-06-25,14,52,83808,83808,1
ghost_relocated_high_83810_83810_7464,1782399240,2026-06-25,14,54,83810,83810,1
ghost_relocated_low_83860_83831_7465,1782402240,2026-06-25,15,44,83860,83831,1
ghost_relocated_high_83881_83862_7466,1782403500,2026-06-25,16,5,83881,83862,1
ghost_relocated_high_83882_83882_7467,1782403560,2026-06-25,16,6,83882,83882,1
ghost_relocated_high_83884_83884_7468,1782403680,2026-06-25,16,8,83884,83884,1
ghost_relocated_high_83885_83885_7469,1782403740,2026-06-25,16,9,83885,83885,1
ghost_relocated_high_83886_83886_7470,1782403800,2026-06-25,16,10,83886,83886,1
ghost_relocated_high_83887_83887_7471,1782403860,2026-06-25,16,11,83887,83887,1
ghost_relocated_high_83889_83889_7472,1782403980,2026-06-25,16,13,83889,83889,1
ghost_relocated_high_83891_83891_7473,1782404100,2026-06-25,16,15,83891,83891,1
ghost_relocated_high_83892_83892_7474,1782404160,2026-06-25,16,16,83892,83892,1
ghost_relocated_high_83893_83893_7475,1782404220,2026-06-25,16,17,83893,83893,1
ghost_relocated_low_83943_83921_7476,1782407220,2026-06-25,17,7,83943,83921,1
ghost_relocated_high_83971_83952_7477,1782408900,2026-06-25,17,35,83971,83952,1
ghost_relocated_low_84002_83956_7478,1782410760,2026-06-25,18,6,84002,83956,1
ghost_relocated_low_84069_84069_7479,1782414780,2026-06-25,19,13,84069,84069,1
ghost_relocated_low_84070_84070_7480,1782414840,2026-06-25,19,14,84070,84070,1
ghost_relocated_low_84071_84071_7481,1782414900,2026-06-25,19,15,84071,84071,1
ghost_relocated_low_84073_84073_7482,1782415020,2026-06-25,19,17,84073,84073,1
ghost_relocated_low_84074_84074_7483,1782415080,2026-06-25,19,18,84074,84074,1
ghost_relocated_low_84075_84075_7484,1782415140,2026-06-25,19,19,84075,84075,1
ghost_relocated_low_84093_84093_7485,1782416220,2026-06-25,19,37,84093,84093,1
ghost_relocated_low_84095_84095_7486,1782416340,2026-06-25,19,39,84095,84095,1
ghost_relocated_low_84106_84106_7487,1782417000,2026-06-25,19,50,84106,84106,1
ghost_relocated_high_84156_84117_7488,1782420000,2026-06-25,20,40,84156,84117,1
ghost_relocated_low_84167_84164_7489,1782420660,2026-06-25,20,51,84167,84164,1
ghost_relocated_low_84169_84169_7490,1782420780,2026-06-25,20,53,84169,84169,1
ghost_relocated_low_84175_84175_7491,1782421140,2026-06-25,20,59,84175,84175,1
ghost_relocated_low_84176_84176_7492,1782424800,2026-06-25,22,0,84176,84176,1
ghost_relocated_low_84177_84177_7493,1782424860,2026-06-25,22,1,84177,84177,1
ghost_relocated_low_84178_84178_7494,1782424920,2026-06-25,22,2,84178,84178,1
ghost_relocated_low_84180_84180_7495,1782425040,2026-06-25,22,4,84180,84180,1
ghost_relocated_low_84181_84181_7496,1782425100,2026-06-25,22,5,84181,84181,1
ghost_relocated_low_84182_84182_7497,1782425160,2026-06-25,22,6,84182,84182,1
ghost_relocated_low_84184_84184_7498,1782425280,2026-06-25,22,8,84184,84184,1
ghost_relocated_low_84185_84185_7499,1782425340,2026-06-25,22,9,84185,84185,1
ghost_relocated_low_84186_84186_7500,1782425400,2026-06-25,22,10,84186,84186,1
ghost_relocated_low_84187_84187_7501,1782425460,2026-06-25,22,11,84187,84187,1
ghost_relocated_low_84189_84189_7502,1782425580,2026-06-25,22,13,84189,84189,1
ghost_relocated_low_84203_84203_7503,1782426420,2026-06-25,22,27,84203,84203,1
ghost_relocated_low_84205_84205_7504,1782426540,2026-06-25,22,29,84205,84205,1
ghost_relocated_low_84206_84206_7505,1782426600,2026-06-25,22,30,84206,84206,1
ghost_relocated_high_84256_84256_7506,1782429600,2026-06-25,23,20,84256,84256,1
ghost_relocated_high_84257_84257_7507,1782429660,2026-06-25,23,21,84257,84257,1
ghost_relocated_high_84260_84260_7508,1782429840,2026-06-25,23,24,84260,84260,1
ghost_relocated_high_84261_84261_7509,1782429900,2026-06-25,23,25,84261,84261,1
ghost_relocated_low_84311_84292_7510,1782432900,2026-06-26,0,15,84311,84292,1
ghost_relocated_low_84323_84323_7511,1782433620,2026-06-26,0,27,84323,84323,1
ghost_relocated_low_84330_84330_7512,1782434040,2026-06-26,0,34,84330,84330,1
ghost_relocated_low_84331_84331_7513,1782434100,2026-06-26,0,35,84331,84331,1
ghost_relocated_low_84332_84332_7514,1782434160,2026-06-26,0,36,84332,84332,1
ghost_relocated_low_84351_84351_7515,1782435300,2026-06-26,0,55,84351,84351,1
ghost_relocated_low_84352_84352_7516,1782435360,2026-06-26,0,56,84352,84352,1
ghost_relocated_low_84353_84353_7517,1782435420,2026-06-26,0,57,84353,84353,1
ghost_relocated_low_84360_84360_7518,1782435840,2026-06-26,1,4,84360,84360,1
ghost_relocated_low_84361_84361_7519,1782435900,2026-06-26,1,5,84361,84361,1
ghost_relocated_low_84362_84362_7520,1782435960,2026-06-26,1,6,84362,84362,1
ghost_relocated_low_84389_84389_7521,1782437580,2026-06-26,1,33,84389,84389,1
ghost_relocated_low_84390_84390_7522,1782437640,2026-06-26,1,34,84390,84390,1
ghost_relocated_low_84391_84391_7523,1782437700,2026-06-26,1,35,84391,84391,1
ghost_relocated_low_84394_84394_7524,1782437880,2026-06-26,1,38,84394,84394,1
ghost_relocated_low_84395_84395_7525,1782437940,2026-06-26,1,39,84395,84395,1
ghost_relocated_low_84397_84397_7526,1782438060,2026-06-26,1,41,84397,84397,1
ghost_relocated_low_84398_84398_7527,1782438120,2026-06-26,1,42,84398,84398,1
ghost_relocated_low_84399_84399_7528,1782438180,2026-06-26,1,43,84399,84399,1
ghost_relocated_low_84400_84400_7529,1782438240,2026-06-26,1,44,84400,84400,1
ghost_relocated_low_84401_84401_7530,1782438300,2026-06-26,1,45,84401,84401,1
ghost_relocated_low_84413_84413_7531,1782439020,2026-06-26,1,57,84413,84413,1
ghost_relocated_low_84414_84414_7532,1782439080,2026-06-26,1,58,84414,84414,1
ghost_relocated_low_84415_84415_7533,1782439140,2026-06-26,1,59,84415,84415,1
ghost_relocated_low_84427_84427_7534,1782439860,2026-06-26,2,11,84427,84427,1
ghost_relocated_low_84428_84428_7535,1782439920,2026-06-26,2,12,84428,84428,1
ghost_relocated_low_84429_84429_7536,1782439980,2026-06-26,2,13,84429,84429,1
ghost_relocated_low_84431_84431_7537,1782440100,2026-06-26,2,15,84431,84431,1
ghost_relocated_low_84434_84434_7538,1782440280,2026-06-26,2,18,84434,84434,1
ghost_relocated_low_84435_84435_7539,1782440340,2026-06-26,2,19,84435,84435,1
ghost_relocated_low_84436_84436_7540,1782440400,2026-06-26,2,20,84436,84436,1
ghost_relocated_low_84439_84439_7541,1782440580,2026-06-26,2,23,84439,84439,1
ghost_relocated_low_84440_84440_7542,1782440640,2026-06-26,2,24,84440,84440,1
ghost_relocated_low_84441_84441_7543,1782440700,2026-06-26,2,25,84441,84441,1
ghost_relocated_low_84448_84448_7544,1782441120,2026-06-26,2,32,84448,84448,1
ghost_relocated_low_84449_84449_7545,1782441180,2026-06-26,2,33,84449,84449,1
ghost_relocated_low_84452_84452_7546,1782441360,2026-06-26,2,36,84452,84452,1
ghost_relocated_low_84453_84453_7547,1782441420,2026-06-26,2,37,84453,84453,1
ghost_relocated_low_84454_84454_7548,1782441480,2026-06-26,2,38,84454,84454,1
ghost_relocated_low_84456_84456_7549,1782441600,2026-06-26,2,40,84456,84456,1
ghost_relocated_low_84457_84457_7550,1782441660,2026-06-26,2,41,84457,84457,1
ghost_relocated_low_84461_84461_7551,1782441900,2026-06-26,2,45,84461,84461,1
ghost_relocated_low_84462_84462_7552,1782441960,2026-06-26,2,46,84462,84462,1
ghost_relocated_low_84464_84464_7553,1782442080,2026-06-26,2,48,84464,84464,1
ghost_relocated_low_84465_84465_7554,1782442140,2026-06-26,2,49,84465,84465,1
ghost_relocated_low_84468_84468_7555,1782442320,2026-06-26,2,52,84468,84468,1
ghost_relocated_low_84469_84469_7556,1782442380,2026-06-26,2,53,84469,84469,1
ghost_relocated_low_84470_84470_7557,1782442440,2026-06-26,2,54,84470,84470,1
ghost_relocated_low_84471_84471_7558,1782442500,2026-06-26,2,55,84471,84471,1
ghost_relocated_low_84472_84472_7559,1782442560,2026-06-26,2,56,84472,84472,1
ghost_relocated_low_84477_84477_7560,1782442860,2026-06-26,3,1,84477,84477,1
ghost_relocated_low_84478_84478_7561,1782442920,2026-06-26,3,2,84478,84478,1
ghost_relocated_low_84486_84486_7562,1782443400,2026-06-26,3,10,84486,84486,1
ghost_relocated_low_84510_84510_7563,1782444840,2026-06-26,3,34,84510,84510,1
ghost_relocated_low_84511_84511_7564,1782444900,2026-06-26,3,35,84511,84511,1
ghost_relocated_low_84512_84512_7565,1782444960,2026-06-26,3,36,84512,84512,1
ghost_relocated_low_84513_84513_7566,1782445020,2026-06-26,3,37,84513,84513,1
ghost_relocated_low_84514_84514_7567,1782445080,2026-06-26,3,38,84514,84514,1
ghost_relocated_high_84564_84552_7568,1782448080,2026-06-26,4,28,84564,84552,1
ghost_relocated_low_84602_84589_7569,1782450360,2026-06-26,5,6,84602,84589,1
ghost_relocated_high_84639_84630_7570,1782452580,2026-06-26,5,43,84639,84630,1
ghost_relocated_low_84680_84666_7571,1782455040,2026-06-26,6,24,84680,84666,1
ghost_relocated_high_84716_84711_7572,1782457200,2026-06-26,7,0,84716,84711,1
ghost_relocated_high_84744_84744_7573,1782458880,2026-06-26,7,28,84744,84744,1
ghost_relocated_high_84745_84745_7574,1782458940,2026-06-26,7,29,84745,84745,1
ghost_relocated_high_84746_84746_7575,1782459000,2026-06-26,7,30,84746,84746,1
ghost_relocated_high_84747_84747_7576,1782459060,2026-06-26,7,31,84747,84747,1
ghost_relocated_high_84748_84748_7577,1782459120,2026-06-26,7,32,84748,84748,1
ghost_relocated_low_84798_84796_7578,1782462120,2026-06-26,8,22,84798,84796,1
ghost_relocated_low_84810_84810_7579,1782462840,2026-06-26,8,34,84810,84810,1
ghost_relocated_low_84811_84811_7580,1782462900,2026-06-26,8,35,84811,84811,1
ghost_relocated_low_84820_84820_7581,1782463440,2026-06-26,8,44,84820,84820,1
ghost_relocated_low_84821_84821_7582,1782463500,2026-06-26,8,45,84821,84821,1
ghost_relocated_low_84822_84822_7583,1782463560,2026-06-26,8,46,84822,84822,1
ghost_relocated_low_84823_84823_7584,1782463620,2026-06-26,8,47,84823,84823,1
ghost_relocated_low_84825_84825_7585,1782463740,2026-06-26,8,49,84825,84825,1
ghost_relocated_low_84826_84826_7586,1782463800,2026-06-26,8,50,84826,84826,1
ghost_relocated_low_84827_84827_7587,1782463860,2026-06-26,8,51,84827,84827,1
ghost_relocated_low_84830_84830_7588,1782464040,2026-06-26,8,54,84830,84830,1
ghost_relocated_low_84831_84831_7589,1782464100,2026-06-26,8,55,84831,84831,1
ghost_relocated_low_84856_84856_7590,1782465600,2026-06-26,9,20,84856,84856,1
ghost_relocated_low_84857_84857_7591,1782465660,2026-06-26,9,21,84857,84857,1
ghost_relocated_low_84858_84858_7592,1782465720,2026-06-26,9,22,84858,84858,1
ghost_relocated_low_84896_84896_7593,1782468000,2026-06-26,10,0,84896,84896,1
ghost_relocated_low_84897_84897_7594,1782468060,2026-06-26,10,1,84897,84897,1
ghost_relocated_low_84898_84898_7595,1782468120,2026-06-26,10,2,84898,84898,1
ghost_relocated_low_84932_84898_7596,1782470160,2026-06-26,10,36,84932,84898,1
ghost_relocated_high_84948_84911_7597,1782471120,2026-06-26,10,52,84948,84911,1
ghost_relocated_high_84959_84959_7598,1782471780,2026-06-26,11,3,84959,84959,1
ghost_relocated_high_84961_84961_7599,1782471900,2026-06-26,11,5,84961,84961,1
ghost_relocated_high_84967_84967_7600,1782472260,2026-06-26,11,11,84967,84967,1
ghost_relocated_high_84968_84968_7601,1782472320,2026-06-26,11,12,84968,84968,1
ghost_relocated_low_85018_85010_7602,1782475320,2026-06-26,12,2,85018,85010,1
ghost_relocated_high_85060_85032_7603,1782477840,2026-06-26,12,44,85060,85032,1
ghost_relocated_low_85082_85080_7604,1782479160,2026-06-26,13,6,85082,85080,1
ghost_relocated_low_85083_85083_7605,1782479220,2026-06-26,13,7,85083,85083,1
ghost_relocated_low_85085_85085_7606,1782479340,2026-06-26,13,9,85085,85085,1
ghost_relocated_low_85086_85086_7607,1782479400,2026-06-26,13,10,85086,85086,1
ghost_relocated_low_85087_85087_7608,1782479460,2026-06-26,13,11,85087,85087,1
ghost_relocated_low_85094_85094_7609,1782479880,2026-06-26,13,18,85094,85094,1
ghost_relocated_low_85109_85109_7610,1782480780,2026-06-26,13,33,85109,85109,1
ghost_relocated_low_85110_85110_7611,1782480840,2026-06-26,13,34,85110,85110,1
ghost_relocated_high_85160_85156_7612,1782483840,2026-06-26,14,24,85160,85156,1
ghost_relocated_low_85206_85176_7613,1782486600,2026-06-26,15,10,85206,85176,1
ghost_relocated_low_85208_85208_7614,1782486720,2026-06-26,15,12,85208,85208,1
ghost_relocated_low_85211_85211_7615,1782486900,2026-06-26,15,15,85211,85211,1
ghost_relocated_high_85261_85240_7616,1782489900,2026-06-26,16,5,85261,85240,1
ghost_relocated_low_85290_85277_7617,1782491640,2026-06-26,16,34,85290,85277,1
ghost_relocated_high_85327_85326_7618,1782493860,2026-06-26,17,11,85327,85326,1
ghost_relocated_low_85376_85372_7619,1782496800,2026-06-26,18,0,85376,85372,1
ghost_relocated_low_85386_85386_7620,1782497400,2026-06-26,18,10,85386,85386,1
ghost_relocated_low_85387_85387_7621,1782497460,2026-06-26,18,11,85387,85387,1
ghost_relocated_low_85389_85389_7622,1782497580,2026-06-26,18,13,85389,85389,1
ghost_relocated_low_85390_85390_7623,1782497640,2026-06-26,18,14,85390,85390,1
ghost_relocated_low_85392_85392_7624,1782497760,2026-06-26,18,16,85392,85392,1
ghost_relocated_low_85393_85393_7625,1782497820,2026-06-26,18,17,85393,85393,1
ghost_relocated_low_85394_85394_7626,1782497880,2026-06-26,18,18,85394,85394,1
ghost_relocated_low_85395_85395_7627,1782497940,2026-06-26,18,19,85395,85395,1
ghost_relocated_low_85396_85396_7628,1782498000,2026-06-26,18,20,85396,85396,1
ghost_relocated_low_85403_85403_7629,1782498420,2026-06-26,18,27,85403,85403,1
ghost_relocated_low_85404_85404_7630,1782498480,2026-06-26,18,28,85404,85404,1
ghost_relocated_low_85406_85406_7631,1782498600,2026-06-26,18,30,85406,85406,1
ghost_relocated_low_85407_85407_7632,1782498660,2026-06-26,18,31,85407,85407,1
ghost_relocated_low_85421_85421_7633,1782499500,2026-06-26,18,45,85421,85421,1
ghost_relocated_low_85423_85423_7634,1782499620,2026-06-26,18,47,85423,85423,1
ghost_relocated_low_85424_85424_7635,1782499680,2026-06-26,18,48,85424,85424,1
ghost_relocated_low_85426_85426_7636,1782499800,2026-06-26,18,50,85426,85426,1
ghost_relocated_low_85429_85429_7637,1782499980,2026-06-26,18,53,85429,85429,1
ghost_relocated_low_85433_85433_7638,1782500220,2026-06-26,18,57,85433,85433,1
ghost_relocated_high_85483_85482_7639,1782503220,2026-06-26,19,47,85483,85482,1
ghost_relocated_low_85532_85532_7640,1782506160,2026-06-26,20,36,85532,85532,1
ghost_relocated_low_85538_85538_7641,1782506520,2026-06-26,20,42,85538,85538,1
ghost_relocated_low_85541_85541_7642,1782506700,2026-06-26,20,45,85541,85541,1
ghost_relocated_high_85591_85588_7643,1782686100,2026-06-28,22,35,85591,85588,1
ghost_relocated_high_85619_85619_7644,1782687780,2026-06-28,23,3,85619,85619,1
ghost_relocated_high_85620_85620_7645,1782687840,2026-06-28,23,4,85620,85620,1
ghost_relocated_high_85623_85623_7646,1782688020,2026-06-28,23,7,85623,85623,1
ghost_relocated_high_85624_85624_7647,1782688080,2026-06-28,23,8,85624,85624,1
ghost_relocated_high_85625_85625_7648,1782688140,2026-06-28,23,9,85625,85625,1
ghost_relocated_high_85626_85626_7649,1782688200,2026-06-28,23,10,85626,85626,1
ghost_relocated_high_85628_85628_7650,1782688320,2026-06-28,23,12,85628,85628,1
ghost_relocated_high_85629_85629_7651,1782688380,2026-06-28,23,13,85629,85629,1
ghost_relocated_high_85634_85634_7652,1782688680,2026-06-28,23,18,85634,85634,1
ghost_relocated_high_85636_85636_7653,1782688800,2026-06-28,23,20,85636,85636,1
ghost_relocated_high_85639_85639_7654,1782688980,2026-06-28,23,23,85639,85639,1
ghost_relocated_high_85649_85649_7655,1782689580,2026-06-28,23,33,85649,85649,1
ghost_relocated_high_85651_85651_7656,1782689700,2026-06-28,23,35,85651,85651,1
ghost_relocated_high_85654_85654_7657,1782689880,2026-06-28,23,38,85654,85654,1
ghost_relocated_high_85655_85655_7658,1782689940,2026-06-28,23,39,85655,85655,1
ghost_relocated_high_85662_85662_7659,1782690360,2026-06-28,23,46,85662,85662,1
ghost_relocated_low_85712_85708_7660,1782693360,2026-06-29,0,36,85712,85708,1
ghost_relocated_high_85758_85742_7661,1782696120,2026-06-29,1,22,85758,85742,1
ghost_relocated_high_85775_85775_7662,1782697140,2026-06-29,1,39,85775,85775,1
ghost_relocated_high_85776_85776_7663,1782697200,2026-06-29,1,40,85776,85776,1
ghost_relocated_high_85777_85777_7664,1782697260,2026-06-29,1,41,85777,85777,1
ghost_relocated_high_85778_85778_7665,1782697320,2026-06-29,1,42,85778,85778,1
ghost_relocated_low_85828_85811_7666,1782700320,2026-06-29,2,32,85828,85811,1
ghost_relocated_high_85861_85861_7667,1782702300,2026-06-29,3,5,85861,85861,1
ghost_relocated_high_85862_85862_7668,1782702360,2026-06-29,3,6,85862,85862,1
ghost_relocated_high_85865_85865_7669,1782702540,2026-06-29,3,9,85865,85865,1
ghost_relocated_high_85907_85907_7670,1782705060,2026-06-29,3,51,85907,85907,1
ghost_relocated_high_85908_85908_7671,1782705120,2026-06-29,3,52,85908,85908,1
ghost_relocated_high_85909_85909_7672,1782705180,2026-06-29,3,53,85909,85909,1
ghost_relocated_high_85944_85909_7673,1782707280,2026-06-29,4,28,85944,85909,1
ghost_relocated_low_85959_85957_7674,1782708180,2026-06-29,4,43,85959,85957,1
ghost_relocated_low_85976_85976_7675,1782709200,2026-06-29,5,0,85976,85976,1
ghost_relocated_low_85977_85977_7676,1782709260,2026-06-29,5,1,85977,85977,1
ghost_relocated_low_85978_85978_7677,1782709320,2026-06-29,5,2,85978,85978,1
ghost_relocated_low_85981_85981_7678,1782709500,2026-06-29,5,5,85981,85981,1
ghost_relocated_high_86031_86030_7679,1782712500,2026-06-29,5,55,86031,86030,1
ghost_relocated_high_86032_86032_7680,1782712560,2026-06-29,5,56,86032,86032,1
ghost_relocated_high_86036_86036_7681,1782712800,2026-06-29,6,0,86036,86036,1
ghost_relocated_high_86067_86067_7682,1782714660,2026-06-29,6,31,86067,86067,1
ghost_relocated_high_86077_86077_7683,1782715260,2026-06-29,6,41,86077,86077,1
ghost_relocated_low_86127_86099_7684,1782718260,2026-06-29,7,31,86127,86099,1
ghost_relocated_high_86149_86143_7685,1782719580,2026-06-29,7,53,86149,86143,1
ghost_relocated_high_86158_86158_7686,1782720120,2026-06-29,8,2,86158,86158,1
ghost_relocated_high_86161_86161_7687,1782720300,2026-06-29,8,5,86161,86161,1
ghost_relocated_high_86174_86174_7688,1782721080,2026-06-29,8,18,86174,86174,1
ghost_relocated_high_86181_86181_7689,1782721500,2026-06-29,8,25,86181,86181,1
ghost_relocated_low_86231_86228_7690,1782724500,2026-06-29,9,15,86231,86228,1
ghost_relocated_low_86267_86267_7691,1782726660,2026-06-29,9,51,86267,86267,1
ghost_relocated_low_86268_86268_7692,1782726720,2026-06-29,9,52,86268,86268,1
ghost_relocated_high_86318_86315_7693,1782729720,2026-06-29,10,42,86318,86315,1
ghost_relocated_high_86335_86335_7694,1782730740,2026-06-29,10,59,86335,86335,1
ghost_relocated_high_86336_86336_7695,1782730800,2026-06-29,11,0,86336,86336,1
ghost_relocated_high_86367_86367_7696,1782732660,2026-06-29,11,31,86367,86367,1
ghost_relocated_high_86407_86367_7697,1782735060,2026-06-29,12,11,86407,86367,1
ghost_relocated_low_86417_86397_7698,1782735660,2026-06-29,12,21,86417,86397,1
ghost_relocated_low_86434_86434_7699,1782736680,2026-06-29,12,38,86434,86434,1
ghost_relocated_low_86435_86435_7700,1782736740,2026-06-29,12,39,86435,86435,1
ghost_relocated_low_86436_86436_7701,1782736800,2026-06-29,12,40,86436,86436,1
ghost_relocated_low_86437_86437_7702,1782736860,2026-06-29,12,41,86437,86437,1
ghost_relocated_low_86438_86438_7703,1782736920,2026-06-29,12,42,86438,86438,1
ghost_relocated_low_86482_86482_7704,1782739560,2026-06-29,13,26,86482,86482,1
ghost_relocated_low_86483_86483_7705,1782739620,2026-06-29,13,27,86483,86483,1
ghost_relocated_low_86484_86484_7706,1782739680,2026-06-29,13,28,86484,86484,1
ghost_relocated_low_86486_86486_7707,1782739800,2026-06-29,13,30,86486,86486,1
ghost_relocated_low_86516_86516_7708,1782741600,2026-06-29,14,0,86516,86516,1
ghost_relocated_low_86521_86521_7709,1782741900,2026-06-29,14,5,86521,86521,1
ghost_relocated_low_86522_86522_7710,1782741960,2026-06-29,14,6,86522,86522,1
ghost_relocated_low_86523_86523_7711,1782742020,2026-06-29,14,7,86523,86523,1
ghost_relocated_low_86524_86524_7712,1782742080,2026-06-29,14,8,86524,86524,1
ghost_relocated_low_86526_86526_7713,1782742200,2026-06-29,14,10,86526,86526,1
ghost_relocated_low_86528_86528_7714,1782742320,2026-06-29,14,12,86528,86528,1
ghost_relocated_low_86529_86529_7715,1782742380,2026-06-29,14,13,86529,86529,1
ghost_relocated_low_86530_86530_7716,1782742440,2026-06-29,14,14,86530,86530,1
ghost_relocated_low_86531_86531_7717,1782742500,2026-06-29,14,15,86531,86531,1
ghost_relocated_low_86559_86531_7718,1782744180,2026-06-29,14,43,86559,86531,1
ghost_relocated_high_86581_86576_7719,1782745500,2026-06-29,15,5,86581,86576,1
ghost_relocated_high_86591_86591_7720,1782746100,2026-06-29,15,15,86591,86591,1
ghost_relocated_high_86605_86605_7721,1782746940,2026-06-29,15,29,86605,86605,1
ghost_relocated_high_86606_86606_7722,1782747000,2026-06-29,15,30,86606,86606,1
ghost_relocated_high_86617_86617_7723,1782747660,2026-06-29,15,41,86617,86617,1
ghost_relocated_high_86618_86618_7724,1782747720,2026-06-29,15,42,86618,86618,1
ghost_relocated_high_86619_86619_7725,1782747780,2026-06-29,15,43,86619,86619,1
ghost_relocated_high_86620_86620_7726,1782747840,2026-06-29,15,44,86620,86620,1
ghost_relocated_high_86627_86627_7727,1782748260,2026-06-29,15,51,86627,86627,1
ghost_relocated_high_86635_86635_7728,1782748740,2026-06-29,15,59,86635,86635,1
ghost_relocated_high_86636_86636_7729,1782748800,2026-06-29,16,0,86636,86636,1
ghost_relocated_high_86637_86637_7730,1782748860,2026-06-29,16,1,86637,86637,1
ghost_relocated_high_86638_86638_7731,1782748920,2026-06-29,16,2,86638,86638,1
ghost_relocated_high_86639_86639_7732,1782748980,2026-06-29,16,3,86639,86639,1
ghost_relocated_high_86640_86640_7733,1782749040,2026-06-29,16,4,86640,86640,1
ghost_relocated_high_86641_86641_7734,1782749100,2026-06-29,16,5,86641,86641,1
ghost_relocated_high_86652_86652_7735,1782749760,2026-06-29,16,16,86652,86652,1
ghost_relocated_high_86653_86653_7736,1782749820,2026-06-29,16,17,86653,86653,1
ghost_relocated_high_86656_86656_7737,1782750000,2026-06-29,16,20,86656,86656,1
ghost_relocated_high_86657_86657_7738,1782750060,2026-06-29,16,21,86657,86657,1
ghost_relocated_high_86658_86658_7739,1782750120,2026-06-29,16,22,86658,86658,1
ghost_relocated_high_86659_86659_7740,1782750180,2026-06-29,16,23,86659,86659,1
ghost_relocated_high_86660_86660_7741,1782750240,2026-06-29,16,24,86660,86660,1
ghost_relocated_high_86661_86661_7742,1782750300,2026-06-29,16,25,86661,86661,1
ghost_relocated_high_86680_86680_7743,1782751440,2026-06-29,16,44,86680,86680,1
ghost_relocated_high_86681_86681_7744,1782751500,2026-06-29,16,45,86681,86681,1
ghost_relocated_high_86682_86682_7745,1782751560,2026-06-29,16,46,86682,86682,1
ghost_relocated_high_86688_86688_7746,1782751920,2026-06-29,16,52,86688,86688,1
ghost_relocated_high_86689_86689_7747,1782751980,2026-06-29,16,53,86689,86689,1
ghost_relocated_high_86690_86690_7748,1782752040,2026-06-29,16,54,86690,86690,1
ghost_relocated_high_86696_86696_7749,1782752400,2026-06-29,17,0,86696,86696,1
ghost_relocated_high_86698_86698_7750,1782752520,2026-06-29,17,2,86698,86698,1
ghost_relocated_high_86699_86699_7751,1782752580,2026-06-29,17,3,86699,86699,1
ghost_relocated_high_86700_86700_7752,1782752640,2026-06-29,17,4,86700,86700,1
ghost_relocated_high_86701_86701_7753,1782752700,2026-06-29,17,5,86701,86701,1
ghost_relocated_high_86702_86702_7754,1782752760,2026-06-29,17,6,86702,86702,1
ghost_relocated_high_86705_86705_7755,1782752940,2026-06-29,17,9,86705,86705,1
ghost_relocated_high_86706_86706_7756,1782753000,2026-06-29,17,10,86706,86706,1
ghost_relocated_high_86707_86707_7757,1782753060,2026-06-29,17,11,86707,86707,1
ghost_relocated_high_86708_86708_7758,1782753120,2026-06-29,17,12,86708,86708,1
ghost_relocated_high_86709_86709_7759,1782753180,2026-06-29,17,13,86709,86709,1
ghost_relocated_high_86710_86710_7760,1782753240,2026-06-29,17,14,86710,86710,1
ghost_relocated_high_86716_86716_7761,1782753600,2026-06-29,17,20,86716,86716,1
ghost_relocated_high_86724_86724_7762,1782754080,2026-06-29,17,28,86724,86724,1
ghost_relocated_high_86725_86725_7763,1782754140,2026-06-29,17,29,86725,86725,1
ghost_relocated_high_86726_86726_7764,1782754200,2026-06-29,17,30,86726,86726,1
ghost_relocated_high_86727_86727_7765,1782754260,2026-06-29,17,31,86727,86727,1
ghost_relocated_low_86777_86729_7766,1782757260,2026-06-29,18,21,86777,86729,1
ghost_relocated_low_86785_86785_7767,1782757740,2026-06-29,18,29,86785,86785,1
ghost_relocated_high_86835_86802_7768,1782760740,2026-06-29,19,19,86835,86802,1
ghost_relocated_low_86852_86821_7769,1782761760,2026-06-29,19,36,86852,86821,1
ghost_relocated_low_86866_86866_7770,1782762600,2026-06-29,19,50,86866,86866,1
ghost_relocated_low_86867_86867_7771,1782762660,2026-06-29,19,51,86867,86867,1
ghost_relocated_low_86868_86868_7772,1782762720,2026-06-29,19,52,86868,86868,1
ghost_relocated_low_86869_86869_7773,1782762780,2026-06-29,19,53,86869,86869,1
ghost_relocated_high_86919_86875_7774,1782765780,2026-06-29,20,43,86919,86875,1
ghost_relocated_low_86925_86924_7775,1782766140,2026-06-29,20,49,86925,86924,1
ghost_relocated_low_86935_86935_7776,1782766740,2026-06-29,20,59,86935,86935,1
ghost_relocated_low_86936_86936_7777,1782770400,2026-06-29,22,0,86936,86936,1
ghost_relocated_low_86937_86937_7778,1782770460,2026-06-29,22,1,86937,86937,1
ghost_relocated_low_86938_86938_7779,1782770520,2026-06-29,22,2,86938,86938,1
ghost_relocated_high_86988_86956_7780,1782773520,2026-06-29,22,52,86988,86956,1
ghost_relocated_high_87005_87005_7781,1782774540,2026-06-29,23,9,87005,87005,1
ghost_relocated_high_87006_87006_7782,1782774600,2026-06-29,23,10,87006,87006,1
ghost_relocated_high_87029_87029_7783,1782775980,2026-06-29,23,33,87029,87029,1
ghost_relocated_high_87030_87030_7784,1782776040,2026-06-29,23,34,87030,87030,1
ghost_relocated_high_87033_87033_7785,1782776220,2026-06-29,23,37,87033,87033,1
ghost_relocated_high_87061_87061_7786,1782777900,2026-06-30,0,5,87061,87061,1
ghost_relocated_high_87062_87062_7787,1782777960,2026-06-30,0,6,87062,87062,1
ghost_relocated_high_87068_87068_7788,1782778320,2026-06-30,0,12,87068,87068,1
ghost_relocated_high_87073_87073_7789,1782778620,2026-06-30,0,17,87073,87073,1
ghost_relocated_low_87123_87101_7790,1782781620,2026-06-30,1,7,87123,87101,1
ghost_relocated_high_87151_87148_7791,1782783300,2026-06-30,1,35,87151,87148,1
ghost_relocated_low_87198_87193_7792,1782786120,2026-06-30,2,22,87198,87193,1
ghost_relocated_high_87243_87208_7793,1782788820,2026-06-30,3,7,87243,87208,1
ghost_relocated_high_87253_87253_7794,1782789420,2026-06-30,3,17,87253,87253,1
ghost_relocated_high_87254_87254_7795,1782789480,2026-06-30,3,18,87254,87254,1
ghost_relocated_high_87255_87255_7796,1782789540,2026-06-30,3,19,87255,87255,1
ghost_relocated_high_87264_87264_7797,1782790080,2026-06-30,3,28,87264,87264,1
ghost_relocated_high_87265_87265_7798,1782790140,2026-06-30,3,29,87265,87265,1
ghost_relocated_high_87266_87266_7799,1782790200,2026-06-30,3,30,87266,87266,1
ghost_relocated_high_87270_87270_7800,1782790440,2026-06-30,3,34,87270,87270,1
ghost_relocated_high_87271_87271_7801,1782790500,2026-06-30,3,35,87271,87271,1
ghost_relocated_high_87272_87272_7802,1782790560,2026-06-30,3,36,87272,87272,1
ghost_relocated_high_87273_87273_7803,1782790620,2026-06-30,3,37,87273,87273,1
ghost_relocated_high_87274_87274_7804,1782790680,2026-06-30,3,38,87274,87274,1
ghost_relocated_high_87275_87275_7805,1782790740,2026-06-30,3,39,87275,87275,1
ghost_relocated_high_87277_87277_7806,1782790860,2026-06-30,3,41,87277,87277,1
ghost_relocated_high_87278_87278_7807,1782790920,2026-06-30,3,42,87278,87278,1
ghost_relocated_high_87287_87287_7808,1782791460,2026-06-30,3,51,87287,87287,1
ghost_relocated_high_87297_87297_7809,1782792060,2026-06-30,4,1,87297,87297,1
ghost_relocated_high_87300_87300_7810,1782792240,2026-06-30,4,4,87300,87300,1
ghost_relocated_high_87301_87301_7811,1782792300,2026-06-30,4,5,87301,87301,1
ghost_relocated_high_87302_87302_7812,1782792360,2026-06-30,4,6,87302,87302,1
ghost_relocated_high_87317_87317_7813,1782793260,2026-06-30,4,21,87317,87317,1
ghost_relocated_high_87318_87318_7814,1782793320,2026-06-30,4,22,87318,87318,1
ghost_relocated_high_87319_87319_7815,1782793380,2026-06-30,4,23,87319,87319,1
ghost_relocated_high_87322_87322_7816,1782793560,2026-06-30,4,26,87322,87322,1
ghost_relocated_high_87323_87323_7817,1782793620,2026-06-30,4,27,87323,87323,1
ghost_relocated_high_87325_87325_7818,1782793740,2026-06-30,4,29,87325,87325,1
ghost_relocated_high_87326_87326_7819,1782793800,2026-06-30,4,30,87326,87326,1
ghost_relocated_high_87330_87330_7820,1782794040,2026-06-30,4,34,87330,87330,1
ghost_relocated_high_87331_87331_7821,1782794100,2026-06-30,4,35,87331,87331,1
ghost_relocated_high_87332_87332_7822,1782794160,2026-06-30,4,36,87332,87332,1
ghost_relocated_high_87334_87334_7823,1782794280,2026-06-30,4,38,87334,87334,1
ghost_relocated_high_87337_87337_7824,1782794460,2026-06-30,4,41,87337,87337,1
ghost_relocated_high_87339_87339_7825,1782794580,2026-06-30,4,43,87339,87339,1
ghost_relocated_high_87340_87340_7826,1782794640,2026-06-30,4,44,87340,87340,1
ghost_relocated_high_87341_87341_7827,1782794700,2026-06-30,4,45,87341,87341,1
ghost_relocated_high_87357_87357_7828,1782795660,2026-06-30,5,1,87357,87357,1
ghost_relocated_high_87358_87358_7829,1782795720,2026-06-30,5,2,87358,87358,1
ghost_relocated_high_87359_87359_7830,1782795780,2026-06-30,5,3,87359,87359,1
ghost_relocated_low_87409_87393_7831,1782798780,2026-06-30,5,53,87409,87393,1
ghost_relocated_high_87443_87416_7832,1782800820,2026-06-30,6,27,87443,87416,1
ghost_relocated_high_87500_87483_7833,1782804240,2026-06-30,7,24,87500,87483,1
ghost_relocated_low_87616_87576_7834,1782811200,2026-06-30,9,20,87616,87576,1
ghost_relocated_high_87626_87612_7835,1782811800,2026-06-30,9,30,87626,87612,1
ghost_relocated_high_87645_87645_7836,1782812940,2026-06-30,9,49,87645,87645,1
ghost_relocated_high_87646_87646_7837,1782813000,2026-06-30,9,50,87646,87646,1
ghost_relocated_high_87647_87647_7838,1782813060,2026-06-30,9,51,87647,87647,1
ghost_relocated_high_87656_87656_7839,1782813600,2026-06-30,10,0,87656,87656,1
ghost_relocated_high_87663_87663_7840,1782814020,2026-06-30,10,7,87663,87663,1
ghost_relocated_high_87670_87670_7841,1782814440,2026-06-30,10,14,87670,87670,1
ghost_relocated_high_87671_87671_7842,1782814500,2026-06-30,10,15,87671,87671,1
ghost_relocated_high_87672_87672_7843,1782814560,2026-06-30,10,16,87672,87672,1
ghost_relocated_high_87673_87673_7844,1782814620,2026-06-30,10,17,87673,87673,1
ghost_relocated_high_87675_87675_7845,1782814740,2026-06-30,10,19,87675,87675,1
ghost_relocated_high_87676_87676_7846,1782814800,2026-06-30,10,20,87676,87676,1
ghost_relocated_high_87682_87682_7847,1782815160,2026-06-30,10,26,87682,87682,1
ghost_relocated_high_87683_87683_7848,1782815220,2026-06-30,10,27,87683,87683,1
ghost_relocated_high_87704_87704_7849,1782816480,2026-06-30,10,48,87704,87704,1
ghost_relocated_high_87705_87705_7850,1782816540,2026-06-30,10,49,87705,87705,1
ghost_relocated_high_87708_87708_7851,1782816720,2026-06-30,10,52,87708,87708,1
ghost_relocated_high_87709_87709_7852,1782816780,2026-06-30,10,53,87709,87709,1
ghost_relocated_high_87711_87711_7853,1782816900,2026-06-30,10,55,87711,87711,1
ghost_relocated_high_87712_87712_7854,1782816960,2026-06-30,10,56,87712,87712,1
ghost_relocated_high_87713_87713_7855,1782817020,2026-06-30,10,57,87713,87713,1
ghost_relocated_high_87714_87714_7856,1782817080,2026-06-30,10,58,87714,87714,1
ghost_relocated_high_87715_87715_7857,1782817140,2026-06-30,10,59,87715,87715,1
ghost_relocated_high_87720_87720_7858,1782817440,2026-06-30,11,4,87720,87720,1
ghost_relocated_high_87721_87721_7859,1782817500,2026-06-30,11,5,87721,87721,1
ghost_relocated_high_87722_87722_7860,1782817560,2026-06-30,11,6,87722,87722,1
ghost_relocated_high_87767_87767_7861,1782820260,2026-06-30,11,51,87767,87767,1
ghost_relocated_low_87817_87808_7862,1782823260,2026-06-30,12,41,87817,87808,1
ghost_relocated_high_87858_87819_7863,1782825720,2026-06-30,13,22,87858,87819,1
ghost_relocated_high_87866_87866_7864,1782826200,2026-06-30,13,30,87866,87866,1
ghost_relocated_high_87867_87867_7865,1782826260,2026-06-30,13,31,87867,87867,1
ghost_relocated_high_87868_87868_7866,1782826320,2026-06-30,13,32,87868,87868,1
ghost_relocated_high_87869_87869_7867,1782826380,2026-06-30,13,33,87869,87869,1
ghost_relocated_high_87870_87870_7868,1782826440,2026-06-30,13,34,87870,87870,1
ghost_relocated_high_87871_87871_7869,1782826500,2026-06-30,13,35,87871,87871,1
ghost_relocated_high_87872_87872_7870,1782826560,2026-06-30,13,36,87872,87872,1
ghost_relocated_high_87873_87873_7871,1782826620,2026-06-30,13,37,87873,87873,1
ghost_relocated_high_87887_87887_7872,1782827460,2026-06-30,13,51,87887,87887,1
ghost_relocated_high_87888_87888_7873,1782827520,2026-06-30,13,52,87888,87888,1
ghost_relocated_high_87889_87889_7874,1782827580,2026-06-30,13,53,87889,87889,1
ghost_relocated_high_87891_87891_7875,1782827700,2026-06-30,13,55,87891,87891,1
ghost_relocated_high_87892_87892_7876,1782827760,2026-06-30,13,56,87892,87892,1
ghost_relocated_high_87894_87894_7877,1782827880,2026-06-30,13,58,87894,87894,1
ghost_relocated_high_87895_87895_7878,1782827940,2026-06-30,13,59,87895,87895,1
ghost_relocated_high_87896_87896_7879,1782828000,2026-06-30,14,0,87896,87896,1
ghost_relocated_high_87899_87899_7880,1782828180,2026-06-30,14,3,87899,87899,1
ghost_relocated_high_87900_87900_7881,1782828240,2026-06-30,14,4,87900,87900,1
ghost_relocated_high_87910_87900_7882,1782828840,2026-06-30,14,14,87910,87900,1
ghost_relocated_high_87918_87918_7883,1782829320,2026-06-30,14,22,87918,87918,1
ghost_relocated_high_87919_87919_7884,1782829380,2026-06-30,14,23,87919,87919,1
ghost_relocated_high_87920_87920_7885,1782829440,2026-06-30,14,24,87920,87920,1
ghost_relocated_high_87925_87925_7886,1782829740,2026-06-30,14,29,87925,87925,1
ghost_relocated_high_87926_87926_7887,1782829800,2026-06-30,14,30,87926,87926,1
ghost_relocated_high_87930_87930_7888,1782830040,2026-06-30,14,34,87930,87930,1
ghost_relocated_high_87931_87931_7889,1782830100,2026-06-30,14,35,87931,87931,1
ghost_relocated_low_87981_87954_7890,1782833100,2026-06-30,15,25,87981,87954,1
ghost_relocated_high_88004_88002_7891,1782834480,2026-06-30,15,48,88004,88002,1
ghost_relocated_high_88006_88006_7892,1782834600,2026-06-30,15,50,88006,88006,1
ghost_relocated_high_88008_88008_7893,1782834720,2026-06-30,15,52,88008,88008,1
ghost_relocated_high_88009_88009_7894,1782834780,2026-06-30,15,53,88009,88009,1
ghost_relocated_high_88011_88011_7895,1782834900,2026-06-30,15,55,88011,88011,1
ghost_relocated_high_88012_88012_7896,1782834960,2026-06-30,15,56,88012,88012,1
ghost_relocated_high_88018_88018_7897,1782835320,2026-06-30,16,2,88018,88018,1
ghost_relocated_high_88019_88019_7898,1782835380,2026-06-30,16,3,88019,88019,1
ghost_relocated_high_88020_88020_7899,1782835440,2026-06-30,16,4,88020,88020,1
ghost_relocated_high_88021_88021_7900,1782835500,2026-06-30,16,5,88021,88021,1
ghost_relocated_high_88022_88022_7901,1782835560,2026-06-30,16,6,88022,88022,1
ghost_relocated_high_88023_88023_7902,1782835620,2026-06-30,16,7,88023,88023,1
ghost_relocated_high_88032_88032_7903,1782836160,2026-06-30,16,16,88032,88032,1
ghost_relocated_high_88043_88043_7904,1782836820,2026-06-30,16,27,88043,88043,1
ghost_relocated_high_88058_88058_7905,1782837720,2026-06-30,16,42,88058,88058,1
ghost_relocated_high_88061_88061_7906,1782837900,2026-06-30,16,45,88061,88061,1
ghost_relocated_high_88062_88062_7907,1782837960,2026-06-30,16,46,88062,88062,1
ghost_relocated_high_88063_88063_7908,1782838020,2026-06-30,16,47,88063,88063,1
ghost_relocated_high_88064_88064_7909,1782838080,2026-06-30,16,48,88064,88064,1
ghost_relocated_high_88065_88065_7910,1782838140,2026-06-30,16,49,88065,88065,1
ghost_relocated_high_88066_88066_7911,1782838200,2026-06-30,16,50,88066,88066,1
ghost_relocated_high_88069_88069_7912,1782838380,2026-06-30,16,53,88069,88069,1
ghost_relocated_high_88070_88070_7913,1782838440,2026-06-30,16,54,88070,88070,1
ghost_relocated_high_88079_88079_7914,1782838980,2026-06-30,17,3,88079,88079,1
ghost_relocated_high_88080_88080_7915,1782839040,2026-06-30,17,4,88080,88080,1
ghost_relocated_high_88084_88084_7916,1782839280,2026-06-30,17,8,88084,88084,1
ghost_relocated_high_88085_88085_7917,1782839340,2026-06-30,17,9,88085,88085,1
ghost_relocated_low_88135_88108_7918,1782842340,2026-06-30,17,59,88135,88108,1
ghost_relocated_low_88142_88142_7919,1782842760,2026-06-30,18,6,88142,88142,1
ghost_relocated_high_88192_88187_7920,1782845760,2026-06-30,18,56,88192,88187,1
ghost_relocated_high_88204_88204_7921,1782846480,2026-06-30,19,8,88204,88204,1
ghost_relocated_high_88205_88205_7922,1782846540,2026-06-30,19,9,88205,88205,1
ghost_relocated_high_88207_88207_7923,1782846660,2026-06-30,19,11,88207,88207,1
ghost_relocated_high_88209_88209_7924,1782846780,2026-06-30,19,13,88209,88209,1
ghost_relocated_high_88213_88213_7925,1782847020,2026-06-30,19,17,88213,88213,1
ghost_relocated_high_88214_88214_7926,1782847080,2026-06-30,19,18,88214,88214,1
ghost_relocated_low_88264_88256_7927,1782850080,2026-06-30,20,8,88264,88256,1
ghost_relocated_low_88267_88267_7928,1782850260,2026-06-30,20,11,88267,88267,1
ghost_relocated_low_88269_88269_7929,1782850380,2026-06-30,20,13,88269,88269,1
ghost_relocated_low_88270_88270_7930,1782850440,2026-06-30,20,14,88270,88270,1
ghost_relocated_low_88271_88271_7931,1782850500,2026-06-30,20,15,88271,88271,1
ghost_relocated_low_88272_88272_7932,1782850560,2026-06-30,20,16,88272,88272,1
ghost_relocated_low_88277_88277_7933,1782850860,2026-06-30,20,21,88277,88277,1
ghost_relocated_low_88278_88278_7934,1782850920,2026-06-30,20,22,88278,88278,1
ghost_relocated_low_88292_88292_7935,1782851760,2026-06-30,20,36,88292,88292,1
ghost_relocated_low_88293_88293_7936,1782851820,2026-06-30,20,37,88293,88293,1
ghost_relocated_low_88302_88302_7937,1782852360,2026-06-30,20,46,88302,88302,1
ghost_relocated_low_88304_88304_7938,1782852480,2026-06-30,20,48,88304,88304,1
ghost_relocated_low_88306_88306_7939,1782852600,2026-06-30,20,50,88306,88306,1
ghost_relocated_low_88307_88307_7940,1782852660,2026-06-30,20,51,88307,88307,1
ghost_relocated_high_88357_88334_7941,1782859260,2026-06-30,22,41,88357,88334,1
ghost_relocated_high_88384_88384_7942,1782860880,2026-06-30,23,8,88384,88384,1
ghost_relocated_high_88410_88410_7943,1782862440,2026-06-30,23,34,88410,88410,1
ghost_relocated_high_88419_88410_7944,1782862980,2026-06-30,23,43,88419,88410,1
ghost_relocated_high_88436_88436_7945,1782864000,2026-07-01,0,0,88436,88436,1
ghost_relocated_low_88486_88461_7946,1782867000,2026-07-01,0,50,88486,88461,1
ghost_relocated_low_88504_88504_7947,1782868080,2026-07-01,1,8,88504,88504,1
ghost_relocated_low_88505_88505_7948,1782868140,2026-07-01,1,9,88505,88505,1
ghost_relocated_low_88506_88506_7949,1782868200,2026-07-01,1,10,88506,88506,1
ghost_relocated_low_88508_88508_7950,1782868320,2026-07-01,1,12,88508,88508,1
ghost_relocated_low_88509_88509_7951,1782868380,2026-07-01,1,13,88509,88509,1
ghost_relocated_low_88512_88512_7952,1782868560,2026-07-01,1,16,88512,88512,1
ghost_relocated_low_88513_88513_7953,1782868620,2026-07-01,1,17,88513,88513,1
ghost_relocated_low_88544_88544_7954,1782870480,2026-07-01,1,48,88544,88544,1
ghost_relocated_low_88547_88547_7955,1782870660,2026-07-01,1,51,88547,88547,1
ghost_relocated_low_88548_88548_7956,1782870720,2026-07-01,1,52,88548,88548,1
ghost_relocated_low_88555_88555_7957,1782871140,2026-07-01,1,59,88555,88555,1
ghost_relocated_low_88556_88556_7958,1782871200,2026-07-01,2,0,88556,88556,1
ghost_relocated_low_88557_88557_7959,1782871260,2026-07-01,2,1,88557,88557,1
ghost_relocated_low_88558_88558_7960,1782871320,2026-07-01,2,2,88558,88558,1
ghost_relocated_low_88561_88561_7961,1782871500,2026-07-01,2,5,88561,88561,1
ghost_relocated_low_88562_88562_7962,1782871560,2026-07-01,2,6,88562,88562,1
ghost_relocated_low_88563_88563_7963,1782871620,2026-07-01,2,7,88563,88563,1
ghost_relocated_low_88564_88564_7964,1782871680,2026-07-01,2,8,88564,88564,1
ghost_relocated_low_88565_88565_7965,1782871740,2026-07-01,2,9,88565,88565,1
ghost_relocated_low_88566_88566_7966,1782871800,2026-07-01,2,10,88566,88566,1
ghost_relocated_low_88568_88568_7967,1782871920,2026-07-01,2,12,88568,88568,1
ghost_relocated_low_88570_88570_7968,1782872040,2026-07-01,2,14,88570,88570,1
ghost_relocated_low_88571_88571_7969,1782872100,2026-07-01,2,15,88571,88571,1
ghost_relocated_high_88621_88618_7970,1782875100,2026-07-01,3,5,88621,88618,1
ghost_relocated_high_88622_88622_7971,1782875160,2026-07-01,3,6,88622,88622,1
ghost_relocated_high_88623_88623_7972,1782875220,2026-07-01,3,7,88623,88623,1
ghost_relocated_high_88626_88626_7973,1782875400,2026-07-01,3,10,88626,88626,1
ghost_relocated_high_88627_88627_7974,1782875460,2026-07-01,3,11,88627,88627,1
ghost_relocated_high_88628_88628_7975,1782875520,2026-07-01,3,12,88628,88628,1
ghost_relocated_high_88629_88629_7976,1782875580,2026-07-01,3,13,88629,88629,1
ghost_relocated_high_88630_88630_7977,1782875640,2026-07-01,3,14,88630,88630,1
ghost_relocated_high_88632_88632_7978,1782875760,2026-07-01,3,16,88632,88632,1
ghost_relocated_high_88656_88656_7979,1782877200,2026-07-01,3,40,88656,88656,1
ghost_relocated_high_88663_88663_7980,1782877620,2026-07-01,3,47,88663,88663,1
ghost_relocated_high_88665_88665_7981,1782877740,2026-07-01,3,49,88665,88665,1
ghost_relocated_high_88666_88666_7982,1782877800,2026-07-01,3,50,88666,88666,1
ghost_relocated_high_88667_88667_7983,1782877860,2026-07-01,3,51,88667,88667,1
ghost_relocated_high_88668_88668_7984,1782877920,2026-07-01,3,52,88668,88668,1
ghost_relocated_low_88718_88696_7985,1782880920,2026-07-01,4,42,88718,88696,1
